ISO-10303-21;
HEADER;
FILE_DESCRIPTION (( 'STEP AP214' ),
    '1' );
FILE_NAME ('back-panel-v0.STEP',
    '2026-10-03T21:20:40',
    ( '' ),
    ( '' ),
    'SwSTEP 2.0',
    'SolidWorks 2026',
    '' );
FILE_SCHEMA (( 'AUTOMOTIVE_DESIGN' ));
ENDSEC;

DATA;
#1 = ORIENTED_EDGE ( 'NONE', *, *, #578, .T. ) ;
#2 = FACE_BOUND ( 'NONE', #907, .T. ) ;
#3 = CARTESIAN_POINT ( 'NONE',  ( -20.00000000000000355, 11.75000000000000000, -4.000000000000000888 ) ) ;
#4 = DIRECTION ( 'NONE',  ( 0.000000000000000000, 0.000000000000000000, 1.000000000000000000 ) ) ;
#5 = EDGE_CURVE ( 'NONE', #1503, #526, #831, .T. ) ;
#6 = VERTEX_POINT ( 'NONE', #158 ) ;
#7 = EDGE_CURVE ( 'NONE', #1710, #367, #1686, .T. ) ;
#8 = DIRECTION ( 'NONE',  ( -0.000000000000000000, -0.000000000000000000, 1.000000000000000000 ) ) ;
#9 = ORIENTED_EDGE ( 'NONE', *, *, #1046, .F. ) ;
#10 = CARTESIAN_POINT ( 'NONE',  ( -3.999999999999981792, 150.0000000000000000, -4.000000000000000000 ) ) ;
#11 = CARTESIAN_POINT ( 'NONE',  ( -26.00000000000001066, 6.500000000000002665, 2.500000000000000000 ) ) ;
#12 = LINE ( 'NONE', #965, #673 ) ;
#13 = VECTOR ( 'NONE', #1350, 1000.000000000000000 ) ;
#14 = PRODUCT_DEFINITION_CONTEXT ( 'detailed design', #1349, 'design' ) ;
#15 = EDGE_LOOP ( 'NONE', ( #24, #1516, #260, #619, #1488, #1662, #529, #1749 ) ) ;
#16 = CIRCLE ( 'NONE', #1659, 3.000000000000002665 ) ;
#17 = CARTESIAN_POINT ( 'NONE',  ( -65.99999999999998579, 4.000000000000003553, 2.999999999999999556 ) ) ;
#18 = DIRECTION ( 'NONE',  ( -0.000000000000000000, -0.000000000000000000, 1.000000000000000000 ) ) ;
#19 = EDGE_CURVE ( 'NONE', #1200, #1352, #1128, .T. ) ;
#20 = ORIENTED_EDGE ( 'NONE', *, *, #1630, .T. ) ;
#21 = FACE_OUTER_BOUND ( 'NONE', #1815, .T. ) ;
#22 = DIRECTION ( 'NONE',  ( 1.000000000000000000, -1.445602896647339410E-16, 0.000000000000000000 ) ) ;
#23 = LINE ( 'NONE', #1816, #1458 ) ;
#24 = ORIENTED_EDGE ( 'NONE', *, *, #779, .F. ) ;
#25 = CARTESIAN_POINT ( 'NONE',  ( -14.00000000000000888, 6.500000000000002665, 0.000000000000000000 ) ) ;
#26 = CARTESIAN_POINT ( 'NONE',  ( -3.999999999999983569, 135.0000000000000000, -1.724999999999999201 ) ) ;
#27 = ORIENTED_EDGE ( 'NONE', *, *, #161, .F. ) ;
#28 = ADVANCED_FACE ( 'NONE', ( #1127 ), #1688, .F. ) ;
#29 = AXIS2_PLACEMENT_3D ( 'NONE', #1520, #4, #1381 ) ;
#30 = CARTESIAN_POINT ( 'NONE',  ( 0.000000000000000000, 0.000000000000000000, 4.500000000000000000 ) ) ;
#31 = CARTESIAN_POINT ( 'NONE',  ( -18.00000000000001066, 10.50000000000000178, 0.000000000000000000 ) ) ;
#32 = FACE_OUTER_BOUND ( 'NONE', #1361, .T. ) ;
#33 = EDGE_LOOP ( 'NONE', ( #1674, #784, #112, #539, #1366, #927 ) ) ;
#34 = FACE_OUTER_BOUND ( 'NONE', #924, .T. ) ;
#35 = EDGE_CURVE ( 'NONE', #805, #1077, #976, .T. ) ;
#36 = CARTESIAN_POINT ( 'NONE',  ( -18.30000000000000426, 24.60000000000000142, -4.000000000000000888 ) ) ;
#37 = VERTEX_POINT ( 'NONE', #1746 ) ;
#38 = CARTESIAN_POINT ( 'NONE',  ( -4.000000000000003553, 0.000000000000000000, 0.000000000000000000 ) ) ;
#39 = ORIENTED_EDGE ( 'NONE', *, *, #482, .F. ) ;
#40 = VECTOR ( 'NONE', #341, 1000.000000000000000 ) ;
#41 = CARTESIAN_POINT ( 'NONE',  ( -26.00000000000000711, 29.50000000000000355, 2.500000000000000000 ) ) ;
#42 = EDGE_CURVE ( 'NONE', #1163, #833, #654, .T. ) ;
#43 = CARTESIAN_POINT ( 'NONE',  ( -10.00000000000000000, 135.0000000000000000, 2.174999999999999822 ) ) ;
#44 = VERTEX_POINT ( 'NONE', #194 ) ;
#45 = VERTEX_POINT ( 'NONE', #1045 ) ;
#46 = AXIS2_PLACEMENT_3D ( 'NONE', #1695, #1259, #290 ) ;
#47 = FACE_BOUND ( 'NONE', #1770, .T. ) ;
#48 = CARTESIAN_POINT ( 'NONE',  ( -21.10000000000000497, 11.75000000000000000, 3.999999999999999112 ) ) ;
#49 = DIRECTION ( 'NONE',  ( 1.000000000000000000, 0.000000000000000000, 0.000000000000000000 ) ) ;
#50 = CARTESIAN_POINT ( 'NONE',  ( -14.00000000000000888, 6.500000000000002665, 2.500000000000000000 ) ) ;
#51 = ORIENTED_EDGE ( 'NONE', *, *, #1473, .T. ) ;
#52 = VECTOR ( 'NONE', #1083, 1000.000000000000000 ) ;
#53 = ORIENTED_EDGE ( 'NONE', *, *, #1755, .T. ) ;
#54 = ADVANCED_FACE ( 'NONE', ( #1037 ), #770, .F. ) ;
#55 = CIRCLE ( 'NONE', #1411, 1.949999999999993516 ) ;
#56 = DIRECTION ( 'NONE',  ( 0.000000000000000000, 0.000000000000000000, -1.000000000000000000 ) ) ;
#57 = CARTESIAN_POINT ( 'NONE',  ( -65.99999999999998579, 4.000000000000003553, -4.000000000000000888 ) ) ;
#58 = FACE_OUTER_BOUND ( 'NONE', #1137, .T. ) ;
#59 = LINE ( 'NONE', #1251, #1086 ) ;
#60 = ORIENTED_EDGE ( 'NONE', *, *, #1565, .T. ) ;
#61 = EDGE_LOOP ( 'NONE', ( #862, #744, #549, #1216 ) ) ;
#62 = ORIENTED_EDGE ( 'NONE', *, *, #1764, .T. ) ;
#63 = VECTOR ( 'NONE', #1040, 1000.000000000000000 ) ;
#64 = EDGE_CURVE ( 'NONE', #936, #916, #755, .T. ) ;
#65 = LINE ( 'NONE', #1752, #428 ) ;
#66 = DIRECTION ( 'NONE',  ( 0.000000000000000000, 0.000000000000000000, 1.000000000000000000 ) ) ;
#67 = CARTESIAN_POINT ( 'NONE',  ( 0.000000000000000000, 150.0000000000000000, 4.500000000000000000 ) ) ;
#68 = CIRCLE ( 'NONE', #1448, 2.100000000000000977 ) ;
#69 = FACE_OUTER_BOUND ( 'NONE', #289, .T. ) ;
#70 = CARTESIAN_POINT ( 'NONE',  ( 0.000000000000000000, 150.0000000000000000, 0.000000000000000000 ) ) ;
#71 = ORIENTED_EDGE ( 'NONE', *, *, #211, .T. ) ;
#72 = VERTEX_POINT ( 'NONE', #1326 ) ;
#73 = ORIENTED_EDGE ( 'NONE', *, *, #1574, .F. ) ;
#74 = SURFACE_STYLE_FILL_AREA ( #1452 ) ;
#75 = EDGE_CURVE ( 'NONE', #1589, #256, #1454, .T. ) ;
#76 = DIRECTION ( 'NONE',  ( -0.000000000000000000, -1.000000000000000000, -0.000000000000000000 ) ) ;
#77 = ADVANCED_FACE ( 'NONE', ( #1604 ), #758, .F. ) ;
#78 = DIRECTION ( 'NONE',  ( -1.284980352575412699E-16, -1.000000000000000000, 0.000000000000000000 ) ) ;
#79 = DIRECTION ( 'NONE',  ( 1.284980352575412699E-16, 1.000000000000000000, 0.000000000000000000 ) ) ;
#80 = CIRCLE ( 'NONE', #609, 1.949999999999998401 ) ;
#81 = ORIENTED_EDGE ( 'NONE', *, *, #280, .F. ) ;
#82 = ORIENTED_EDGE ( 'NONE', *, *, #1768, .T. ) ;
#83 = ORIENTED_EDGE ( 'NONE', *, *, #186, .T. ) ;
#84 = DIRECTION ( 'NONE',  ( 1.000000000000000000, 0.000000000000000000, -0.000000000000000000 ) ) ;
#85 = DIRECTION ( 'NONE',  ( 0.000000000000000000, -0.000000000000000000, -1.000000000000000000 ) ) ;
#86 = DIRECTION ( 'NONE',  ( 1.284980352575412699E-16, 1.000000000000000000, 0.000000000000000000 ) ) ;
#87 = EDGE_CURVE ( 'NONE', #1481, #941, #333, .T. ) ;
#88 = CARTESIAN_POINT ( 'NONE',  ( -3.999999999999993339, 0.000000000000000000, 0.000000000000000000 ) ) ;
#89 = ORIENTED_EDGE ( 'NONE', *, *, #1643, .T. ) ;
#90 = ORIENTED_EDGE ( 'NONE', *, *, #188, .F. ) ;
#91 = ORIENTED_EDGE ( 'NONE', *, *, #749, .T. ) ;
#92 = FACE_OUTER_BOUND ( 'NONE', #1051, .T. ) ;
#93 = AXIS2_PLACEMENT_3D ( 'NONE', #704, #565, #724 ) ;
#94 = AXIS2_PLACEMENT_3D ( 'NONE', #867, #167, #1287 ) ;
#95 = LINE ( 'NONE', #1642, #397 ) ;
#96 = LINE ( 'NONE', #1748, #144 ) ;
#97 = FACE_OUTER_BOUND ( 'NONE', #1376, .T. ) ;
#98 = CARTESIAN_POINT ( 'NONE',  ( -65.99999999999998579, 4.000000000000003553, -4.000000000000000888 ) ) ;
#99 = VECTOR ( 'NONE', #1239, 1000.000000000000000 ) ;
#100 = EDGE_CURVE ( 'NONE', #1513, #874, #675, .T. ) ;
#101 = ORIENTED_EDGE ( 'NONE', *, *, #258, .T. ) ;
#102 = ORIENTED_EDGE ( 'NONE', *, *, #1014, .F. ) ;
#103 = EDGE_LOOP ( 'NONE', ( #888, #625 ) ) ;
#104 = DIRECTION ( 'NONE',  ( 0.000000000000000000, -0.000000000000000000, 1.000000000000000000 ) ) ;
#105 = ORIENTED_EDGE ( 'NONE', *, *, #931, .T. ) ;
#106 = DIRECTION ( 'NONE',  ( 0.000000000000000000, 0.000000000000000000, 1.000000000000000000 ) ) ;
#107 = AXIS2_PLACEMENT_3D ( 'NONE', #342, #317, #1044 ) ;
#108 = FACE_OUTER_BOUND ( 'NONE', #33, .T. ) ;
#109 = DIRECTION ( 'NONE',  ( 1.000000000000000000, -0.000000000000000000, -0.000000000000000000 ) ) ;
#110 = ORIENTED_EDGE ( 'NONE', *, *, #1119, .T. ) ;
#112 = ORIENTED_EDGE ( 'NONE', *, *, #1205, .T. ) ;
#111 = PRODUCT_DEFINITION_FORMATION_WITH_SPECIFIED_SOURCE ( 'ANY', '', #761, .NOT_KNOWN. ) ;
#113 = CARTESIAN_POINT ( 'NONE',  ( -20.00000000000000355, 11.75000000000000000, 2.499999999999999556 ) ) ;
#114 = EDGE_CURVE ( 'NONE', #309, #480, #1792, .T. ) ;
#115 = VERTEX_POINT ( 'NONE', #1380 ) ;
#116 = CARTESIAN_POINT ( 'NONE',  ( -70.00000000000000000, 0.000000000000000000, 4.500000000000000000 ) ) ;
#117 = CYLINDRICAL_SURFACE ( 'NONE', #205, 2.100000000000000977 ) ;
#118 = CARTESIAN_POINT ( 'NONE',  ( -19.80000000000000426, 23.09999999999999787, -4.000000000000000888 ) ) ;
#119 = ORIENTED_EDGE ( 'NONE', *, *, #248, .T. ) ;
#120 = CARTESIAN_POINT ( 'NONE',  ( -21.70000000000000284, 24.60000000000000142, 2.499999999999999556 ) ) ;
#121 = VERTEX_POINT ( 'NONE', #1684 ) ;
#122 = ADVANCED_FACE ( 'NONE', ( #683 ), #944, .F. ) ;
#123 = DIRECTION ( 'NONE',  ( 0.000000000000000000, 0.000000000000000000, 1.000000000000000000 ) ) ;
#124 = CARTESIAN_POINT ( 'NONE',  ( -22.00000000000001066, 6.500000000000002665, 2.500000000000000000 ) ) ;
#125 = VECTOR ( 'NONE', #79, 1000.000000000000000 ) ;
#126 = DIRECTION ( 'NONE',  ( 1.000000000000000000, 0.000000000000000000, 0.000000000000000000 ) ) ;
#127 = CARTESIAN_POINT ( 'NONE',  ( -14.00000000000000533, 29.50000000000000355, 0.000000000000000000 ) ) ;
#128 = DIRECTION ( 'NONE',  ( 1.000000000000000000, -0.000000000000000000, -0.000000000000000000 ) ) ;
#129 = CIRCLE ( 'NONE', #183, 3.000000000000002665 ) ;
#130 = CARTESIAN_POINT ( 'NONE',  ( -69.00000000000000000, 146.0000000000000000, 4.500000000000000000 ) ) ;
#131 = ORIENTED_EDGE ( 'NONE', *, *, #1151, .T. ) ;
#132 = CARTESIAN_POINT ( 'NONE',  ( -20.20000000000000284, 15.40000000000000036, 2.499999999999999556 ) ) ;
#133 = ADVANCED_FACE ( 'NONE', ( #1117 ), #547, .T. ) ;
#134 = DIRECTION ( 'NONE',  ( -0.000000000000000000, -0.000000000000000000, -1.000000000000000000 ) ) ;
#135 = CARTESIAN_POINT ( 'NONE',  ( 0.000000000000000000, 0.000000000000000000, 4.500000000000000000 ) ) ;
#136 = LINE ( 'NONE', #434, #372 ) ;
#137 = ADVANCED_FACE ( 'NONE', ( #97 ), #1676, .F. ) ;
#138 = AXIS2_PLACEMENT_3D ( 'NONE', #1379, #1609, #347 ) ;
#139 = DIRECTION ( 'NONE',  ( -1.000000000000000000, 0.000000000000000000, 0.000000000000000000 ) ) ;
#140 =( GEOMETRIC_REPRESENTATION_CONTEXT ( 3 ) GLOBAL_UNCERTAINTY_ASSIGNED_CONTEXT ( ( #1021 ) ) GLOBAL_UNIT_ASSIGNED_CONTEXT ( ( #279, #661, #552 ) ) REPRESENTATION_CONTEXT ( 'NONE', 'WORKASPACE' ) );
#141 = DIRECTION ( 'NONE',  ( -0.000000000000000000, -0.000000000000000000, 1.000000000000000000 ) ) ;
#142 = ORIENTED_EDGE ( 'NONE', *, *, #530, .T. ) ;
#143 = CARTESIAN_POINT ( 'NONE',  ( -22.00000000000001066, 10.50000000000000178, 0.000000000000000000 ) ) ;
#144 = VECTOR ( 'NONE', #1107, 1000.000000000000000 ) ;
#145 = CARTESIAN_POINT ( 'NONE',  ( -22.10000000000000497, 28.25000000000000000, 4.000000000000000000 ) ) ;
#146 = DIRECTION ( 'NONE',  ( 1.000000000000000000, 0.000000000000000000, 0.000000000000000000 ) ) ;
#147 = ORIENTED_EDGE ( 'NONE', *, *, #114, .F. ) ;
#148 = EDGE_CURVE ( 'NONE', #681, #45, #856, .T. ) ;
#149 = DIRECTION ( 'NONE',  ( -0.000000000000000000, -0.000000000000000000, 1.000000000000000000 ) ) ;
#150 = CIRCLE ( 'NONE', #383, 4.000000000000000000 ) ;
#151 = CIRCLE ( 'NONE', #384, 1.649999999999998579 ) ;
#152 = DIRECTION ( 'NONE',  ( -0.000000000000000000, -0.000000000000000000, 1.000000000000000000 ) ) ;
#153 = ORIENTED_EDGE ( 'NONE', *, *, #334, .T. ) ;
#154 = CARTESIAN_POINT ( 'NONE',  ( -65.99999999999998579, 4.000000000000003553, 0.000000000000000000 ) ) ;
#155 = CARTESIAN_POINT ( 'NONE',  ( -20.00000000000000355, 28.25000000000000000, -4.000000000000000888 ) ) ;
#156 = CARTESIAN_POINT ( 'NONE',  ( -20.20000000000000284, 16.90000000000000213, 4.500000000000000000 ) ) ;
#157 = CIRCLE ( 'NONE', #213, 2.100000000000000977 ) ;
#158 = CARTESIAN_POINT ( 'NONE',  ( -63.00000000000000000, 146.0000000000000000, 2.999999999999999556 ) ) ;
#159 = AXIS2_PLACEMENT_3D ( 'NONE', #1056, #196, #78 ) ;
#160 = DIRECTION ( 'NONE',  ( -0.000000000000000000, -0.000000000000000000, 1.000000000000000000 ) ) ;
#161 = EDGE_CURVE ( 'NONE', #1732, #706, #387, .T. ) ;
#162 = DIRECTION ( 'NONE',  ( -1.000000000000000000, -0.000000000000000000, -0.000000000000000000 ) ) ;
#163 = VERTEX_POINT ( 'NONE', #1388 ) ;
#164 = LINE ( 'NONE', #424, #1305 ) ;
#165 = CYLINDRICAL_SURFACE ( 'NONE', #1649, 1.100000000000000311 ) ;
#166 = CARTESIAN_POINT ( 'NONE',  ( -10.00000000000000000, 75.00000000000000000, 0.1249999999999998612 ) ) ;
#167 = DIRECTION ( 'NONE',  ( 1.000000000000000000, -1.445602896647339410E-16, 0.000000000000000000 ) ) ;
#168 = ORIENTED_EDGE ( 'NONE', *, *, #87, .T. ) ;
#169 = EDGE_CURVE ( 'NONE', #525, #1103, #1650, .T. ) ;
#170 = AXIS2_PLACEMENT_3D ( 'NONE', #1506, #123, #835 ) ;
#171 = FACE_OUTER_BOUND ( 'NONE', #414, .T. ) ;
#172 = DIRECTION ( 'NONE',  ( -1.000000000000000000, 0.000000000000000000, -0.000000000000000000 ) ) ;
#173 = ORIENTED_EDGE ( 'NONE', *, *, #1078, .F. ) ;
#174 = CARTESIAN_POINT ( 'NONE',  ( 0.000000000000000000, 135.0000000000000000, 0.2250000000000003664 ) ) ;
#175 = ORIENTED_EDGE ( 'NONE', *, *, #75, .F. ) ;
#176 = ADVANCED_FACE ( 'NONE', ( #1818 ), #407, .F. ) ;
#177 = DIRECTION ( 'NONE',  ( -0.000000000000000000, -0.000000000000000000, 1.000000000000000000 ) ) ;
#178 = FACE_BOUND ( 'NONE', #728, .T. ) ;
#179 = AXIS2_PLACEMENT_3D ( 'NONE', #492, #612, #207 ) ;
#180 = ORIENTED_EDGE ( 'NONE', *, *, #967, .F. ) ;
#181 = ORIENTED_EDGE ( 'NONE', *, *, #87, .F. ) ;
#182 = CARTESIAN_POINT ( 'NONE',  ( -10.00000000000000000, 0.000000000000000000, -0.000000000000000000 ) ) ;
#183 = AXIS2_PLACEMENT_3D ( 'NONE', #959, #1523, #1365 ) ;
#184 = CARTESIAN_POINT ( 'NONE',  ( 0.000000000000000000, 15.00000000000000000, 0.02500000000000069528 ) ) ;
#185 = ORIENTED_EDGE ( 'NONE', *, *, #1321, .T. ) ;
#186 = EDGE_CURVE ( 'NONE', #480, #309, #617, .T. ) ;
#187 = CYLINDRICAL_SURFACE ( 'NONE', #720, 1.650000000000012568 ) ;
#188 = EDGE_CURVE ( 'NONE', #941, #593, #1510, .T. ) ;
#189 = ORIENTED_EDGE ( 'NONE', *, *, #978, .T. ) ;
#190 = ORIENTED_EDGE ( 'NONE', *, *, #1032, .F. ) ;
#191 = VECTOR ( 'NONE', #1336, 1000.000000000000000 ) ;
#192 = FACE_BOUND ( 'NONE', #1074, .T. ) ;
#193 = CARTESIAN_POINT ( 'NONE',  ( -4.000000000000003553, 0.000000000000000000, -4.000000000000000000 ) ) ;
#194 = CARTESIAN_POINT ( 'NONE',  ( -10.00000000000000000, 73.05401053445810078, 0.000000000000000000 ) ) ;
#195 = VECTOR ( 'NONE', #426, 1000.000000000000000 ) ;
#196 = DIRECTION ( 'NONE',  ( -1.000000000000000000, 1.284980352575412699E-16, 0.000000000000000000 ) ) ;
#197 = PLANE ( 'NONE',  #708 ) ;
#198 = EDGE_CURVE ( 'NONE', #1441, #1771, #1562, .T. ) ;
#199 = EDGE_LOOP ( 'NONE', ( #1016, #1501 ) ) ;
#200 = CIRCLE ( 'NONE', #527, 1.949999999999999067 ) ;
#201 = ORIENTED_EDGE ( 'NONE', *, *, #100, .F. ) ;
#202 = ORIENTED_EDGE ( 'NONE', *, *, #631, .T. ) ;
#203 = FACE_BOUND ( 'NONE', #328, .T. ) ;
#204 = AXIS2_PLACEMENT_3D ( 'NONE', #1168, #1417, #1432 ) ;
#205 = AXIS2_PLACEMENT_3D ( 'NONE', #1668, #800, #1233 ) ;
#206 = DIRECTION ( 'NONE',  ( -1.000000000000000000, 0.000000000000000000, 0.000000000000000000 ) ) ;
#207 = DIRECTION ( 'NONE',  ( 0.000000000000000000, 0.000000000000000000, -1.000000000000000000 ) ) ;
#208 = CARTESIAN_POINT ( 'NONE',  ( -65.99999999999998579, 4.000000000000003553, 2.999999999999999556 ) ) ;
#209 = CARTESIAN_POINT ( 'NONE',  ( -18.00000000000001066, 6.500000000000002665, 2.500000000000000000 ) ) ;
#210 = ORIENTED_EDGE ( 'NONE', *, *, #1181, .T. ) ;
#211 = EDGE_CURVE ( 'NONE', #1732, #1030, #1369, .T. ) ;
#212 = ORIENTED_EDGE ( 'NONE', *, *, #1181, .F. ) ;
#213 = AXIS2_PLACEMENT_3D ( 'NONE', #1539, #308, #592 ) ;
#214 = VERTEX_POINT ( 'NONE', #1222 ) ;
#215 = CARTESIAN_POINT ( 'NONE',  ( -14.00000000000000888, 6.500000000000002665, 2.500000000000000000 ) ) ;
#216 = DIRECTION ( 'NONE',  ( 0.000000000000000000, 0.000000000000000000, -1.000000000000000000 ) ) ;
#217 = VECTOR ( 'NONE', #76, 1000.000000000000000 ) ;
#218 = CYLINDRICAL_SURFACE ( 'NONE', #1730, 3.000000000000002665 ) ;
#219 = DIRECTION ( 'NONE',  ( -1.000000000000000000, 0.000000000000000000, 0.000000000000000000 ) ) ;
#220 = EDGE_LOOP ( 'NONE', ( #809, #1270 ) ) ;
#221 = EDGE_LOOP ( 'NONE', ( #1416, #1258, #1224, #1641 ) ) ;
#222 = ORIENTED_EDGE ( 'NONE', *, *, #893, .T. ) ;
#223 = CARTESIAN_POINT ( 'NONE',  ( -14.00000000000000533, 29.50000000000000355, 2.500000000000000000 ) ) ;
#224 = VECTOR ( 'NONE', #729, 1000.000000000000000 ) ;
#225 = LINE ( 'NONE', #1346, #600 ) ;
#226 = ADVANCED_FACE ( 'NONE', ( #108 ), #1108, .F. ) ;
#227 = CARTESIAN_POINT ( 'NONE',  ( -22.00000000000000711, 33.50000000000000000, 0.000000000000000000 ) ) ;
#228 = DIRECTION ( 'NONE',  ( 0.000000000000000000, 0.000000000000000000, -1.000000000000000000 ) ) ;
#229 = ORIENTED_EDGE ( 'NONE', *, *, #595, .F. ) ;
#230 = EDGE_LOOP ( 'NONE', ( #83, #1461 ) ) ;
#231 = ORIENTED_EDGE ( 'NONE', *, *, #1296, .T. ) ;
#232 = DIRECTION ( 'NONE',  ( 1.000000000000000000, -0.000000000000000000, -0.000000000000000000 ) ) ;
#233 = DIRECTION ( 'NONE',  ( -1.000000000000000000, 0.000000000000000000, 0.000000000000000000 ) ) ;
#234 = ADVANCED_FACE ( 'NONE', ( #1536 ), #117, .F. ) ;
#235 = DIRECTION ( 'NONE',  ( -0.000000000000000000, -1.000000000000000000, -0.000000000000000000 ) ) ;
#236 = DIRECTION ( 'NONE',  ( -1.000000000000000000, 0.000000000000000000, 0.000000000000000000 ) ) ;
#237 = CARTESIAN_POINT ( 'NONE',  ( -19.80000000000000426, 15.40000000000000036, 4.500000000000000000 ) ) ;
#238 = EDGE_LOOP ( 'NONE', ( #1042, #436, #1190, #1180 ) ) ;
#239 = ORIENTED_EDGE ( 'NONE', *, *, #186, .F. ) ;
#240 = ORIENTED_EDGE ( 'NONE', *, *, #579, .T. ) ;
#241 = CARTESIAN_POINT ( 'NONE',  ( -20.00000000000000355, 28.25000000000000000, 3.999999999999999112 ) ) ;
#242 = ORIENTED_EDGE ( 'NONE', *, *, #727, .T. ) ;
#243 = CIRCLE ( 'NONE', #542, 1.949999999999993516 ) ;
#244 = CARTESIAN_POINT ( 'NONE',  ( -22.00000000000001066, 10.50000000000000178, 2.500000000000000000 ) ) ;
#245 = CARTESIAN_POINT ( 'NONE',  ( 0.000000000000000000, 0.000000000000000000, -4.000000000000000000 ) ) ;
#246 = CARTESIAN_POINT ( 'NONE',  ( -66.00000000000000000, 146.0000000000000000, 0.000000000000000000 ) ) ;
#247 = ORIENTED_EDGE ( 'NONE', *, *, #1721, .T. ) ;
#248 = EDGE_CURVE ( 'NONE', #72, #1301, #447, .T. ) ;
#249 = ORIENTED_EDGE ( 'NONE', *, *, #742, .F. ) ;
#250 = FACE_OUTER_BOUND ( 'NONE', #1505, .T. ) ;
#251 = ORIENTED_EDGE ( 'NONE', *, *, #1338, .F. ) ;
#252 = CARTESIAN_POINT ( 'NONE',  ( -21.10000000000000497, 28.25000000000000000, 3.999999999999999112 ) ) ;
#253 = DIRECTION ( 'NONE',  ( 1.445602896647339410E-16, 1.000000000000000000, 0.000000000000000000 ) ) ;
#254 = DIRECTION ( 'NONE',  ( -0.000000000000000000, -1.000000000000000000, -0.000000000000000000 ) ) ;
#255 = FACE_OUTER_BOUND ( 'NONE', #1450, .T. ) ;
#256 = VERTEX_POINT ( 'NONE', #535 ) ;
#257 = VECTOR ( 'NONE', #838, 1000.000000000000000 ) ;
#258 = EDGE_CURVE ( 'NONE', #377, #1149, #151, .T. ) ;
#259 = CARTESIAN_POINT ( 'NONE',  ( -4.000000000000001776, 15.00000000000000000, -1.924999999999998268 ) ) ;
#260 = ORIENTED_EDGE ( 'NONE', *, *, #649, .F. ) ;
#261 = PLANE ( 'NONE',  #170 ) ;
#262 = DIRECTION ( 'NONE',  ( 0.000000000000000000, -1.000000000000000000, 0.000000000000000000 ) ) ;
#263 = DIRECTION ( 'NONE',  ( 1.000000000000000000, -0.000000000000000000, -0.000000000000000000 ) ) ;
#264 = PLANE ( 'NONE',  #754 ) ;
#265 = ORIENTED_EDGE ( 'NONE', *, *, #702, .T. ) ;
#266 = ADVANCED_FACE ( 'NONE', ( #993 ), #425, .F. ) ;
#267 = DIRECTION ( 'NONE',  ( 0.000000000000000000, 0.000000000000000000, 1.000000000000000000 ) ) ;
#268 = ORIENTED_EDGE ( 'NONE', *, *, #188, .T. ) ;
#269 = EDGE_CURVE ( 'NONE', #367, #882, #864, .T. ) ;
#270 = EDGE_CURVE ( 'NONE', #1208, #275, #845, .T. ) ;
#271 = DIRECTION ( 'NONE',  ( 1.000000000000000000, 0.000000000000000000, 0.000000000000000000 ) ) ;
#272 = DIRECTION ( 'NONE',  ( 0.000000000000000000, 0.000000000000000000, 1.000000000000000000 ) ) ;
#273 = CARTESIAN_POINT ( 'NONE',  ( -66.00000000000000000, 146.0000000000000000, 4.500000000000000000 ) ) ;
#274 = DIRECTION ( 'NONE',  ( -0.000000000000000000, -0.000000000000000000, 1.000000000000000000 ) ) ;
#275 = VERTEX_POINT ( 'NONE', #1544 ) ;
#276 = AXIS2_PLACEMENT_3D ( 'NONE', #402, #1783, #379 ) ;
#277 = CARTESIAN_POINT ( 'NONE',  ( -18.90000000000000213, 28.25000000000000000, 3.999999999999999112 ) ) ;
#278 = ORIENTED_EDGE ( 'NONE', *, *, #1394, .F. ) ;
#279 =( LENGTH_UNIT ( ) NAMED_UNIT ( * ) SI_UNIT ( .MILLI., .METRE. ) );
#280 = EDGE_CURVE ( 'NONE', #1600, #1514, #937, .T. ) ;
#281 = CYLINDRICAL_SURFACE ( 'NONE', #46, 2.100000000000000977 ) ;
#282 = DIRECTION ( 'NONE',  ( 1.000000000000000000, -0.000000000000000000, -0.000000000000000000 ) ) ;
#283 = CYLINDRICAL_SURFACE ( 'NONE', #1790, 4.000000000000000000 ) ;
#284 = CIRCLE ( 'NONE', #107, 4.000000000000000000 ) ;
#285 = ORIENTED_EDGE ( 'NONE', *, *, #1159, .F. ) ;
#286 = CIRCLE ( 'NONE', #732, 1.950000000000007283 ) ;
#287 = CARTESIAN_POINT ( 'NONE',  ( -20.20000000000000284, 16.90000000000000213, -4.000000000000000888 ) ) ;
#288 = AXIS2_PLACEMENT_3D ( 'NONE', #343, #1195, #1467 ) ;
#289 = EDGE_LOOP ( 'NONE', ( #229, #677, #1043, #39 ) ) ;
#290 = DIRECTION ( 'NONE',  ( 1.000000000000000000, 0.000000000000000000, 0.000000000000000000 ) ) ;
#291 = CIRCLE ( 'NONE', #1465, 3.000000000000002665 ) ;
#292 = DIRECTION ( 'NONE',  ( 0.000000000000000000, -1.000000000000000000, 0.000000000000000000 ) ) ;
#293 = ADVANCED_FACE ( 'NONE', ( #571 ), #165, .F. ) ;
#294 = DIRECTION ( 'NONE',  ( -1.000000000000000000, 0.000000000000000000, 0.000000000000000000 ) ) ;
#295 = ORIENTED_EDGE ( 'NONE', *, *, #735, .F. ) ;
#296 = DIRECTION ( 'NONE',  ( 1.000000000000000000, 0.000000000000000000, 0.000000000000000000 ) ) ;
#297 = VECTOR ( 'NONE', #443, 1000.000000000000000 ) ;
#298 = VECTOR ( 'NONE', #254, 1000.000000000000000 ) ;
#299 = FACE_OUTER_BOUND ( 'NONE', #221, .T. ) ;
#300 = EDGE_LOOP ( 'NONE', ( #1751, #966, #1440 ) ) ;
#301 = DIRECTION ( 'NONE',  ( -0.000000000000000000, -0.000000000000000000, -1.000000000000000000 ) ) ;
#302 = CYLINDRICAL_SURFACE ( 'NONE', #616, 1.949999999999999067 ) ;
#303 = VECTOR ( 'NONE', #945, 1000.000000000000000 ) ;
#304 = AXIS2_PLACEMENT_3D ( 'NONE', #17, #865, #596 ) ;
#305 = FACE_BOUND ( 'NONE', #103, .T. ) ;
#306 = EDGE_CURVE ( 'NONE', #1654, #1140, #150, .T. ) ;
#307 = VECTOR ( 'NONE', #659, 1000.000000000000000 ) ;
#308 = DIRECTION ( 'NONE',  ( 0.000000000000000000, 0.000000000000000000, 1.000000000000000000 ) ) ;
#309 = VERTEX_POINT ( 'NONE', #145 ) ;
#310 = DIRECTION ( 'NONE',  ( -1.000000000000000000, 0.000000000000000000, -0.000000000000000000 ) ) ;
#311 = DIRECTION ( 'NONE',  ( 1.000000000000000000, 0.000000000000000000, 0.000000000000000000 ) ) ;
#312 = AXIS2_PLACEMENT_3D ( 'NONE', #1431, #1705, #441 ) ;
#313 = ORIENTED_EDGE ( 'NONE', *, *, #595, .T. ) ;
#314 = CARTESIAN_POINT ( 'NONE',  ( -19.80000000000000426, 16.90000000000000213, -4.000000000000000888 ) ) ;
#315 = EDGE_CURVE ( 'NONE', #418, #878, #55, .T. ) ;
#316 = ORIENTED_EDGE ( 'NONE', *, *, #280, .T. ) ;
#317 = DIRECTION ( 'NONE',  ( 0.000000000000000000, 0.000000000000000000, -1.000000000000000000 ) ) ;
#318 = CARTESIAN_POINT ( 'NONE',  ( 0.000000000000000000, 135.0000000000000000, 2.174999999999999822 ) ) ;
#319 = EDGE_LOOP ( 'NONE', ( #1446, #740, #189, #823 ) ) ;
#320 = ORIENTED_EDGE ( 'NONE', *, *, #1131, .F. ) ;
#321 = EDGE_CURVE ( 'NONE', #401, #681, #1564, .T. ) ;
#322 = DIRECTION ( 'NONE',  ( -0.000000000000000000, -0.000000000000000000, 1.000000000000000000 ) ) ;
#323 = ADVANCED_FACE ( 'NONE', ( #1696 ), #302, .F. ) ;
#324 = VERTEX_POINT ( 'NONE', #458 ) ;
#325 = PLANE ( 'NONE',  #1238 ) ;
#326 = AXIS2_PLACEMENT_3D ( 'NONE', #748, #891, #484 ) ;
#327 = CIRCLE ( 'NONE', #1038, 1.100000000000000311 ) ;
#328 = EDGE_LOOP ( 'NONE', ( #1480, #201 ) ) ;
#329 = EDGE_LOOP ( 'NONE', ( #110, #886 ) ) ;
#330 = LINE ( 'NONE', #215, #1012 ) ;
#331 = VECTOR ( 'NONE', #696, 1000.000000000000000 ) ;
#332 = CARTESIAN_POINT ( 'NONE',  ( -18.90000000000000213, 11.75000000000000000, 2.499999999999999556 ) ) ;
#333 = LINE ( 'NONE', #67, #997 ) ;
#334 = EDGE_CURVE ( 'NONE', #1199, #1343, #1266, .T. ) ;
#335 = CYLINDRICAL_SURFACE ( 'NONE', #1568, 3.000000000000002665 ) ;
#336 = PLANE ( 'NONE',  #442 ) ;
#337 = ORIENTED_EDGE ( 'NONE', *, *, #1362, .T. ) ;
#338 = ORIENTED_EDGE ( 'NONE', *, *, #358, .T. ) ;
#339 = CIRCLE ( 'NONE', #1821, 1.949999999999998401 ) ;
#340 = ORIENTED_EDGE ( 'NONE', *, *, #460, .F. ) ;
#341 = DIRECTION ( 'NONE',  ( 0.000000000000000000, -1.000000000000000000, 0.000000000000000000 ) ) ;
#342 = CARTESIAN_POINT ( 'NONE',  ( -18.00000000000000711, 29.50000000000000355, 2.500000000000000000 ) ) ;
#343 = CARTESIAN_POINT ( 'NONE',  ( -20.20000000000000284, 23.09999999999999787, -4.000000000000000888 ) ) ;
#344 = ADVANCED_FACE ( 'NONE', ( #1426 ), #325, .T. ) ;
#345 = CARTESIAN_POINT ( 'NONE',  ( -21.70000000000000284, 15.40000000000000036, -4.000000000000000888 ) ) ;
#346 = CARTESIAN_POINT ( 'NONE',  ( -10.00000000000000000, 135.0000000000000000, 0.2250000000000003664 ) ) ;
#347 = DIRECTION ( 'NONE',  ( -1.000000000000000000, 0.000000000000000000, 0.000000000000000000 ) ) ;
#348 = ORIENTED_EDGE ( 'NONE', *, *, #472, .T. ) ;
#349 = ORIENTED_EDGE ( 'NONE', *, *, #766, .F. ) ;
#350 = PRODUCT_DEFINITION_SHAPE ( 'NONE', 'NONE',  #1228 ) ;
#351 = EDGE_LOOP ( 'NONE', ( #320, #349 ) ) ;
#352 =( LENGTH_UNIT ( ) NAMED_UNIT ( * ) SI_UNIT ( .MILLI., .METRE. ) );
#353 = DIRECTION ( 'NONE',  ( -1.000000000000000000, 0.000000000000000000, 0.000000000000000000 ) ) ;
#354 = DIRECTION ( 'NONE',  ( 0.000000000000000000, -0.000000000000000000, -1.000000000000000000 ) ) ;
#355 = DIRECTION ( 'NONE',  ( 1.000000000000000000, 0.000000000000000000, 0.000000000000000000 ) ) ;
#356 = ORIENTED_EDGE ( 'NONE', *, *, #1215, .F. ) ;
#357 = ORIENTED_EDGE ( 'NONE', *, *, #766, .T. ) ;
#358 = EDGE_CURVE ( 'NONE', #418, #44, #1281, .T. ) ;
#359 = EDGE_LOOP ( 'NONE', ( #1342, #90, #181, #1191 ) ) ;
#360 = CARTESIAN_POINT ( 'NONE',  ( -65.99999999999998579, 4.000000000000003553, 0.000000000000000000 ) ) ;
#361 = DIRECTION ( 'NONE',  ( 1.000000000000000000, -0.000000000000000000, -0.000000000000000000 ) ) ;
#362 = AXIS2_PLACEMENT_3D ( 'NONE', #1823, #528, #1091 ) ;
#363 = FACE_OUTER_BOUND ( 'NONE', #794, .T. ) ;
#364 = CYLINDRICAL_SURFACE ( 'NONE', #1327, 1.949999999999998401 ) ;
#365 = EDGE_LOOP ( 'NONE', ( #1189, #975, #366, #1490 ) ) ;
#366 = ORIENTED_EDGE ( 'NONE', *, *, #1289, .T. ) ;
#367 = VERTEX_POINT ( 'NONE', #1138 ) ;
#368 = EDGE_CURVE ( 'NONE', #1149, #377, #1003, .T. ) ;
#369 = DIRECTION ( 'NONE',  ( -0.000000000000000000, -0.000000000000000000, 1.000000000000000000 ) ) ;
#370 = VECTOR ( 'NONE', #322, 1000.000000000000000 ) ;
#371 = PLANE ( 'NONE',  #1596 ) ;
#372 = VECTOR ( 'NONE', #703, 1000.000000000000000 ) ;
#373 = DIRECTION ( 'NONE',  ( 1.284980352575412699E-16, 1.000000000000000000, 0.000000000000000000 ) ) ;
#374 = LINE ( 'NONE', #923, #303 ) ;
#375 = ORIENTED_EDGE ( 'NONE', *, *, #1254, .T. ) ;
#376 = ORIENTED_EDGE ( 'NONE', *, *, #464, .T. ) ;
#377 = VERTEX_POINT ( 'NONE', #1013 ) ;
#378 = AXIS2_PLACEMENT_3D ( 'NONE', #244, #106, #799 ) ;
#379 = DIRECTION ( 'NONE',  ( 0.000000000000000000, 0.000000000000000000, -1.000000000000000000 ) ) ;
#380 = EDGE_LOOP ( 'NONE', ( #1560, #560, #1760, #1801, #1671, #1292 ) ) ;
#381 = LINE ( 'NONE', #182, #40 ) ;
#382 = CARTESIAN_POINT ( 'NONE',  ( -22.00000000000001066, 6.500000000000002665, 2.500000000000000000 ) ) ;
#383 = AXIS2_PLACEMENT_3D ( 'NONE', #1706, #1004, #1135 ) ;
#384 = AXIS2_PLACEMENT_3D ( 'NONE', #1096, #1660, #954 ) ;
#385 = PRODUCT_RELATED_PRODUCT_CATEGORY ( 'part', '', ( #761 ) ) ;
#386 = FACE_OUTER_BOUND ( 'NONE', #1636, .T. ) ;
#387 = LINE ( 'NONE', #135, #1005 ) ;
#388 = DIRECTION ( 'NONE',  ( -0.000000000000000000, -0.000000000000000000, 1.000000000000000000 ) ) ;
#389 = ORIENTED_EDGE ( 'NONE', *, *, #1250, .T. ) ;
#390 = EDGE_LOOP ( 'NONE', ( #1226, #1344 ) ) ;
#391 = FACE_OUTER_BOUND ( 'NONE', #1681, .T. ) ;
#392 = VERTEX_POINT ( 'NONE', #43 ) ;
#393 = AXIS2_PLACEMENT_3D ( 'NONE', #676, #1478, #1487 ) ;
#394 = AXIS2_PLACEMENT_3D ( 'NONE', #345, #1340, #354 ) ;
#395 = FACE_OUTER_BOUND ( 'NONE', #329, .T. ) ;
#396 = LINE ( 'NONE', #1518, #1558 ) ;
#397 = VECTOR ( 'NONE', #519, 1000.000000000000000 ) ;
#398 = DIRECTION ( 'NONE',  ( 0.000000000000000000, 0.000000000000000000, 1.000000000000000000 ) ) ;
#399 = EDGE_CURVE ( 'NONE', #1654, #1300, #743, .T. ) ;
#400 = CARTESIAN_POINT ( 'NONE',  ( -26.00000000000001066, 6.500000000000002665, 2.500000000000000000 ) ) ;
#401 = VERTEX_POINT ( 'NONE', #585 ) ;
#402 = CARTESIAN_POINT ( 'NONE',  ( 0.000000000000000000, 135.0000000000000000, 0.2250000000000003664 ) ) ;
#403 = ORIENTED_EDGE ( 'NONE', *, *, #1094, .T. ) ;
#404 = SHAPE_DEFINITION_REPRESENTATION ( #350, #1778 ) ;
#405 = AXIS2_PLACEMENT_3D ( 'NONE', #1753, #1325, #465 ) ;
#406 = CARTESIAN_POINT ( 'NONE',  ( -20.20000000000000284, 16.90000000000000213, 2.499999999999999556 ) ) ;
#407 = CYLINDRICAL_SURFACE ( 'NONE', #1090, 1.100000000000000311 ) ;
#408 = DIRECTION ( 'NONE',  ( 1.000000000000000000, 0.000000000000000000, 0.000000000000000000 ) ) ;
#409 = ADVANCED_FACE ( 'NONE', ( #1286 ), #445, .F. ) ;
#410 = DIRECTION ( 'NONE',  ( 0.000000000000000000, 0.000000000000000000, 1.000000000000000000 ) ) ;
#411 = EDGE_CURVE ( 'NONE', #951, #1300, #1734, .T. ) ;
#412 = ORIENTED_EDGE ( 'NONE', *, *, #1565, .F. ) ;
#413 = DIRECTION ( 'NONE',  ( -0.000000000000000000, -0.000000000000000000, 1.000000000000000000 ) ) ;
#414 = EDGE_LOOP ( 'NONE', ( #1161, #1099, #538, #849 ) ) ;
#415 = FACE_BOUND ( 'NONE', #351, .T. ) ;
#416 = CARTESIAN_POINT ( 'NONE',  ( -20.00000000000000355, 28.25000000000000000, 3.999999999999999112 ) ) ;
#417 = LINE ( 'NONE', #986, #820 ) ;
#418 = VERTEX_POINT ( 'NONE', #885 ) ;
#419 = DIRECTION ( 'NONE',  ( 0.000000000000000000, 0.000000000000000000, -1.000000000000000000 ) ) ;
#420 = ADVANCED_FACE ( 'NONE', ( #1153, #860, #1713, #305 ), #452, .T. ) ;
#421 = EDGE_LOOP ( 'NONE', ( #471, #1363, #1628, #778 ) ) ;
#422 = VECTOR ( 'NONE', #128, 1000.000000000000000 ) ;
#423 = VECTOR ( 'NONE', #1017, 1000.000000000000000 ) ;
#424 = CARTESIAN_POINT ( 'NONE',  ( -18.90000000000000213, 28.25000000000000000, -4.000000000000000888 ) ) ;
#425 = PLANE ( 'NONE',  #1089 ) ;
#426 = DIRECTION ( 'NONE',  ( 0.000000000000000000, 0.000000000000000000, -1.000000000000000000 ) ) ;
#427 = CARTESIAN_POINT ( 'NONE',  ( -22.00000000000000711, 29.50000000000000355, 2.500000000000000000 ) ) ;
#428 = VECTOR ( 'NONE', #369, 1000.000000000000000 ) ;
#429 = CARTESIAN_POINT ( 'NONE',  ( -21.10000000000000497, 11.75000000000000000, -4.000000000000000888 ) ) ;
#430 = VERTEX_POINT ( 'NONE', #318 ) ;
#431 = ADVANCED_FACE ( 'NONE', ( #877 ), #1007, .F. ) ;
#432 = CYLINDRICAL_SURFACE ( 'NONE', #1020, 4.000000000000000000 ) ;
#433 = CARTESIAN_POINT ( 'NONE',  ( -3.999999999999992450, 75.00000000000000000, 0.1249999999999998612 ) ) ;
#434 = CARTESIAN_POINT ( 'NONE',  ( -22.00000000000000711, 33.50000000000000000, 0.000000000000000000 ) ) ;
#435 = AXIS2_PLACEMENT_3D ( 'NONE', #1445, #1183, #1303 ) ;
#436 = ORIENTED_EDGE ( 'NONE', *, *, #679, .T. ) ;
#437 = DIRECTION ( 'NONE',  ( 1.000000000000000000, 0.000000000000000000, 0.000000000000000000 ) ) ;
#438 = CIRCLE ( 'NONE', #29, 3.000000000000002665 ) ;
#439 = CYLINDRICAL_SURFACE ( 'NONE', #1808, 3.000000000000002665 ) ;
#440 = EDGE_LOOP ( 'NONE', ( #1000, #1530, #608, #488, #1759, #752, #1262, #1618 ) ) ;
#441 = DIRECTION ( 'NONE',  ( 1.000000000000000000, 0.000000000000000000, 0.000000000000000000 ) ) ;
#442 = AXIS2_PLACEMENT_3D ( 'NONE', #904, #1459, #943 ) ;
#443 = DIRECTION ( 'NONE',  ( 0.000000000000000000, -1.000000000000000000, 0.000000000000000000 ) ) ;
#444 = ADVANCED_FACE ( 'NONE', ( #1566, #178 ), #1298, .T. ) ;
#445 = PLANE ( 'NONE',  #1561 ) ;
#446 = AXIS2_PLACEMENT_3D ( 'NONE', #31, #998, #591 ) ;
#447 = CIRCLE ( 'NONE', #1494, 3.000000000000002665 ) ;
#448 = LINE ( 'NONE', #429, #1010 ) ;
#449 = ORIENTED_EDGE ( 'NONE', *, *, #258, .F. ) ;
#450 = CARTESIAN_POINT ( 'NONE',  ( 0.000000000000000000, 0.000000000000000000, 0.000000000000000000 ) ) ;
#451 = EDGE_CURVE ( 'NONE', #833, #497, #715, .T. ) ;
#452 = PLANE ( 'NONE',  #1499 ) ;
#453 = ORIENTED_EDGE ( 'NONE', *, *, #875, .F. ) ;
#454 = AXIS2_PLACEMENT_3D ( 'NONE', #1033, #1592, #1061 ) ;
#455 = CARTESIAN_POINT ( 'NONE',  ( -66.00000000000000000, 146.0000000000000000, 2.999999999999999556 ) ) ;
#456 = EDGE_LOOP ( 'NONE', ( #1009, #1066, #573, #212, #1691, #1080 ) ) ;
#457 = DIRECTION ( 'NONE',  ( -0.000000000000000000, -0.000000000000000000, 1.000000000000000000 ) ) ;
#458 = CARTESIAN_POINT ( 'NONE',  ( 0.000000000000000000, 135.0000000000000000, -1.724999999999999201 ) ) ;
#459 = CIRCLE ( 'NONE', #1399, 1.100000000000000311 ) ;
#460 = EDGE_CURVE ( 'NONE', #694, #960, #1186, .T. ) ;
#461 = ORIENTED_EDGE ( 'NONE', *, *, #1643, .F. ) ;
#462 = DIRECTION ( 'NONE',  ( 1.000000000000000000, -0.000000000000000000, -0.000000000000000000 ) ) ;
#463 = ORIENTED_EDGE ( 'NONE', *, *, #1272, .T. ) ;
#464 = EDGE_CURVE ( 'NONE', #1163, #1088, #1029, .T. ) ;
#465 = DIRECTION ( 'NONE',  ( 1.000000000000000000, 0.000000000000000000, 0.000000000000000000 ) ) ;
#466 = ORIENTED_EDGE ( 'NONE', *, *, #1159, .T. ) ;
#467 = VECTOR ( 'NONE', #953, 1000.000000000000000 ) ;
#468 = DIRECTION ( 'NONE',  ( 0.000000000000000000, 0.000000000000000000, -1.000000000000000000 ) ) ;
#469 = ORIENTED_EDGE ( 'NONE', *, *, #1078, .T. ) ;
#470 = VECTOR ( 'NONE', #731, 1000.000000000000000 ) ;
#471 = ORIENTED_EDGE ( 'NONE', *, *, #1006, .F. ) ;
#472 = EDGE_CURVE ( 'NONE', #121, #1761, #16, .T. ) ;
#473 = DIRECTION ( 'NONE',  ( 0.000000000000000000, 0.000000000000000000, -1.000000000000000000 ) ) ;
#474 = LINE ( 'NONE', #1019, #191 ) ;
#475 = CARTESIAN_POINT ( 'NONE',  ( -20.00000000000000355, 28.25000000000000000, 4.000000000000000000 ) ) ;
#476 = LINE ( 'NONE', #1597, #949 ) ;
#477 = VECTOR ( 'NONE', #1130, 1000.000000000000000 ) ;
#478 = AXIS2_PLACEMENT_3D ( 'NONE', #1573, #160, #311 ) ;
#479 = VERTEX_POINT ( 'NONE', #633 ) ;
#480 = VERTEX_POINT ( 'NONE', #614 ) ;
#481 = ORIENTED_EDGE ( 'NONE', *, *, #1593, .F. ) ;
#482 = EDGE_CURVE ( 'NONE', #121, #874, #1468, .T. ) ;
#483 = DIRECTION ( 'NONE',  ( -1.000000000000000000, 0.000000000000000000, 0.000000000000000000 ) ) ;
#484 = DIRECTION ( 'NONE',  ( -1.000000000000000000, 0.000000000000000000, 0.000000000000000000 ) ) ;
#485 = FACE_OUTER_BOUND ( 'NONE', #956, .T. ) ;
#486 = CARTESIAN_POINT ( 'NONE',  ( 0.000000000000000000, 0.000000000000000000, 4.500000000000000000 ) ) ;
#487 = ORIENTED_EDGE ( 'NONE', *, *, #1055, .T. ) ;
#488 = ORIENTED_EDGE ( 'NONE', *, *, #169, .T. ) ;
#489 = VERTEX_POINT ( 'NONE', #1457 ) ;
#490 = DIRECTION ( 'NONE',  ( 0.000000000000000000, 0.000000000000000000, 1.000000000000000000 ) ) ;
#491 = CARTESIAN_POINT ( 'NONE',  ( -20.00000000000000355, 28.25000000000000000, 2.499999999999999556 ) ) ;
#492 = CARTESIAN_POINT ( 'NONE',  ( 0.000000000000000000, 75.00000000000000000, 0.1249999999999998612 ) ) ;
#493 = AXIS2_PLACEMENT_3D ( 'NONE', #842, #1393, #1655 ) ;
#494 = FACE_OUTER_BOUND ( 'NONE', #1549, .T. ) ;
#495 = EDGE_CURVE ( 'NONE', #163, #879, #750, .T. ) ;
#496 = CARTESIAN_POINT ( 'NONE',  ( -14.00000000000000888, 10.50000000000000178, 2.500000000000000000 ) ) ;
#497 = VERTEX_POINT ( 'NONE', #1486 ) ;
#498 = VERTEX_POINT ( 'NONE', #501 ) ;
#499 = VERTEX_POINT ( 'NONE', #1072 ) ;
#500 = CARTESIAN_POINT ( 'NONE',  ( -10.00000000000000000, 135.0000000000000000, 0.2250000000000003664 ) ) ;
#501 = CARTESIAN_POINT ( 'NONE',  ( -10.00000000000000000, 75.00000000000000000, 2.074999999999998401 ) ) ;
#502 = LINE ( 'NONE', #772, #13 ) ;
#503 = ADVANCED_FACE ( 'NONE', ( #1197 ), #892, .F. ) ;
#504 = ORIENTED_EDGE ( 'NONE', *, *, #1626, .T. ) ;
#505 = ORIENTED_EDGE ( 'NONE', *, *, #1055, .F. ) ;
#506 = ORIENTED_EDGE ( 'NONE', *, *, #991, .F. ) ;
#507 = DIRECTION ( 'NONE',  ( 0.000000000000000000, 0.000000000000000000, -1.000000000000000000 ) ) ;
#508 = FACE_BOUND ( 'NONE', #1462, .T. ) ;
#509 = VECTOR ( 'NONE', #1640, 1000.000000000000000 ) ;
#510 = CARTESIAN_POINT ( 'NONE',  ( -65.99999999999998579, 4.000000000000003553, 2.999999999999999556 ) ) ;
#511 = DIRECTION ( 'NONE',  ( -0.000000000000000000, -0.000000000000000000, 1.000000000000000000 ) ) ;
#512 = VERTEX_POINT ( 'NONE', #1756 ) ;
#513 = ADVANCED_FACE ( 'NONE', ( #494 ), #187, .F. ) ;
#514 = ORIENTED_EDGE ( 'NONE', *, *, #1374, .T. ) ;
#515 = EDGE_LOOP ( 'NONE', ( #1398, #1401 ) ) ;
#516 = CARTESIAN_POINT ( 'NONE',  ( -67.64999999999999147, 4.000000000000003553, 0.000000000000000000 ) ) ;
#517 = ADVANCED_FACE ( 'NONE', ( #1178 ), #643, .F. ) ;
#518 = CIRCLE ( 'NONE', #925, 3.000000000000002665 ) ;
#519 = DIRECTION ( 'NONE',  ( -0.000000000000000000, -0.000000000000000000, 1.000000000000000000 ) ) ;
#520 = LINE ( 'NONE', #762, #52 ) ;
#521 = CIRCLE ( 'NONE', #1608, 1.500000000000001332 ) ;
#522 = DIRECTION ( 'NONE',  ( 1.000000000000000000, 0.000000000000000000, 0.000000000000000000 ) ) ;
#523 = AXIS2_PLACEMENT_3D ( 'NONE', #475, #1084, #1359 ) ;
#524 = CARTESIAN_POINT ( 'NONE',  ( -21.10000000000000497, 28.25000000000000000, 2.499999999999999556 ) ) ;
#525 = VERTEX_POINT ( 'NONE', #227 ) ;
#526 = VERTEX_POINT ( 'NONE', #1449 ) ;
#527 = AXIS2_PLACEMENT_3D ( 'NONE', #828, #534, #1657 ) ;
#528 = DIRECTION ( 'NONE',  ( -0.000000000000000000, -0.000000000000000000, -1.000000000000000000 ) ) ;
#529 = ORIENTED_EDGE ( 'NONE', *, *, #495, .F. ) ;
#530 = EDGE_CURVE ( 'NONE', #1030, #1589, #476, .T. ) ;
#531 = DIRECTION ( 'NONE',  ( 0.000000000000000000, 1.000000000000000000, 0.000000000000000000 ) ) ;
#532 = VECTOR ( 'NONE', #1291, 1000.000000000000000 ) ;
#533 = VECTOR ( 'NONE', #1125, 1000.000000000000000 ) ;
#534 = DIRECTION ( 'NONE',  ( 1.000000000000000000, 0.000000000000000000, 0.000000000000000000 ) ) ;
#535 = CARTESIAN_POINT ( 'NONE',  ( -4.000000000000001776, 13.05016026299595566, 0.000000000000000000 ) ) ;
#536 = LINE ( 'NONE', #400, #257 ) ;
#537 = ORIENTED_EDGE ( 'NONE', *, *, #1394, .T. ) ;
#538 = ORIENTED_EDGE ( 'NONE', *, *, #834, .F. ) ;
#539 = ORIENTED_EDGE ( 'NONE', *, *, #1025, .F. ) ;
#540 = CARTESIAN_POINT ( 'NONE',  ( -20.20000000000000284, 24.60000000000000142, 0.000000000000000000 ) ) ;
#541 = ORIENTED_EDGE ( 'NONE', *, *, #834, .T. ) ;
#542 = AXIS2_PLACEMENT_3D ( 'NONE', #1264, #718, #587 ) ;
#543 = VECTOR ( 'NONE', #1306, 1000.000000000000000 ) ;
#544 = ADVANCED_FACE ( 'NONE', ( #58 ), #335, .F. ) ;
#545 = DIRECTION ( 'NONE',  ( 1.000000000000000000, 0.000000000000000000, 0.000000000000000000 ) ) ;
#546 = CIRCLE ( 'NONE', #917, 1.950000000000000400 ) ;
#547 = PLANE ( 'NONE',  #764 ) ;
#548 = CARTESIAN_POINT ( 'NONE',  ( -22.00000000000001066, 6.500000000000002665, 0.000000000000000000 ) ) ;
#549 = ORIENTED_EDGE ( 'NONE', *, *, #169, .F. ) ;
#550 = CARTESIAN_POINT ( 'NONE',  ( -22.10000000000000497, 28.25000000000000000, 4.500000000000000000 ) ) ;
#551 = EDGE_LOOP ( 'NONE', ( #657, #481, #1132, #1026 ) ) ;
#552 =( NAMED_UNIT ( * ) SI_UNIT ( $, .STERADIAN. ) SOLID_ANGLE_UNIT ( ) );
#553 = CARTESIAN_POINT ( 'NONE',  ( -10.00000000000000000, 75.00000000000000000, 2.074999999999998401 ) ) ;
#554 = DIRECTION ( 'NONE',  ( 1.000000000000000000, 0.000000000000000000, 0.000000000000000000 ) ) ;
#555 = CARTESIAN_POINT ( 'NONE',  ( 0.000000000000000000, 0.000000000000000000, 4.500000000000000000 ) ) ;
#556 = ORIENTED_EDGE ( 'NONE', *, *, #1338, .T. ) ;
#557 = ADVANCED_FACE ( 'NONE', ( #363 ), #760, .F. ) ;
#558 = EDGE_CURVE ( 'NONE', #214, #1795, #1348, .T. ) ;
#559 = CARTESIAN_POINT ( 'NONE',  ( -10.00000000000000000, 16.94983973700404078, 0.000000000000000000 ) ) ;
#560 = ORIENTED_EDGE ( 'NONE', *, *, #920, .F. ) ;
#561 = DIRECTION ( 'NONE',  ( 1.000000000000000000, -1.445602896647339410E-16, 0.000000000000000000 ) ) ;
#562 = DIRECTION ( 'NONE',  ( -0.000000000000000000, -0.000000000000000000, 1.000000000000000000 ) ) ;
#563 = DIRECTION ( 'NONE',  ( 0.000000000000000000, 0.000000000000000000, 1.000000000000000000 ) ) ;
#564 = FACE_OUTER_BOUND ( 'NONE', #1538, .T. ) ;
#565 = DIRECTION ( 'NONE',  ( 1.000000000000000000, -1.445602896647339410E-16, 0.000000000000000000 ) ) ;
#566 = ADVANCED_FACE ( 'NONE', ( #485 ), #782, .F. ) ;
#567 = DIRECTION ( 'NONE',  ( -0.000000000000000000, -0.000000000000000000, 1.000000000000000000 ) ) ;
#568 = ORIENTED_EDGE ( 'NONE', *, *, #269, .F. ) ;
#569 = VECTOR ( 'NONE', #219, 1000.000000000000000 ) ;
#570 = DIRECTION ( 'NONE',  ( 1.000000000000000000, 0.000000000000000000, 0.000000000000000000 ) ) ;
#571 = FACE_OUTER_BOUND ( 'NONE', #365, .T. ) ;
#572 = DIRECTION ( 'NONE',  ( 0.000000000000000000, 0.000000000000000000, -1.000000000000000000 ) ) ;
#573 = ORIENTED_EDGE ( 'NONE', *, *, #270, .T. ) ;
#574 = DIRECTION ( 'NONE',  ( 0.000000000000000000, 0.000000000000000000, -1.000000000000000000 ) ) ;
#575 =( GEOMETRIC_REPRESENTATION_CONTEXT ( 3 ) GLOBAL_UNCERTAINTY_ASSIGNED_CONTEXT ( ( #1167 ) ) GLOBAL_UNIT_ASSIGNED_CONTEXT ( ( #352, #1182, #919 ) ) REPRESENTATION_CONTEXT ( 'NONE', 'WORKASPACE' ) );
#576 = CARTESIAN_POINT ( 'NONE',  ( -22.10000000000000497, 11.75000000000000000, 4.000000000000000000 ) ) ;
#577 = ORIENTED_EDGE ( 'NONE', *, *, #1309, .F. ) ;
#578 = EDGE_CURVE ( 'NONE', #1248, #1407, #1420, .T. ) ;
#579 = EDGE_CURVE ( 'NONE', #908, #936, #1765, .T. ) ;
#580 = CYLINDRICAL_SURFACE ( 'NONE', #312, 1.650000000000012568 ) ;
#581 = CARTESIAN_POINT ( 'NONE',  ( -18.00000000000001066, 10.50000000000000178, 2.500000000000000000 ) ) ;
#582 = DIRECTION ( 'NONE',  ( -0.000000000000000000, -0.000000000000000000, 1.000000000000000000 ) ) ;
#583 = CIRCLE ( 'NONE', #990, 1.949999999999999067 ) ;
#584 = ORIENTED_EDGE ( 'NONE', *, *, #411, .F. ) ;
#585 = CARTESIAN_POINT ( 'NONE',  ( -18.30000000000000426, 16.89999999999999858, 2.499999999999999556 ) ) ;
#586 = AXIS2_PLACEMENT_3D ( 'NONE', #1378, #1386, #1534 ) ;
#587 = DIRECTION ( 'NONE',  ( 0.000000000000000000, 1.000000000000000000, 0.000000000000000000 ) ) ;
#588 = ORIENTED_EDGE ( 'NONE', *, *, #1483, .T. ) ;
#589 = ADVANCED_FACE ( 'NONE', ( #69 ), #218, .F. ) ;
#590 = CARTESIAN_POINT ( 'NONE',  ( -67.65000000000001990, 146.0000000000000000, 0.000000000000000000 ) ) ;
#591 = DIRECTION ( 'NONE',  ( -1.000000000000000000, 0.000000000000000000, 0.000000000000000000 ) ) ;
#592 = DIRECTION ( 'NONE',  ( 1.000000000000000000, 0.000000000000000000, 0.000000000000000000 ) ) ;
#593 = VERTEX_POINT ( 'NONE', #1775 ) ;
#594 = CARTESIAN_POINT ( 'NONE',  ( -4.000000000000003553, 0.000000000000000000, 0.000000000000000000 ) ) ;
#595 = EDGE_CURVE ( 'NONE', #1761, #121, #934, .T. ) ;
#596 = DIRECTION ( 'NONE',  ( 1.000000000000000000, 0.000000000000000000, -0.000000000000000000 ) ) ;
#597 = EDGE_CURVE ( 'NONE', #1018, #1732, #1095, .T. ) ;
#598 = EDGE_CURVE ( 'NONE', #498, #1077, #1527, .T. ) ;
#599 = VERTEX_POINT ( 'NONE', #624 ) ;
#600 = VECTOR ( 'NONE', #85, 1000.000000000000000 ) ;
#601 = DIRECTION ( 'NONE',  ( 0.000000000000000000, -0.000000000000000000, 1.000000000000000000 ) ) ;
#602 = ORIENTED_EDGE ( 'NONE', *, *, #1720, .T. ) ;
#603 = CARTESIAN_POINT ( 'NONE',  ( -18.00000000000001066, 6.500000000000002665, 0.000000000000000000 ) ) ;
#604 = CARTESIAN_POINT ( 'NONE',  ( -67.65000000000001990, 146.0000000000000000, -4.000000000000000888 ) ) ;
#605 = AXIS2_PLACEMENT_3D ( 'NONE', #1277, #736, #1413 ) ;
#606 = ADVANCED_FACE ( 'NONE', ( #811 ), #336, .T. ) ;
#607 = ORIENTED_EDGE ( 'NONE', *, *, #1032, .T. ) ;
#608 = ORIENTED_EDGE ( 'NONE', *, *, #942, .F. ) ;
#609 = AXIS2_PLACEMENT_3D ( 'NONE', #1537, #408, #846 ) ;
#610 = CARTESIAN_POINT ( 'NONE',  ( -20.00000000000000355, 11.75000000000000000, 4.000000000000000000 ) ) ;
#611 = LINE ( 'NONE', #1586, #751 ) ;
#612 = DIRECTION ( 'NONE',  ( 1.000000000000000000, 0.000000000000000000, 0.000000000000000000 ) ) ;
#613 = CIRCLE ( 'NONE', #1313, 1.100000000000000311 ) ;
#614 = CARTESIAN_POINT ( 'NONE',  ( -17.90000000000000213, 28.25000000000000000, 4.000000000000000000 ) ) ;
#615 = ORIENTED_EDGE ( 'NONE', *, *, #942, .T. ) ;
#616 = AXIS2_PLACEMENT_3D ( 'NONE', #1414, #730, #574 ) ;
#617 = CIRCLE ( 'NONE', #711, 2.100000000000000977 ) ;
#618 = EDGE_CURVE ( 'NONE', #694, #115, #59, .T. ) ;
#619 = ORIENTED_EDGE ( 'NONE', *, *, #981, .T. ) ;
#620 = CARTESIAN_POINT ( 'NONE',  ( 0.000000000000000000, 150.0000000000000000, 4.500000000000000000 ) ) ;
#621 = DIRECTION ( 'NONE',  ( 1.000000000000000000, 0.000000000000000000, 0.000000000000000000 ) ) ;
#622 = CARTESIAN_POINT ( 'NONE',  ( -62.99999999999998579, 4.000000000000003553, 2.999999999999999556 ) ) ;
#623 = VECTOR ( 'NONE', #141, 1000.000000000000000 ) ;
#624 = CARTESIAN_POINT ( 'NONE',  ( -3.999999999999992450, 76.94598946554188501, 0.000000000000000000 ) ) ;
#625 = ORIENTED_EDGE ( 'NONE', *, *, #1015, .T. ) ;
#626 = ORIENTED_EDGE ( 'NONE', *, *, #1229, .T. ) ;
#627 = CIRCLE ( 'NONE', #362, 1.650000000000012568 ) ;
#628 = VERTEX_POINT ( 'NONE', #1807 ) ;
#629 = CARTESIAN_POINT ( 'NONE',  ( -26.00000000000000711, 29.50000000000000355, 0.000000000000000000 ) ) ;
#630 = DIRECTION ( 'NONE',  ( -0.000000000000000000, -0.000000000000000000, 1.000000000000000000 ) ) ;
#631 = EDGE_CURVE ( 'NONE', #392, #1522, #1495, .T. ) ;
#632 = DIRECTION ( 'NONE',  ( 0.000000000000000000, 0.000000000000000000, 1.000000000000000000 ) ) ;
#633 = CARTESIAN_POINT ( 'NONE',  ( -10.00000000000000000, 76.94598946554188501, 0.000000000000000000 ) ) ;
#634 = DIRECTION ( 'NONE',  ( -1.000000000000000000, 0.000000000000000000, 0.000000000000000000 ) ) ;
#635 = EDGE_LOOP ( 'NONE', ( #1556, #588, #948 ) ) ;
#636 = CIRCLE ( 'NONE', #1485, 1.100000000000000311 ) ;
#637 = ORIENTED_EDGE ( 'NONE', *, *, #321, .T. ) ;
#638 = VERTEX_POINT ( 'NONE', #1507 ) ;
#639 = FACE_OUTER_BOUND ( 'NONE', #380, .T. ) ;
#640 = CARTESIAN_POINT ( 'NONE',  ( -10.00000000000000000, 135.0000000000000000, -1.724999999999999201 ) ) ;
#641 = VECTOR ( 'NONE', #1811, 1000.000000000000000 ) ;
#642 = EDGE_CURVE ( 'NONE', #1802, #6, #291, .T. ) ;
#643 = PLANE ( 'NONE',  #159 ) ;
#644 = DIRECTION ( 'NONE',  ( 0.000000000000000000, 0.000000000000000000, -1.000000000000000000 ) ) ;
#645 = ORIENTED_EDGE ( 'NONE', *, *, #321, .F. ) ;
#646 = ORIENTED_EDGE ( 'NONE', *, *, #1694, .T. ) ;
#647 = ORIENTED_EDGE ( 'NONE', *, *, #642, .T. ) ;
#648 = FACE_BOUND ( 'NONE', #390, .T. ) ;
#649 = EDGE_CURVE ( 'NONE', #628, #1767, #96, .T. ) ;
#650 = DIRECTION ( 'NONE',  ( -0.000000000000000000, -0.000000000000000000, 1.000000000000000000 ) ) ;
#651 = CARTESIAN_POINT ( 'NONE',  ( -68.99999999999998579, 4.000000000000003553, 4.500000000000000000 ) ) ;
#652 = ORIENTED_EDGE ( 'NONE', *, *, #991, .T. ) ;
#653 = EDGE_CURVE ( 'NONE', #882, #1812, #1645, .T. ) ;
#654 = CIRCLE ( 'NONE', #326, 1.650000000000012568 ) ;
#655 = CIRCLE ( 'NONE', #773, 1.100000000000000311 ) ;
#656 = ORIENTED_EDGE ( 'NONE', *, *, #1764, .F. ) ;
#657 = ORIENTED_EDGE ( 'NONE', *, *, #653, .F. ) ;
#658 = CARTESIAN_POINT ( 'NONE',  ( -26.00000000000000711, 33.50000000000000000, 2.500000000000000000 ) ) ;
#659 = DIRECTION ( 'NONE',  ( -0.000000000000000000, -0.000000000000000000, 1.000000000000000000 ) ) ;
#660 = COLOUR_RGB ( '',0.7921568627450980005, 0.8196078431372548767, 0.9333333333333333481 ) ;
#661 =( NAMED_UNIT ( * ) PLANE_ANGLE_UNIT ( ) SI_UNIT ( $, .RADIAN. ) );
#662 = FACE_OUTER_BOUND ( 'NONE', #938, .T. ) ;
#663 = DIRECTION ( 'NONE',  ( -0.000000000000000000, -0.000000000000000000, 1.000000000000000000 ) ) ;
#664 = CARTESIAN_POINT ( 'NONE',  ( -10.00000000000000000, 133.0630242644782868, 0.000000000000000000 ) ) ;
#665 = ORIENTED_EDGE ( 'NONE', *, *, #978, .F. ) ;
#666 = EDGE_LOOP ( 'NONE', ( #1803, #745 ) ) ;
#667 = ADVANCED_FACE ( 'NONE', ( #662 ), #197, .F. ) ;
#668 = ORIENTED_EDGE ( 'NONE', *, *, #1131, .T. ) ;
#669 = DIRECTION ( 'NONE',  ( 1.000000000000000000, -1.445602896647339410E-16, 0.000000000000000000 ) ) ;
#670 = ORIENTED_EDGE ( 'NONE', *, *, #1606, .T. ) ;
#671 = VECTOR ( 'NONE', #1034, 1000.000000000000000 ) ;
#672 = LINE ( 'NONE', #1232, #1408 ) ;
#673 = VECTOR ( 'NONE', #274, 1000.000000000000000 ) ;
#674 = CARTESIAN_POINT ( 'NONE',  ( -10.00000000000000000, 135.0000000000000000, 0.2250000000000003664 ) ) ;
#675 = CIRCLE ( 'NONE', #1308, 3.000000000000002665 ) ;
#676 = CARTESIAN_POINT ( 'NONE',  ( -10.00000000000000000, 75.00000000000000000, 0.1249999999999998612 ) ) ;
#677 = ORIENTED_EDGE ( 'NONE', *, *, #1532, .T. ) ;
#678 = ORIENTED_EDGE ( 'NONE', *, *, #368, .F. ) ;
#679 = EDGE_CURVE ( 'NONE', #45, #638, #520, .T. ) ;
#680 = DIRECTION ( 'NONE',  ( -1.000000000000000000, 0.000000000000000000, 0.000000000000000000 ) ) ;
#681 = VERTEX_POINT ( 'NONE', #1368 ) ;
#682 = DIRECTION ( 'NONE',  ( 1.000000000000000000, 0.000000000000000000, 0.000000000000000000 ) ) ;
#683 = FACE_OUTER_BOUND ( 'NONE', #1172, .T. ) ;
#684 = LINE ( 'NONE', #1244, #641 ) ;
#685 = EDGE_LOOP ( 'NONE', ( #453, #1155, #1240, #9 ) ) ;
#686 = DIRECTION ( 'NONE',  ( -1.000000000000000000, -0.000000000000000000, -0.000000000000000000 ) ) ;
#687 = ORIENTED_EDGE ( 'NONE', *, *, #495, .T. ) ;
#688 = FACE_OUTER_BOUND ( 'NONE', #1639, .T. ) ;
#689 = ADVANCED_FACE ( 'NONE', ( #386 ), #1319, .F. ) ;
#690 = DIRECTION ( 'NONE',  ( -0.000000000000000000, -0.000000000000000000, 1.000000000000000000 ) ) ;
#691 = VECTOR ( 'NONE', #232, 1000.000000000000000 ) ;
#692 = CARTESIAN_POINT ( 'NONE',  ( -20.00000000000000355, 28.25000000000000000, 4.000000000000000000 ) ) ;
#693 = DIRECTION ( 'NONE',  ( -1.000000000000000000, 0.000000000000000000, 0.000000000000000000 ) ) ;
#694 = VERTEX_POINT ( 'NONE', #1188 ) ;
#695 = ORIENTED_EDGE ( 'NONE', *, *, #1046, .T. ) ;
#696 = DIRECTION ( 'NONE',  ( 0.000000000000000000, -1.000000000000000000, 0.000000000000000000 ) ) ;
#697 = ORIENTED_EDGE ( 'NONE', *, *, #198, .T. ) ;
#698 = LINE ( 'NONE', #1402, #1703 ) ;
#699 = CIRCLE ( 'NONE', #405, 2.100000000000000977 ) ;
#700 = CARTESIAN_POINT ( 'NONE',  ( 0.000000000000000000, 75.00000000000000000, -1.824999999999998401 ) ) ;
#701 = DIRECTION ( 'NONE',  ( 1.000000000000000000, -0.000000000000000000, -0.000000000000000000 ) ) ;
#702 = EDGE_CURVE ( 'NONE', #1300, #1600, #672, .T. ) ;
#703 = DIRECTION ( 'NONE',  ( 0.000000000000000000, 0.000000000000000000, -1.000000000000000000 ) ) ;
#704 = CARTESIAN_POINT ( 'NONE',  ( -3.999999999999983569, 135.0000000000000000, 0.2250000000000003664 ) ) ;
#705 = DIRECTION ( 'NONE',  ( -0.000000000000000000, -0.000000000000000000, 1.000000000000000000 ) ) ;
#706 = VERTEX_POINT ( 'NONE', #486 ) ;
#707 = AXIS2_PLACEMENT_3D ( 'NONE', #1243, #1497, #837 ) ;
#708 = AXIS2_PLACEMENT_3D ( 'NONE', #962, #262, #1470 ) ;
#709 = DIRECTION ( 'NONE',  ( 0.000000000000000000, 1.000000000000000000, 0.000000000000000000 ) ) ;
#710 = DIRECTION ( 'NONE',  ( 0.000000000000000000, -0.000000000000000000, -1.000000000000000000 ) ) ;
#711 = AXIS2_PLACEMENT_3D ( 'NONE', #692, #563, #1519 ) ;
#712 = DIRECTION ( 'NONE',  ( 1.000000000000000000, 0.000000000000000000, 0.000000000000000000 ) ) ;
#713 = EDGE_CURVE ( 'NONE', #1023, #807, #613, .T. ) ;
#714 = ORIENTED_EDGE ( 'NONE', *, *, #618, .T. ) ;
#715 = LINE ( 'NONE', #604, #1328 ) ;
#716 = EDGE_CURVE ( 'NONE', #1311, #115, #200, .T. ) ;
#717 = EDGE_CURVE ( 'NONE', #599, #1200, #396, .T. ) ;
#718 = DIRECTION ( 'NONE',  ( 1.000000000000000000, -1.445602896647339410E-16, 0.000000000000000000 ) ) ;
#719 = EDGE_LOOP ( 'NONE', ( #1429, #357, #185, #449 ) ) ;
#720 = AXIS2_PLACEMENT_3D ( 'NONE', #1187, #1605, #1047 ) ;
#721 = CARTESIAN_POINT ( 'NONE',  ( -66.00000000000000000, 146.0000000000000000, 3.000000000000000000 ) ) ;
#722 = CARTESIAN_POINT ( 'NONE',  ( -10.00000000000000000, 16.94983973700404078, 0.000000000000000000 ) ) ;
#723 = CARTESIAN_POINT ( 'NONE',  ( -68.99999999999998579, 4.000000000000003553, 2.999999999999999556 ) ) ;
#724 = DIRECTION ( 'NONE',  ( 0.000000000000000000, 1.000000000000000000, 0.000000000000000000 ) ) ;
#725 = CARTESIAN_POINT ( 'NONE',  ( -20.00000000000000355, 28.25000000000000000, 4.500000000000000000 ) ) ;
#726 = LINE ( 'NONE', #1139, #623 ) ;
#727 = EDGE_CURVE ( 'NONE', #1727, #1789, #819, .T. ) ;
#728 = EDGE_LOOP ( 'NONE', ( #1750, #101 ) ) ;
#729 = DIRECTION ( 'NONE',  ( -1.000000000000000000, -0.000000000000000000, -0.000000000000000000 ) ) ;
#730 = DIRECTION ( 'NONE',  ( 1.000000000000000000, -0.000000000000000000, -0.000000000000000000 ) ) ;
#731 = DIRECTION ( 'NONE',  ( -1.284980352575412699E-16, -1.000000000000000000, -0.000000000000000000 ) ) ;
#732 = AXIS2_PLACEMENT_3D ( 'NONE', #827, #561, #531 ) ;
#733 = CARTESIAN_POINT ( 'NONE',  ( -22.10000000000000497, 11.75000000000000000, 4.500000000000000000 ) ) ;
#734 = ORIENTED_EDGE ( 'NONE', *, *, #1289, .F. ) ;
#735 = EDGE_CURVE ( 'NONE', #163, #37, #1670, .T. ) ;
#736 = DIRECTION ( 'NONE',  ( 0.000000000000000000, 0.000000000000000000, 1.000000000000000000 ) ) ;
#737 = DIRECTION ( 'NONE',  ( 0.000000000000000000, 0.000000000000000000, 1.000000000000000000 ) ) ;
#738 = EDGE_LOOP ( 'NONE', ( #816, #82, #1742, #1310 ) ) ;
#739 = DIRECTION ( 'NONE',  ( 1.000000000000000000, 0.000000000000000000, 0.000000000000000000 ) ) ;
#740 = ORIENTED_EDGE ( 'NONE', *, *, #825, .T. ) ;
#741 = DIRECTION ( 'NONE',  ( 1.000000000000000000, -0.000000000000000000, -0.000000000000000000 ) ) ;
#742 = EDGE_CURVE ( 'NONE', #1795, #941, #1124, .T. ) ;
#743 = LINE ( 'NONE', #25, #470 ) ;
#744 = ORIENTED_EDGE ( 'NONE', *, *, #880, .F. ) ;
#745 = ORIENTED_EDGE ( 'NONE', *, *, #1606, .F. ) ;
#746 = CARTESIAN_POINT ( 'NONE',  ( -3.999999999999981792, 150.0000000000000000, 0.000000000000000000 ) ) ;
#747 = DIRECTION ( 'NONE',  ( 0.000000000000000000, 0.000000000000000000, -1.000000000000000000 ) ) ;
#748 = CARTESIAN_POINT ( 'NONE',  ( -66.00000000000000000, 146.0000000000000000, 0.000000000000000000 ) ) ;
#749 = EDGE_CURVE ( 'NONE', #1245, #1441, #164, .T. ) ;
#750 = LINE ( 'NONE', #902, #543 ) ;
#751 = VECTOR ( 'NONE', #177, 1000.000000000000000 ) ;
#752 = ORIENTED_EDGE ( 'NONE', *, *, #866, .T. ) ;
#753 = ORIENTED_EDGE ( 'NONE', *, *, #717, .T. ) ;
#754 = AXIS2_PLACEMENT_3D ( 'NONE', #1529, #712, #572 ) ;
#755 = CIRCLE ( 'NONE', #1551, 4.000000000000000000 ) ;
#756 = DIRECTION ( 'NONE',  ( 0.000000000000000000, 0.000000000000000000, 1.000000000000000000 ) ) ;
#757 = CARTESIAN_POINT ( 'NONE',  ( -21.70000000000000284, 16.89999999999999858, 2.499999999999999556 ) ) ;
#758 = CYLINDRICAL_SURFACE ( 'NONE', #288, 1.500000000000001332 ) ;
#759 = VECTOR ( 'NONE', #1598, 1000.000000000000000 ) ;
#760 = PLANE ( 'NONE',  #1809 ) ;
#761 = PRODUCT ( 'back-panel-v0', 'back-panel-v0', '', ( #952 ) ) ;
#762 = CARTESIAN_POINT ( 'NONE',  ( -19.80000000000000426, 24.60000000000000142, 4.500000000000000000 ) ) ;
#763 = EDGE_LOOP ( 'NONE', ( #1472, #1612 ) ) ;
#764 = AXIS2_PLACEMENT_3D ( 'NONE', #1647, #126, #1810 ) ;
#765 = ORIENTED_EDGE ( 'NONE', *, *, #315, .T. ) ;
#766 = EDGE_CURVE ( 'NONE', #1218, #489, #1633, .T. ) ;
#767 = ORIENTED_EDGE ( 'NONE', *, *, #1492, .T. ) ;
#768 = PLANE ( 'NONE',  #454 ) ;
#769 = DIRECTION ( 'NONE',  ( 1.000000000000000000, 0.000000000000000000, 0.000000000000000000 ) ) ;
#770 = CYLINDRICAL_SURFACE ( 'NONE', #1231, 1.649999999999998579 ) ;
#771 = CARTESIAN_POINT ( 'NONE',  ( -20.00000000000000355, 11.75000000000000000, 4.500000000000000000 ) ) ;
#772 = CARTESIAN_POINT ( 'NONE',  ( -3.999999999999981792, 150.0000000000000000, -4.000000000000000000 ) ) ;
#773 = AXIS2_PLACEMENT_3D ( 'NONE', #113, #824, #680 ) ;
#774 = AXIS2_PLACEMENT_3D ( 'NONE', #50, #1738, #373 ) ;
#775 = ORIENTED_EDGE ( 'NONE', *, *, #1436, .T. ) ;
#776 = ORIENTED_EDGE ( 'NONE', *, *, #482, .T. ) ;
#777 = AXIS2_PLACEMENT_3D ( 'NONE', #658, #1219, #104 ) ;
#778 = ORIENTED_EDGE ( 'NONE', *, *, #1630, .F. ) ;
#779 = EDGE_CURVE ( 'NONE', #638, #37, #1424, .T. ) ;
#780 = PLANE ( 'NONE',  #1106 ) ;
#781 = DIRECTION ( 'NONE',  ( 0.000000000000000000, 0.000000000000000000, -1.000000000000000000 ) ) ;
#782 = PLANE ( 'NONE',  #394 ) ;
#783 = LINE ( 'NONE', #70, #1550 ) ;
#784 = ORIENTED_EDGE ( 'NONE', *, *, #1574, .T. ) ;
#785 = VECTOR ( 'NONE', #134, 1000.000000000000000 ) ;
#786 = ORIENTED_EDGE ( 'NONE', *, *, #1712, .F. ) ;
#787 = VERTEX_POINT ( 'NONE', #1285 ) ;
#788 = FACE_BOUND ( 'NONE', #1533, .T. ) ;
#789 = EDGE_CURVE ( 'NONE', #1343, #1199, #1166, .T. ) ;
#790 = CARTESIAN_POINT ( 'NONE',  ( -70.00000000000000000, 0.000000000000000000, 0.000000000000000000 ) ) ;
#791 = ADVANCED_FACE ( 'NONE', ( #21 ), #432, .F. ) ;
#792 = DIRECTION ( 'NONE',  ( -0.000000000000000000, -0.000000000000000000, 1.000000000000000000 ) ) ;
#793 = DIRECTION ( 'NONE',  ( 0.000000000000000000, 0.000000000000000000, -1.000000000000000000 ) ) ;
#794 = EDGE_LOOP ( 'NONE', ( #568, #375, #687, #906 ) ) ;
#795 = ORIENTED_EDGE ( 'NONE', *, *, #679, .F. ) ;
#796 = ORIENTED_EDGE ( 'NONE', *, *, #1769, .F. ) ;
#797 = CARTESIAN_POINT ( 'NONE',  ( -10.00000000000000000, 13.05016026299595566, 0.000000000000000000 ) ) ;
#798 = DIRECTION ( 'NONE',  ( 0.000000000000000000, 0.000000000000000000, 1.000000000000000000 ) ) ;
#799 = DIRECTION ( 'NONE',  ( 1.000000000000000000, 0.000000000000000000, 0.000000000000000000 ) ) ;
#800 = DIRECTION ( 'NONE',  ( -0.000000000000000000, -0.000000000000000000, 1.000000000000000000 ) ) ;
#801 = EDGE_CURVE ( 'NONE', #807, #1023, #459, .T. ) ;
#802 = DIRECTION ( 'NONE',  ( 1.000000000000000000, 0.000000000000000000, 0.000000000000000000 ) ) ;
#803 = ORIENTED_EDGE ( 'NONE', *, *, #1693, .F. ) ;
#804 = AXIS2_PLACEMENT_3D ( 'NONE', #1427, #18, #840 ) ;
#805 = VERTEX_POINT ( 'NONE', #700 ) ;
#806 = VECTOR ( 'NONE', #86, 1000.000000000000000 ) ;
#807 = VERTEX_POINT ( 'NONE', #971 ) ;
#808 = CARTESIAN_POINT ( 'NONE',  ( -10.00000000000000000, 135.0000000000000000, 0.2250000000000003664 ) ) ;
#809 = ORIENTED_EDGE ( 'NONE', *, *, #1309, .T. ) ;
#810 = FACE_OUTER_BOUND ( 'NONE', #1209, .T. ) ;
#811 = FACE_OUTER_BOUND ( 'NONE', #1805, .T. ) ;
#812 = DIRECTION ( 'NONE',  ( 1.000000000000000000, 0.000000000000000000, 0.000000000000000000 ) ) ;
#813 = CARTESIAN_POINT ( 'NONE',  ( -10.00000000000000000, 135.0000000000000000, 2.174999999999999822 ) ) ;
#814 = ADVANCED_FACE ( 'NONE', ( #1552 ), #281, .F. ) ;
#815 = ORIENTED_EDGE ( 'NONE', *, *, #1006, .T. ) ;
#816 = ORIENTED_EDGE ( 'NONE', *, *, #579, .F. ) ;
#817 = DIRECTION ( 'NONE',  ( 1.000000000000000000, 0.000000000000000000, 0.000000000000000000 ) ) ;
#818 = ORIENTED_EDGE ( 'NONE', *, *, #530, .F. ) ;
#819 = LINE ( 'NONE', #124, #759 ) ;
#820 = VECTOR ( 'NONE', #1697, 1000.000000000000000 ) ;
#821 = DIRECTION ( 'NONE',  ( 0.000000000000000000, 0.000000000000000000, -1.000000000000000000 ) ) ;
#822 = CARTESIAN_POINT ( 'NONE',  ( -70.00000000000000000, 0.000000000000000000, 4.500000000000000000 ) ) ;
#823 = ORIENTED_EDGE ( 'NONE', *, *, #597, .T. ) ;
#824 = DIRECTION ( 'NONE',  ( -0.000000000000000000, -0.000000000000000000, 1.000000000000000000 ) ) ;
#825 = EDGE_CURVE ( 'NONE', #706, #1481, #853, .T. ) ;
#826 = ORIENTED_EDGE ( 'NONE', *, *, #1119, .F. ) ;
#827 = CARTESIAN_POINT ( 'NONE',  ( -3.999999999999983569, 135.0000000000000000, 0.2250000000000003664 ) ) ;
#828 = CARTESIAN_POINT ( 'NONE',  ( 0.000000000000000000, 15.00000000000000000, 0.02500000000000069528 ) ) ;
#829 = DIRECTION ( 'NONE',  ( 1.000000000000000000, 0.000000000000000000, 0.000000000000000000 ) ) ;
#830 = LINE ( 'NONE', #1261, #929 ) ;
#831 = LINE ( 'NONE', #1390, #422 ) ;
#832 = PLANE ( 'NONE',  #1591 ) ;
#833 = VERTEX_POINT ( 'NONE', #590 ) ;
#834 = EDGE_CURVE ( 'NONE', #1088, #497, #1430, .T. ) ;
#835 = DIRECTION ( 'NONE',  ( 1.000000000000000000, 0.000000000000000000, -0.000000000000000000 ) ) ;
#836 = DIRECTION ( 'NONE',  ( 0.000000000000000000, 0.000000000000000000, -1.000000000000000000 ) ) ;
#837 = DIRECTION ( 'NONE',  ( 0.000000000000000000, 0.000000000000000000, -1.000000000000000000 ) ) ;
#838 = DIRECTION ( 'NONE',  ( -1.000000000000000000, -0.000000000000000000, -0.000000000000000000 ) ) ;
#839 = DIRECTION ( 'NONE',  ( -0.000000000000000000, -0.000000000000000000, 1.000000000000000000 ) ) ;
#840 = DIRECTION ( 'NONE',  ( 1.000000000000000000, 0.000000000000000000, 0.000000000000000000 ) ) ;
#841 = ORIENTED_EDGE ( 'NONE', *, *, #1456, .F. ) ;
#842 = CARTESIAN_POINT ( 'NONE',  ( -66.00000000000000000, 146.0000000000000000, 2.999999999999999556 ) ) ;
#843 = ADVANCED_FACE ( 'NONE', ( #1572, #1683, #415, #34 ), #1711, .T. ) ;
#844 = DIRECTION ( 'NONE',  ( -1.000000000000000000, 0.000000000000000000, 0.000000000000000000 ) ) ;
#845 = LINE ( 'NONE', #722, #1800 ) ;
#846 = DIRECTION ( 'NONE',  ( 0.000000000000000000, 0.000000000000000000, -1.000000000000000000 ) ) ;
#847 = EDGE_CURVE ( 'NONE', #1502, #512, #869, .T. ) ;
#848 = ADVANCED_FACE ( 'NONE', ( #171 ), #580, .F. ) ;
#849 = ORIENTED_EDGE ( 'NONE', *, *, #464, .F. ) ;
#850 = LINE ( 'NONE', #38, #477 ) ;
#851 = ORIENTED_EDGE ( 'NONE', *, *, #1347, .F. ) ;
#852 = VECTOR ( 'NONE', #235, 1000.000000000000000 ) ;
#853 = LINE ( 'NONE', #30, #1547 ) ;
#854 = AXIS2_PLACEMENT_3D ( 'NONE', #725, #737, #1699 ) ;
#855 = DIRECTION ( 'NONE',  ( -0.000000000000000000, 1.000000000000000000, 0.000000000000000000 ) ) ;
#856 = CIRCLE ( 'NONE', #1412, 1.500000000000001332 ) ;
#857 = DIRECTION ( 'NONE',  ( 0.000000000000000000, 0.000000000000000000, 1.000000000000000000 ) ) ;
#858 = ORIENTED_EDGE ( 'NONE', *, *, #1025, .T. ) ;
#859 = ADVANCED_FACE ( 'NONE', ( #1403, #2 ), #1290, .T. ) ;
#860 = FACE_BOUND ( 'NONE', #1570, .T. ) ;
#861 = CARTESIAN_POINT ( 'NONE',  ( -70.00000000000000000, 150.0000000000000000, 4.500000000000000000 ) ) ;
#862 = ORIENTED_EDGE ( 'NONE', *, *, #64, .F. ) ;
#863 = CARTESIAN_POINT ( 'NONE',  ( -62.99999999999998579, 4.000000000000003553, 4.500000000000000000 ) ) ;
#864 = LINE ( 'NONE', #985, #297 ) ;
#865 = DIRECTION ( 'NONE',  ( 0.000000000000000000, 0.000000000000000000, 1.000000000000000000 ) ) ;
#866 = EDGE_CURVE ( 'NONE', #1716, #1727, #1225, .T. ) ;
#867 = CARTESIAN_POINT ( 'NONE',  ( -4.000000000000001776, 15.00000000000000000, 0.02500000000000069528 ) ) ;
#868 = EDGE_LOOP ( 'NONE', ( #73, #1322, #1207, #796, #858, #51 ) ) ;
#869 = LINE ( 'NONE', #1395, #785 ) ;
#870 = VECTOR ( 'NONE', #570, 1000.000000000000000 ) ;
#871 = DIRECTION ( 'NONE',  ( 0.000000000000000000, 0.000000000000000000, -1.000000000000000000 ) ) ;
#872 = ORIENTED_EDGE ( 'NONE', *, *, #1689, .F. ) ;
#873 = FACE_OUTER_BOUND ( 'NONE', #1546, .T. ) ;
#874 = VERTEX_POINT ( 'NONE', #863 ) ;
#875 = EDGE_CURVE ( 'NONE', #499, #914, #636, .T. ) ;
#876 = CARTESIAN_POINT ( 'NONE',  ( -10.00000000000000000, 76.94598946554188501, 0.000000000000000000 ) ) ;
#877 = FACE_OUTER_BOUND ( 'NONE', #1698, .T. ) ;
#878 = VERTEX_POINT ( 'NONE', #1194 ) ;
#879 = VERTEX_POINT ( 'NONE', #1475 ) ;
#880 = EDGE_CURVE ( 'NONE', #1103, #936, #1175, .T. ) ;
#881 = DIRECTION ( 'NONE',  ( -1.000000000000000000, 0.000000000000000000, 0.000000000000000000 ) ) ;
#882 = VERTEX_POINT ( 'NONE', #757 ) ;
#883 = AXIS2_PLACEMENT_3D ( 'NONE', #1678, #839, #139 ) ;
#884 = VECTOR ( 'NONE', #1370, 1000.000000000000000 ) ;
#885 = CARTESIAN_POINT ( 'NONE',  ( -3.999999999999992450, 73.05401053445810078, 0.000000000000000000 ) ) ;
#886 = ORIENTED_EDGE ( 'NONE', *, *, #1438, .T. ) ;
#887 = AXIS2_PLACEMENT_3D ( 'NONE', #241, #267, #1515 ) ;
#888 = ORIENTED_EDGE ( 'NONE', *, *, #1347, .T. ) ;
#889 = FILL_AREA_STYLE_COLOUR ( '', #660 ) ;
#890 = CARTESIAN_POINT ( 'NONE',  ( -10.00000000000000000, 75.00000000000000000, 0.1249999999999998612 ) ) ;
#891 = DIRECTION ( 'NONE',  ( 0.000000000000000000, 0.000000000000000000, -1.000000000000000000 ) ) ;
#892 = PLANE ( 'NONE',  #774 ) ;
#893 = EDGE_CURVE ( 'NONE', #275, #418, #1164, .T. ) ;
#894 = AXIS2_PLACEMENT_3D ( 'NONE', #1744, #747, #483 ) ;
#895 = DIRECTION ( 'NONE',  ( -1.000000000000000000, -2.312964634635740689E-15, 0.000000000000000000 ) ) ;
#896 = ORIENTED_EDGE ( 'NONE', *, *, #7, .F. ) ;
#897 = ORIENTED_EDGE ( 'NONE', *, *, #1542, .F. ) ;
#898 = ORIENTED_EDGE ( 'NONE', *, *, #653, .T. ) ;
#899 = SURFACE_STYLE_USAGE ( .BOTH. , #1052 ) ;
#900 = LINE ( 'NONE', #876, #1786 ) ;
#901 = DIRECTION ( 'NONE',  ( -1.000000000000000000, 0.000000000000000000, 0.000000000000000000 ) ) ;
#902 = CARTESIAN_POINT ( 'NONE',  ( -21.70000000000000284, 24.60000000000000142, 4.500000000000000000 ) ) ;
#903 = DIRECTION ( 'NONE',  ( 1.000000000000000000, 0.000000000000000000, 0.000000000000000000 ) ) ;
#904 = CARTESIAN_POINT ( 'NONE',  ( 0.000000000000000000, 0.000000000000000000, -4.000000000000000000 ) ) ;
#905 = EDGE_CURVE ( 'NONE', #1514, #951, #1157, .T. ) ;
#906 = ORIENTED_EDGE ( 'NONE', *, *, #1593, .T. ) ;
#907 = EDGE_LOOP ( 'NONE', ( #541, #1373 ) ) ;
#908 = VERTEX_POINT ( 'NONE', #1594 ) ;
#909 = FACE_OUTER_BOUND ( 'NONE', #230, .T. ) ;
#910 = LINE ( 'NONE', #640, #1423 ) ;
#911 = DIRECTION ( 'NONE',  ( -0.000000000000000000, 0.000000000000000000, 1.000000000000000000 ) ) ;
#912 = CARTESIAN_POINT ( 'NONE',  ( -22.10000000000000497, 11.75000000000000000, 4.000000000000000000 ) ) ;
#913 = CIRCLE ( 'NONE', #1129, 1.500000000000001332 ) ;
#914 = VERTEX_POINT ( 'NONE', #332 ) ;
#915 = EDGE_CURVE ( 'NONE', #115, #1311, #583, .T. ) ;
#916 = VERTEX_POINT ( 'NONE', #1437 ) ;
#917 = AXIS2_PLACEMENT_3D ( 'NONE', #1665, #669, #1113 ) ;
#918 = ORIENTED_EDGE ( 'NONE', *, *, #1672, .F. ) ;
#919 =( NAMED_UNIT ( * ) SI_UNIT ( $, .STERADIAN. ) SOLID_ANGLE_UNIT ( ) );
#920 = EDGE_CURVE ( 'NONE', #479, #498, #339, .T. ) ;
#921 = FACE_OUTER_BOUND ( 'NONE', #868, .T. ) ;
#922 = CARTESIAN_POINT ( 'NONE',  ( -65.99999999999998579, 4.000000000000003553, 2.999999999999999556 ) ) ;
#923 = CARTESIAN_POINT ( 'NONE',  ( -21.70000000000000284, 16.90000000000000213, 0.000000000000000000 ) ) ;
#924 = EDGE_LOOP ( 'NONE', ( #1230, #1782, #356, #175, #818, #190, #1288, #278, #1050, #403, #1410, #1524, #102, #231, #989, #935 ) ) ;
#925 = AXIS2_PLACEMENT_3D ( 'NONE', #1580, #66, #1603 ) ;
#926 = EDGE_LOOP ( 'NONE', ( #645, #53, #1031, #487 ) ) ;
#927 = ORIENTED_EDGE ( 'NONE', *, *, #1496, .T. ) ;
#928 = CARTESIAN_POINT ( 'NONE',  ( -26.00000000000001066, 6.500000000000002665, 0.000000000000000000 ) ) ;
#929 = VECTOR ( 'NONE', #1415, 1000.000000000000000 ) ;
#930 = CARTESIAN_POINT ( 'NONE',  ( 0.000000000000000000, 0.000000000000000000, 4.500000000000000000 ) ) ;
#931 = EDGE_CURVE ( 'NONE', #1407, #1248, #699, .T. ) ;
#932 = CARTESIAN_POINT ( 'NONE',  ( -19.80000000000000426, 23.09999999999999787, 2.499999999999999556 ) ) ;
#933 = DIRECTION ( 'NONE',  ( -0.000000000000000000, -0.000000000000000000, 1.000000000000000000 ) ) ;
#934 = CIRCLE ( 'NONE', #1796, 3.000000000000002665 ) ;
#935 = ORIENTED_EDGE ( 'NONE', *, *, #893, .F. ) ;
#936 = VERTEX_POINT ( 'NONE', #1027 ) ;
#937 = CIRCLE ( 'NONE', #1177, 4.000000000000000000 ) ;
#938 = EDGE_LOOP ( 'NONE', ( #168, #249, #60, #1482, #251, #665 ) ) ;
#939 = AXIS2_PLACEMENT_3D ( 'NONE', #674, #263, #821 ) ;
#940 = CARTESIAN_POINT ( 'NONE',  ( -10.00000000000000000, 0.000000000000000000, -0.000000000000000000 ) ) ;
#941 = VERTEX_POINT ( 'NONE', #1736 ) ;
#942 = EDGE_CURVE ( 'NONE', #525, #1140, #474, .T. ) ;
#943 = DIRECTION ( 'NONE',  ( -1.000000000000000000, 0.000000000000000000, -0.000000000000000000 ) ) ;
#944 = CYLINDRICAL_SURFACE ( 'NONE', #707, 1.949999999999999067 ) ;
#945 = DIRECTION ( 'NONE',  ( -0.000000000000000000, -0.000000000000000000, -1.000000000000000000 ) ) ;
#946 = ORIENTED_EDGE ( 'NONE', *, *, #19, .T. ) ;
#947 = AXIS2_PLACEMENT_3D ( 'NONE', #346, #903, #228 ) ;
#948 = ORIENTED_EDGE ( 'NONE', *, *, #1296, .F. ) ;
#949 = VECTOR ( 'NONE', #1622, 1000.000000000000000 ) ;
#950 = CARTESIAN_POINT ( 'NONE',  ( -20.00000000000000355, 11.75000000000000000, -4.000000000000000888 ) ) ;
#951 = VERTEX_POINT ( 'NONE', #1718 ) ;
#952 = PRODUCT_CONTEXT ( 'NONE', #1097, 'mechanical' ) ;
#953 = DIRECTION ( 'NONE',  ( 1.000000000000000000, -0.000000000000000000, -0.000000000000000000 ) ) ;
#954 = DIRECTION ( 'NONE',  ( 1.000000000000000000, 0.000000000000000000, 0.000000000000000000 ) ) ;
#955 = CARTESIAN_POINT ( 'NONE',  ( -26.00000000000001066, 10.50000000000000178, 0.000000000000000000 ) ) ;
#956 = EDGE_LOOP ( 'NONE', ( #1087, #1041, #602, #1276 ) ) ;
#957 = EDGE_CURVE ( 'NONE', #874, #1513, #518, .T. ) ;
#958 = EDGE_CURVE ( 'NONE', #1540, #1771, #611, .T. ) ;
#959 = CARTESIAN_POINT ( 'NONE',  ( -66.00000000000000000, 146.0000000000000000, 4.500000000000000000 ) ) ;
#960 = VERTEX_POINT ( 'NONE', #1453 ) ;
#961 = DIRECTION ( 'NONE',  ( 0.000000000000000000, 0.000000000000000000, -1.000000000000000000 ) ) ;
#962 = CARTESIAN_POINT ( 'NONE',  ( 0.000000000000000000, 150.0000000000000000, 4.500000000000000000 ) ) ;
#963 = VECTOR ( 'NONE', #857, 1000.000000000000000 ) ;
#964 = CARTESIAN_POINT ( 'NONE',  ( -20.00000000000000355, 11.75000000000000000, 4.000000000000000000 ) ) ;
#965 = CARTESIAN_POINT ( 'NONE',  ( -67.64999999999999147, 4.000000000000003553, -4.000000000000000888 ) ) ;
#966 = ORIENTED_EDGE ( 'NONE', *, *, #460, .T. ) ;
#967 = EDGE_CURVE ( 'NONE', #214, #1589, #1053, .T. ) ;
#968 = LINE ( 'NONE', #940, #331 ) ;
#969 = ORIENTED_EDGE ( 'NONE', *, *, #597, .F. ) ;
#970 = CARTESIAN_POINT ( 'NONE',  ( -69.00000000000000000, 146.0000000000000000, 2.999999999999999556 ) ) ;
#971 = CARTESIAN_POINT ( 'NONE',  ( -18.90000000000000213, 11.75000000000000000, 3.999999999999999112 ) ) ;
#972 = CARTESIAN_POINT ( 'NONE',  ( -70.00000000000000000, 0.000000000000000000, 4.500000000000000000 ) ) ;
#973 = LINE ( 'NONE', #127, #195 ) ;
#974 = CLOSED_SHELL ( 'NONE', ( #234, #137, #589, #1793, #122, #1585, #226, #848, #54, #176, #293, #1337, #1284, #409, #566, #557, #1405, #1358, #1418, #77, #1745, #1521, #513, #1141, #1067, #667, #1704, #1121, #843, #1781, #606, #1036, #1299, #1169, #344, #323, #133, #859, #1428, #444, #544, #431, #1806, #814, #1109, #420, #503, #1193, #517, #266, #791, #689, #28, #1679 ) ) ;
#975 = ORIENTED_EDGE ( 'NONE', *, *, #958, .T. ) ;
#976 = CIRCLE ( 'NONE', #179, 1.949999999999998401 ) ;
#977 = VECTOR ( 'NONE', #162, 1000.000000000000000 ) ;
#978 = EDGE_CURVE ( 'NONE', #1481, #1018, #1314, .T. ) ;
#979 = CARTESIAN_POINT ( 'NONE',  ( -4.000000000000003553, 0.000000000000000000, -4.000000000000000000 ) ) ;
#980 = EDGE_LOOP ( 'NONE', ( #466, #316, #1451, #652, #240, #1060, #1028, #815 ) ) ;
#981 = EDGE_CURVE ( 'NONE', #628, #1502, #1700, .T. ) ;
#982 = DIRECTION ( 'NONE',  ( 0.000000000000000000, 0.000000000000000000, 1.000000000000000000 ) ) ;
#983 = DIRECTION ( 'NONE',  ( 1.000000000000000000, 0.000000000000000000, -0.000000000000000000 ) ) ;
#984 = AXIS2_PLACEMENT_3D ( 'NONE', #950, #413, #1257 ) ;
#985 = CARTESIAN_POINT ( 'NONE',  ( -21.70000000000000284, 24.60000000000000142, 2.499999999999999556 ) ) ;
#986 = CARTESIAN_POINT ( 'NONE',  ( -21.70000000000000284, 15.40000000000000036, 2.499999999999999556 ) ) ;
#987 = DIRECTION ( 'NONE',  ( 0.000000000000000000, -0.000000000000000000, 1.000000000000000000 ) ) ;
#988 = DIRECTION ( 'NONE',  ( -0.000000000000000000, 1.000000000000000000, 0.000000000000000000 ) ) ;
#989 = ORIENTED_EDGE ( 'NONE', *, *, #358, .F. ) ;
#990 = AXIS2_PLACEMENT_3D ( 'NONE', #184, #769, #216 ) ;
#991 = EDGE_CURVE ( 'NONE', #1789, #908, #1075, .T. ) ;
#992 = CARTESIAN_POINT ( 'NONE',  ( -20.00000000000000355, 11.75000000000000000, 3.999999999999999112 ) ) ;
#993 = FACE_OUTER_BOUND ( 'NONE', #1069, .T. ) ;
#994 = CARTESIAN_POINT ( 'NONE',  ( -17.90000000000000213, 11.75000000000000000, 4.000000000000000000 ) ) ;
#995 = AXIS2_PLACEMENT_3D ( 'NONE', #118, #1554, #294 ) ;
#996 = ORIENTED_EDGE ( 'NONE', *, *, #905, .T. ) ;
#997 = VECTOR ( 'NONE', #1304, 1000.000000000000000 ) ;
#998 = DIRECTION ( 'NONE',  ( -0.000000000000000000, -0.000000000000000000, 1.000000000000000000 ) ) ;
#999 = LINE ( 'NONE', #979, #977 ) ;
#1000 = ORIENTED_EDGE ( 'NONE', *, *, #399, .F. ) ;
#1001 = AXIS2_PLACEMENT_3D ( 'NONE', #406, #690, #895 ) ;
#1002 = DIRECTION ( 'NONE',  ( 0.000000000000000000, 0.000000000000000000, 1.000000000000000000 ) ) ;
#1003 = CIRCLE ( 'NONE', #204, 1.649999999999998579 ) ;
#1004 = DIRECTION ( 'NONE',  ( -0.000000000000000000, -0.000000000000000000, 1.000000000000000000 ) ) ;
#1005 = VECTOR ( 'NONE', #701, 1000.000000000000000 ) ;
#1006 = EDGE_CURVE ( 'NONE', #787, #1101, #284, .T. ) ;
#1007 = CYLINDRICAL_SURFACE ( 'NONE', #478, 2.100000000000000977 ) ;
#1008 = DIRECTION ( 'NONE',  ( -1.000000000000000000, 0.000000000000000000, 0.000000000000000000 ) ) ;
#1009 = ORIENTED_EDGE ( 'NONE', *, *, #618, .F. ) ;
#1010 = VECTOR ( 'NONE', #567, 1000.000000000000000 ) ;
#1011 = DIRECTION ( 'NONE',  ( 0.000000000000000000, 0.000000000000000000, -1.000000000000000000 ) ) ;
#1012 = VECTOR ( 'NONE', #1602, 1000.000000000000000 ) ;
#1013 = CARTESIAN_POINT ( 'NONE',  ( -67.64999999999999147, 4.000000000000003553, 3.000000000000000000 ) ) ;
#1014 = EDGE_CURVE ( 'NONE', #479, #599, #900, .T. ) ;
#1015 = EDGE_CURVE ( 'NONE', #1540, #1245, #1142, .T. ) ;
#1016 = ORIENTED_EDGE ( 'NONE', *, *, #1473, .F. ) ;
#1017 = DIRECTION ( 'NONE',  ( -0.000000000000000000, -0.000000000000000000, 1.000000000000000000 ) ) ;
#1018 = VERTEX_POINT ( 'NONE', #1295 ) ;
#1019 = CARTESIAN_POINT ( 'NONE',  ( -26.00000000000000711, 33.50000000000000000, 0.000000000000000000 ) ) ;
#1020 = AXIS2_PLACEMENT_3D ( 'NONE', #1675, #1133, #1150 ) ;
#1021 = UNCERTAINTY_MEASURE_WITH_UNIT (LENGTH_MEASURE( 1.000000000000000082E-05 ), #279, 'distance_accuracy_value', 'NONE');
#1022 = DIRECTION ( 'NONE',  ( 0.000000000000000000, 0.000000000000000000, -1.000000000000000000 ) ) ;
#1023 = VERTEX_POINT ( 'NONE', #48 ) ;
#1024 = DIRECTION ( 'NONE',  ( 0.000000000000000000, 0.000000000000000000, -1.000000000000000000 ) ) ;
#1025 = EDGE_CURVE ( 'NONE', #1352, #324, #910, .T. ) ;
#1026 = ORIENTED_EDGE ( 'NONE', *, *, #1656, .F. ) ;
#1027 = CARTESIAN_POINT ( 'NONE',  ( -26.00000000000000711, 29.50000000000000355, 2.500000000000000000 ) ) ;
#1028 = ORIENTED_EDGE ( 'NONE', *, *, #1819, .T. ) ;
#1029 = LINE ( 'NONE', #1588, #1039 ) ;
#1030 = VERTEX_POINT ( 'NONE', #790 ) ;
#1031 = ORIENTED_EDGE ( 'NONE', *, *, #649, .T. ) ;
#1032 = EDGE_CURVE ( 'NONE', #1599, #1030, #1203, .T. ) ;
#1033 = CARTESIAN_POINT ( 'NONE',  ( 0.000000000000000000, 0.000000000000000000, 4.500000000000000000 ) ) ;
#1034 = DIRECTION ( 'NONE',  ( 1.445602896647339410E-16, 1.000000000000000000, 0.000000000000000000 ) ) ;
#1035 = EDGE_CURVE ( 'NONE', #878, #805, #1763, .T. ) ;
#1036 = ADVANCED_FACE ( 'NONE', ( #921 ), #1355, .F. ) ;
#1037 = FACE_OUTER_BOUND ( 'NONE', #1364, .T. ) ;
#1038 = AXIS2_PLACEMENT_3D ( 'NONE', #1400, #705, #1282 ) ;
#1039 = VECTOR ( 'NONE', #149, 1000.000000000000000 ) ;
#1040 = DIRECTION ( 'NONE',  ( -0.000000000000000000, -0.000000000000000000, 1.000000000000000000 ) ) ;
#1041 = ORIENTED_EDGE ( 'NONE', *, *, #1656, .T. ) ;
#1042 = ORIENTED_EDGE ( 'NONE', *, *, #1272, .F. ) ;
#1043 = ORIENTED_EDGE ( 'NONE', *, *, #100, .T. ) ;
#1044 = DIRECTION ( 'NONE',  ( -1.000000000000000000, 0.000000000000000000, 0.000000000000000000 ) ) ;
#1045 = CARTESIAN_POINT ( 'NONE',  ( -19.80000000000000426, 24.60000000000000142, 2.499999999999999556 ) ) ;
#1046 = EDGE_CURVE ( 'NONE', #914, #807, #1784, .T. ) ;
#1047 = DIRECTION ( 'NONE',  ( 1.000000000000000000, 0.000000000000000000, 0.000000000000000000 ) ) ;
#1048 = CARTESIAN_POINT ( 'NONE',  ( -20.00000000000000355, 11.75000000000000000, 3.999999999999999112 ) ) ;
#1049 = ORIENTED_EDGE ( 'NONE', *, *, #578, .F. ) ;
#1050 = ORIENTED_EDGE ( 'NONE', *, *, #5, .F. ) ;
#1051 = EDGE_LOOP ( 'NONE', ( #1463, #247, #615, #131 ) ) ;
#1052 = SURFACE_SIDE_STYLE ('',( #74 ) ) ;
#1053 = LINE ( 'NONE', #193, #370 ) ;
#1054 = DIRECTION ( 'NONE',  ( 1.445602896647339410E-16, 1.000000000000000000, 0.000000000000000000 ) ) ;
#1055 = EDGE_CURVE ( 'NONE', #1767, #681, #225, .T. ) ;
#1056 = CARTESIAN_POINT ( 'NONE',  ( -26.00000000000001066, 6.500000000000002665, 2.500000000000000000 ) ) ;
#1057 = DIRECTION ( 'NONE',  ( 0.000000000000000000, -1.000000000000000000, 0.000000000000000000 ) ) ;
#1058 = ORIENTED_EDGE ( 'NONE', *, *, #248, .F. ) ;
#1059 = EDGE_LOOP ( 'NONE', ( #1201, #265, #285, #20 ) ) ;
#1060 = ORIENTED_EDGE ( 'NONE', *, *, #64, .T. ) ;
#1061 = DIRECTION ( 'NONE',  ( 0.000000000000000000, 0.000000000000000000, 1.000000000000000000 ) ) ;
#1062 = DIRECTION ( 'NONE',  ( 1.000000000000000000, -0.000000000000000000, -0.000000000000000000 ) ) ;
#1063 = CARTESIAN_POINT ( 'NONE',  ( -26.00000000000001066, 6.500000000000002665, 2.500000000000000000 ) ) ;
#1064 = CARTESIAN_POINT ( 'NONE',  ( -17.90000000000000213, 11.75000000000000000, 4.000000000000000000 ) ) ;
#1065 = ORIENTED_EDGE ( 'NONE', *, *, #1689, .T. ) ;
#1066 = ORIENTED_EDGE ( 'NONE', *, *, #1511, .F. ) ;
#1067 = ADVANCED_FACE ( 'NONE', ( #648, #508, #1071, #1632 ), #371, .F. ) ;
#1068 = CIRCLE ( 'NONE', #276, 1.949999999999999512 ) ;
#1069 = EDGE_LOOP ( 'NONE', ( #786, #996, #626, #242 ) ) ;
#1070 = FACE_BOUND ( 'NONE', #15, .T. ) ;
#1071 = FACE_BOUND ( 'NONE', #199, .T. ) ;
#1072 = CARTESIAN_POINT ( 'NONE',  ( -21.10000000000000497, 11.75000000000000000, 2.499999999999999556 ) ) ;
#1073 = CARTESIAN_POINT ( 'NONE',  ( -10.00000000000000000, 133.0630242644782868, 0.000000000000000000 ) ) ;
#1074 = EDGE_LOOP ( 'NONE', ( #1058, #1740 ) ) ;
#1075 = CIRCLE ( 'NONE', #894, 4.000000000000000000 ) ;
#1076 = ORIENTED_EDGE ( 'NONE', *, *, #598, .T. ) ;
#1077 = VERTEX_POINT ( 'NONE', #1220 ) ;
#1078 = EDGE_CURVE ( 'NONE', #6, #72, #95, .T. ) ;
#1079 = CARTESIAN_POINT ( 'NONE',  ( -3.999999999999983569, 133.0630242644782868, 0.000000000000000000 ) ) ;
#1080 = ORIENTED_EDGE ( 'NONE', *, *, #716, .T. ) ;
#1081 = CARTESIAN_POINT ( 'NONE',  ( -64.34999999999999432, 146.0000000000000000, 3.000000000000000000 ) ) ;
#1082 = DIRECTION ( 'NONE',  ( 1.000000000000000000, 0.000000000000000000, 0.000000000000000000 ) ) ;
#1083 = DIRECTION ( 'NONE',  ( 0.000000000000000000, -0.000000000000000000, 1.000000000000000000 ) ) ;
#1084 = DIRECTION ( 'NONE',  ( 0.000000000000000000, 0.000000000000000000, 1.000000000000000000 ) ) ;
#1085 = CARTESIAN_POINT ( 'NONE',  ( -10.00000000000000000, 75.00000000000000000, 0.1249999999999998612 ) ) ;
#1086 = VECTOR ( 'NONE', #1242, 1000.000000000000000 ) ;
#1087 = ORIENTED_EDGE ( 'NONE', *, *, #1626, .F. ) ;
#1088 = VERTEX_POINT ( 'NONE', #1081 ) ;
#1089 = AXIS2_PLACEMENT_3D ( 'NONE', #11, #292, #710 ) ;
#1090 = AXIS2_PLACEMENT_3D ( 'NONE', #3, #663, #554 ) ;
#1091 = DIRECTION ( 'NONE',  ( 1.000000000000000000, 0.000000000000000000, 0.000000000000000000 ) ) ;
#1092 = EDGE_LOOP ( 'NONE', ( #348, #313 ) ) ;
#1093 = CYLINDRICAL_SURFACE ( 'NONE', #493, 3.000000000000002665 ) ;
#1094 = EDGE_CURVE ( 'NONE', #1503, #1522, #381, .T. ) ;
#1095 = LINE ( 'NONE', #116, #852 ) ;
#1096 = CARTESIAN_POINT ( 'NONE',  ( -65.99999999999998579, 4.000000000000003553, 3.000000000000000000 ) ) ;
#1097 = APPLICATION_CONTEXT ( 'automotive_design' ) ;
#1098 = CARTESIAN_POINT ( 'NONE',  ( -19.80000000000000426, 23.09999999999999787, 4.500000000000000000 ) ) ;
#1099 = ORIENTED_EDGE ( 'NONE', *, *, #451, .T. ) ;
#1100 = AXIS2_PLACEMENT_3D ( 'NONE', #98, #511, #355 ) ;
#1101 = VERTEX_POINT ( 'NONE', #223 ) ;
#1102 = AXIS2_PLACEMENT_3D ( 'NONE', #771, #1329, #1477 ) ;
#1103 = VERTEX_POINT ( 'NONE', #629 ) ;
#1104 = LINE ( 'NONE', #1673, #99 ) ;
#1105 = VERTEX_POINT ( 'NONE', #746 ) ;
#1106 = AXIS2_PLACEMENT_3D ( 'NONE', #1444, #473, #1629 ) ;
#1107 = DIRECTION ( 'NONE',  ( -0.000000000000000000, 1.000000000000000000, -0.000000000000000000 ) ) ;
#1108 = CYLINDRICAL_SURFACE ( 'NONE', #939, 1.949999999999999512 ) ;
#1109 = ADVANCED_FACE ( 'NONE', ( #47, #909 ), #1302, .T. ) ;
#1110 = CARTESIAN_POINT ( 'NONE',  ( -18.00000000000000711, 29.50000000000000355, 2.500000000000000000 ) ) ;
#1111 = ORIENTED_EDGE ( 'NONE', *, *, #211, .F. ) ;
#1112 = VECTOR ( 'NONE', #56, 1000.000000000000000 ) ;
#1113 = DIRECTION ( 'NONE',  ( 0.000000000000000000, 1.000000000000000000, 0.000000000000000000 ) ) ;
#1114 = ORIENTED_EDGE ( 'NONE', *, *, #905, .F. ) ;
#1115 = PLANE ( 'NONE',  #586 ) ;
#1116 = CARTESIAN_POINT ( 'NONE',  ( -66.00000000000000000, 146.0000000000000000, 2.999999999999999556 ) ) ;
#1117 = FACE_OUTER_BOUND ( 'NONE', #300, .T. ) ;
#1118 = LINE ( 'NONE', #1661, #963 ) ;
#1119 = EDGE_CURVE ( 'NONE', #1722, #1625, #68, .T. ) ;
#1120 = ORIENTED_EDGE ( 'NONE', *, *, #1555, .T. ) ;
#1121 = ADVANCED_FACE ( 'NONE', ( #1070, #1464, #788, #192, #203, #1733 ), #780, .F. ) ;
#1122 = LINE ( 'NONE', #1491, #691 ) ;
#1123 = ORIENTED_EDGE ( 'NONE', *, *, #1483, .F. ) ;
#1124 = LINE ( 'NONE', #10, #870 ) ;
#1125 = DIRECTION ( 'NONE',  ( -0.000000000000000000, -0.000000000000000000, -1.000000000000000000 ) ) ;
#1126 = CYLINDRICAL_SURFACE ( 'NONE', #995, 1.500000000000001332 ) ;
#1127 = FACE_OUTER_BOUND ( 'NONE', #61, .T. ) ;
#1128 = CIRCLE ( 'NONE', #93, 1.950000000000007283 ) ;
#1129 = AXIS2_PLACEMENT_3D ( 'NONE', #1214, #388, #1723 ) ;
#1130 = DIRECTION ( 'NONE',  ( 1.445602896647339410E-16, 1.000000000000000000, 0.000000000000000000 ) ) ;
#1131 = EDGE_CURVE ( 'NONE', #489, #1218, #1692, .T. ) ;
#1132 = ORIENTED_EDGE ( 'NONE', *, *, #1631, .F. ) ;
#1133 = DIRECTION ( 'NONE',  ( 0.000000000000000000, 0.000000000000000000, 1.000000000000000000 ) ) ;
#1134 = AXIS2_PLACEMENT_3D ( 'NONE', #1192, #490, #84 ) ;
#1135 = DIRECTION ( 'NONE',  ( -1.000000000000000000, 0.000000000000000000, 0.000000000000000000 ) ) ;
#1136 = DIRECTION ( 'NONE',  ( 1.000000000000000000, 0.000000000000000000, 0.000000000000000000 ) ) ;
#1137 = EDGE_LOOP ( 'NONE', ( #1664, #1489, #776, #1822 ) ) ;
#1138 = CARTESIAN_POINT ( 'NONE',  ( -21.70000000000000284, 23.09999999999999787, 2.499999999999999556 ) ) ;
#1139 = CARTESIAN_POINT ( 'NONE',  ( -64.34999999999999432, 4.000000000000003553, -4.000000000000000888 ) ) ;
#1140 = VERTEX_POINT ( 'NONE', #1743 ) ;
#1141 = ADVANCED_FACE ( 'NONE', ( #1762 ), #768, .F. ) ;
#1142 = CIRCLE ( 'NONE', #1813, 1.100000000000000311 ) ;
#1143 = DIRECTION ( 'NONE',  ( 1.000000000000000000, 0.000000000000000000, 0.000000000000000000 ) ) ;
#1144 = DIRECTION ( 'NONE',  ( 0.000000000000000000, 0.000000000000000000, -1.000000000000000000 ) ) ;
#1145 = CARTESIAN_POINT ( 'NONE',  ( -22.10000000000000497, 28.25000000000000000, 4.000000000000000000 ) ) ;
#1146 = AXIS2_PLACEMENT_3D ( 'NONE', #1367, #982, #1082 ) ;
#1147 = DIRECTION ( 'NONE',  ( 1.000000000000000000, 0.000000000000000000, 0.000000000000000000 ) ) ;
#1148 = DIRECTION ( 'NONE',  ( -0.000000000000000000, -0.000000000000000000, -1.000000000000000000 ) ) ;
#1149 = VERTEX_POINT ( 'NONE', #1324 ) ;
#1150 = DIRECTION ( 'NONE',  ( 1.000000000000000000, 0.000000000000000000, 0.000000000000000000 ) ) ;
#1151 = EDGE_CURVE ( 'NONE', #1140, #787, #65, .T. ) ;
#1152 = MANIFOLD_SOLID_BREP ( 'Fillet4', #974 ) ;
#1153 = FACE_OUTER_BOUND ( 'NONE', #980, .T. ) ;
#1154 = LINE ( 'NONE', #1715, #423 ) ;
#1155 = ORIENTED_EDGE ( 'NONE', *, *, #1383, .T. ) ;
#1156 = CIRCLE ( 'NONE', #1773, 1.650000000000012568 ) ;
#1157 = LINE ( 'NONE', #603, #1112 ) ;
#1158 = AXIS2_PLACEMENT_3D ( 'NONE', #360, #1312, #1345 ) ;
#1159 = EDGE_CURVE ( 'NONE', #1101, #1600, #330, .T. ) ;
#1160 = CARTESIAN_POINT ( 'NONE',  ( -10.00000000000000000, 15.00000000000000000, 0.02500000000000069528 ) ) ;
#1161 = ORIENTED_EDGE ( 'NONE', *, *, #42, .T. ) ;
#1162 = LINE ( 'NONE', #861, #1687 ) ;
#1163 = VERTEX_POINT ( 'NONE', #1335 ) ;
#1164 = LINE ( 'NONE', #594, #671 ) ;
#1165 = ORIENTED_EDGE ( 'NONE', *, *, #958, .F. ) ;
#1166 = CIRCLE ( 'NONE', #605, 2.100000000000000977 ) ;
#1167 = UNCERTAINTY_MEASURE_WITH_UNIT (LENGTH_MEASURE( 1.000000000000000082E-05 ), #352, 'distance_accuracy_value', 'NONE');
#1168 = CARTESIAN_POINT ( 'NONE',  ( -65.99999999999998579, 4.000000000000003553, 3.000000000000000000 ) ) ;
#1169 = ADVANCED_FACE ( 'NONE', ( #639 ), #1202, .F. ) ;
#1170 = AXIS2_PLACEMENT_3D ( 'NONE', #156, #1685, #693 ) ;
#1171 = ORIENTED_EDGE ( 'NONE', *, *, #642, .F. ) ;
#1172 = EDGE_LOOP ( 'NONE', ( #340, #714, #1610, #1702, #1433, #1323 ) ) ;
#1173 = EDGE_CURVE ( 'NONE', #497, #1088, #627, .T. ) ;
#1174 = DIRECTION ( 'NONE',  ( 1.000000000000000000, 0.000000000000000000, 0.000000000000000000 ) ) ;
#1175 = LINE ( 'NONE', #41, #1339 ) ;
#1176 = DIRECTION ( 'NONE',  ( -0.000000000000000000, -0.000000000000000000, 1.000000000000000000 ) ) ;
#1177 = AXIS2_PLACEMENT_3D ( 'NONE', #581, #1144, #1268 ) ;
#1178 = FACE_OUTER_BOUND ( 'NONE', #738, .T. ) ;
#1179 = ORIENTED_EDGE ( 'NONE', *, *, #1173, .F. ) ;
#1180 = ORIENTED_EDGE ( 'NONE', *, *, #1263, .T. ) ;
#1181 = EDGE_CURVE ( 'NONE', #1283, #275, #546, .T. ) ;
#1182 =( NAMED_UNIT ( * ) PLANE_ANGLE_UNIT ( ) SI_UNIT ( $, .RADIAN. ) );
#1183 = DIRECTION ( 'NONE',  ( 0.000000000000000000, 0.000000000000000000, -1.000000000000000000 ) ) ;
#1184 = CARTESIAN_POINT ( 'NONE',  ( -4.000000000000003553, 0.000000000000000000, 0.000000000000000000 ) ) ;
#1185 = AXIS2_PLACEMENT_3D ( 'NONE', #174, #739, #644 ) ;
#1186 = CIRCLE ( 'NONE', #1274, 1.949999999999999067 ) ;
#1187 = CARTESIAN_POINT ( 'NONE',  ( -66.00000000000000000, 146.0000000000000000, -4.000000000000000888 ) ) ;
#1188 = CARTESIAN_POINT ( 'NONE',  ( -10.00000000000000000, 15.00000000000000000, 1.974999999999999867 ) ) ;
#1189 = ORIENTED_EDGE ( 'NONE', *, *, #1015, .F. ) ;
#1190 = ORIENTED_EDGE ( 'NONE', *, *, #779, .T. ) ;
#1191 = ORIENTED_EDGE ( 'NONE', *, *, #825, .F. ) ;
#1192 = CARTESIAN_POINT ( 'NONE',  ( -20.00000000000000355, 28.25000000000000000, 4.000000000000000000 ) ) ;
#1193 = ADVANCED_FACE ( 'NONE', ( #92 ), #1653, .F. ) ;
#1194 = CARTESIAN_POINT ( 'NONE',  ( -3.999999999999992450, 75.00000000000000000, -1.824999999999998401 ) ) ;
#1195 = DIRECTION ( 'NONE',  ( 0.000000000000000000, 0.000000000000000000, -1.000000000000000000 ) ) ;
#1196 = VECTOR ( 'NONE', #881, 1000.000000000000000 ) ;
#1197 = FACE_OUTER_BOUND ( 'NONE', #1059, .T. ) ;
#1198 = LINE ( 'NONE', #1757, #1377 ) ;
#1199 = VERTEX_POINT ( 'NONE', #550 ) ;
#1200 = VERTEX_POINT ( 'NONE', #1079 ) ;
#1201 = ORIENTED_EDGE ( 'NONE', *, *, #399, .T. ) ;
#1202 = CYLINDRICAL_SURFACE ( 'NONE', #1571, 1.949999999999998401 ) ;
#1203 = LINE ( 'NONE', #1774, #217 ) ;
#1204 = CARTESIAN_POINT ( 'NONE',  ( -4.000000000000003553, 0.000000000000000000, -4.000000000000000000 ) ) ;
#1205 = EDGE_CURVE ( 'NONE', #430, #324, #1068, .T. ) ;
#1206 = CYLINDRICAL_SURFACE ( 'NONE', #1100, 1.649999999999998579 ) ;
#1207 = ORIENTED_EDGE ( 'NONE', *, *, #5, .T. ) ;
#1208 = VERTEX_POINT ( 'NONE', #559 ) ;
#1209 = EDGE_LOOP ( 'NONE', ( #1171, #1724, #389, #173 ) ) ;
#1210 = CARTESIAN_POINT ( 'NONE',  ( -10.00000000000000000, 75.00000000000000000, 0.1249999999999998612 ) ) ;
#1211 = CARTESIAN_POINT ( 'NONE',  ( -10.00000000000000000, 75.00000000000000000, -1.824999999999998401 ) ) ;
#1212 = VECTOR ( 'NONE', #933, 1000.000000000000000 ) ;
#1213 = DIRECTION ( 'NONE',  ( 1.000000000000000000, 0.000000000000000000, 0.000000000000000000 ) ) ;
#1214 = CARTESIAN_POINT ( 'NONE',  ( -19.80000000000000426, 16.90000000000000213, 2.499999999999999556 ) ) ;
#1215 = EDGE_CURVE ( 'NONE', #256, #960, #1504, .T. ) ;
#1216 = ORIENTED_EDGE ( 'NONE', *, *, #1721, .F. ) ;
#1217 = EDGE_LOOP ( 'NONE', ( #147, #62, #153, #461 ) ) ;
#1218 = VERTEX_POINT ( 'NONE', #516 ) ;
#1219 = DIRECTION ( 'NONE',  ( 0.000000000000000000, 1.000000000000000000, 0.000000000000000000 ) ) ;
#1220 = CARTESIAN_POINT ( 'NONE',  ( 0.000000000000000000, 75.00000000000000000, 2.074999999999998401 ) ) ;
#1221 = DIRECTION ( 'NONE',  ( 0.000000000000000000, 0.000000000000000000, 1.000000000000000000 ) ) ;
#1222 = CARTESIAN_POINT ( 'NONE',  ( -4.000000000000003553, 0.000000000000000000, -4.000000000000000000 ) ) ;
#1223 = LINE ( 'NONE', #1064, #1212 ) ;
#1224 = ORIENTED_EDGE ( 'NONE', *, *, #981, .F. ) ;
#1225 = CIRCLE ( 'NONE', #1455, 4.000000000000000000 ) ;
#1226 = ORIENTED_EDGE ( 'NONE', *, *, #716, .F. ) ;
#1227 = LINE ( 'NONE', #540, #509 ) ;
#1228 = PRODUCT_DEFINITION ( 'UNKNOWN', '', #111, #14 ) ;
#1229 = EDGE_CURVE ( 'NONE', #951, #1727, #1680, .T. ) ;
#1230 = ORIENTED_EDGE ( 'NONE', *, *, #270, .F. ) ;
#1231 = AXIS2_PLACEMENT_3D ( 'NONE', #57, #1176, #621 ) ;
#1232 = CARTESIAN_POINT ( 'NONE',  ( -14.00000000000000888, 10.50000000000000178, 2.500000000000000000 ) ) ;
#1233 = DIRECTION ( 'NONE',  ( 1.000000000000000000, 0.000000000000000000, 0.000000000000000000 ) ) ;
#1234 = DIRECTION ( 'NONE',  ( -0.000000000000000000, 0.000000000000000000, 1.000000000000000000 ) ) ;
#1235 = AXIS2_PLACEMENT_3D ( 'NONE', #1646, #1667, #1356 ) ;
#1236 = ORIENTED_EDGE ( 'NONE', *, *, #7, .T. ) ;
#1237 = ORIENTED_EDGE ( 'NONE', *, *, #558, .T. ) ;
#1238 = AXIS2_PLACEMENT_3D ( 'NONE', #166, #1147, #871 ) ;
#1239 = DIRECTION ( 'NONE',  ( 0.000000000000000000, 0.000000000000000000, 1.000000000000000000 ) ) ;
#1240 = ORIENTED_EDGE ( 'NONE', *, *, #713, .T. ) ;
#1241 = EDGE_CURVE ( 'NONE', #1283, #1311, #1122, .T. ) ;
#1242 = DIRECTION ( 'NONE',  ( 1.000000000000000000, -0.000000000000000000, -0.000000000000000000 ) ) ;
#1243 = CARTESIAN_POINT ( 'NONE',  ( -10.00000000000000000, 15.00000000000000000, 0.02500000000000069528 ) ) ;
#1244 = CARTESIAN_POINT ( 'NONE',  ( -18.30000000000000426, 16.90000000000000213, 4.500000000000000000 ) ) ;
#1245 = VERTEX_POINT ( 'NONE', #1814 ) ;
#1246 = VECTOR ( 'NONE', #109, 1000.000000000000000 ) ;
#1247 = DIRECTION ( 'NONE',  ( -1.000000000000000000, 0.000000000000000000, 0.000000000000000000 ) ) ;
#1248 = VERTEX_POINT ( 'NONE', #1354 ) ;
#1249 = VECTOR ( 'NONE', #686, 1000.000000000000000 ) ;
#1250 = EDGE_CURVE ( 'NONE', #1301, #72, #129, .T. ) ;
#1251 = CARTESIAN_POINT ( 'NONE',  ( -10.00000000000000000, 15.00000000000000000, 1.974999999999999867 ) ) ;
#1252 = DIRECTION ( 'NONE',  ( -1.000000000000000000, 0.000000000000000000, 0.000000000000000000 ) ) ;
#1253 = DIRECTION ( 'NONE',  ( 0.000000000000000000, 0.000000000000000000, -1.000000000000000000 ) ) ;
#1254 = EDGE_CURVE ( 'NONE', #367, #163, #1104, .T. ) ;
#1255 = ORIENTED_EDGE ( 'NONE', *, *, #967, .T. ) ;
#1256 = AXIS2_PLACEMENT_3D ( 'NONE', #721, #301, #1143 ) ;
#1257 = DIRECTION ( 'NONE',  ( 1.000000000000000000, 0.000000000000000000, 0.000000000000000000 ) ) ;
#1258 = ORIENTED_EDGE ( 'NONE', *, *, #847, .F. ) ;
#1259 = DIRECTION ( 'NONE',  ( -0.000000000000000000, -0.000000000000000000, 1.000000000000000000 ) ) ;
#1260 = DIRECTION ( 'NONE',  ( -0.000000000000000000, -0.000000000000000000, 1.000000000000000000 ) ) ;
#1261 = CARTESIAN_POINT ( 'NONE',  ( -17.90000000000000213, 28.25000000000000000, 4.000000000000000000 ) ) ;
#1262 = ORIENTED_EDGE ( 'NONE', *, *, #1229, .F. ) ;
#1263 = EDGE_CURVE ( 'NONE', #37, #1710, #1227, .T. ) ;
#1264 = CARTESIAN_POINT ( 'NONE',  ( -3.999999999999992450, 75.00000000000000000, 0.1249999999999998612 ) ) ;
#1265 = ORIENTED_EDGE ( 'NONE', *, *, #1374, .F. ) ;
#1266 = CIRCLE ( 'NONE', #854, 2.100000000000000977 ) ;
#1267 = DIRECTION ( 'NONE',  ( -0.000000000000000000, -0.000000000000000000, 1.000000000000000000 ) ) ;
#1268 = DIRECTION ( 'NONE',  ( -1.000000000000000000, 0.000000000000000000, 0.000000000000000000 ) ) ;
#1269 = DIRECTION ( 'NONE',  ( -0.000000000000000000, -0.000000000000000000, -1.000000000000000000 ) ) ;
#1270 = ORIENTED_EDGE ( 'NONE', *, *, #875, .T. ) ;
#1271 = DIRECTION ( 'NONE',  ( 0.000000000000000000, 0.000000000000000000, 1.000000000000000000 ) ) ;
#1272 = EDGE_CURVE ( 'NONE', #45, #1710, #1794, .T. ) ;
#1273 = VECTOR ( 'NONE', #8, 1000.000000000000000 ) ;
#1274 = AXIS2_PLACEMENT_3D ( 'NONE', #1160, #1439, #468 ) ;
#1275 = FACE_OUTER_BOUND ( 'NONE', #238, .T. ) ;
#1276 = ORIENTED_EDGE ( 'NONE', *, *, #847, .T. ) ;
#1277 = CARTESIAN_POINT ( 'NONE',  ( -20.00000000000000355, 28.25000000000000000, 4.500000000000000000 ) ) ;
#1278 = DIRECTION ( 'NONE',  ( -0.000000000000000000, -0.000000000000000000, 1.000000000000000000 ) ) ;
#1279 = CARTESIAN_POINT ( 'NONE',  ( -18.30000000000000426, 23.09999999999999787, 4.500000000000000000 ) ) ;
#1280 = ORIENTED_EDGE ( 'NONE', *, *, #1542, .T. ) ;
#1281 = LINE ( 'NONE', #1708, #532 ) ;
#1282 = DIRECTION ( 'NONE',  ( -1.000000000000000000, 0.000000000000000000, 0.000000000000000000 ) ) ;
#1283 = VERTEX_POINT ( 'NONE', #259 ) ;
#1284 = ADVANCED_FACE ( 'NONE', ( #391 ), #1531, .F. ) ;
#1285 = CARTESIAN_POINT ( 'NONE',  ( -18.00000000000000711, 33.50000000000000000, 2.500000000000000000 ) ) ;
#1286 = FACE_OUTER_BOUND ( 'NONE', #926, .T. ) ;
#1287 = DIRECTION ( 'NONE',  ( 0.000000000000000000, 1.000000000000000000, 0.000000000000000000 ) ) ;
#1288 = ORIENTED_EDGE ( 'NONE', *, *, #1607, .F. ) ;
#1289 = EDGE_CURVE ( 'NONE', #1771, #1441, #1777, .T. ) ;
#1290 = PLANE ( 'NONE',  #1579 ) ;
#1291 = DIRECTION ( 'NONE',  ( -1.000000000000000000, 0.000000000000000000, 0.000000000000000000 ) ) ;
#1292 = ORIENTED_EDGE ( 'NONE', *, *, #35, .T. ) ;
#1293 = LINE ( 'NONE', #576, #1273 ) ;
#1294 = ORIENTED_EDGE ( 'NONE', *, *, #866, .F. ) ;
#1295 = CARTESIAN_POINT ( 'NONE',  ( -70.00000000000000000, 150.0000000000000000, 4.500000000000000000 ) ) ;
#1296 = EDGE_CURVE ( 'NONE', #479, #44, #968, .T. ) ;
#1297 = STYLED_ITEM ( 'NONE', ( #1613 ), #1152 ) ;
#1298 = PLANE ( 'NONE',  #304 ) ;
#1299 = ADVANCED_FACE ( 'NONE', ( #250 ), #832, .T. ) ;
#1300 = VERTEX_POINT ( 'NONE', #1375 ) ;
#1301 = VERTEX_POINT ( 'NONE', #130 ) ;
#1302 = PLANE ( 'NONE',  #1134 ) ;
#1303 = DIRECTION ( 'NONE',  ( -1.000000000000000000, 0.000000000000000000, 0.000000000000000000 ) ) ;
#1304 = DIRECTION ( 'NONE',  ( -0.000000000000000000, -0.000000000000000000, -1.000000000000000000 ) ) ;
#1305 = VECTOR ( 'NONE', #562, 1000.000000000000000 ) ;
#1306 = DIRECTION ( 'NONE',  ( 0.000000000000000000, -1.000000000000000000, 0.000000000000000000 ) ) ;
#1307 = CIRCLE ( 'NONE', #1170, 1.500000000000001332 ) ;
#1308 = AXIS2_PLACEMENT_3D ( 'NONE', #1315, #632, #49 ) ;
#1309 = EDGE_CURVE ( 'NONE', #914, #499, #655, .T. ) ;
#1310 = ORIENTED_EDGE ( 'NONE', *, *, #880, .T. ) ;
#1311 = VERTEX_POINT ( 'NONE', #1804 ) ;
#1312 = DIRECTION ( 'NONE',  ( 0.000000000000000000, 0.000000000000000000, -1.000000000000000000 ) ) ;
#1313 = AXIS2_PLACEMENT_3D ( 'NONE', #1048, #1387, #682 ) ;
#1314 = LINE ( 'NONE', #620, #1196 ) ;
#1315 = CARTESIAN_POINT ( 'NONE',  ( -65.99999999999998579, 4.000000000000003553, 4.500000000000000000 ) ) ;
#1316 = VECTOR ( 'NONE', #855, 1000.000000000000000 ) ;
#1317 = AXIS2_PLACEMENT_3D ( 'NONE', #964, #1528, #522 ) ;
#1318 = CARTESIAN_POINT ( 'NONE',  ( -21.70000000000000284, 24.60000000000000142, -4.000000000000000888 ) ) ;
#1319 = CYLINDRICAL_SURFACE ( 'NONE', #378, 4.000000000000000000 ) ;
#1320 = EDGE_LOOP ( 'NONE', ( #896, #1584, #295, #1651 ) ) ;
#1321 = EDGE_CURVE ( 'NONE', #489, #1149, #726, .T. ) ;
#1322 = ORIENTED_EDGE ( 'NONE', *, *, #1492, .F. ) ;
#1323 = ORIENTED_EDGE ( 'NONE', *, *, #1215, .T. ) ;
#1324 = CARTESIAN_POINT ( 'NONE',  ( -64.34999999999999432, 4.000000000000003553, 3.000000000000000000 ) ) ;
#1325 = DIRECTION ( 'NONE',  ( 0.000000000000000000, 0.000000000000000000, 1.000000000000000000 ) ) ;
#1326 = CARTESIAN_POINT ( 'NONE',  ( -63.00000000000000000, 146.0000000000000000, 4.500000000000000000 ) ) ;
#1327 = AXIS2_PLACEMENT_3D ( 'NONE', #1085, #462, #793 ) ;
#1328 = VECTOR ( 'NONE', #1728, 1000.000000000000000 ) ;
#1329 = DIRECTION ( 'NONE',  ( 0.000000000000000000, 0.000000000000000000, 1.000000000000000000 ) ) ;
#1330 = CARTESIAN_POINT ( 'NONE',  ( -68.99999999999998579, 4.000000000000003553, 2.999999999999999556 ) ) ;
#1331 = PRESENTATION_LAYER_ASSIGNMENT (  '', '', ( #1297 ) ) ;
#1332 = EDGE_LOOP ( 'NONE', ( #1435, #647 ) ) ;
#1333 = ORIENTED_EDGE ( 'NONE', *, *, #269, .T. ) ;
#1334 = ORIENTED_EDGE ( 'NONE', *, *, #148, .F. ) ;
#1335 = CARTESIAN_POINT ( 'NONE',  ( -64.34999999999999432, 146.0000000000000000, 0.000000000000000000 ) ) ;
#1336 = DIRECTION ( 'NONE',  ( 1.000000000000000000, 0.000000000000000000, 0.000000000000000000 ) ) ;
#1337 = ADVANCED_FACE ( 'NONE', ( #32 ), #1421, .F. ) ;
#1338 = EDGE_CURVE ( 'NONE', #1018, #1599, #1162, .T. ) ;
#1339 = VECTOR ( 'NONE', #457, 1000.000000000000000 ) ;
#1340 = DIRECTION ( 'NONE',  ( 0.000000000000000000, -1.000000000000000000, 0.000000000000000000 ) ) ;
#1341 = CARTESIAN_POINT ( 'NONE',  ( -26.00000000000001066, 6.500000000000002665, 0.000000000000000000 ) ) ;
#1342 = ORIENTED_EDGE ( 'NONE', *, *, #1672, .T. ) ;
#1343 = VERTEX_POINT ( 'NONE', #1559 ) ;
#1344 = ORIENTED_EDGE ( 'NONE', *, *, #915, .F. ) ;
#1345 = DIRECTION ( 'NONE',  ( -1.000000000000000000, 0.000000000000000000, 0.000000000000000000 ) ) ;
#1346 = CARTESIAN_POINT ( 'NONE',  ( -18.30000000000000426, 23.09999999999999787, 0.000000000000000000 ) ) ;
#1347 = EDGE_CURVE ( 'NONE', #1245, #1540, #327, .T. ) ;
#1348 = LINE ( 'NONE', #1204, #1509 ) ;
#1349 = APPLICATION_CONTEXT ( 'automotive_design' ) ;
#1350 = DIRECTION ( 'NONE',  ( -0.000000000000000000, -0.000000000000000000, 1.000000000000000000 ) ) ;
#1351 = ORIENTED_EDGE ( 'NONE', *, *, #1769, .T. ) ;
#1352 = VERTEX_POINT ( 'NONE', #26 ) ;
#1353 = ORIENTED_EDGE ( 'NONE', *, *, #558, .F. ) ;
#1354 = CARTESIAN_POINT ( 'NONE',  ( -17.90000000000000213, 11.75000000000000000, 4.500000000000000000 ) ) ;
#1355 = CYLINDRICAL_SURFACE ( 'NONE', #1663, 1.949999999999999512 ) ;
#1356 = DIRECTION ( 'NONE',  ( 0.000000000000000000, 0.000000000000000000, -1.000000000000000000 ) ) ;
#1357 = CIRCLE ( 'NONE', #947, 1.949999999999999512 ) ;
#1358 = ADVANCED_FACE ( 'NONE', ( #299 ), #1709, .F. ) ;
#1359 = DIRECTION ( 'NONE',  ( 1.000000000000000000, 0.000000000000000000, 0.000000000000000000 ) ) ;
#1360 = DIRECTION ( 'NONE',  ( 0.000000000000000000, 0.000000000000000000, -1.000000000000000000 ) ) ;
#1361 = EDGE_LOOP ( 'NONE', ( #1165, #851, #91, #697 ) ) ;
#1362 = EDGE_CURVE ( 'NONE', #878, #599, #243, .T. ) ;
#1363 = ORIENTED_EDGE ( 'NONE', *, *, #1151, .F. ) ;
#1364 = EDGE_LOOP ( 'NONE', ( #668, #646, #678, #1577 ) ) ;
#1365 = DIRECTION ( 'NONE',  ( 1.000000000000000000, 0.000000000000000000, 0.000000000000000000 ) ) ;
#1366 = ORIENTED_EDGE ( 'NONE', *, *, #19, .F. ) ;
#1367 = CARTESIAN_POINT ( 'NONE',  ( 0.000000000000000000, 0.000000000000000000, 0.000000000000000000 ) ) ;
#1368 = CARTESIAN_POINT ( 'NONE',  ( -18.30000000000000426, 23.09999999999999787, 2.499999999999999556 ) ) ;
#1369 = LINE ( 'NONE', #972, #533 ) ;
#1370 = DIRECTION ( 'NONE',  ( -0.000000000000000000, -0.000000000000000000, 1.000000000000000000 ) ) ;
#1371 = ORIENTED_EDGE ( 'NONE', *, *, #1383, .F. ) ;
#1372 = AXIS2_PLACEMENT_3D ( 'NONE', #450, #1011, #310 ) ;
#1373 = ORIENTED_EDGE ( 'NONE', *, *, #1173, .T. ) ;
#1374 = EDGE_CURVE ( 'NONE', #1625, #1407, #1293, .T. ) ;
#1375 = CARTESIAN_POINT ( 'NONE',  ( -14.00000000000000888, 10.50000000000000178, 0.000000000000000000 ) ) ;
#1376 = EDGE_LOOP ( 'NONE', ( #1666, #514, #105, #897 ) ) ;
#1377 = VECTOR ( 'NONE', #1057, 1000.000000000000000 ) ;
#1378 = CARTESIAN_POINT ( 'NONE',  ( -4.000000000000003553, 0.000000000000000000, -4.000000000000000000 ) ) ;
#1379 = CARTESIAN_POINT ( 'NONE',  ( -20.20000000000000284, 23.09999999999999787, 4.500000000000000000 ) ) ;
#1380 = CARTESIAN_POINT ( 'NONE',  ( 0.000000000000000000, 15.00000000000000000, 1.974999999999999867 ) ) ;
#1381 = DIRECTION ( 'NONE',  ( 1.000000000000000000, 0.000000000000000000, 0.000000000000000000 ) ) ;
#1382 = ORIENTED_EDGE ( 'NONE', *, *, #35, .F. ) ;
#1383 = EDGE_CURVE ( 'NONE', #499, #1023, #448, .T. ) ;
#1384 = DIRECTION ( 'NONE',  ( -1.000000000000000000, 0.000000000000000000, 0.000000000000000000 ) ) ;
#1385 = ORIENTED_EDGE ( 'NONE', *, *, #742, .T. ) ;
#1386 = DIRECTION ( 'NONE',  ( 1.000000000000000000, -1.445602896647339410E-16, 0.000000000000000000 ) ) ;
#1387 = DIRECTION ( 'NONE',  ( 0.000000000000000000, 0.000000000000000000, 1.000000000000000000 ) ) ;
#1388 = CARTESIAN_POINT ( 'NONE',  ( -21.70000000000000284, 23.09999999999999787, 4.500000000000000000 ) ) ;
#1389 = CARTESIAN_POINT ( 'NONE',  ( -20.20000000000000284, 15.40000000000000036, 4.500000000000000000 ) ) ;
#1390 = CARTESIAN_POINT ( 'NONE',  ( -10.00000000000000000, 136.9369757355217416, 0.000000000000000000 ) ) ;
#1391 = DIRECTION ( 'NONE',  ( 0.000000000000000000, 0.000000000000000000, -1.000000000000000000 ) ) ;
#1392 = ORIENTED_EDGE ( 'NONE', *, *, #1731, .F. ) ;
#1393 = DIRECTION ( 'NONE',  ( -0.000000000000000000, -0.000000000000000000, 1.000000000000000000 ) ) ;
#1394 = EDGE_CURVE ( 'NONE', #526, #1105, #850, .T. ) ;
#1395 = CARTESIAN_POINT ( 'NONE',  ( -19.80000000000000426, 15.40000000000000036, 0.000000000000000000 ) ) ;
#1396 = DIRECTION ( 'NONE',  ( -0.000000000000000000, -0.000000000000000000, 1.000000000000000000 ) ) ;
#1397 = CARTESIAN_POINT ( 'NONE',  ( -21.70000000000000284, 15.40000000000000036, 4.500000000000000000 ) ) ;
#1398 = ORIENTED_EDGE ( 'NONE', *, *, #789, .F. ) ;
#1399 = AXIS2_PLACEMENT_3D ( 'NONE', #992, #272, #1543 ) ;
#1400 = CARTESIAN_POINT ( 'NONE',  ( -20.00000000000000355, 28.25000000000000000, 2.499999999999999556 ) ) ;
#1401 = ORIENTED_EDGE ( 'NONE', *, *, #334, .F. ) ;
#1402 = CARTESIAN_POINT ( 'NONE',  ( -26.00000000000000711, 33.50000000000000000, 2.500000000000000000 ) ) ;
#1403 = FACE_OUTER_BOUND ( 'NONE', #1332, .T. ) ;
#1404 = DIRECTION ( 'NONE',  ( 1.000000000000000000, 0.000000000000000000, 0.000000000000000000 ) ) ;
#1405 = ADVANCED_FACE ( 'NONE', ( #1275 ), #1576, .F. ) ;
#1406 = LINE ( 'NONE', #555, #1525 ) ;
#1407 = VERTEX_POINT ( 'NONE', #733 ) ;
#1408 = VECTOR ( 'NONE', #1797, 1000.000000000000000 ) ;
#1409 = DIRECTION ( 'NONE',  ( 0.000000000000000000, 0.000000000000000000, -1.000000000000000000 ) ) ;
#1410 = ORIENTED_EDGE ( 'NONE', *, *, #1496, .F. ) ;
#1411 = AXIS2_PLACEMENT_3D ( 'NONE', #433, #22, #1425 ) ;
#1412 = AXIS2_PLACEMENT_3D ( 'NONE', #932, #1396, #236 ) ;
#1413 = DIRECTION ( 'NONE',  ( 1.000000000000000000, 0.000000000000000000, 0.000000000000000000 ) ) ;
#1414 = CARTESIAN_POINT ( 'NONE',  ( -10.00000000000000000, 15.00000000000000000, 0.02500000000000069528 ) ) ;
#1415 = DIRECTION ( 'NONE',  ( -0.000000000000000000, -0.000000000000000000, 1.000000000000000000 ) ) ;
#1416 = ORIENTED_EDGE ( 'NONE', *, *, #1555, .F. ) ;
#1417 = DIRECTION ( 'NONE',  ( -0.000000000000000000, -0.000000000000000000, -1.000000000000000000 ) ) ;
#1418 = ADVANCED_FACE ( 'NONE', ( #1701 ), #1548, .F. ) ;
#1419 = CIRCLE ( 'NONE', #1185, 1.949999999999999512 ) ;
#1420 = CIRCLE ( 'NONE', #1102, 2.100000000000000977 ) ;
#1421 = CYLINDRICAL_SURFACE ( 'NONE', #804, 1.100000000000000311 ) ;
#1422 = ORIENTED_EDGE ( 'NONE', *, *, #1094, .F. ) ;
#1423 = VECTOR ( 'NONE', #1493, 1000.000000000000000 ) ;
#1424 = LINE ( 'NONE', #1535, #224 ) ;
#1425 = DIRECTION ( 'NONE',  ( 0.000000000000000000, 1.000000000000000000, 0.000000000000000000 ) ) ;
#1426 = FACE_OUTER_BOUND ( 'NONE', #635, .T. ) ;
#1427 = CARTESIAN_POINT ( 'NONE',  ( -20.00000000000000355, 28.25000000000000000, -4.000000000000000888 ) ) ;
#1428 = ADVANCED_FACE ( 'NONE', ( #873 ), #439, .F. ) ;
#1429 = ORIENTED_EDGE ( 'NONE', *, *, #1694, .F. ) ;
#1430 = CIRCLE ( 'NONE', #1256, 1.650000000000012568 ) ;
#1431 = CARTESIAN_POINT ( 'NONE',  ( -66.00000000000000000, 146.0000000000000000, -4.000000000000000888 ) ) ;
#1432 = DIRECTION ( 'NONE',  ( 1.000000000000000000, 0.000000000000000000, 0.000000000000000000 ) ) ;
#1433 = ORIENTED_EDGE ( 'NONE', *, *, #1447, .F. ) ;
#1434 = DIRECTION ( 'NONE',  ( 1.000000000000000000, 0.000000000000000000, 0.000000000000000000 ) ) ;
#1435 = ORIENTED_EDGE ( 'NONE', *, *, #1731, .T. ) ;
#1436 = EDGE_CURVE ( 'NONE', #593, #214, #999, .T. ) ;
#1437 = CARTESIAN_POINT ( 'NONE',  ( -22.00000000000000711, 33.50000000000000000, 2.500000000000000000 ) ) ;
#1438 = EDGE_CURVE ( 'NONE', #1625, #1722, #157, .T. ) ;
#1439 = DIRECTION ( 'NONE',  ( 1.000000000000000000, 0.000000000000000000, 0.000000000000000000 ) ) ;
#1440 = ORIENTED_EDGE ( 'NONE', *, *, #1617, .F. ) ;
#1441 = VERTEX_POINT ( 'NONE', #277 ) ;
#1442 = AXIS2_PLACEMENT_3D ( 'NONE', #427, #987, #1595 ) ;
#1443 = AXIS2_PLACEMENT_3D ( 'NONE', #314, #419, #1569 ) ;
#1444 = CARTESIAN_POINT ( 'NONE',  ( 0.000000000000000000, 0.000000000000000000, 4.500000000000000000 ) ) ;
#1445 = CARTESIAN_POINT ( 'NONE',  ( -19.80000000000000426, 16.90000000000000213, 4.500000000000000000 ) ) ;
#1446 = ORIENTED_EDGE ( 'NONE', *, *, #161, .T. ) ;
#1447 = EDGE_CURVE ( 'NONE', #256, #1283, #1741, .T. ) ;
#1448 = AXIS2_PLACEMENT_3D ( 'NONE', #610, #756, #1174 ) ;
#1449 = CARTESIAN_POINT ( 'NONE',  ( -3.999999999999983569, 136.9369757355217416, 0.000000000000000000 ) ) ;
#1450 = EDGE_LOOP ( 'NONE', ( #607, #1111, #969, #556 ) ) ;
#1451 = ORIENTED_EDGE ( 'NONE', *, *, #1712, .T. ) ;
#1452 = FILL_AREA_STYLE ('',( #889 ) ) ;
#1453 = CARTESIAN_POINT ( 'NONE',  ( -10.00000000000000000, 13.05016026299595566, 0.000000000000000000 ) ) ;
#1454 = LINE ( 'NONE', #1184, #1460 ) ;
#1455 = AXIS2_PLACEMENT_3D ( 'NONE', #143, #1267, #1563 ) ;
#1456 = EDGE_CURVE ( 'NONE', #1802, #1301, #1154, .T. ) ;
#1457 = CARTESIAN_POINT ( 'NONE',  ( -64.34999999999999432, 4.000000000000003553, 0.000000000000000000 ) ) ;
#1458 = VECTOR ( 'NONE', #961, 1000.000000000000000 ) ;
#1459 = DIRECTION ( 'NONE',  ( 0.000000000000000000, 0.000000000000000000, -1.000000000000000000 ) ) ;
#1460 = VECTOR ( 'NONE', #1054, 1000.000000000000000 ) ;
#1461 = ORIENTED_EDGE ( 'NONE', *, *, #114, .T. ) ;
#1462 = EDGE_LOOP ( 'NONE', ( #1382, #872 ) ) ;
#1463 = ORIENTED_EDGE ( 'NONE', *, *, #1819, .F. ) ;
#1464 = FACE_BOUND ( 'NONE', #515, .T. ) ;
#1465 = AXIS2_PLACEMENT_3D ( 'NONE', #1817, #1221, #545 ) ;
#1466 = CARTESIAN_POINT ( 'NONE',  ( -20.00000000000000355, 11.75000000000000000, 2.499999999999999556 ) ) ;
#1467 = DIRECTION ( 'NONE',  ( -1.000000000000000000, 0.000000000000000000, 0.000000000000000000 ) ) ;
#1468 = LINE ( 'NONE', #622, #63 ) ;
#1469 = CARTESIAN_POINT ( 'NONE',  ( -10.00000000000000000, 136.9369757355217416, 0.000000000000000000 ) ) ;
#1470 = DIRECTION ( 'NONE',  ( 0.000000000000000000, -0.000000000000000000, -1.000000000000000000 ) ) ;
#1471 = ORIENTED_EDGE ( 'NONE', *, *, #801, .T. ) ;
#1472 = ORIENTED_EDGE ( 'NONE', *, *, #801, .F. ) ;
#1473 = EDGE_CURVE ( 'NONE', #324, #430, #1419, .T. ) ;
#1474 = ORIENTED_EDGE ( 'NONE', *, *, #727, .F. ) ;
#1475 = CARTESIAN_POINT ( 'NONE',  ( -21.70000000000000284, 16.90000000000000213, 4.500000000000000000 ) ) ;
#1476 = AXIS2_PLACEMENT_3D ( 'NONE', #1690, #988, #601 ) ;
#1477 = DIRECTION ( 'NONE',  ( 1.000000000000000000, 0.000000000000000000, 0.000000000000000000 ) ) ;
#1478 = DIRECTION ( 'NONE',  ( 1.000000000000000000, 0.000000000000000000, 0.000000000000000000 ) ) ;
#1479 = VECTOR ( 'NONE', #1384, 1000.000000000000000 ) ;
#1480 = ORIENTED_EDGE ( 'NONE', *, *, #957, .F. ) ;
#1481 = VERTEX_POINT ( 'NONE', #1498 ) ;
#1482 = ORIENTED_EDGE ( 'NONE', *, *, #1607, .T. ) ;
#1483 = EDGE_CURVE ( 'NONE', #498, #44, #1714, .T. ) ;
#1484 = CARTESIAN_POINT ( 'NONE',  ( -18.90000000000000213, 11.75000000000000000, -4.000000000000000888 ) ) ;
#1485 = AXIS2_PLACEMENT_3D ( 'NONE', #1466, #630, #206 ) ;
#1486 = CARTESIAN_POINT ( 'NONE',  ( -67.65000000000001990, 146.0000000000000000, 3.000000000000000000 ) ) ;
#1487 = DIRECTION ( 'NONE',  ( 0.000000000000000000, 0.000000000000000000, -1.000000000000000000 ) ) ;
#1488 = ORIENTED_EDGE ( 'NONE', *, *, #1720, .F. ) ;
#1489 = ORIENTED_EDGE ( 'NONE', *, *, #472, .F. ) ;
#1490 = ORIENTED_EDGE ( 'NONE', *, *, #749, .F. ) ;
#1491 = CARTESIAN_POINT ( 'NONE',  ( -10.00000000000000000, 15.00000000000000000, -1.924999999999998268 ) ) ;
#1492 = EDGE_CURVE ( 'NONE', #1503, #392, #1357, .T. ) ;
#1493 = DIRECTION ( 'NONE',  ( 1.000000000000000000, -0.000000000000000000, -0.000000000000000000 ) ) ;
#1494 = AXIS2_PLACEMENT_3D ( 'NONE', #273, #1798, #829 ) ;
#1495 = CIRCLE ( 'NONE', #1235, 1.949999999999999512 ) ;
#1496 = EDGE_CURVE ( 'NONE', #1200, #1522, #1766, .T. ) ;
#1497 = DIRECTION ( 'NONE',  ( 1.000000000000000000, -0.000000000000000000, -0.000000000000000000 ) ) ;
#1498 = CARTESIAN_POINT ( 'NONE',  ( 0.000000000000000000, 150.0000000000000000, 4.500000000000000000 ) ) ;
#1499 = AXIS2_PLACEMENT_3D ( 'NONE', #1719, #1022, #172 ) ;
#1500 = AXIS2_PLACEMENT_3D ( 'NONE', #1787, #1260, #1252 ) ;
#1501 = ORIENTED_EDGE ( 'NONE', *, *, #1205, .F. ) ;
#1502 = VERTEX_POINT ( 'NONE', #237 ) ;
#1503 = VERTEX_POINT ( 'NONE', #1469 ) ;
#1504 = LINE ( 'NONE', #797, #1479 ) ;
#1505 = EDGE_LOOP ( 'NONE', ( #767, #202, #1422 ) ) ;
#1506 = CARTESIAN_POINT ( 'NONE',  ( -20.00000000000000355, 11.75000000000000000, 4.000000000000000000 ) ) ;
#1507 = CARTESIAN_POINT ( 'NONE',  ( -19.80000000000000426, 24.60000000000000142, 4.500000000000000000 ) ) ;
#1508 = AXIS2_PLACEMENT_3D ( 'NONE', #287, #1409, #1008 ) ;
#1509 = VECTOR ( 'NONE', #1615, 1000.000000000000000 ) ;
#1510 = LINE ( 'NONE', #245, #298 ) ;
#1511 = EDGE_CURVE ( 'NONE', #1208, #694, #1567, .T. ) ;
#1512 = CARTESIAN_POINT ( 'NONE',  ( -70.00000000000000000, 150.0000000000000000, 0.000000000000000000 ) ) ;
#1513 = VERTEX_POINT ( 'NONE', #651 ) ;
#1514 = VERTEX_POINT ( 'NONE', #209 ) ;
#1515 = DIRECTION ( 'NONE',  ( 1.000000000000000000, 0.000000000000000000, 0.000000000000000000 ) ) ;
#1516 = ORIENTED_EDGE ( 'NONE', *, *, #1693, .T. ) ;
#1517 = APPLICATION_PROTOCOL_DEFINITION ( 'draft international standard', 'automotive_design', 1998, #1349 ) ;
#1518 = CARTESIAN_POINT ( 'NONE',  ( -4.000000000000003553, 0.000000000000000000, 0.000000000000000000 ) ) ;
#1519 = DIRECTION ( 'NONE',  ( 1.000000000000000000, 0.000000000000000000, 0.000000000000000000 ) ) ;
#1520 = CARTESIAN_POINT ( 'NONE',  ( -66.00000000000000000, 146.0000000000000000, 2.999999999999999556 ) ) ;
#1521 = ADVANCED_FACE ( 'NONE', ( #1776 ), #1206, .F. ) ;
#1522 = VERTEX_POINT ( 'NONE', #1073 ) ;
#1523 = DIRECTION ( 'NONE',  ( 0.000000000000000000, 0.000000000000000000, 1.000000000000000000 ) ) ;
#1524 = ORIENTED_EDGE ( 'NONE', *, *, #717, .F. ) ;
#1525 = VECTOR ( 'NONE', #1269, 1000.000000000000000 ) ;
#1526 = CARTESIAN_POINT ( 'NONE',  ( -3.999999999999981792, 150.0000000000000000, -4.000000000000000000 ) ) ;
#1527 = LINE ( 'NONE', #553, #467 ) ;
#1528 = DIRECTION ( 'NONE',  ( -0.000000000000000000, -0.000000000000000000, 1.000000000000000000 ) ) ;
#1529 = CARTESIAN_POINT ( 'NONE',  ( -70.00000000000000000, 0.000000000000000000, 4.500000000000000000 ) ) ;
#1530 = ORIENTED_EDGE ( 'NONE', *, *, #306, .T. ) ;
#1531 = CYLINDRICAL_SURFACE ( 'NONE', #984, 1.100000000000000311 ) ;
#1532 = EDGE_CURVE ( 'NONE', #1761, #1513, #1648, .T. ) ;
#1533 = EDGE_LOOP ( 'NONE', ( #1049, #1652 ) ) ;
#1534 = DIRECTION ( 'NONE',  ( 1.445602896647339410E-16, 1.000000000000000000, 0.000000000000000000 ) ) ;
#1535 = CARTESIAN_POINT ( 'NONE',  ( -21.70000000000000284, 24.60000000000000142, 4.500000000000000000 ) ) ;
#1536 = FACE_OUTER_BOUND ( 'NONE', #1217, .T. ) ;
#1537 = CARTESIAN_POINT ( 'NONE',  ( 0.000000000000000000, 75.00000000000000000, 0.1249999999999998612 ) ) ;
#1538 = EDGE_LOOP ( 'NONE', ( #1334, #505, #803, #795 ) ) ;
#1539 = CARTESIAN_POINT ( 'NONE',  ( -20.00000000000000355, 11.75000000000000000, 4.000000000000000000 ) ) ;
#1540 = VERTEX_POINT ( 'NONE', #524 ) ;
#1541 = VECTOR ( 'NONE', #1247, 1000.000000000000000 ) ;
#1542 = EDGE_CURVE ( 'NONE', #1722, #1248, #1223, .T. ) ;
#1543 = DIRECTION ( 'NONE',  ( 1.000000000000000000, 0.000000000000000000, 0.000000000000000000 ) ) ;
#1544 = CARTESIAN_POINT ( 'NONE',  ( -4.000000000000001776, 16.94983973700404078, 0.000000000000000000 ) ) ;
#1545 = FACE_OUTER_BOUND ( 'NONE', #421, .T. ) ;
#1546 = EDGE_LOOP ( 'NONE', ( #841, #1392, #469, #119 ) ) ;
#1547 = VECTOR ( 'NONE', #709, 1000.000000000000000 ) ;
#1548 = CYLINDRICAL_SURFACE ( 'NONE', #1508, 1.500000000000001332 ) ;
#1549 = EDGE_LOOP ( 'NONE', ( #1590, #670, #376, #1179 ) ) ;
#1550 = VECTOR ( 'NONE', #634, 1000.000000000000000 ) ;
#1551 = AXIS2_PLACEMENT_3D ( 'NONE', #1737, #1754, #901 ) ;
#1552 = FACE_OUTER_BOUND ( 'NONE', #1780, .T. ) ;
#1553 = CARTESIAN_POINT ( 'NONE',  ( -18.30000000000000426, 24.60000000000000142, 2.499999999999999556 ) ) ;
#1554 = DIRECTION ( 'NONE',  ( 0.000000000000000000, 0.000000000000000000, -1.000000000000000000 ) ) ;
#1555 = EDGE_CURVE ( 'NONE', #512, #401, #913, .T. ) ;
#1556 = ORIENTED_EDGE ( 'NONE', *, *, #920, .T. ) ;
#1557 = CARTESIAN_POINT ( 'NONE',  ( -65.99999999999998579, 4.000000000000003553, 2.999999999999999556 ) ) ;
#1558 = VECTOR ( 'NONE', #253, 1000.000000000000000 ) ;
#1559 = CARTESIAN_POINT ( 'NONE',  ( -17.90000000000000213, 28.25000000000000000, 4.500000000000000000 ) ) ;
#1560 = ORIENTED_EDGE ( 'NONE', *, *, #598, .F. ) ;
#1561 = AXIS2_PLACEMENT_3D ( 'NONE', #36, #437, #1581 ) ;
#1562 = CIRCLE ( 'NONE', #1735, 1.100000000000000311 ) ;
#1563 = DIRECTION ( 'NONE',  ( -1.000000000000000000, 0.000000000000000000, 0.000000000000000000 ) ) ;
#1564 = LINE ( 'NONE', #1553, #1316 ) ;
#1565 = EDGE_CURVE ( 'NONE', #1795, #1105, #502, .T. ) ;
#1566 = FACE_OUTER_BOUND ( 'NONE', #1092, .T. ) ;
#1567 = CIRCLE ( 'NONE', #1658, 1.949999999999999067 ) ;
#1568 = AXIS2_PLACEMENT_3D ( 'NONE', #208, #792, #1747 ) ;
#1569 = DIRECTION ( 'NONE',  ( -1.000000000000000000, 0.000000000000000000, 0.000000000000000000 ) ) ;
#1570 = EDGE_LOOP ( 'NONE', ( #898, #504, #1120, #637, #1739, #463, #1236, #1333 ) ) ;
#1571 = AXIS2_PLACEMENT_3D ( 'NONE', #1210, #1772, #507 ) ;
#1572 = FACE_BOUND ( 'NONE', #440, .T. ) ;
#1573 = CARTESIAN_POINT ( 'NONE',  ( -20.00000000000000355, 11.75000000000000000, 4.000000000000000000 ) ) ;
#1574 = EDGE_CURVE ( 'NONE', #392, #430, #1623, .T. ) ;
#1575 = EDGE_LOOP ( 'NONE', ( #1123, #1076, #1065, #1779, #1620, #338 ) ) ;
#1576 = PLANE ( 'NONE',  #1476 ) ;
#1577 = ORIENTED_EDGE ( 'NONE', *, *, #1321, .F. ) ;
#1578 = EDGE_CURVE ( 'NONE', #1716, #1103, #1616, .T. ) ;
#1579 = AXIS2_PLACEMENT_3D ( 'NONE', #1116, #1002, #983 ) ;
#1580 = CARTESIAN_POINT ( 'NONE',  ( -65.99999999999998579, 4.000000000000003553, 4.500000000000000000 ) ) ;
#1581 = DIRECTION ( 'NONE',  ( 0.000000000000000000, 0.000000000000000000, -1.000000000000000000 ) ) ;
#1582 = ORIENTED_EDGE ( 'NONE', *, *, #1447, .T. ) ;
#1583 = DIRECTION ( 'NONE',  ( -1.000000000000000000, 0.000000000000000000, 0.000000000000000000 ) ) ;
#1584 = ORIENTED_EDGE ( 'NONE', *, *, #1263, .F. ) ;
#1585 = ADVANCED_FACE ( 'NONE', ( #1635 ), #364, .F. ) ;
#1586 = CARTESIAN_POINT ( 'NONE',  ( -21.10000000000000497, 28.25000000000000000, -4.000000000000000888 ) ) ;
#1587 = ORIENTED_EDGE ( 'NONE', *, *, #75, .T. ) ;
#1588 = CARTESIAN_POINT ( 'NONE',  ( -64.34999999999999432, 146.0000000000000000, -4.000000000000000888 ) ) ;
#1589 = VERTEX_POINT ( 'NONE', #88 ) ;
#1590 = ORIENTED_EDGE ( 'NONE', *, *, #451, .F. ) ;
#1591 = AXIS2_PLACEMENT_3D ( 'NONE', #808, #817, #1391 ) ;
#1592 = DIRECTION ( 'NONE',  ( 0.000000000000000000, 1.000000000000000000, -0.000000000000000000 ) ) ;
#1593 = EDGE_CURVE ( 'NONE', #879, #882, #374, .T. ) ;
#1594 = CARTESIAN_POINT ( 'NONE',  ( -26.00000000000001066, 10.50000000000000178, 2.500000000000000000 ) ) ;
#1595 = DIRECTION ( 'NONE',  ( 1.000000000000000000, 0.000000000000000000, 0.000000000000000000 ) ) ;
#1596 = AXIS2_PLACEMENT_3D ( 'NONE', #930, #233, #798 ) ;
#1597 = CARTESIAN_POINT ( 'NONE',  ( 0.000000000000000000, 0.000000000000000000, 0.000000000000000000 ) ) ;
#1598 = DIRECTION ( 'NONE',  ( -0.000000000000000000, -0.000000000000000000, 1.000000000000000000 ) ) ;
#1599 = VERTEX_POINT ( 'NONE', #1512 ) ;
#1600 = VERTEX_POINT ( 'NONE', #496 ) ;
#1601 = ORIENTED_EDGE ( 'NONE', *, *, #198, .F. ) ;
#1602 = DIRECTION ( 'NONE',  ( -1.284980352575412699E-16, -1.000000000000000000, -0.000000000000000000 ) ) ;
#1603 = DIRECTION ( 'NONE',  ( 1.000000000000000000, 0.000000000000000000, 0.000000000000000000 ) ) ;
#1604 = FACE_OUTER_BOUND ( 'NONE', #1320, .T. ) ;
#1605 = DIRECTION ( 'NONE',  ( -0.000000000000000000, -0.000000000000000000, 1.000000000000000000 ) ) ;
#1606 = EDGE_CURVE ( 'NONE', #833, #1163, #1156, .T. ) ;
#1607 = EDGE_CURVE ( 'NONE', #1105, #1599, #783, .T. ) ;
#1608 = AXIS2_PLACEMENT_3D ( 'NONE', #1098, #1253, #1820 ) ;
#1609 = DIRECTION ( 'NONE',  ( 0.000000000000000000, 0.000000000000000000, -1.000000000000000000 ) ) ;
#1610 = ORIENTED_EDGE ( 'NONE', *, *, #915, .T. ) ;
#1611 = ORIENTED_EDGE ( 'NONE', *, *, #789, .T. ) ;
#1612 = ORIENTED_EDGE ( 'NONE', *, *, #713, .F. ) ;
#1613 = PRESENTATION_STYLE_ASSIGNMENT (( #899 ) ) ;
#1614 = DIRECTION ( 'NONE',  ( -0.000000000000000000, -0.000000000000000000, 1.000000000000000000 ) ) ;
#1615 = DIRECTION ( 'NONE',  ( 1.445602896647339410E-16, 1.000000000000000000, 0.000000000000000000 ) ) ;
#1616 = LINE ( 'NONE', #1341, #125 ) ;
#1617 = EDGE_CURVE ( 'NONE', #1208, #960, #1198, .T. ) ;
#1618 = ORIENTED_EDGE ( 'NONE', *, *, #411, .T. ) ;
#1619 = ORIENTED_EDGE ( 'NONE', *, *, #1436, .F. ) ;
#1620 = ORIENTED_EDGE ( 'NONE', *, *, #315, .F. ) ;
#1621 = DIRECTION ( 'NONE',  ( 0.000000000000000000, 0.000000000000000000, -1.000000000000000000 ) ) ;
#1622 = DIRECTION ( 'NONE',  ( 1.000000000000000000, -0.000000000000000000, -0.000000000000000000 ) ) ;
#1623 = LINE ( 'NONE', #813, #1246 ) ;
#1624 = MECHANICAL_DESIGN_GEOMETRIC_PRESENTATION_REPRESENTATION (  '', ( #1297 ), #575 ) ;
#1625 = VERTEX_POINT ( 'NONE', #912 ) ;
#1626 = EDGE_CURVE ( 'NONE', #1812, #512, #417, .T. ) ;
#1627 = ORIENTED_EDGE ( 'NONE', *, *, #1768, .F. ) ;
#1628 = ORIENTED_EDGE ( 'NONE', *, *, #306, .F. ) ;
#1629 = DIRECTION ( 'NONE',  ( -1.000000000000000000, 0.000000000000000000, -0.000000000000000000 ) ) ;
#1630 = EDGE_CURVE ( 'NONE', #1101, #1654, #973, .T. ) ;
#1631 = EDGE_CURVE ( 'NONE', #1729, #879, #1307, .T. ) ;
#1632 = FACE_OUTER_BOUND ( 'NONE', #359, .T. ) ;
#1633 = CIRCLE ( 'NONE', #1725, 1.649999999999998579 ) ;
#1634 = DIRECTION ( 'NONE',  ( -1.000000000000000000, 0.000000000000000000, -0.000000000000000000 ) ) ;
#1635 = FACE_OUTER_BOUND ( 'NONE', #1575, .T. ) ;
#1636 = EDGE_LOOP ( 'NONE', ( #506, #1474, #1294, #1627 ) ) ;
#1638 = EDGE_LOOP ( 'NONE', ( #142, #180, #1619, #918, #27, #71 ) ) ;
#1637 = VECTOR ( 'NONE', #1136, 1000.000000000000000 ) ;
#1639 = EDGE_LOOP ( 'NONE', ( #1587, #1582, #210, #222, #765, #337, #753, #946, #1351, #537, #412, #1353, #1255 ) ) ;
#1640 = DIRECTION ( 'NONE',  ( -0.000000000000000000, 0.000000000000000000, -1.000000000000000000 ) ) ;
#1641 = ORIENTED_EDGE ( 'NONE', *, *, #1755, .F. ) ;
#1642 = CARTESIAN_POINT ( 'NONE',  ( -63.00000000000000000, 146.0000000000000000, 2.999999999999999556 ) ) ;
#1643 = EDGE_CURVE ( 'NONE', #480, #1343, #830, .T. ) ;
#1644 = APPLICATION_PROTOCOL_DEFINITION ( 'draft international standard', 'automotive_design', 1998, #1097 ) ;
#1645 = CIRCLE ( 'NONE', #1001, 1.500000000000001332 ) ;
#1646 = CARTESIAN_POINT ( 'NONE',  ( -10.00000000000000000, 135.0000000000000000, 0.2250000000000003664 ) ) ;
#1647 = CARTESIAN_POINT ( 'NONE',  ( -10.00000000000000000, 15.00000000000000000, 0.02500000000000069528 ) ) ;
#1648 = LINE ( 'NONE', #1330, #884 ) ;
#1649 = AXIS2_PLACEMENT_3D ( 'NONE', #155, #1278, #1404 ) ;
#1650 = CIRCLE ( 'NONE', #1500, 4.000000000000000000 ) ;
#1651 = ORIENTED_EDGE ( 'NONE', *, *, #1254, .F. ) ;
#1652 = ORIENTED_EDGE ( 'NONE', *, *, #931, .F. ) ;
#1653 = PLANE ( 'NONE',  #777 ) ;
#1654 = VERTEX_POINT ( 'NONE', #1669 ) ;
#1655 = DIRECTION ( 'NONE',  ( 1.000000000000000000, 0.000000000000000000, 0.000000000000000000 ) ) ;
#1656 = EDGE_CURVE ( 'NONE', #1812, #1729, #1118, .T. ) ;
#1657 = DIRECTION ( 'NONE',  ( 0.000000000000000000, 0.000000000000000000, -1.000000000000000000 ) ) ;
#1658 = AXIS2_PLACEMENT_3D ( 'NONE', #1788, #802, #1360 ) ;
#1659 = AXIS2_PLACEMENT_3D ( 'NONE', #1557, #1271, #296 ) ;
#1660 = DIRECTION ( 'NONE',  ( -0.000000000000000000, -0.000000000000000000, -1.000000000000000000 ) ) ;
#1661 = CARTESIAN_POINT ( 'NONE',  ( -20.20000000000000284, 15.40000000000000036, 4.500000000000000000 ) ) ;
#1662 = ORIENTED_EDGE ( 'NONE', *, *, #1631, .T. ) ;
#1663 = AXIS2_PLACEMENT_3D ( 'NONE', #500, #1062, #1621 ) ;
#1664 = ORIENTED_EDGE ( 'NONE', *, *, #1532, .F. ) ;
#1665 = CARTESIAN_POINT ( 'NONE',  ( -4.000000000000001776, 15.00000000000000000, 0.02500000000000069528 ) ) ;
#1666 = ORIENTED_EDGE ( 'NONE', *, *, #1438, .F. ) ;
#1667 = DIRECTION ( 'NONE',  ( 1.000000000000000000, 0.000000000000000000, 0.000000000000000000 ) ) ;
#1668 = CARTESIAN_POINT ( 'NONE',  ( -20.00000000000000355, 28.25000000000000000, 4.000000000000000000 ) ) ;
#1669 = CARTESIAN_POINT ( 'NONE',  ( -14.00000000000000533, 29.50000000000000355, 0.000000000000000000 ) ) ;
#1670 = CIRCLE ( 'NONE', #138, 1.500000000000001332 ) ;
#1671 = ORIENTED_EDGE ( 'NONE', *, *, #1035, .T. ) ;
#1672 = EDGE_CURVE ( 'NONE', #706, #593, #1406, .T. ) ;
#1673 = CARTESIAN_POINT ( 'NONE',  ( -21.70000000000000284, 23.09999999999999787, 4.500000000000000000 ) ) ;
#1674 = ORIENTED_EDGE ( 'NONE', *, *, #631, .F. ) ;
#1675 = CARTESIAN_POINT ( 'NONE',  ( -18.00000000000001066, 10.50000000000000178, 2.500000000000000000 ) ) ;
#1676 = CYLINDRICAL_SURFACE ( 'NONE', #1317, 2.100000000000000977 ) ;
#1677 = LINE ( 'NONE', #1397, #1637 ) ;
#1678 = CARTESIAN_POINT ( 'NONE',  ( -20.20000000000000284, 23.09999999999999787, 2.499999999999999556 ) ) ;
#1679 = ADVANCED_FACE ( 'NONE', ( #1545 ), #283, .F. ) ;
#1680 = LINE ( 'NONE', #928, #1249 ) ;
#1681 = EDGE_LOOP ( 'NONE', ( #1371, #577, #695, #1471 ) ) ;
#1682 = FACE_BOUND ( 'NONE', #763, .T. ) ;
#1683 = FACE_BOUND ( 'NONE', #666, .T. ) ;
#1684 = CARTESIAN_POINT ( 'NONE',  ( -62.99999999999998579, 4.000000000000003553, 2.999999999999999556 ) ) ;
#1685 = DIRECTION ( 'NONE',  ( 0.000000000000000000, 0.000000000000000000, -1.000000000000000000 ) ) ;
#1686 = CIRCLE ( 'NONE', #883, 1.500000000000001332 ) ;
#1687 = VECTOR ( 'NONE', #1148, 1000.000000000000000 ) ;
#1688 = CYLINDRICAL_SURFACE ( 'NONE', #1442, 4.000000000000000000 ) ;
#1689 = EDGE_CURVE ( 'NONE', #1077, #805, #80, .T. ) ;
#1690 = CARTESIAN_POINT ( 'NONE',  ( -21.70000000000000284, 24.60000000000000142, -4.000000000000000888 ) ) ;
#1691 = ORIENTED_EDGE ( 'NONE', *, *, #1241, .T. ) ;
#1692 = CIRCLE ( 'NONE', #1158, 1.649999999999998579 ) ;
#1693 = EDGE_CURVE ( 'NONE', #638, #1767, #521, .T. ) ;
#1694 = EDGE_CURVE ( 'NONE', #1218, #377, #12, .T. ) ;
#1695 = CARTESIAN_POINT ( 'NONE',  ( -20.00000000000000355, 28.25000000000000000, 4.000000000000000000 ) ) ;
#1696 = FACE_OUTER_BOUND ( 'NONE', #456, .T. ) ;
#1697 = DIRECTION ( 'NONE',  ( 1.000000000000000000, 0.000000000000000000, 0.000000000000000000 ) ) ;
#1698 = EDGE_LOOP ( 'NONE', ( #1265, #826, #1280, #1 ) ) ;
#1699 = DIRECTION ( 'NONE',  ( 1.000000000000000000, 0.000000000000000000, 0.000000000000000000 ) ) ;
#1700 = CIRCLE ( 'NONE', #435, 1.500000000000001332 ) ;
#1701 = FACE_OUTER_BOUND ( 'NONE', #551, .T. ) ;
#1702 = ORIENTED_EDGE ( 'NONE', *, *, #1241, .F. ) ;
#1703 = VECTOR ( 'NONE', #271, 1000.000000000000000 ) ;
#1704 = ADVANCED_FACE ( 'NONE', ( #255 ), #264, .F. ) ;
#1705 = DIRECTION ( 'NONE',  ( -0.000000000000000000, -0.000000000000000000, 1.000000000000000000 ) ) ;
#1706 = CARTESIAN_POINT ( 'NONE',  ( -18.00000000000000711, 29.50000000000000355, 0.000000000000000000 ) ) ;
#1707 = LINE ( 'NONE', #1145, #1758 ) ;
#1708 = CARTESIAN_POINT ( 'NONE',  ( -10.00000000000000000, 73.05401053445810078, 0.000000000000000000 ) ) ;
#1709 = CYLINDRICAL_SURFACE ( 'NONE', #1443, 1.500000000000001332 ) ;
#1710 = VERTEX_POINT ( 'NONE', #1799 ) ;
#1711 = PLANE ( 'NONE',  #1372 ) ;
#1712 = EDGE_CURVE ( 'NONE', #1514, #1789, #536, .T. ) ;
#1713 = FACE_BOUND ( 'NONE', #220, .T. ) ;
#1714 = CIRCLE ( 'NONE', #393, 1.949999999999998401 ) ;
#1715 = CARTESIAN_POINT ( 'NONE',  ( -69.00000000000000000, 146.0000000000000000, 2.999999999999999556 ) ) ;
#1716 = VERTEX_POINT ( 'NONE', #955 ) ;
#1717 = VECTOR ( 'NONE', #361, 1000.000000000000000 ) ;
#1718 = CARTESIAN_POINT ( 'NONE',  ( -18.00000000000001066, 6.500000000000002665, 0.000000000000000000 ) ) ;
#1719 = CARTESIAN_POINT ( 'NONE',  ( 0.000000000000000000, 0.000000000000000000, 2.500000000000000000 ) ) ;
#1720 = EDGE_CURVE ( 'NONE', #1729, #1502, #1677, .T. ) ;
#1721 = EDGE_CURVE ( 'NONE', #916, #525, #136, .T. ) ;
#1722 = VERTEX_POINT ( 'NONE', #994 ) ;
#1723 = DIRECTION ( 'NONE',  ( -1.000000000000000000, 0.000000000000000000, 0.000000000000000000 ) ) ;
#1724 = ORIENTED_EDGE ( 'NONE', *, *, #1456, .T. ) ;
#1725 = AXIS2_PLACEMENT_3D ( 'NONE', #154, #836, #844 ) ;
#1726 = DIRECTION ( 'NONE',  ( 1.000000000000000000, 0.000000000000000000, 0.000000000000000000 ) ) ;
#1727 = VERTEX_POINT ( 'NONE', #548 ) ;
#1728 = DIRECTION ( 'NONE',  ( -0.000000000000000000, -0.000000000000000000, 1.000000000000000000 ) ) ;
#1729 = VERTEX_POINT ( 'NONE', #1389 ) ;
#1730 = AXIS2_PLACEMENT_3D ( 'NONE', #922, #650, #1213 ) ;
#1731 = EDGE_CURVE ( 'NONE', #6, #1802, #438, .T. ) ;
#1732 = VERTEX_POINT ( 'NONE', #822 ) ;
#1733 = FACE_OUTER_BOUND ( 'NONE', #319, .T. ) ;
#1734 = CIRCLE ( 'NONE', #446, 4.000000000000000000 ) ;
#1735 = AXIS2_PLACEMENT_3D ( 'NONE', #416, #398, #812 ) ;
#1736 = CARTESIAN_POINT ( 'NONE',  ( 0.000000000000000000, 150.0000000000000000, -4.000000000000000000 ) ) ;
#1737 = CARTESIAN_POINT ( 'NONE',  ( -22.00000000000000711, 29.50000000000000355, 2.500000000000000000 ) ) ;
#1738 = DIRECTION ( 'NONE',  ( 1.000000000000000000, -1.284980352575412699E-16, 0.000000000000000000 ) ) ;
#1739 = ORIENTED_EDGE ( 'NONE', *, *, #148, .T. ) ;
#1740 = ORIENTED_EDGE ( 'NONE', *, *, #1250, .F. ) ;
#1741 = CIRCLE ( 'NONE', #94, 1.950000000000000400 ) ;
#1742 = ORIENTED_EDGE ( 'NONE', *, *, #1578, .T. ) ;
#1743 = CARTESIAN_POINT ( 'NONE',  ( -18.00000000000000711, 33.50000000000000000, 0.000000000000000000 ) ) ;
#1744 = CARTESIAN_POINT ( 'NONE',  ( -22.00000000000001066, 10.50000000000000178, 2.500000000000000000 ) ) ;
#1745 = ADVANCED_FACE ( 'NONE', ( #564 ), #1126, .F. ) ;
#1746 = CARTESIAN_POINT ( 'NONE',  ( -20.20000000000000284, 24.60000000000000142, 4.500000000000000000 ) ) ;
#1747 = DIRECTION ( 'NONE',  ( 1.000000000000000000, 0.000000000000000000, 0.000000000000000000 ) ) ;
#1748 = CARTESIAN_POINT ( 'NONE',  ( -18.30000000000000426, 24.60000000000000142, 4.500000000000000000 ) ) ;
#1749 = ORIENTED_EDGE ( 'NONE', *, *, #735, .T. ) ;
#1750 = ORIENTED_EDGE ( 'NONE', *, *, #368, .T. ) ;
#1751 = ORIENTED_EDGE ( 'NONE', *, *, #1511, .T. ) ;
#1752 = CARTESIAN_POINT ( 'NONE',  ( -18.00000000000000711, 33.50000000000000000, 2.500000000000000000 ) ) ;
#1753 = CARTESIAN_POINT ( 'NONE',  ( -20.00000000000000355, 11.75000000000000000, 4.500000000000000000 ) ) ;
#1754 = DIRECTION ( 'NONE',  ( 0.000000000000000000, 0.000000000000000000, -1.000000000000000000 ) ) ;
#1755 = EDGE_CURVE ( 'NONE', #401, #628, #684, .T. ) ;
#1756 = CARTESIAN_POINT ( 'NONE',  ( -19.80000000000000426, 15.40000000000000213, 2.499999999999999556 ) ) ;
#1757 = CARTESIAN_POINT ( 'NONE',  ( -10.00000000000000000, 0.000000000000000000, -0.000000000000000000 ) ) ;
#1758 = VECTOR ( 'NONE', #582, 1000.000000000000000 ) ;
#1759 = ORIENTED_EDGE ( 'NONE', *, *, #1578, .F. ) ;
#1760 = ORIENTED_EDGE ( 'NONE', *, *, #1014, .T. ) ;
#1761 = VERTEX_POINT ( 'NONE', #723 ) ;
#1762 = FACE_OUTER_BOUND ( 'NONE', #1638, .T. ) ;
#1763 = LINE ( 'NONE', #1211, #1717 ) ;
#1764 = EDGE_CURVE ( 'NONE', #309, #1199, #1707, .T. ) ;
#1765 = LINE ( 'NONE', #1063, #806 ) ;
#1766 = LINE ( 'NONE', #664, #569 ) ;
#1767 = VERTEX_POINT ( 'NONE', #1279 ) ;
#1768 = EDGE_CURVE ( 'NONE', #908, #1716, #23, .T. ) ;
#1769 = EDGE_CURVE ( 'NONE', #1352, #526, #286, .T. ) ;
#1770 = EDGE_LOOP ( 'NONE', ( #1601, #734 ) ) ;
#1771 = VERTEX_POINT ( 'NONE', #252 ) ;
#1772 = DIRECTION ( 'NONE',  ( 1.000000000000000000, -0.000000000000000000, -0.000000000000000000 ) ) ;
#1773 = AXIS2_PLACEMENT_3D ( 'NONE', #246, #1024, #1583 ) ;
#1774 = CARTESIAN_POINT ( 'NONE',  ( -70.00000000000000000, 0.000000000000000000, 0.000000000000000000 ) ) ;
#1775 = CARTESIAN_POINT ( 'NONE',  ( 0.000000000000000000, 0.000000000000000000, -4.000000000000000000 ) ) ;
#1776 = FACE_OUTER_BOUND ( 'NONE', #719, .T. ) ;
#1777 = CIRCLE ( 'NONE', #887, 1.100000000000000311 ) ;
#1778 = ADVANCED_BREP_SHAPE_REPRESENTATION ( 'back-panel-v0', ( #1152, #1146 ), #140 ) ;
#1779 = ORIENTED_EDGE ( 'NONE', *, *, #1035, .F. ) ;
#1780 = EDGE_LOOP ( 'NONE', ( #656, #239, #89, #1611 ) ) ;
#1781 = ADVANCED_FACE ( 'NONE', ( #688 ), #1115, .F. ) ;
#1782 = ORIENTED_EDGE ( 'NONE', *, *, #1617, .T. ) ;
#1783 = DIRECTION ( 'NONE',  ( 1.000000000000000000, 0.000000000000000000, 0.000000000000000000 ) ) ;
#1784 = LINE ( 'NONE', #1484, #307 ) ;
#1785 = DIRECTION ( 'NONE',  ( 1.000000000000000000, 0.000000000000000000, 0.000000000000000000 ) ) ;
#1786 = VECTOR ( 'NONE', #741, 1000.000000000000000 ) ;
#1787 = CARTESIAN_POINT ( 'NONE',  ( -22.00000000000000711, 29.50000000000000355, 0.000000000000000000 ) ) ;
#1788 = CARTESIAN_POINT ( 'NONE',  ( -10.00000000000000000, 15.00000000000000000, 0.02500000000000069528 ) ) ;
#1789 = VERTEX_POINT ( 'NONE', #382 ) ;
#1791 = ORIENTED_EDGE ( 'NONE', *, *, #702, .F. ) ;
#1790 = AXIS2_PLACEMENT_3D ( 'NONE', #1110, #1234, #146 ) ;
#1792 = CIRCLE ( 'NONE', #523, 2.100000000000000977 ) ;
#1793 = ADVANCED_FACE ( 'NONE', ( #810 ), #1093, .F. ) ;
#1794 = LINE ( 'NONE', #120, #1541 ) ;
#1795 = VERTEX_POINT ( 'NONE', #1526 ) ;
#1796 = AXIS2_PLACEMENT_3D ( 'NONE', #510, #410, #1785 ) ;
#1797 = DIRECTION ( 'NONE',  ( -0.000000000000000000, -0.000000000000000000, 1.000000000000000000 ) ) ;
#1798 = DIRECTION ( 'NONE',  ( 0.000000000000000000, 0.000000000000000000, 1.000000000000000000 ) ) ;
#1799 = CARTESIAN_POINT ( 'NONE',  ( -20.20000000000000284, 24.60000000000000142, 2.499999999999999556 ) ) ;
#1800 = VECTOR ( 'NONE', #282, 1000.000000000000000 ) ;
#1801 = ORIENTED_EDGE ( 'NONE', *, *, #1362, .F. ) ;
#1802 = VERTEX_POINT ( 'NONE', #970 ) ;
#1803 = ORIENTED_EDGE ( 'NONE', *, *, #42, .F. ) ;
#1804 = CARTESIAN_POINT ( 'NONE',  ( 0.000000000000000000, 15.00000000000000000, -1.924999999999998268 ) ) ;
#1805 = EDGE_LOOP ( 'NONE', ( #1237, #1385, #268, #775 ) ) ;
#1806 = ADVANCED_FACE ( 'NONE', ( #1682, #395 ), #261, .T. ) ;
#1807 = CARTESIAN_POINT ( 'NONE',  ( -18.30000000000000426, 16.90000000000000213, 4.500000000000000000 ) ) ;
#1808 = AXIS2_PLACEMENT_3D ( 'NONE', #455, #152, #1434 ) ;
#1809 = AXIS2_PLACEMENT_3D ( 'NONE', #1318, #1634, #911 ) ;
#1810 = DIRECTION ( 'NONE',  ( 0.000000000000000000, 0.000000000000000000, -1.000000000000000000 ) ) ;
#1811 = DIRECTION ( 'NONE',  ( -0.000000000000000000, 0.000000000000000000, 1.000000000000000000 ) ) ;
#1812 = VERTEX_POINT ( 'NONE', #132 ) ;
#1813 = AXIS2_PLACEMENT_3D ( 'NONE', #491, #1614, #353 ) ;
#1814 = CARTESIAN_POINT ( 'NONE',  ( -18.90000000000000213, 28.25000000000000000, 2.499999999999999556 ) ) ;
#1815 = EDGE_LOOP ( 'NONE', ( #81, #1791, #584, #1114 ) ) ;
#1816 = CARTESIAN_POINT ( 'NONE',  ( -26.00000000000001066, 10.50000000000000178, 0.000000000000000000 ) ) ;
#1817 = CARTESIAN_POINT ( 'NONE',  ( -66.00000000000000000, 146.0000000000000000, 2.999999999999999556 ) ) ;
#1818 = FACE_OUTER_BOUND ( 'NONE', #685, .T. ) ;
#1819 = EDGE_CURVE ( 'NONE', #916, #787, #698, .T. ) ;
#1820 = DIRECTION ( 'NONE',  ( -1.000000000000000000, 0.000000000000000000, 0.000000000000000000 ) ) ;
#1821 = AXIS2_PLACEMENT_3D ( 'NONE', #890, #1726, #781 ) ;
#1822 = ORIENTED_EDGE ( 'NONE', *, *, #957, .T. ) ;
#1823 = CARTESIAN_POINT ( 'NONE',  ( -66.00000000000000000, 146.0000000000000000, 3.000000000000000000 ) ) ;
ENDSEC;
END-ISO-10303-21;
