ISO-10303-21;
HEADER;
FILE_DESCRIPTION (( 'STEP AP214' ),
    '1' );
FILE_NAME ('base-plate-v1.STEP',
    '2026-10-03T21:21:18',
    ( '' ),
    ( '' ),
    'SwSTEP 2.0',
    'SolidWorks 2026',
    '' );
FILE_SCHEMA (( 'AUTOMOTIVE_DESIGN' ));
ENDSEC;

DATA;
#1 = ORIENTED_EDGE ( 'NONE', *, *, #633, .T. ) ;
#2 = DIRECTION ( 'NONE',  ( 0.000000000000000000, 0.000000000000000000, -1.000000000000000000 ) ) ;
#3 = CARTESIAN_POINT ( 'NONE',  ( -54.99999999999998579, 56.99999999999997868, 0.000000000000000000 ) ) ;
#4 = EDGE_LOOP ( 'NONE', ( #1804, #471 ) ) ;
#5 = DIRECTION ( 'NONE',  ( -0.000000000000000000, -0.000000000000000000, 1.000000000000000000 ) ) ;
#6 = DIRECTION ( 'NONE',  ( -1.000000000000000000, 0.000000000000000000, 0.000000000000000000 ) ) ;
#7 = ADVANCED_FACE ( 'NONE', ( #1749 ), #1297, .F. ) ;
#8 = CARTESIAN_POINT ( 'NONE',  ( -84.99999999999998579, 139.0000000000000000, 0.000000000000000000 ) ) ;
#9 = ORIENTED_EDGE ( 'NONE', *, *, #1670, .F. ) ;
#10 = DIRECTION ( 'NONE',  ( -1.000000000000000000, 0.000000000000000000, 0.000000000000000000 ) ) ;
#11 = VERTEX_POINT ( 'NONE', #959 ) ;
#12 = AXIS2_PLACEMENT_3D ( 'NONE', #397, #555, #1487 ) ;
#13 = EDGE_CURVE ( 'NONE', #1312, #278, #886, .T. ) ;
#14 = EDGE_CURVE ( 'NONE', #418, #2018, #103, .T. ) ;
#15 = ORIENTED_EDGE ( 'NONE', *, *, #1187, .F. ) ;
#16 = DIRECTION ( 'NONE',  ( 0.000000000000000000, 0.000000000000000000, -1.000000000000000000 ) ) ;
#17 = CARTESIAN_POINT ( 'NONE',  ( -97.65000000000003411, 77.00000000000000000, 4.000000000000000000 ) ) ;
#18 = EDGE_LOOP ( 'NONE', ( #1062, #468, #592, #381 ) ) ;
#19 = DIRECTION ( 'NONE',  ( -1.000000000000000000, 0.000000000000000000, 0.000000000000000000 ) ) ;
#20 = CARTESIAN_POINT ( 'NONE',  ( -0.9999999999999895639, 77.00000000000000000, 1.500000000000000000 ) ) ;
#21 = EDGE_LOOP ( 'NONE', ( #1308, #612, #1705, #15 ) ) ;
#22 = ORIENTED_EDGE ( 'NONE', *, *, #269, .F. ) ;
#23 = LINE ( 'NONE', #1279, #284 ) ;
#24 = AXIS2_PLACEMENT_3D ( 'NONE', #611, #504, #479 ) ;
#25 = ORIENTED_EDGE ( 'NONE', *, *, #906, .T. ) ;
#26 = VERTEX_POINT ( 'NONE', #1996 ) ;
#27 = EDGE_CURVE ( 'NONE', #1666, #969, #692, .T. ) ;
#28 = VECTOR ( 'NONE', #1661, 1000.000000000000000 ) ;
#29 = EDGE_CURVE ( 'NONE', #843, #1318, #1680, .T. ) ;
#30 = LINE ( 'NONE', #205, #1750 ) ;
#31 = EDGE_CURVE ( 'NONE', #1204, #319, #1175, .T. ) ;
#32 = DIRECTION ( 'NONE',  ( -1.000000000000000000, 0.000000000000000000, 0.000000000000000000 ) ) ;
#33 = ORIENTED_EDGE ( 'NONE', *, *, #481, .F. ) ;
#34 = CYLINDRICAL_SURFACE ( 'NONE', #1617, 1.649999999999991696 ) ;
#35 = DIRECTION ( 'NONE',  ( -1.000000000000000000, 0.000000000000000000, 0.000000000000000000 ) ) ;
#36 = ORIENTED_EDGE ( 'NONE', *, *, #1858, .F. ) ;
#37 = CIRCLE ( 'NONE', #466, 7.500000000000001776 ) ;
#38 = DIRECTION ( 'NONE',  ( -1.000000000000000000, 0.000000000000000000, 0.000000000000000000 ) ) ;
#39 = EDGE_LOOP ( 'NONE', ( #355, #1124 ) ) ;
#40 = EDGE_LOOP ( 'NONE', ( #1133, #1901 ) ) ;
#41 = CARTESIAN_POINT ( 'NONE',  ( 0.000000000000000000, 154.0000000000000000, 4.000000000000000000 ) ) ;
#42 = ORIENTED_EDGE ( 'NONE', *, *, #379, .F. ) ;
#43 = CARTESIAN_POINT ( 'NONE',  ( -47.00000000000003553, 4.000000000000000000, 1.500000000000000000 ) ) ;
#44 = CARTESIAN_POINT ( 'NONE',  ( -6.999999999999985789, 137.0000000000000000, 1.500000000000000000 ) ) ;
#45 = VERTEX_POINT ( 'NONE', #260 ) ;
#46 = CARTESIAN_POINT ( 'NONE',  ( -3.999999999999984457, 137.0000000000000000, 1.500000000000000000 ) ) ;
#47 = VERTEX_POINT ( 'NONE', #1507 ) ;
#48 = VECTOR ( 'NONE', #1631, 1000.000000000000000 ) ;
#49 = ORIENTED_EDGE ( 'NONE', *, *, #1624, .T. ) ;
#50 = DIRECTION ( 'NONE',  ( -0.000000000000000000, -0.000000000000000000, -1.000000000000000000 ) ) ;
#51 = FACE_BOUND ( 'NONE', #1394, .T. ) ;
#52 = CARTESIAN_POINT ( 'NONE',  ( -50.00000000000000000, 150.0000000000000000, 4.000000000000000000 ) ) ;
#53 = ORIENTED_EDGE ( 'NONE', *, *, #661, .F. ) ;
#54 = EDGE_CURVE ( 'NONE', #1794, #629, #1313, .T. ) ;
#55 = VERTEX_POINT ( 'NONE', #573 ) ;
#56 = EDGE_CURVE ( 'NONE', #1946, #59, #726, .T. ) ;
#57 = EDGE_CURVE ( 'NONE', #1427, #1638, #1410, .T. ) ;
#58 = DIRECTION ( 'NONE',  ( -0.000000000000000000, -0.000000000000000000, -1.000000000000000000 ) ) ;
#59 = VERTEX_POINT ( 'NONE', #1194 ) ;
#60 = AXIS2_PLACEMENT_3D ( 'NONE', #1519, #727, #1990 ) ;
#61 = EDGE_LOOP ( 'NONE', ( #544, #1549 ) ) ;
#62 = DIRECTION ( 'NONE',  ( -1.000000000000000000, 0.000000000000000000, 0.000000000000000000 ) ) ;
#63 = CIRCLE ( 'NONE', #1903, 1.649999999999998579 ) ;
#64 = ORIENTED_EDGE ( 'NONE', *, *, #758, .F. ) ;
#65 = FACE_BOUND ( 'NONE', #974, .T. ) ;
#66 = AXIS2_PLACEMENT_3D ( 'NONE', #415, #1801, #94 ) ;
#67 = CIRCLE ( 'NONE', #1210, 1.649999999999991696 ) ;
#68 = ORIENTED_EDGE ( 'NONE', *, *, #606, .F. ) ;
#69 = DIRECTION ( 'NONE',  ( -1.000000000000000000, 0.000000000000000000, 0.000000000000000000 ) ) ;
#70 = ORIENTED_EDGE ( 'NONE', *, *, #166, .T. ) ;
#71 = CARTESIAN_POINT ( 'NONE',  ( -2.349999999999976552, 137.0000000000000000, 1.500000000000000000 ) ) ;
#72 = LINE ( 'NONE', #80, #48 ) ;
#73 = VERTEX_POINT ( 'NONE', #416 ) ;
#74 = DIRECTION ( 'NONE',  ( 0.000000000000000000, 0.000000000000000000, -1.000000000000000000 ) ) ;
#75 = AXIS2_PLACEMENT_3D ( 'NONE', #1935, #804, #992 ) ;
#76 = LINE ( 'NONE', #706, #215 ) ;
#77 = FACE_OUTER_BOUND ( 'NONE', #1101, .T. ) ;
#78 = ORIENTED_EDGE ( 'NONE', *, *, #595, .T. ) ;
#79 = DIRECTION ( 'NONE',  ( -1.000000000000000000, 0.000000000000000000, 0.000000000000000000 ) ) ;
#80 = CARTESIAN_POINT ( 'NONE',  ( 0.000000000000000000, 154.0000000000000000, 4.000000000000000000 ) ) ;
#81 = EDGE_CURVE ( 'NONE', #721, #1156, #787, .T. ) ;
#82 = EDGE_CURVE ( 'NONE', #721, #1666, #1645, .T. ) ;
#83 = ORIENTED_EDGE ( 'NONE', *, *, #233, .T. ) ;
#84 = DIRECTION ( 'NONE',  ( -0.000000000000000000, -0.000000000000000000, -1.000000000000000000 ) ) ;
#85 = DIRECTION ( 'NONE',  ( -1.000000000000000000, 0.000000000000000000, 0.000000000000000000 ) ) ;
#86 = DIRECTION ( 'NONE',  ( 0.2588190451025213501, -3.169619151431772337E-17, 0.9659258262890680902 ) ) ;
#87 = ORIENTED_EDGE ( 'NONE', *, *, #999, .T. ) ;
#88 = CARTESIAN_POINT ( 'NONE',  ( -50.00000000000003553, 4.000000000000000000, 1.500000000000000000 ) ) ;
#89 = CONICAL_SURFACE ( 'NONE', #1568, 7.500000000000020428, 0.2617993877991500740 ) ;
#90 = ADVANCED_FACE ( 'NONE', ( #713 ), #1342, .F. ) ;
#91 = ADVANCED_FACE ( 'NONE', ( #429 ), #581, .F. ) ;
#92 = VERTEX_POINT ( 'NONE', #1820 ) ;
#93 = CIRCLE ( 'NONE', #1234, 5.892304845413268488 ) ;
#94 = DIRECTION ( 'NONE',  ( -1.000000000000000000, 0.000000000000000000, 0.000000000000000000 ) ) ;
#95 = AXIS2_PLACEMENT_3D ( 'NONE', #967, #208, #19 ) ;
#96 = CARTESIAN_POINT ( 'NONE',  ( -99.00000000000004263, 16.99999999999998579, 1.500000000000000000 ) ) ;
#97 = LINE ( 'NONE', #753, #1304 ) ;
#98 = AXIS2_PLACEMENT_3D ( 'NONE', #684, #1657, #85 ) ;
#99 = ORIENTED_EDGE ( 'NONE', *, *, #112, .T. ) ;
#100 = DIRECTION ( 'NONE',  ( -0.000000000000000000, -0.000000000000000000, -1.000000000000000000 ) ) ;
#101 = ORIENTED_EDGE ( 'NONE', *, *, #244, .F. ) ;
#102 = DIRECTION ( 'NONE',  ( -1.000000000000000000, 0.000000000000000000, 0.000000000000000000 ) ) ;
#103 = LINE ( 'NONE', #1359, #431 ) ;
#104 = CARTESIAN_POINT ( 'NONE',  ( -6.999999999999997335, 16.99999999999998579, 0.000000000000000000 ) ) ;
#105 = VERTEX_POINT ( 'NONE', #1683 ) ;
#106 = CARTESIAN_POINT ( 'NONE',  ( -85.00000000000000000, 14.99999999999998757, 0.000000000000000000 ) ) ;
#107 = CARTESIAN_POINT ( 'NONE',  ( -84.99999999999998579, 139.0000000000000000, -6.000000000000000000 ) ) ;
#108 = VECTOR ( 'NONE', #363, 1000.000000000000000 ) ;
#109 = DIRECTION ( 'NONE',  ( -1.000000000000000000, 0.000000000000000000, 0.000000000000000000 ) ) ;
#110 = DIRECTION ( 'NONE',  ( -1.000000000000000000, 0.000000000000000000, 0.000000000000000000 ) ) ;
#111 = ADVANCED_FACE ( 'NONE', ( #894 ), #1371, .F. ) ;
#112 = EDGE_CURVE ( 'NONE', #653, #1841, #1695, .T. ) ;
#113 = ORIENTED_EDGE ( 'NONE', *, *, #13, .F. ) ;
#114 = ADVANCED_FACE ( 'NONE', ( #1164 ), #387, .F. ) ;
#115 = CARTESIAN_POINT ( 'NONE',  ( -96.00000000000002842, 77.00000000000000000, 1.500000000000000000 ) ) ;
#116 = DIRECTION ( 'NONE',  ( -0.000000000000000000, -0.000000000000000000, -1.000000000000000000 ) ) ;
#117 = DIRECTION ( 'NONE',  ( 0.000000000000000000, 0.000000000000000000, -1.000000000000000000 ) ) ;
#118 = CIRCLE ( 'NONE', #1535, 3.000000000000002665 ) ;
#119 = CARTESIAN_POINT ( 'NONE',  ( -50.00000000000000000, 150.0000000000000000, 1.500000000000000000 ) ) ;
#120 = CARTESIAN_POINT ( 'NONE',  ( -3.999999999999997335, 16.99999999999998579, 4.000000000000000000 ) ) ;
#121 = AXIS2_PLACEMENT_3D ( 'NONE', #829, #762, #159 ) ;
#122 = ORIENTED_EDGE ( 'NONE', *, *, #1859, .T. ) ;
#123 = VECTOR ( 'NONE', #673, 1000.000000000000000 ) ;
#124 =( NAMED_UNIT ( * ) PLANE_ANGLE_UNIT ( ) SI_UNIT ( $, .RADIAN. ) );
#125 = CIRCLE ( 'NONE', #229, 5.892304845413257830 ) ;
#126 = CARTESIAN_POINT ( 'NONE',  ( -50.00000000000003553, 4.000000000000000000, 4.000000000000000000 ) ) ;
#127 = VECTOR ( 'NONE', #709, 1000.000000000000000 ) ;
#128 = CIRCLE ( 'NONE', #1917, 1.649999999999998579 ) ;
#129 = DIRECTION ( 'NONE',  ( -1.000000000000000000, 0.000000000000000000, 0.000000000000000000 ) ) ;
#130 = FACE_BOUND ( 'NONE', #1307, .T. ) ;
#131 = CARTESIAN_POINT ( 'NONE',  ( -3.999999999999990674, 77.00000000000000000, 0.000000000000000000 ) ) ;
#132 = ORIENTED_EDGE ( 'NONE', *, *, #1365, .F. ) ;
#133 = DIRECTION ( 'NONE',  ( 0.000000000000000000, 0.000000000000000000, -1.000000000000000000 ) ) ;
#134 = EDGE_CURVE ( 'NONE', #627, #26, #76, .T. ) ;
#135 = EDGE_LOOP ( 'NONE', ( #36, #369, #983, #2038 ) ) ;
#136 = ADVANCED_FACE ( 'NONE', ( #1033 ), #752, .F. ) ;
#137 = LINE ( 'NONE', #911, #2014 ) ;
#138 = ADVANCED_FACE ( 'NONE', ( #1563 ), #439, .F. ) ;
#139 = LINE ( 'NONE', #770, #163 ) ;
#140 = DIRECTION ( 'NONE',  ( -0.000000000000000000, -0.000000000000000000, -1.000000000000000000 ) ) ;
#141 = DIRECTION ( 'NONE',  ( 0.000000000000000000, 0.000000000000000000, 1.000000000000000000 ) ) ;
#142 = EDGE_LOOP ( 'NONE', ( #1894, #583 ) ) ;
#143 = CARTESIAN_POINT ( 'NONE',  ( -84.99999999999998579, 139.0000000000000000, -6.000000000000000000 ) ) ;
#144 = ORIENTED_EDGE ( 'NONE', *, *, #233, .F. ) ;
#145 = CARTESIAN_POINT ( 'NONE',  ( -51.99999999999998579, 56.99999999999997868, 1.500000000000000000 ) ) ;
#146 = CIRCLE ( 'NONE', #280, 3.000000000000000888 ) ;
#147 = CARTESIAN_POINT ( 'NONE',  ( -0.9999999999999835687, 137.0000000000000000, 1.500000000000000000 ) ) ;
#148 = EDGE_LOOP ( 'NONE', ( #1923, #1477, #344, #662 ) ) ;
#149 = FACE_BOUND ( 'NONE', #1020, .T. ) ;
#150 = AXIS2_PLACEMENT_3D ( 'NONE', #1684, #261, #1188 ) ;
#151 = DIRECTION ( 'NONE',  ( 0.000000000000000000, 0.000000000000000000, -1.000000000000000000 ) ) ;
#152 = EDGE_LOOP ( 'NONE', ( #1467, #1463 ) ) ;
#153 = CIRCLE ( 'NONE', #2036, 5.892304845413268488 ) ;
#154 = DIRECTION ( 'NONE',  ( 0.000000000000000000, 0.000000000000000000, -1.000000000000000000 ) ) ;
#155 = ORIENTED_EDGE ( 'NONE', *, *, #961, .T. ) ;
#156 = CIRCLE ( 'NONE', #2007, 3.000000000000002665 ) ;
#157 = VECTOR ( 'NONE', #1331, 1000.000000000000000 ) ;
#158 = CARTESIAN_POINT ( 'NONE',  ( -51.99999999999998579, 56.99999999999997868, 1.500000000000000000 ) ) ;
#159 = DIRECTION ( 'NONE',  ( -1.000000000000000000, 0.000000000000000000, 0.000000000000000000 ) ) ;
#160 = ORIENTED_EDGE ( 'NONE', *, *, #1320, .F. ) ;
#161 = CARTESIAN_POINT ( 'NONE',  ( -0.9999999999999835687, 137.0000000000000000, 1.500000000000000000 ) ) ;
#162 = FACE_BOUND ( 'NONE', #1559, .T. ) ;
#163 = VECTOR ( 'NONE', #1730, 1000.000000000000000 ) ;
#164 = CYLINDRICAL_SURFACE ( 'NONE', #1531, 1.650000000000000355 ) ;
#165 = ORIENTED_EDGE ( 'NONE', *, *, #1950, .T. ) ;
#166 = EDGE_CURVE ( 'NONE', #1630, #975, #740, .T. ) ;
#167 = DIRECTION ( 'NONE',  ( -1.000000000000000000, 0.000000000000000000, 0.000000000000000000 ) ) ;
#168 = VERTEX_POINT ( 'NONE', #1877 ) ;
#169 = AXIS2_PLACEMENT_3D ( 'NONE', #1250, #447, #1721 ) ;
#170 = DIRECTION ( 'NONE',  ( -1.000000000000000000, 0.000000000000000000, 0.000000000000000000 ) ) ;
#171 = CARTESIAN_POINT ( 'NONE',  ( -5.649999999999997691, 16.99999999999998579, 1.500000000000000000 ) ) ;
#172 = ORIENTED_EDGE ( 'NONE', *, *, #134, .F. ) ;
#173 = FACE_BOUND ( 'NONE', #856, .T. ) ;
#174 = DIRECTION ( 'NONE',  ( -0.000000000000000000, -0.000000000000000000, -1.000000000000000000 ) ) ;
#175 = VERTEX_POINT ( 'NONE', #1060 ) ;
#176 = EDGE_CURVE ( 'NONE', #926, #1431, #1554, .T. ) ;
#177 = CARTESIAN_POINT ( 'NONE',  ( -100.0000000000000000, 154.0000000000000000, 4.000000000000000000 ) ) ;
#178 = ADVANCED_FACE ( 'NONE', ( #1860 ), #334, .T. ) ;
#179 = EDGE_CURVE ( 'NONE', #1147, #411, #437, .T. ) ;
#180 = VERTEX_POINT ( 'NONE', #276 ) ;
#181 = ORIENTED_EDGE ( 'NONE', *, *, #2010, .F. ) ;
#182 = ADVANCED_FACE ( 'NONE', ( #307, #457, #317, #1066, #149, #1409, #1399, #130, #162, #793, #599, #763, #297, #1700, #1220 ), #1420, .T. ) ;
#183 = LINE ( 'NONE', #1103, #1545 ) ;
#184 = CARTESIAN_POINT ( 'NONE',  ( -99.00000000000001421, 137.0000000000000000, 1.500000000000000000 ) ) ;
#185 = VERTEX_POINT ( 'NONE', #285 ) ;
#186 = DIRECTION ( 'NONE',  ( -1.000000000000000000, 0.000000000000000000, 0.000000000000000000 ) ) ;
#187 = CARTESIAN_POINT ( 'NONE',  ( 0.000000000000000000, 154.0000000000000000, 4.000000000000000000 ) ) ;
#188 = VERTEX_POINT ( 'NONE', #1390 ) ;
#189 = AXIS2_PLACEMENT_3D ( 'NONE', #1290, #545, #230 ) ;
#190 = DIRECTION ( 'NONE',  ( -1.000000000000000000, 0.000000000000000000, 0.000000000000000000 ) ) ;
#191 = VECTOR ( 'NONE', #1393, 1000.000000000000000 ) ;
#192 = ORIENTED_EDGE ( 'NONE', *, *, #206, .F. ) ;
#193 = EDGE_LOOP ( 'NONE', ( #1258, #25 ) ) ;
#194 = CIRCLE ( 'NONE', #491, 3.000000000000000000 ) ;
#195 = DIRECTION ( 'NONE',  ( -1.000000000000000000, 0.000000000000000000, 0.000000000000000000 ) ) ;
#196 = CARTESIAN_POINT ( 'NONE',  ( -50.00000000000000000, 150.0000000000000000, 4.000000000000000000 ) ) ;
#197 = ORIENTED_EDGE ( 'NONE', *, *, #1515, .T. ) ;
#198 = DIRECTION ( 'NONE',  ( -1.000000000000000000, 0.000000000000000000, 0.000000000000000000 ) ) ;
#199 = CARTESIAN_POINT ( 'NONE',  ( -54.99999999999998579, 56.99999999999997868, 1.500000000000000000 ) ) ;
#200 = ORIENTED_EDGE ( 'NONE', *, *, #1846, .F. ) ;
#201 = PRESENTATION_LAYER_ASSIGNMENT (  '', '', ( #1081 ) ) ;
#202 = CARTESIAN_POINT ( 'NONE',  ( -96.00000000000001421, 137.0000000000000000, 1.500000000000000000 ) ) ;
#203 = ORIENTED_EDGE ( 'NONE', *, *, #1704, .F. ) ;
#204 = EDGE_LOOP ( 'NONE', ( #1676, #217 ) ) ;
#205 = CARTESIAN_POINT ( 'NONE',  ( -100.0000000000000000, 0.000000000000000000, 0.000000000000000000 ) ) ;
#206 = EDGE_CURVE ( 'NONE', #1345, #1134, #2044, .T. ) ;
#207 = ADVANCED_FACE ( 'NONE', ( #618 ), #1087, .F. ) ;
#208 = DIRECTION ( 'NONE',  ( -0.000000000000000000, -0.000000000000000000, -1.000000000000000000 ) ) ;
#209 = DIRECTION ( 'NONE',  ( -1.000000000000000000, 0.000000000000000000, 0.000000000000000000 ) ) ;
#210 = EDGE_LOOP ( 'NONE', ( #83, #510 ) ) ;
#211 = LINE ( 'NONE', #1803, #281 ) ;
#212 = VERTEX_POINT ( 'NONE', #901 ) ;
#213 = AXIS2_PLACEMENT_3D ( 'NONE', #247, #842, #1326 ) ;
#214 = ORIENTED_EDGE ( 'NONE', *, *, #1120, .T. ) ;
#215 = VECTOR ( 'NONE', #1024, 1000.000000000000000 ) ;
#216 = CARTESIAN_POINT ( 'NONE',  ( -51.99999999999998579, 56.99999999999997868, 4.000000000000000000 ) ) ;
#217 = ORIENTED_EDGE ( 'NONE', *, *, #1056, .T. ) ;
#218 = DIRECTION ( 'NONE',  ( -0.000000000000000000, -0.000000000000000000, -1.000000000000000000 ) ) ;
#219 = ORIENTED_EDGE ( 'NONE', *, *, #746, .F. ) ;
#220 = DIRECTION ( 'NONE',  ( -1.000000000000000000, 0.000000000000000000, 0.000000000000000000 ) ) ;
#221 = VERTEX_POINT ( 'NONE', #1532 ) ;
#222 = CONICAL_SURFACE ( 'NONE', #715, 7.500000000000001776, 0.2617993877991500740 ) ;
#223 = DIRECTION ( 'NONE',  ( -1.000000000000000000, 0.000000000000000000, 0.000000000000000000 ) ) ;
#224 = ADVANCED_FACE ( 'NONE', ( #1543 ), #1239, .F. ) ;
#225 = ORIENTED_EDGE ( 'NONE', *, *, #1911, .F. ) ;
#226 = CARTESIAN_POINT ( 'NONE',  ( -15.00000000000000000, 14.99999999999999822, -6.000000000000000000 ) ) ;
#227 = AXIS2_PLACEMENT_3D ( 'NONE', #1616, #837, #35 ) ;
#228 = DIRECTION ( 'NONE',  ( 0.000000000000000000, 0.000000000000000000, -1.000000000000000000 ) ) ;
#229 = AXIS2_PLACEMENT_3D ( 'NONE', #226, #384, #1672 ) ;
#230 = DIRECTION ( 'NONE',  ( -1.000000000000000000, 0.000000000000000000, 0.000000000000000000 ) ) ;
#231 = ADVANCED_FACE ( 'NONE', ( #1867 ), #1076, .F. ) ;
#232 = EDGE_LOOP ( 'NONE', ( #987, #22, #1994, #1627 ) ) ;
#233 = EDGE_CURVE ( 'NONE', #175, #2018, #1418, .T. ) ;
#234 = AXIS2_PLACEMENT_3D ( 'NONE', #126, #646, #1293 ) ;
#235 = LINE ( 'NONE', #1970, #1713 ) ;
#236 = DIRECTION ( 'NONE',  ( -1.000000000000000000, 0.000000000000000000, 0.000000000000000000 ) ) ;
#237 = ORIENTED_EDGE ( 'NONE', *, *, #303, .T. ) ;
#238 = DIRECTION ( 'NONE',  ( 0.000000000000000000, 0.000000000000000000, -1.000000000000000000 ) ) ;
#239 = CIRCLE ( 'NONE', #795, 3.000000000000002665 ) ;
#240 = AXIS2_PLACEMENT_3D ( 'NONE', #1733, #1097, #780 ) ;
#241 = DIRECTION ( 'NONE',  ( 0.000000000000000000, 0.000000000000000000, -1.000000000000000000 ) ) ;
#242 = CARTESIAN_POINT ( 'NONE',  ( -50.00000000000003553, 4.000000000000000000, 0.000000000000000000 ) ) ;
#243 = ORIENTED_EDGE ( 'NONE', *, *, #701, .F. ) ;
#244 = EDGE_CURVE ( 'NONE', #1526, #1594, #1385, .T. ) ;
#245 =( NAMED_UNIT ( * ) SI_UNIT ( $, .STERADIAN. ) SOLID_ANGLE_UNIT ( ) );
#246 = EDGE_CURVE ( 'NONE', #351, #272, #239, .T. ) ;
#247 = CARTESIAN_POINT ( 'NONE',  ( -51.99999999999998579, 56.99999999999997868, 1.500000000000000000 ) ) ;
#248 = VERTEX_POINT ( 'NONE', #1274 ) ;
#249 = CARTESIAN_POINT ( 'NONE',  ( -7.499999999999981348, 139.0000000000000000, 0.000000000000000000 ) ) ;
#250 = CARTESIAN_POINT ( 'NONE',  ( -3.999999999999990674, 77.00000000000000000, 1.500000000000000000 ) ) ;
#251 = FACE_OUTER_BOUND ( 'NONE', #40, .T. ) ;
#252 = VERTEX_POINT ( 'NONE', #1001 ) ;
#253 = PRESENTATION_STYLE_ASSIGNMENT (( #1536 ) ) ;
#254 = CYLINDRICAL_SURFACE ( 'NONE', #213, 3.000000000000002665 ) ;
#255 = CIRCLE ( 'NONE', #1608, 1.650000000000000355 ) ;
#256 = ORIENTED_EDGE ( 'NONE', *, *, #1604, .F. ) ;
#257 = CIRCLE ( 'NONE', #982, 3.000000000000000888 ) ;
#258 = DIRECTION ( 'NONE',  ( -1.000000000000000000, 0.000000000000000000, -0.000000000000000000 ) ) ;
#259 = CONICAL_SURFACE ( 'NONE', #528, 7.499999999999992895, 0.2617993877991500740 ) ;
#260 = CARTESIAN_POINT ( 'NONE',  ( -50.34999999999999432, 56.99999999999997868, 1.500000000000000000 ) ) ;
#261 = DIRECTION ( 'NONE',  ( -0.000000000000000000, -0.000000000000000000, -1.000000000000000000 ) ) ;
#262 = AXIS2_PLACEMENT_3D ( 'NONE', #1838, #241, #109 ) ;
#263 = ORIENTED_EDGE ( 'NONE', *, *, #723, .T. ) ;
#264 = CARTESIAN_POINT ( 'NONE',  ( -3.999999999999990674, 77.00000000000000000, 1.500000000000000000 ) ) ;
#265 = FACE_OUTER_BOUND ( 'NONE', #142, .T. ) ;
#266 = CARTESIAN_POINT ( 'NONE',  ( -50.00000000000003553, 4.000000000000000000, 4.000000000000000000 ) ) ;
#267 = EDGE_CURVE ( 'NONE', #1428, #188, #1466, .T. ) ;
#268 = EDGE_CURVE ( 'NONE', #711, #319, #440, .T. ) ;
#269 = EDGE_CURVE ( 'NONE', #627, #996, #1489, .T. ) ;
#270 = DIRECTION ( 'NONE',  ( 0.000000000000000000, 0.000000000000000000, -1.000000000000000000 ) ) ;
#271 = CARTESIAN_POINT ( 'NONE',  ( -96.00000000000002842, 77.00000000000000000, 4.000000000000000000 ) ) ;
#272 = VERTEX_POINT ( 'NONE', #1288 ) ;
#273 = DIRECTION ( 'NONE',  ( -1.000000000000000000, 0.000000000000000000, 0.000000000000000000 ) ) ;
#274 = CARTESIAN_POINT ( 'NONE',  ( -0.9999999999999974465, 16.99999999999998579, 1.500000000000000000 ) ) ;
#275 = CYLINDRICAL_SURFACE ( 'NONE', #1282, 1.649999999999998579 ) ;
#276 = CARTESIAN_POINT ( 'NONE',  ( -94.35000000000005116, 16.99999999999998579, 1.500000000000000000 ) ) ;
#277 = CYLINDRICAL_SURFACE ( 'NONE', #150, 3.000000000000000888 ) ;
#278 = VERTEX_POINT ( 'NONE', #1626 ) ;
#279 = DIRECTION ( 'NONE',  ( 0.000000000000000000, 0.000000000000000000, -1.000000000000000000 ) ) ;
#280 = AXIS2_PLACEMENT_3D ( 'NONE', #131, #609, #1261 ) ;
#281 = VECTOR ( 'NONE', #58, 1000.000000000000000 ) ;
#282 = DIRECTION ( 'NONE',  ( -0.000000000000000000, -0.000000000000000000, -1.000000000000000000 ) ) ;
#283 = CARTESIAN_POINT ( 'NONE',  ( -54.99999999999998579, 96.99999999999998579, 1.500000000000000000 ) ) ;
#284 = VECTOR ( 'NONE', #962, 1000.000000000000000 ) ;
#285 = CARTESIAN_POINT ( 'NONE',  ( 0.000000000000000000, 154.0000000000000000, 0.000000000000000000 ) ) ;
#286 =( NAMED_UNIT ( * ) PLANE_ANGLE_UNIT ( ) SI_UNIT ( $, .RADIAN. ) );
#287 = EDGE_CURVE ( 'NONE', #1427, #546, #1592, .T. ) ;
#288 = AXIS2_PLACEMENT_3D ( 'NONE', #777, #117, #129 ) ;
#289 = ORIENTED_EDGE ( 'NONE', *, *, #630, .T. ) ;
#290 = FACE_OUTER_BOUND ( 'NONE', #1109, .T. ) ;
#291 = EDGE_CURVE ( 'NONE', #1318, #843, #1217, .T. ) ;
#292 = ADVANCED_FACE ( 'NONE', ( #1155 ), #1634, .F. ) ;
#293 = ORIENTED_EDGE ( 'NONE', *, *, #1080, .F. ) ;
#294 = FACE_BOUND ( 'NONE', #1884, .T. ) ;
#295 = AXIS2_PLACEMENT_3D ( 'NONE', #547, #1223, #594 ) ;
#296 = DIRECTION ( 'NONE',  ( -0.000000000000000000, -0.000000000000000000, -1.000000000000000000 ) ) ;
#297 = FACE_BOUND ( 'NONE', #61, .T. ) ;
#298 = DIRECTION ( 'NONE',  ( -1.000000000000000000, 0.000000000000000000, -0.000000000000000000 ) ) ;
#299 = ORIENTED_EDGE ( 'NONE', *, *, #330, .T. ) ;
#300 = CARTESIAN_POINT ( 'NONE',  ( -96.00000000000002842, 77.00000000000000000, 1.500000000000000000 ) ) ;
#301 = ORIENTED_EDGE ( 'NONE', *, *, #1056, .F. ) ;
#302 = ADVANCED_FACE ( 'NONE', ( #328 ), #651, .T. ) ;
#303 = EDGE_CURVE ( 'NONE', #337, #884, #1758, .T. ) ;
#304 = EDGE_CURVE ( 'NONE', #180, #1954, #1649, .T. ) ;
#305 = DIRECTION ( 'NONE',  ( -1.000000000000000000, 0.000000000000000000, 0.000000000000000000 ) ) ;
#306 = DIRECTION ( 'NONE',  ( -0.000000000000000000, -0.000000000000000000, -1.000000000000000000 ) ) ;
#307 = FACE_BOUND ( 'NONE', #1035, .T. ) ;
#308 = VECTOR ( 'NONE', #1788, 1000.000000000000000 ) ;
#309 = DIRECTION ( 'NONE',  ( -0.000000000000000000, -0.000000000000000000, 1.000000000000000000 ) ) ;
#310 = EDGE_LOOP ( 'NONE', ( #1620, #680 ) ) ;
#311 = DIRECTION ( 'NONE',  ( -1.000000000000000000, 0.000000000000000000, 0.000000000000000000 ) ) ;
#312 = VERTEX_POINT ( 'NONE', #187 ) ;
#313 = CARTESIAN_POINT ( 'NONE',  ( -20.89230484541325694, 14.99999999999999822, -6.000000000000000000 ) ) ;
#314 = CARTESIAN_POINT ( 'NONE',  ( -96.00000000000004263, 16.99999999999998579, 4.000000000000000000 ) ) ;
#315 = VERTEX_POINT ( 'NONE', #1444 ) ;
#316 = DIRECTION ( 'NONE',  ( -1.000000000000000000, 0.000000000000000000, 0.000000000000000000 ) ) ;
#317 = FACE_BOUND ( 'NONE', #916, .T. ) ;
#318 = FACE_OUTER_BOUND ( 'NONE', #1961, .T. ) ;
#319 = VERTEX_POINT ( 'NONE', #1458 ) ;
#320 = CARTESIAN_POINT ( 'NONE',  ( -96.00000000000004263, 16.99999999999998579, 1.500000000000000000 ) ) ;
#321 = ORIENTED_EDGE ( 'NONE', *, *, #1926, .T. ) ;
#322 = AXIS2_PLACEMENT_3D ( 'NONE', #1514, #1965, #1358 ) ;
#323 = CIRCLE ( 'NONE', #1654, 1.649999999999991696 ) ;
#324 = CARTESIAN_POINT ( 'NONE',  ( -93.00000000000004263, 16.99999999999998579, 0.000000000000000000 ) ) ;
#325 = VECTOR ( 'NONE', #84, 1000.000000000000000 ) ;
#326 = DIRECTION ( 'NONE',  ( -1.000000000000000000, 0.000000000000000000, 0.000000000000000000 ) ) ;
#327 = DIRECTION ( 'NONE',  ( -1.000000000000000000, 0.000000000000000000, 0.000000000000000000 ) ) ;
#328 = FACE_OUTER_BOUND ( 'NONE', #1278, .T. ) ;
#329 = EDGE_CURVE ( 'NONE', #59, #92, #1572, .T. ) ;
#330 = EDGE_CURVE ( 'NONE', #1919, #45, #666, .T. ) ;
#331 = EDGE_CURVE ( 'NONE', #996, #1422, #1132, .T. ) ;
#332 = ORIENTED_EDGE ( 'NONE', *, *, #449, .F. ) ;
#333 = DIRECTION ( 'NONE',  ( -1.000000000000000000, 0.000000000000000000, 0.000000000000000000 ) ) ;
#334 = CONICAL_SURFACE ( 'NONE', #240, 7.500000000000001776, 0.2617993877991500740 ) ;
#335 = CARTESIAN_POINT ( 'NONE',  ( -6.999999999999985789, 137.0000000000000000, 0.000000000000000000 ) ) ;
#336 = EDGE_LOOP ( 'NONE', ( #1192, #1777, #865, #1969 ) ) ;
#337 = VERTEX_POINT ( 'NONE', #981 ) ;
#338 = DIRECTION ( 'NONE',  ( 0.000000000000000000, -0.000000000000000000, -1.000000000000000000 ) ) ;
#339 = CARTESIAN_POINT ( 'NONE',  ( -51.99999999999998579, 96.99999999999998579, 4.000000000000000000 ) ) ;
#340 = ORIENTED_EDGE ( 'NONE', *, *, #268, .F. ) ;
#341 = DIRECTION ( 'NONE',  ( -0.000000000000000000, -0.000000000000000000, -1.000000000000000000 ) ) ;
#342 = CARTESIAN_POINT ( 'NONE',  ( -14.99999999999998401, 139.0000000000000000, -6.000000000000000000 ) ) ;
#343 = ORIENTED_EDGE ( 'NONE', *, *, #81, .F. ) ;
#344 = ORIENTED_EDGE ( 'NONE', *, *, #825, .F. ) ;
#345 = LINE ( 'NONE', #971, #979 ) ;
#346 = EDGE_LOOP ( 'NONE', ( #767, #698 ) ) ;
#347 = ORIENTED_EDGE ( 'NONE', *, *, #329, .F. ) ;
#348 = CARTESIAN_POINT ( 'NONE',  ( -96.00000000000004263, 16.99999999999998579, 1.500000000000000000 ) ) ;
#349 = UNCERTAINTY_MEASURE_WITH_UNIT (LENGTH_MEASURE( 1.000000000000000082E-05 ), #1391, 'distance_accuracy_value', 'NONE');
#350 = CARTESIAN_POINT ( 'NONE',  ( -5.649999999999997691, 16.99999999999998579, 4.000000000000000000 ) ) ;
#351 = VERTEX_POINT ( 'NONE', #199 ) ;
#352 = CARTESIAN_POINT ( 'NONE',  ( -3.999999999999990674, 77.00000000000000000, 1.500000000000000000 ) ) ;
#353 = DIRECTION ( 'NONE',  ( -0.000000000000000000, -0.000000000000000000, -1.000000000000000000 ) ) ;
#354 = AXIS2_PLACEMENT_3D ( 'NONE', #957, #1879, #1714 ) ;
#355 = ORIENTED_EDGE ( 'NONE', *, *, #1426, .T. ) ;
#356 = CONICAL_SURFACE ( 'NONE', #938, 7.500000000000000000, 0.2617993877991500740 ) ;
#357 = DIRECTION ( 'NONE',  ( -0.000000000000000000, -0.000000000000000000, 1.000000000000000000 ) ) ;
#358 = CIRCLE ( 'NONE', #1779, 3.000000000000002665 ) ;
#359 = ORIENTED_EDGE ( 'NONE', *, *, #291, .T. ) ;
#360 = EDGE_CURVE ( 'NONE', #963, #1594, #830, .T. ) ;
#361 = ADVANCED_FACE ( 'NONE', ( #1295, #65 ), #1163, .T. ) ;
#362 = ORIENTED_EDGE ( 'NONE', *, *, #386, .F. ) ;
#363 = DIRECTION ( 'NONE',  ( -0.000000000000000000, -0.000000000000000000, -1.000000000000000000 ) ) ;
#364 = AXIS2_PLACEMENT_3D ( 'NONE', #1936, #1783, #333 ) ;
#365 = FACE_BOUND ( 'NONE', #152, .T. ) ;
#366 = DIRECTION ( 'NONE',  ( -1.000000000000000000, 0.000000000000000000, 0.000000000000000000 ) ) ;
#367 = EDGE_LOOP ( 'NONE', ( #1339, #905 ) ) ;
#368 = DIRECTION ( 'NONE',  ( -0.000000000000000000, -0.000000000000000000, -1.000000000000000000 ) ) ;
#369 = ORIENTED_EDGE ( 'NONE', *, *, #460, .T. ) ;
#370 = EDGE_LOOP ( 'NONE', ( #566, #538, #383, #243 ) ) ;
#371 = EDGE_CURVE ( 'NONE', #351, #1312, #580, .T. ) ;
#372 = CARTESIAN_POINT ( 'NONE',  ( -51.99999999999998579, 96.99999999999998579, 0.000000000000000000 ) ) ;
#373 = ORIENTED_EDGE ( 'NONE', *, *, #1365, .T. ) ;
#374 = DIRECTION ( 'NONE',  ( 0.000000000000000000, 0.000000000000000000, -1.000000000000000000 ) ) ;
#375 = EDGE_LOOP ( 'NONE', ( #873, #1178 ) ) ;
#376 = ORIENTED_EDGE ( 'NONE', *, *, #2010, .T. ) ;
#377 = CARTESIAN_POINT ( 'NONE',  ( -96.00000000000002842, 77.00000000000000000, 0.000000000000000000 ) ) ;
#378 = ORIENTED_EDGE ( 'NONE', *, *, #269, .T. ) ;
#379 = EDGE_CURVE ( 'NONE', #975, #1630, #689, .T. ) ;
#380 = AXIS2_PLACEMENT_3D ( 'NONE', #1303, #1941, #529 ) ;
#381 = ORIENTED_EDGE ( 'NONE', *, *, #1517, .F. ) ;
#382 = CARTESIAN_POINT ( 'NONE',  ( -53.64999999999997726, 56.99999999999997868, 4.000000000000000000 ) ) ;
#383 = ORIENTED_EDGE ( 'NONE', *, *, #1646, .F. ) ;
#384 = DIRECTION ( 'NONE',  ( 0.000000000000000000, 0.000000000000000000, -1.000000000000000000 ) ) ;
#385 = EDGE_CURVE ( 'NONE', #570, #1357, #156, .T. ) ;
#386 = EDGE_CURVE ( 'NONE', #1949, #1513, #1209, .T. ) ;
#387 = CYLINDRICAL_SURFACE ( 'NONE', #805, 1.650000000000005684 ) ;
#388 = DIRECTION ( 'NONE',  ( -0.000000000000000000, -0.000000000000000000, -1.000000000000000000 ) ) ;
#389 = ORIENTED_EDGE ( 'NONE', *, *, #371, .T. ) ;
#390 = DIRECTION ( 'NONE',  ( -0.000000000000000000, -0.000000000000000000, -1.000000000000000000 ) ) ;
#391 = CIRCLE ( 'NONE', #652, 1.649999999999998579 ) ;
#392 = DIRECTION ( 'NONE',  ( -1.000000000000000000, 0.000000000000000000, 0.000000000000000000 ) ) ;
#393 = VECTOR ( 'NONE', #327, 1000.000000000000000 ) ;
#394 = VERTEX_POINT ( 'NONE', #866 ) ;
#395 = CARTESIAN_POINT ( 'NONE',  ( -97.65000000000003411, 137.0000000000000000, 4.000000000000000000 ) ) ;
#396 = EDGE_CURVE ( 'NONE', #1422, #26, #1479, .T. ) ;
#397 = CARTESIAN_POINT ( 'NONE',  ( -96.00000000000004263, 16.99999999999998579, 4.000000000000000000 ) ) ;
#398 = EDGE_CURVE ( 'NONE', #1162, #1345, #588, .T. ) ;
#399 = ADVANCED_FACE ( 'NONE', ( #542 ), #1010, .F. ) ;
#400 = CIRCLE ( 'NONE', #1582, 3.000000000000002665 ) ;
#401 = CARTESIAN_POINT ( 'NONE',  ( -96.00000000000002842, 77.00000000000000000, 0.000000000000000000 ) ) ;
#402 = EDGE_LOOP ( 'NONE', ( #373, #1641 ) ) ;
#403 = AXIS2_PLACEMENT_3D ( 'NONE', #965, #648, #1755 ) ;
#404 = CIRCLE ( 'NONE', #1480, 3.000000000000002665 ) ;
#405 = CARTESIAN_POINT ( 'NONE',  ( -100.0000000000000000, 0.000000000000000000, 4.000000000000000000 ) ) ;
#406 = DIRECTION ( 'NONE',  ( 0.000000000000000000, 0.000000000000000000, -1.000000000000000000 ) ) ;
#407 = ORIENTED_EDGE ( 'NONE', *, *, #1492, .F. ) ;
#408 = CYLINDRICAL_SURFACE ( 'NONE', #1280, 3.000000000000002665 ) ;
#409 = DIRECTION ( 'NONE',  ( -1.000000000000000000, 0.000000000000000000, 0.000000000000000000 ) ) ;
#410 = DIRECTION ( 'NONE',  ( -1.000000000000000000, 0.000000000000000000, 0.000000000000000000 ) ) ;
#411 = VERTEX_POINT ( 'NONE', #1350 ) ;
#412 = LINE ( 'NONE', #1037, #1570 ) ;
#413 = DIRECTION ( 'NONE',  ( -1.000000000000000000, 0.000000000000000000, 0.000000000000000000 ) ) ;
#414 = ORIENTED_EDGE ( 'NONE', *, *, #1706, .F. ) ;
#415 = CARTESIAN_POINT ( 'NONE',  ( -96.00000000000001421, 137.0000000000000000, 1.500000000000000000 ) ) ;
#416 = CARTESIAN_POINT ( 'NONE',  ( -53.64999999999997726, 96.99999999999998579, 1.500000000000000000 ) ) ;
#417 = CARTESIAN_POINT ( 'NONE',  ( -3.999999999999997335, 16.99999999999998579, 1.500000000000000000 ) ) ;
#418 = VERTEX_POINT ( 'NONE', #874 ) ;
#419 = PRODUCT_DEFINITION_FORMATION_WITH_SPECIFIED_SOURCE ( 'ANY', '', #1475, .NOT_KNOWN. ) ;
#420 = CARTESIAN_POINT ( 'NONE',  ( -93.00000000000001421, 137.0000000000000000, 1.500000000000000000 ) ) ;
#421 = ADVANCED_FACE ( 'NONE', ( #722 ), #408, .F. ) ;
#422 = CARTESIAN_POINT ( 'NONE',  ( -53.00000000000004263, 4.000000000000000000, 0.000000000000000000 ) ) ;
#423 = EDGE_CURVE ( 'NONE', #1156, #721, #125, .T. ) ;
#424 = AXIS2_PLACEMENT_3D ( 'NONE', #735, #902, #1821 ) ;
#425 = EDGE_CURVE ( 'NONE', #1513, #1949, #400, .T. ) ;
#426 = AXIS2_PLACEMENT_3D ( 'NONE', #1253, #807, #1079 ) ;
#427 = DIRECTION ( 'NONE',  ( -0.000000000000000000, -0.000000000000000000, -1.000000000000000000 ) ) ;
#428 = AXIS2_PLACEMENT_3D ( 'NONE', #1681, #74, #858 ) ;
#429 = FACE_OUTER_BOUND ( 'NONE', #1222, .T. ) ;
#430 = DIRECTION ( 'NONE',  ( 0.000000000000000000, 0.000000000000000000, -1.000000000000000000 ) ) ;
#431 = VECTOR ( 'NONE', #1352, 1000.000000000000000 ) ;
#432 = ORIENTED_EDGE ( 'NONE', *, *, #1704, .T. ) ;
#433 = VECTOR ( 'NONE', #571, 1000.000000000000000 ) ;
#434 = CARTESIAN_POINT ( 'NONE',  ( -50.34999999999999432, 96.99999999999998579, 4.000000000000000000 ) ) ;
#435 = AXIS2_PLACEMENT_3D ( 'NONE', #196, #636, #79 ) ;
#436 = CYLINDRICAL_SURFACE ( 'NONE', #1914, 3.000000000000000888 ) ;
#437 = CIRCLE ( 'NONE', #169, 1.650000000000000355 ) ;
#438 = DIRECTION ( 'NONE',  ( 0.000000000000000000, 1.000000000000000000, 0.000000000000000000 ) ) ;
#439 = CYLINDRICAL_SURFACE ( 'NONE', #898, 3.000000000000002665 ) ;
#440 = CIRCLE ( 'NONE', #506, 3.000000000000002665 ) ;
#441 = DIRECTION ( 'NONE',  ( -0.000000000000000000, -0.000000000000000000, -1.000000000000000000 ) ) ;
#442 = ORIENTED_EDGE ( 'NONE', *, *, #1551, .T. ) ;
#443 = UNCERTAINTY_MEASURE_WITH_UNIT (LENGTH_MEASURE( 1.000000000000000082E-05 ), #1384, 'distance_accuracy_value', 'NONE');
#444 = CARTESIAN_POINT ( 'NONE',  ( -9.107695154586721742, 139.0000000000000000, -6.000000000000000000 ) ) ;
#445 = CARTESIAN_POINT ( 'NONE',  ( -93.00000000000002842, 77.00000000000000000, 1.500000000000000000 ) ) ;
#446 = CARTESIAN_POINT ( 'NONE',  ( -3.999999999999997335, 16.99999999999998579, 0.000000000000000000 ) ) ;
#447 = DIRECTION ( 'NONE',  ( 0.000000000000000000, 0.000000000000000000, -1.000000000000000000 ) ) ;
#448 = ADVANCED_FACE ( 'NONE', ( #705, #1497 ), #1049, .T. ) ;
#449 = EDGE_CURVE ( 'NONE', #1031, #105, #885, .T. ) ;
#450 = VERTEX_POINT ( 'NONE', #1486 ) ;
#451 = CARTESIAN_POINT ( 'NONE',  ( -51.99999999999998579, 96.99999999999998579, 1.500000000000000000 ) ) ;
#452 = VERTEX_POINT ( 'NONE', #395 ) ;
#453 = AXIS2_PLACEMENT_3D ( 'NONE', #401, #430, #410 ) ;
#454 = DIRECTION ( 'NONE',  ( -1.000000000000000000, 0.000000000000000000, -0.000000000000000000 ) ) ;
#455 = CARTESIAN_POINT ( 'NONE',  ( -5.649999999999997691, 16.99999999999998579, 4.000000000000000000 ) ) ;
#456 = AXIS2_PLACEMENT_3D ( 'NONE', #1567, #154, #1413 ) ;
#457 = FACE_BOUND ( 'NONE', #531, .T. ) ;
#458 = DIRECTION ( 'NONE',  ( 0.000000000000000000, 0.000000000000000000, -1.000000000000000000 ) ) ;
#459 = AXIS2_PLACEMENT_3D ( 'NONE', #1745, #487, #1118 ) ;
#460 = EDGE_CURVE ( 'NONE', #411, #252, #1656, .T. ) ;
#461 = EDGE_LOOP ( 'NONE', ( #219, #1708, #78, #1928 ) ) ;
#462 = EDGE_CURVE ( 'NONE', #1019, #92, #712, .T. ) ;
#463 = CARTESIAN_POINT ( 'NONE',  ( 0.000000000000000000, 0.000000000000000000, 4.000000000000000000 ) ) ;
#464 = EDGE_LOOP ( 'NONE', ( #993, #988, #1920, #1586 ) ) ;
#465 = DIRECTION ( 'NONE',  ( -1.000000000000000000, 0.000000000000000000, 0.000000000000000000 ) ) ;
#466 = AXIS2_PLACEMENT_3D ( 'NONE', #1613, #1441, #32 ) ;
#467 = LINE ( 'NONE', #1085, #1786 ) ;
#468 = ORIENTED_EDGE ( 'NONE', *, *, #1515, .F. ) ;
#469 = DIRECTION ( 'NONE',  ( -1.000000000000000000, 0.000000000000000000, 0.000000000000000000 ) ) ;
#470 = APPLICATION_PROTOCOL_DEFINITION ( 'draft international standard', 'automotive_design', 1998, #1296 ) ;
#471 = ORIENTED_EDGE ( 'NONE', *, *, #1578, .F. ) ;
#472 = CARTESIAN_POINT ( 'NONE',  ( -6.999999999999991118, 77.00000000000000000, 1.500000000000000000 ) ) ;
#473 = ORIENTED_EDGE ( 'NONE', *, *, #179, .T. ) ;
#474 = DIRECTION ( 'NONE',  ( -1.000000000000000000, 0.000000000000000000, 0.000000000000000000 ) ) ;
#475 = LINE ( 'NONE', #1065, #720 ) ;
#476 = DIRECTION ( 'NONE',  ( -0.000000000000000000, -0.000000000000000000, -1.000000000000000000 ) ) ;
#477 = FACE_OUTER_BOUND ( 'NONE', #367, .T. ) ;
#478 = ORIENTED_EDGE ( 'NONE', *, *, #1206, .T. ) ;
#479 = DIRECTION ( 'NONE',  ( -1.000000000000000000, 0.000000000000000000, 0.000000000000000000 ) ) ;
#480 = VERTEX_POINT ( 'NONE', #249 ) ;
#481 = EDGE_CURVE ( 'NONE', #1318, #1045, #1183, .T. ) ;
#482 = ADVANCED_FACE ( 'NONE', ( #1193 ), #1235, .F. ) ;
#483 = DIRECTION ( 'NONE',  ( -1.000000000000000000, 0.000000000000000000, 0.000000000000000000 ) ) ;
#484 = EDGE_CURVE ( 'NONE', #802, #1919, #857, .T. ) ;
#485 = CARTESIAN_POINT ( 'NONE',  ( -96.00000000000001421, 137.0000000000000000, 4.000000000000000000 ) ) ;
#486 = ORIENTED_EDGE ( 'NONE', *, *, #484, .T. ) ;
#487 = DIRECTION ( 'NONE',  ( 0.000000000000000000, 0.000000000000000000, -1.000000000000000000 ) ) ;
#488 = CARTESIAN_POINT ( 'NONE',  ( -51.99999999999998579, 56.99999999999997868, 1.500000000000000000 ) ) ;
#489 = EDGE_LOOP ( 'NONE', ( #49, #947 ) ) ;
#490 = LINE ( 'NONE', #1892, #191 ) ;
#491 = AXIS2_PLACEMENT_3D ( 'NONE', #980, #1615, #198 ) ;
#492 = ORIENTED_EDGE ( 'NONE', *, *, #29, .T. ) ;
#493 = AXIS2_PLACEMENT_3D ( 'NONE', #266, #1474, #1171 ) ;
#494 = ORIENTED_EDGE ( 'NONE', *, *, #906, .F. ) ;
#495 = PLANE ( 'NONE',  #1196 ) ;
#496 = AXIS2_PLACEMENT_3D ( 'NONE', #899, #1387, #305 ) ;
#497 = DIRECTION ( 'NONE',  ( -1.000000000000000000, 0.000000000000000000, 0.000000000000000000 ) ) ;
#498 = ORIENTED_EDGE ( 'NONE', *, *, #1426, .F. ) ;
#499 = CIRCLE ( 'NONE', #1245, 1.649999999999991696 ) ;
#500 = CARTESIAN_POINT ( 'NONE',  ( -96.00000000000001421, 137.0000000000000000, 1.500000000000000000 ) ) ;
#501 = VECTOR ( 'NONE', #1084, 1000.000000000000000 ) ;
#502 = DIRECTION ( 'NONE',  ( 0.000000000000000000, 0.000000000000000000, -1.000000000000000000 ) ) ;
#503 = ORIENTED_EDGE ( 'NONE', *, *, #909, .T. ) ;
#504 = DIRECTION ( 'NONE',  ( 0.000000000000000000, 0.000000000000000000, -1.000000000000000000 ) ) ;
#505 = ORIENTED_EDGE ( 'NONE', *, *, #1950, .F. ) ;
#506 = AXIS2_PLACEMENT_3D ( 'NONE', #532, #374, #844 ) ;
#507 = EDGE_LOOP ( 'NONE', ( #1562, #775, #1113, #1610 ) ) ;
#508 = DIRECTION ( 'NONE',  ( 0.000000000000000000, 0.000000000000000000, -1.000000000000000000 ) ) ;
#509 = CARTESIAN_POINT ( 'NONE',  ( -47.00000000000000000, 150.0000000000000000, 1.500000000000000000 ) ) ;
#510 = ORIENTED_EDGE ( 'NONE', *, *, #1517, .T. ) ;
#511 = CARTESIAN_POINT ( 'NONE',  ( -20.89230484541324628, 139.0000000000000000, -6.000000000000000000 ) ) ;
#512 = DIRECTION ( 'NONE',  ( -0.000000000000000000, -0.000000000000000000, -1.000000000000000000 ) ) ;
#513 = ORIENTED_EDGE ( 'NONE', *, *, #166, .F. ) ;
#514 = ADVANCED_FACE ( 'NONE', ( #776 ), #1369, .F. ) ;
#515 = EDGE_CURVE ( 'NONE', #47, #168, #1529, .T. ) ;
#516 = DIRECTION ( 'NONE',  ( -0.000000000000000000, -0.000000000000000000, -1.000000000000000000 ) ) ;
#517 = ORIENTED_EDGE ( 'NONE', *, *, #674, .F. ) ;
#518 = EDGE_LOOP ( 'NONE', ( #1404, #1216, #924, #634 ) ) ;
#519 = DIRECTION ( 'NONE',  ( -0.000000000000000000, -1.000000000000000000, -0.000000000000000000 ) ) ;
#520 = CARTESIAN_POINT ( 'NONE',  ( -2.349999999999976552, 137.0000000000000000, 4.000000000000000000 ) ) ;
#521 = DIRECTION ( 'NONE',  ( -1.000000000000000000, 0.000000000000000000, 0.000000000000000000 ) ) ;
#522 = EDGE_LOOP ( 'NONE', ( #473, #834 ) ) ;
#523 = CIRCLE ( 'NONE', #1673, 3.000000000000002665 ) ;
#524 = CARTESIAN_POINT ( 'NONE',  ( -53.64999999999997726, 56.99999999999997868, 1.500000000000000000 ) ) ;
#525 = CIRCLE ( 'NONE', #747, 1.650000000000012568 ) ;
#526 = ORIENTED_EDGE ( 'NONE', *, *, #1028, .T. ) ;
#527 = ORIENTED_EDGE ( 'NONE', *, *, #549, .T. ) ;
#528 = AXIS2_PLACEMENT_3D ( 'NONE', #106, #1835, #1048 ) ;
#529 = DIRECTION ( 'NONE',  ( -1.000000000000000000, 0.000000000000000000, 0.000000000000000000 ) ) ;
#530 = APPLICATION_CONTEXT ( 'automotive_design' ) ;
#531 = EDGE_LOOP ( 'NONE', ( #1224, #1597 ) ) ;
#532 = CARTESIAN_POINT ( 'NONE',  ( -96.00000000000004263, 16.99999999999998579, 0.000000000000000000 ) ) ;
#533 = EDGE_LOOP ( 'NONE', ( #1182, #576 ) ) ;
#534 = EDGE_LOOP ( 'NONE', ( #1159, #1956, #1110, #1459 ) ) ;
#535 = CIRCLE ( 'NONE', #1849, 3.000000000000000888 ) ;
#536 = CARTESIAN_POINT ( 'NONE',  ( -50.00000000000003553, 4.000000000000000000, 1.500000000000000000 ) ) ;
#537 = ORIENTED_EDGE ( 'NONE', *, *, #850, .F. ) ;
#538 = ORIENTED_EDGE ( 'NONE', *, *, #481, .T. ) ;
#539 = AXIS2_PLACEMENT_3D ( 'NONE', #1888, #1214, #943 ) ;
#540 = DIRECTION ( 'NONE',  ( -0.000000000000000000, -0.000000000000000000, 1.000000000000000000 ) ) ;
#541 = ORIENTED_EDGE ( 'NONE', *, *, #1550, .F. ) ;
#542 = FACE_OUTER_BOUND ( 'NONE', #601, .T. ) ;
#543 = PRODUCT_DEFINITION_SHAPE ( 'NONE', 'NONE',  #724 ) ;
#544 = ORIENTED_EDGE ( 'NONE', *, *, #27, .F. ) ;
#545 = DIRECTION ( 'NONE',  ( -0.000000000000000000, -0.000000000000000000, -1.000000000000000000 ) ) ;
#546 = VERTEX_POINT ( 'NONE', #604 ) ;
#547 = CARTESIAN_POINT ( 'NONE',  ( -85.00000000000000000, 14.99999999999998757, 0.000000000000000000 ) ) ;
#548 = CYLINDRICAL_SURFACE ( 'NONE', #927, 1.649999999999998579 ) ;
#549 = EDGE_CURVE ( 'NONE', #92, #59, #1845, .T. ) ;
#550 = EDGE_CURVE ( 'NONE', #970, #1520, #1747, .T. ) ;
#551 = ADVANCED_FACE ( 'NONE', ( #585, #294 ), #1523, .T. ) ;
#552 = ORIENTED_EDGE ( 'NONE', *, *, #872, .F. ) ;
#553 = DIRECTION ( 'NONE',  ( -1.000000000000000000, 0.000000000000000000, 0.000000000000000000 ) ) ;
#554 = ADVANCED_FACE ( 'NONE', ( #741 ), #436, .F. ) ;
#555 = DIRECTION ( 'NONE',  ( -0.000000000000000000, -0.000000000000000000, -1.000000000000000000 ) ) ;
#556 = CARTESIAN_POINT ( 'NONE',  ( -92.50000000000001421, 139.0000000000000000, 0.000000000000000000 ) ) ;
#557 = EDGE_LOOP ( 'NONE', ( #1629, #181, #1723, #791 ) ) ;
#558 = DIRECTION ( 'NONE',  ( -0.000000000000000000, -0.000000000000000000, -1.000000000000000000 ) ) ;
#559 = AXIS2_PLACEMENT_3D ( 'NONE', #786, #1918, #622 ) ;
#560 = DIRECTION ( 'NONE',  ( 0.2588190451025213501, -3.169619151431772337E-17, 0.9659258262890680902 ) ) ;
#561 = CIRCLE ( 'NONE', #1709, 3.000000000000000000 ) ;
#562 = VERTEX_POINT ( 'NONE', #1885 ) ;
#563 = DIRECTION ( 'NONE',  ( -0.000000000000000000, -0.000000000000000000, -1.000000000000000000 ) ) ;
#564 = CARTESIAN_POINT ( 'NONE',  ( -51.99999999999998579, 96.99999999999998579, 1.500000000000000000 ) ) ;
#565 = CARTESIAN_POINT ( 'NONE',  ( -77.49999999999997158, 139.0000000000000000, 0.000000000000000000 ) ) ;
#566 = ORIENTED_EDGE ( 'NONE', *, *, #291, .F. ) ;
#567 = AXIS2_PLACEMENT_3D ( 'NONE', #314, #1689, #1875 ) ;
#568 = FACE_OUTER_BOUND ( 'NONE', #370, .T. ) ;
#569 = CYLINDRICAL_SURFACE ( 'NONE', #1725, 3.000000000000000000 ) ;
#570 = VERTEX_POINT ( 'NONE', #596 ) ;
#571 = DIRECTION ( 'NONE',  ( -0.000000000000000000, -0.000000000000000000, -1.000000000000000000 ) ) ;
#572 = ADVANCED_FACE ( 'NONE', ( #1406 ), #929, .F. ) ;
#573 = CARTESIAN_POINT ( 'NONE',  ( -93.00000000000001421, 137.0000000000000000, 0.000000000000000000 ) ) ;
#574 = DIRECTION ( 'NONE',  ( 0.000000000000000000, 0.000000000000000000, -1.000000000000000000 ) ) ;
#575 = ADVANCED_FACE ( 'NONE', ( #1552 ), #1211, .T. ) ;
#576 = ORIENTED_EDGE ( 'NONE', *, *, #57, .T. ) ;
#577 = EDGE_CURVE ( 'NONE', #248, #1832, #946, .T. ) ;
#578 = AXIS2_PLACEMENT_3D ( 'NONE', #1598, #508, #1128 ) ;
#579 = CARTESIAN_POINT ( 'NONE',  ( -3.999999999999997335, 16.99999999999998579, 1.500000000000000000 ) ) ;
#580 = LINE ( 'NONE', #1021, #1276 ) ;
#581 = CYLINDRICAL_SURFACE ( 'NONE', #1527, 3.000000000000002665 ) ;
#582 = DIRECTION ( 'NONE',  ( -1.000000000000000000, 0.000000000000000000, -0.000000000000000000 ) ) ;
#583 = ORIENTED_EDGE ( 'NONE', *, *, #758, .T. ) ;
#584 = LINE ( 'NONE', #420, #1047 ) ;
#585 = FACE_OUTER_BOUND ( 'NONE', #2025, .T. ) ;
#586 = CIRCLE ( 'NONE', #1644, 1.649999999999991696 ) ;
#587 = LINE ( 'NONE', #1886, #1346 ) ;
#588 = CIRCLE ( 'NONE', #1741, 1.649999999999999467 ) ;
#589 = DIRECTION ( 'NONE',  ( -1.000000000000000000, 0.000000000000000000, 0.000000000000000000 ) ) ;
#590 = FACE_OUTER_BOUND ( 'NONE', #1470, .T. ) ;
#591 = ADVANCED_FACE ( 'NONE', ( #624, #1855 ), #1247, .T. ) ;
#592 = ORIENTED_EDGE ( 'NONE', *, *, #1121, .T. ) ;
#593 = VECTOR ( 'NONE', #2028, 1000.000000000000000 ) ;
#594 = DIRECTION ( 'NONE',  ( -1.000000000000000000, 0.000000000000000000, 0.000000000000000000 ) ) ;
#595 = EDGE_CURVE ( 'NONE', #821, #1954, #1688, .T. ) ;
#596 = CARTESIAN_POINT ( 'NONE',  ( -53.00000000000000711, 150.0000000000000000, 1.500000000000000000 ) ) ;
#597 = EDGE_CURVE ( 'NONE', #796, #2035, #893, .T. ) ;
#598 = FACE_OUTER_BOUND ( 'NONE', #461, .T. ) ;
#599 = FACE_BOUND ( 'NONE', #1685, .T. ) ;
#600 = CIRCLE ( 'NONE', #1002, 1.649999999999991696 ) ;
#601 = EDGE_LOOP ( 'NONE', ( #1392, #1574, #347, #1277 ) ) ;
#602 = CARTESIAN_POINT ( 'NONE',  ( -50.00000000000000000, 150.0000000000000000, 4.000000000000000000 ) ) ;
#603 = ORIENTED_EDGE ( 'NONE', *, *, #909, .F. ) ;
#604 = CARTESIAN_POINT ( 'NONE',  ( -0.9999999999999895639, 77.00000000000000000, 0.000000000000000000 ) ) ;
#605 = DIRECTION ( 'NONE',  ( -1.000000000000000000, 0.000000000000000000, 0.000000000000000000 ) ) ;
#606 = EDGE_CURVE ( 'NONE', #1636, #73, #137, .T. ) ;
#607 = EDGE_CURVE ( 'NONE', #1019, #1946, #1115, .T. ) ;
#608 = DIRECTION ( 'NONE',  ( -0.000000000000000000, -0.000000000000000000, -1.000000000000000000 ) ) ;
#609 = DIRECTION ( 'NONE',  ( 0.000000000000000000, 0.000000000000000000, -1.000000000000000000 ) ) ;
#610 = ORIENTED_EDGE ( 'NONE', *, *, #1706, .T. ) ;
#611 = CARTESIAN_POINT ( 'NONE',  ( -50.00000000000003553, 4.000000000000000000, 0.000000000000000000 ) ) ;
#612 = ORIENTED_EDGE ( 'NONE', *, *, #1861, .T. ) ;
#613 = AXIS2_PLACEMENT_3D ( 'NONE', #1851, #441, #1499 ) ;
#614 = AXIS2_PLACEMENT_3D ( 'NONE', #1968, #994, #1793 ) ;
#615 = DIRECTION ( 'NONE',  ( -1.000000000000000000, 0.000000000000000000, -0.000000000000000000 ) ) ;
#616 = CARTESIAN_POINT ( 'NONE',  ( -5.649999999999989697, 77.00000000000000000, 1.500000000000000000 ) ) ;
#617 = CIRCLE ( 'NONE', #818, 1.649999999999991696 ) ;
#618 = FACE_OUTER_BOUND ( 'NONE', #676, .T. ) ;
#619 = CARTESIAN_POINT ( 'NONE',  ( -93.00000000000002842, 77.00000000000000000, 0.000000000000000000 ) ) ;
#620 = VECTOR ( 'NONE', #940, 1000.000000000000000 ) ;
#621 = EDGE_LOOP ( 'NONE', ( #1040, #840, #657, #1154 ) ) ;
#622 = DIRECTION ( 'NONE',  ( -1.000000000000000000, 0.000000000000000000, 0.000000000000000000 ) ) ;
#623 = EDGE_LOOP ( 'NONE', ( #833, #340 ) ) ;
#624 = FACE_OUTER_BOUND ( 'NONE', #204, .T. ) ;
#625 = VECTOR ( 'NONE', #1417, 1000.000000000000000 ) ;
#626 = DIRECTION ( 'NONE',  ( -0.000000000000000000, -0.000000000000000000, -1.000000000000000000 ) ) ;
#627 = VERTEX_POINT ( 'NONE', #1116 ) ;
#628 = CARTESIAN_POINT ( 'NONE',  ( -5.649999999999989697, 77.00000000000000000, 4.000000000000000000 ) ) ;
#629 = VERTEX_POINT ( 'NONE', #800 ) ;
#630 = EDGE_CURVE ( 'NONE', #1787, #45, #67, .T. ) ;
#631 = CYLINDRICAL_SURFACE ( 'NONE', #910, 1.650000000000007461 ) ;
#632 = EDGE_CURVE ( 'NONE', #1428, #1636, #323, .T. ) ;
#633 = EDGE_CURVE ( 'NONE', #450, #1541, #30, .T. ) ;
#634 = ORIENTED_EDGE ( 'NONE', *, *, #1229, .F. ) ;
#635 = DIRECTION ( 'NONE',  ( -1.000000000000000000, 0.000000000000000000, 0.000000000000000000 ) ) ;
#636 = DIRECTION ( 'NONE',  ( -0.000000000000000000, -0.000000000000000000, -1.000000000000000000 ) ) ;
#637 = ORIENTED_EDGE ( 'NONE', *, *, #1537, .T. ) ;
#638 = CYLINDRICAL_SURFACE ( 'NONE', #95, 3.000000000000000888 ) ;
#639 = DIRECTION ( 'NONE',  ( 0.000000000000000000, 0.000000000000000000, -1.000000000000000000 ) ) ;
#640 = CARTESIAN_POINT ( 'NONE',  ( -50.00000000000003553, 4.000000000000000000, 1.500000000000000000 ) ) ;
#641 = EDGE_LOOP ( 'NONE', ( #33, #1880, #1800, #494 ) ) ;
#642 = VERTEX_POINT ( 'NONE', #1416 ) ;
#643 = DIRECTION ( 'NONE',  ( -1.000000000000000000, 0.000000000000000000, 0.000000000000000000 ) ) ;
#644 = EDGE_LOOP ( 'NONE', ( #814, #1891, #678, #225 ) ) ;
#645 = ORIENTED_EDGE ( 'NONE', *, *, #460, .F. ) ;
#646 = DIRECTION ( 'NONE',  ( 0.000000000000000000, 0.000000000000000000, -1.000000000000000000 ) ) ;
#647 = AXIS2_PLACEMENT_3D ( 'NONE', #8, #309, #783 ) ;
#648 = DIRECTION ( 'NONE',  ( -0.000000000000000000, -0.000000000000000000, 1.000000000000000000 ) ) ;
#649 = EDGE_LOOP ( 'NONE', ( #486, #263 ) ) ;
#650 = DIRECTION ( 'NONE',  ( -1.000000000000000000, 0.000000000000000000, 0.000000000000000000 ) ) ;
#651 = PLANE ( 'NONE',  #1842 ) ;
#652 = AXIS2_PLACEMENT_3D ( 'NONE', #737, #897, #1528 ) ;
#653 = VERTEX_POINT ( 'NONE', #1439 ) ;
#654 = DIRECTION ( 'NONE',  ( 0.000000000000000000, 0.000000000000000000, -1.000000000000000000 ) ) ;
#655 = CIRCLE ( 'NONE', #1015, 1.650000000000012568 ) ;
#656 = ORIENTED_EDGE ( 'NONE', *, *, #577, .T. ) ;
#657 = ORIENTED_EDGE ( 'NONE', *, *, #1976, .T. ) ;
#658 = DIRECTION ( 'NONE',  ( 0.000000000000000000, 0.000000000000000000, -1.000000000000000000 ) ) ;
#659 = PRODUCT_DEFINITION_CONTEXT ( 'detailed design', #1296, 'design' ) ;
#660 = DIRECTION ( 'NONE',  ( -1.000000000000000000, 0.000000000000000000, 0.000000000000000000 ) ) ;
#661 = EDGE_CURVE ( 'NONE', #278, #1312, #404, .T. ) ;
#662 = ORIENTED_EDGE ( 'NONE', *, *, #1298, .T. ) ;
#663 = CIRCLE ( 'NONE', #1816, 1.649999999999999467 ) ;
#664 = EDGE_CURVE ( 'NONE', #884, #1556, #952, .T. ) ;
#665 = CARTESIAN_POINT ( 'NONE',  ( -99.00000000000001421, 137.0000000000000000, 1.500000000000000000 ) ) ;
#666 = LINE ( 'NONE', #1925, #751 ) ;
#667 = ORIENTED_EDGE ( 'NONE', *, *, #1038, .T. ) ;
#668 = LINE ( 'NONE', #1929, #2003 ) ;
#669 = ORIENTED_EDGE ( 'NONE', *, *, #398, .F. ) ;
#670 = VERTEX_POINT ( 'NONE', #835 ) ;
#671 = FACE_OUTER_BOUND ( 'NONE', #135, .T. ) ;
#672 = DIRECTION ( 'NONE',  ( 1.000000000000000000, -0.000000000000000000, -0.000000000000000000 ) ) ;
#673 = DIRECTION ( 'NONE',  ( -0.000000000000000000, -0.000000000000000000, -1.000000000000000000 ) ) ;
#674 = EDGE_CURVE ( 'NONE', #221, #821, #128, .T. ) ;
#675 = EDGE_CURVE ( 'NONE', #272, #351, #1023, .T. ) ;
#676 = EDGE_LOOP ( 'NONE', ( #1775, #160, #1197, #1655 ) ) ;
#677 = AXIS2_PLACEMENT_3D ( 'NONE', #348, #976, #195 ) ;
#678 = ORIENTED_EDGE ( 'NONE', *, *, #1361, .T. ) ;
#679 = CARTESIAN_POINT ( 'NONE',  ( -51.99999999999998579, 56.99999999999997868, 1.500000000000000000 ) ) ;
#680 = ORIENTED_EDGE ( 'NONE', *, *, #1926, .F. ) ;
#681 = DIRECTION ( 'NONE',  ( 0.000000000000000000, 0.000000000000000000, -1.000000000000000000 ) ) ;
#682 = DIRECTION ( 'NONE',  ( -1.000000000000000000, 0.000000000000000000, 0.000000000000000000 ) ) ;
#683 = CARTESIAN_POINT ( 'NONE',  ( -96.00000000000002842, 77.00000000000000000, 1.500000000000000000 ) ) ;
#684 = CARTESIAN_POINT ( 'NONE',  ( -51.99999999999998579, 56.99999999999997868, 0.000000000000000000 ) ) ;
#685 = CARTESIAN_POINT ( 'NONE',  ( -100.0000000000000000, 0.000000000000000000, 4.000000000000000000 ) ) ;
#686 = CIRCLE ( 'NONE', #24, 3.000000000000002665 ) ;
#687 = ORIENTED_EDGE ( 'NONE', *, *, #1122, .F. ) ;
#688 = ORIENTED_EDGE ( 'NONE', *, *, #1174, .F. ) ;
#689 = CIRCLE ( 'NONE', #66, 3.000000000000002665 ) ;
#690 = AXIS2_PLACEMENT_3D ( 'NONE', #1064, #1218, #474 ) ;
#691 = CYLINDRICAL_SURFACE ( 'NONE', #1558, 1.649999999999991696 ) ;
#692 = CIRCLE ( 'NONE', #2040, 7.500000000000000000 ) ;
#693 = ORIENTED_EDGE ( 'NONE', *, *, #871, .F. ) ;
#694 = DIRECTION ( 'NONE',  ( 0.000000000000000000, 0.000000000000000000, -1.000000000000000000 ) ) ;
#695 = ORIENTED_EDGE ( 'NONE', *, *, #1186, .T. ) ;
#696 = CIRCLE ( 'NONE', #295, 7.499999999999992895 ) ;
#697 = DIRECTION ( 'NONE',  ( -0.000000000000000000, -0.000000000000000000, -1.000000000000000000 ) ) ;
#698 = ORIENTED_EDGE ( 'NONE', *, *, #423, .T. ) ;
#699 = ADVANCED_FACE ( 'NONE', ( #671 ), #1256, .F. ) ;
#700 = LINE ( 'NONE', #350, #127 ) ;
#701 = EDGE_CURVE ( 'NONE', #843, #642, #183, .T. ) ;
#702 = VECTOR ( 'NONE', #218, 1000.000000000000000 ) ;
#703 = CARTESIAN_POINT ( 'NONE',  ( -51.65000000000000568, 150.0000000000000000, 4.000000000000000000 ) ) ;
#704 = ORIENTED_EDGE ( 'NONE', *, *, #632, .T. ) ;
#705 = FACE_OUTER_BOUND ( 'NONE', #533, .T. ) ;
#706 = CARTESIAN_POINT ( 'NONE',  ( -5.649999999999991473, 137.0000000000000000, 4.000000000000000000 ) ) ;
#707 = DIRECTION ( 'NONE',  ( -0.000000000000000000, -0.000000000000000000, 1.000000000000000000 ) ) ;
#708 = EDGE_LOOP ( 'NONE', ( #1603, #1014, #610, #1127 ) ) ;
#709 = DIRECTION ( 'NONE',  ( -0.000000000000000000, -0.000000000000000000, -1.000000000000000000 ) ) ;
#710 = CARTESIAN_POINT ( 'NONE',  ( -50.00000000000000000, 150.0000000000000000, 1.500000000000000000 ) ) ;
#711 = VERTEX_POINT ( 'NONE', #324 ) ;
#712 = LINE ( 'NONE', #1986, #1483 ) ;
#713 = FACE_OUTER_BOUND ( 'NONE', #1720, .T. ) ;
#714 = CARTESIAN_POINT ( 'NONE',  ( -22.49999999999998579, 139.0000000000000000, 0.000000000000000000 ) ) ;
#715 = AXIS2_PLACEMENT_3D ( 'NONE', #1478, #707, #220 ) ;
#716 = ORIENTED_EDGE ( 'NONE', *, *, #1911, .T. ) ;
#717 = SURFACE_SIDE_STYLE ('',( #1501 ) ) ;
#718 = AXIS2_PLACEMENT_3D ( 'NONE', #320, #1584, #167 ) ;
#719 = CARTESIAN_POINT ( 'NONE',  ( -22.49999999999998579, 139.0000000000000000, 0.000000000000000000 ) ) ;
#720 = VECTOR ( 'NONE', #296, 1000.000000000000000 ) ;
#721 = VERTEX_POINT ( 'NONE', #313 ) ;
#722 = FACE_OUTER_BOUND ( 'NONE', #534, .T. ) ;
#723 = EDGE_CURVE ( 'NONE', #1919, #802, #600, .T. ) ;
#724 = PRODUCT_DEFINITION ( 'UNKNOWN', '', #419, #659 ) ;
#725 = ADVANCED_FACE ( 'NONE', ( #1268 ), #495, .F. ) ;
#726 = LINE ( 'NONE', #1201, #157 ) ;
#727 = DIRECTION ( 'NONE',  ( 0.000000000000000000, 0.000000000000000000, -1.000000000000000000 ) ) ;
#728 = ORIENTED_EDGE ( 'NONE', *, *, #661, .T. ) ;
#729 = CIRCLE ( 'NONE', #828, 7.500000000000020428 ) ;
#730 = CARTESIAN_POINT ( 'NONE',  ( 0.000000000000000000, 0.000000000000000000, 4.000000000000000000 ) ) ;
#731 = FACE_OUTER_BOUND ( 'NONE', #1827, .T. ) ;
#732 = ORIENTED_EDGE ( 'NONE', *, *, #1861, .F. ) ;
#733 = CARTESIAN_POINT ( 'NONE',  ( -50.00000000000000000, 150.0000000000000000, 0.000000000000000000 ) ) ;
#734 = CARTESIAN_POINT ( 'NONE',  ( -50.00000000000000000, 150.0000000000000000, 4.000000000000000000 ) ) ;
#735 = CARTESIAN_POINT ( 'NONE',  ( -96.00000000000001421, 137.0000000000000000, 0.000000000000000000 ) ) ;
#736 = ORIENTED_EDGE ( 'NONE', *, *, #1607, .F. ) ;
#737 = CARTESIAN_POINT ( 'NONE',  ( -96.00000000000002842, 77.00000000000000000, 4.000000000000000000 ) ) ;
#738 = VECTOR ( 'NONE', #50, 1000.000000000000000 ) ;
#739 = FACE_BOUND ( 'NONE', #489, .T. ) ;
#740 = CIRCLE ( 'NONE', #1635, 3.000000000000002665 ) ;
#741 = FACE_OUTER_BOUND ( 'NONE', #1151, .T. ) ;
#742 = DIRECTION ( 'NONE',  ( -1.000000000000000000, 0.000000000000000000, 0.000000000000000000 ) ) ;
#743 = DIRECTION ( 'NONE',  ( -1.000000000000000000, 0.000000000000000000, 0.000000000000000000 ) ) ;
#744 = ORIENTED_EDGE ( 'NONE', *, *, #515, .T. ) ;
#745 = DIRECTION ( 'NONE',  ( -1.000000000000000000, 0.000000000000000000, 0.000000000000000000 ) ) ;
#746 = EDGE_CURVE ( 'NONE', #221, #180, #964, .T. ) ;
#747 = AXIS2_PLACEMENT_3D ( 'NONE', #1435, #1231, #1881 ) ;
#748 = CARTESIAN_POINT ( 'NONE',  ( -96.00000000000001421, 137.0000000000000000, 1.500000000000000000 ) ) ;
#749 = AXIS2_PLACEMENT_3D ( 'NONE', #352, #341, #650 ) ;
#750 = DIRECTION ( 'NONE',  ( 0.000000000000000000, 0.000000000000000000, -1.000000000000000000 ) ) ;
#751 = VECTOR ( 'NONE', #512, 1000.000000000000000 ) ;
#752 = PLANE ( 'NONE',  #1966 ) ;
#753 = CARTESIAN_POINT ( 'NONE',  ( -94.35000000000000853, 137.0000000000000000, 4.000000000000000000 ) ) ;
#754 = EDGE_LOOP ( 'NONE', ( #376, #819 ) ) ;
#755 = DIRECTION ( 'NONE',  ( -0.2588190451025213501, 0.000000000000000000, 0.9659258262890680902 ) ) ;
#756 = CIRCLE ( 'NONE', #567, 1.649999999999998579 ) ;
#757 = VECTOR ( 'NONE', #789, 1000.000000000000000 ) ;
#758 = EDGE_CURVE ( 'NONE', #562, #1204, #1893, .T. ) ;
#759 = ADVANCED_FACE ( 'NONE', ( #989 ), #1765, .F. ) ;
#760 = EDGE_CURVE ( 'NONE', #562, #711, #1623, .T. ) ;
#761 = CARTESIAN_POINT ( 'NONE',  ( -3.999999999999997335, 16.99999999999998579, 1.500000000000000000 ) ) ;
#762 = DIRECTION ( 'NONE',  ( 0.000000000000000000, 0.000000000000000000, -1.000000000000000000 ) ) ;
#763 = FACE_BOUND ( 'NONE', #1450, .T. ) ;
#764 = DIRECTION ( 'NONE',  ( -1.000000000000000000, 0.000000000000000000, 0.000000000000000000 ) ) ;
#765 = ORIENTED_EDGE ( 'NONE', *, *, #1883, .F. ) ;
#766 = CARTESIAN_POINT ( 'NONE',  ( -90.89230484541326405, 139.0000000000000000, -6.000000000000000000 ) ) ;
#767 = ORIENTED_EDGE ( 'NONE', *, *, #81, .T. ) ;
#768 = EDGE_CURVE ( 'NONE', #629, #1794, #1255, .T. ) ;
#769 = DIRECTION ( 'NONE',  ( -1.000000000000000000, 0.000000000000000000, 0.000000000000000000 ) ) ;
#770 = CARTESIAN_POINT ( 'NONE',  ( -97.65000000000003411, 137.0000000000000000, 4.000000000000000000 ) ) ;
#771 = CARTESIAN_POINT ( 'NONE',  ( 0.000000000000000000, 0.000000000000000000, 4.000000000000000000 ) ) ;
#772 = DIRECTION ( 'NONE',  ( -1.000000000000000000, 0.000000000000000000, 0.000000000000000000 ) ) ;
#773 = ORIENTED_EDGE ( 'NONE', *, *, #1386, .F. ) ;
#774 = FACE_BOUND ( 'NONE', #210, .T. ) ;
#775 = ORIENTED_EDGE ( 'NONE', *, *, #449, .T. ) ;
#776 = FACE_OUTER_BOUND ( 'NONE', #841, .T. ) ;
#777 = CARTESIAN_POINT ( 'NONE',  ( -51.99999999999998579, 96.99999999999998579, 1.500000000000000000 ) ) ;
#778 = AXIS2_PLACEMENT_3D ( 'NONE', #936, #2026, #1736 ) ;
#779 = ORIENTED_EDGE ( 'NONE', *, *, #14, .T. ) ;
#780 = DIRECTION ( 'NONE',  ( -1.000000000000000000, 0.000000000000000000, 0.000000000000000000 ) ) ;
#781 = ADVANCED_FACE ( 'NONE', ( #1152 ), #691, .F. ) ;
#782 = ADVANCED_FACE ( 'NONE', ( #882 ), #569, .F. ) ;
#783 = DIRECTION ( 'NONE',  ( -1.000000000000000000, 0.000000000000000000, 0.000000000000000000 ) ) ;
#784 = VECTOR ( 'NONE', #672, 1000.000000000000000 ) ;
#785 = EDGE_LOOP ( 'NONE', ( #1170, #200, #1614, #1000 ) ) ;
#786 = CARTESIAN_POINT ( 'NONE',  ( -96.00000000000004263, 16.99999999999998579, 1.500000000000000000 ) ) ;
#787 = CIRCLE ( 'NONE', #1844, 5.892304845413257830 ) ;
#788 = EDGE_LOOP ( 'NONE', ( #669, #1068, #1505, #192 ) ) ;
#789 = DIRECTION ( 'NONE',  ( 1.000000000000000000, -0.000000000000000000, -0.000000000000000000 ) ) ;
#790 = DIRECTION ( 'NONE',  ( -0.000000000000000000, -0.000000000000000000, -1.000000000000000000 ) ) ;
#791 = ORIENTED_EDGE ( 'NONE', *, *, #1799, .T. ) ;
#792 = DIRECTION ( 'NONE',  ( 0.000000000000000000, 0.000000000000000000, -1.000000000000000000 ) ) ;
#793 = FACE_BOUND ( 'NONE', #623, .T. ) ;
#794 = CARTESIAN_POINT ( 'NONE',  ( -3.999999999999997335, 16.99999999999998579, 4.000000000000000000 ) ) ;
#795 = AXIS2_PLACEMENT_3D ( 'NONE', #488, #1260, #521 ) ;
#796 = VERTEX_POINT ( 'NONE', #1512 ) ;
#797 = CARTESIAN_POINT ( 'NONE',  ( -3.999999999999984457, 137.0000000000000000, 1.500000000000000000 ) ) ;
#798 = ORIENTED_EDGE ( 'NONE', *, *, #1927, .T. ) ;
#799 = VERTEX_POINT ( 'NONE', #1495 ) ;
#800 = CARTESIAN_POINT ( 'NONE',  ( -79.10769515458675016, 14.99999999999998579, -6.000000000000000000 ) ) ;
#801 = DIRECTION ( 'NONE',  ( 0.000000000000000000, 0.000000000000000000, -1.000000000000000000 ) ) ;
#802 = VERTEX_POINT ( 'NONE', #382 ) ;
#803 = FACE_OUTER_BOUND ( 'NONE', #937, .T. ) ;
#804 = DIRECTION ( 'NONE',  ( 0.000000000000000000, 0.000000000000000000, -1.000000000000000000 ) ) ;
#805 = AXIS2_PLACEMENT_3D ( 'NONE', #1011, #1967, #409 ) ;
#806 = VERTEX_POINT ( 'NONE', #1008 ) ;
#807 = DIRECTION ( 'NONE',  ( 0.000000000000000000, 0.000000000000000000, -1.000000000000000000 ) ) ;
#808 = ORIENTED_EDGE ( 'NONE', *, *, #810, .F. ) ;
#809 = ADVANCED_FACE ( 'NONE', ( #1668 ), #548, .F. ) ;
#810 = EDGE_CURVE ( 'NONE', #802, #1787, #1815, .T. ) ;
#811 = ORIENTED_EDGE ( 'NONE', *, *, #1691, .T. ) ;
#812 = CARTESIAN_POINT ( 'NONE',  ( -94.35000000000005116, 16.99999999999998579, 4.000000000000000000 ) ) ;
#813 = DIRECTION ( 'NONE',  ( -0.000000000000000000, -0.000000000000000000, -1.000000000000000000 ) ) ;
#814 = ORIENTED_EDGE ( 'NONE', *, *, #1691, .F. ) ;
#815 = VECTOR ( 'NONE', #1025, 1000.000000000000000 ) ;
#816 = CARTESIAN_POINT ( 'NONE',  ( -48.34999999999999432, 150.0000000000000000, 1.500000000000000000 ) ) ;
#817 = DIRECTION ( 'NONE',  ( -0.000000000000000000, -0.000000000000000000, 1.000000000000000000 ) ) ;
#818 = AXIS2_PLACEMENT_3D ( 'NONE', #948, #1751, #1595 ) ;
#819 = ORIENTED_EDGE ( 'NONE', *, *, #1059, .T. ) ;
#820 = DIRECTION ( 'NONE',  ( -0.000000000000000000, -0.000000000000000000, 1.000000000000000000 ) ) ;
#821 = VERTEX_POINT ( 'NONE', #1030 ) ;
#822 = ORIENTED_EDGE ( 'NONE', *, *, #1951, .T. ) ;
#823 = ADVANCED_FACE ( 'NONE', ( #1335 ), #855, .F. ) ;
#824 = CARTESIAN_POINT ( 'NONE',  ( -51.99999999999998579, 56.99999999999997868, 1.500000000000000000 ) ) ;
#825 = EDGE_CURVE ( 'NONE', #312, #337, #72, .T. ) ;
#826 = DIRECTION ( 'NONE',  ( -0.000000000000000000, -0.000000000000000000, 1.000000000000000000 ) ) ;
#827 = EDGE_LOOP ( 'NONE', ( #1933, #1618 ) ) ;
#828 = AXIS2_PLACEMENT_3D ( 'NONE', #977, #1896, #1180 ) ;
#829 = CARTESIAN_POINT ( 'NONE',  ( -96.00000000000002842, 77.00000000000000000, 1.500000000000000000 ) ) ;
#830 = LINE ( 'NONE', #44, #123 ) ;
#831 = ORIENTED_EDGE ( 'NONE', *, *, #961, .F. ) ;
#832 = DIRECTION ( 'NONE',  ( 0.000000000000000000, 0.000000000000000000, -1.000000000000000000 ) ) ;
#833 = ORIENTED_EDGE ( 'NONE', *, *, #1038, .F. ) ;
#834 = ORIENTED_EDGE ( 'NONE', *, *, #1858, .T. ) ;
#835 = CARTESIAN_POINT ( 'NONE',  ( -6.999999999999991118, 77.00000000000000000, 0.000000000000000000 ) ) ;
#836 = CARTESIAN_POINT ( 'NONE',  ( -7.500000000000000000, 14.99999999999999645, 0.000000000000000000 ) ) ;
#837 = DIRECTION ( 'NONE',  ( -0.000000000000000000, -0.000000000000000000, 1.000000000000000000 ) ) ;
#838 = ORIENTED_EDGE ( 'NONE', *, *, #379, .T. ) ;
#839 = DIRECTION ( 'NONE',  ( 0.000000000000000000, 0.000000000000000000, -1.000000000000000000 ) ) ;
#840 = ORIENTED_EDGE ( 'NONE', *, *, #1494, .F. ) ;
#841 = EDGE_LOOP ( 'NONE', ( #513, #1189, #1434, #1959 ) ) ;
#842 = DIRECTION ( 'NONE',  ( -0.000000000000000000, -0.000000000000000000, -1.000000000000000000 ) ) ;
#843 = VERTEX_POINT ( 'NONE', #703 ) ;
#844 = DIRECTION ( 'NONE',  ( -1.000000000000000000, 0.000000000000000000, 0.000000000000000000 ) ) ;
#845 = ORIENTED_EDGE ( 'NONE', *, *, #1951, .F. ) ;
#846 = ADVANCED_FACE ( 'NONE', ( #731 ), #254, .F. ) ;
#847 = AXIS2_PLACEMENT_3D ( 'NONE', #202, #368, #1332 ) ;
#848 = EDGE_CURVE ( 'NONE', #970, #1890, #1191, .T. ) ;
#849 = PLANE ( 'NONE',  #614 ) ;
#850 = EDGE_CURVE ( 'NONE', #1431, #1230, #1362, .T. ) ;
#851 = ORIENTED_EDGE ( 'NONE', *, *, #268, .T. ) ;
#852 = CIRCLE ( 'NONE', #1810, 3.000000000000002665 ) ;
#853 = AXIS2_PLACEMENT_3D ( 'NONE', #1041, #238, #1663 ) ;
#854 = AXIS2_PLACEMENT_3D ( 'NONE', #1778, #1895, #483 ) ;
#855 = CYLINDRICAL_SURFACE ( 'NONE', #1092, 3.000000000000002665 ) ;
#856 = EDGE_LOOP ( 'NONE', ( #478, #1329 ) ) ;
#857 = CIRCLE ( 'NONE', #1112, 1.649999999999991696 ) ;
#858 = DIRECTION ( 'NONE',  ( -1.000000000000000000, 0.000000000000000000, -0.000000000000000000 ) ) ;
#859 = AXIS2_PLACEMENT_3D ( 'NONE', #1847, #2041, #465 ) ;
#860 = DIRECTION ( 'NONE',  ( 0.000000000000000000, 0.000000000000000000, -1.000000000000000000 ) ) ;
#861 = FACE_OUTER_BOUND ( 'NONE', #1633, .T. ) ;
#862 = EDGE_LOOP ( 'NONE', ( #1510, #527 ) ) ;
#863 = DIRECTION ( 'NONE',  ( 0.000000000000000000, 0.000000000000000000, -1.000000000000000000 ) ) ;
#864 = DIRECTION ( 'NONE',  ( -1.000000000000000000, 0.000000000000000000, 0.000000000000000000 ) ) ;
#865 = ORIENTED_EDGE ( 'NONE', *, *, #1481, .T. ) ;
#866 = CARTESIAN_POINT ( 'NONE',  ( -79.10769515458672174, 139.0000000000000000, -6.000000000000000000 ) ) ;
#867 = DIRECTION ( 'NONE',  ( -1.000000000000000000, 0.000000000000000000, 0.000000000000000000 ) ) ;
#868 = CARTESIAN_POINT ( 'NONE',  ( -7.500000000000000000, 14.99999999999999645, 0.000000000000000000 ) ) ;
#869 = EDGE_LOOP ( 'NONE', ( #1606, #1910, #1242, #1717 ) ) ;
#870 = FACE_OUTER_BOUND ( 'NONE', #1770, .T. ) ;
#871 = EDGE_CURVE ( 'NONE', #394, #1841, #1168, .T. ) ;
#872 = EDGE_CURVE ( 'NONE', #252, #1383, #1978, .T. ) ;
#873 = ORIENTED_EDGE ( 'NONE', *, *, #1760, .T. ) ;
#874 = CARTESIAN_POINT ( 'NONE',  ( -94.35000000000003695, 77.00000000000000000, 4.000000000000000000 ) ) ;
#875 = AXIS2_PLACEMENT_3D ( 'NONE', #1051, #1840, #110 ) ;
#876 = CARTESIAN_POINT ( 'NONE',  ( -15.00000000000000000, 14.99999999999999822, -6.000000000000000000 ) ) ;
#877 = DIRECTION ( 'NONE',  ( -1.000000000000000000, 0.000000000000000000, 0.000000000000000000 ) ) ;
#878 = AXIS2_PLACEMENT_3D ( 'NONE', #1772, #357, #985 ) ;
#879 = ORIENTED_EDGE ( 'NONE', *, *, #1669, .F. ) ;
#880 = CARTESIAN_POINT ( 'NONE',  ( -99.00000000000002842, 77.00000000000000000, 1.500000000000000000 ) ) ;
#881 = AXIS2_PLACEMENT_3D ( 'NONE', #685, #1469, #839 ) ;
#882 = FACE_OUTER_BOUND ( 'NONE', #708, .T. ) ;
#883 = CIRCLE ( 'NONE', #1449, 1.649999999999999467 ) ;
#884 = VERTEX_POINT ( 'NONE', #997 ) ;
#885 = LINE ( 'NONE', #1957, #1315 ) ;
#886 = CIRCLE ( 'NONE', #98, 3.000000000000002665 ) ;
#887 = CARTESIAN_POINT ( 'NONE',  ( -15.00000000000000000, 14.99999999999999822, 0.000000000000000000 ) ) ;
#888 = DIRECTION ( 'NONE',  ( -0.000000000000000000, -0.000000000000000000, -1.000000000000000000 ) ) ;
#889 = ORIENTED_EDGE ( 'NONE', *, *, #904, .F. ) ;
#890 = VECTOR ( 'NONE', #790, 1000.000000000000000 ) ;
#891 = DIRECTION ( 'NONE',  ( 0.000000000000000000, 1.000000000000000000, -0.000000000000000000 ) ) ;
#892 = PLANE ( 'NONE',  #459 ) ;
#893 = LINE ( 'NONE', #445, #1743 ) ;
#894 = FACE_OUTER_BOUND ( 'NONE', #1314, .T. ) ;
#895 = DIRECTION ( 'NONE',  ( -0.000000000000000000, -0.000000000000000000, -1.000000000000000000 ) ) ;
#896 = ORIENTED_EDGE ( 'NONE', *, *, #31, .F. ) ;
#897 = DIRECTION ( 'NONE',  ( 0.000000000000000000, 0.000000000000000000, -1.000000000000000000 ) ) ;
#898 = AXIS2_PLACEMENT_3D ( 'NONE', #933, #476, #589 ) ;
#899 = CARTESIAN_POINT ( 'NONE',  ( -50.00000000000003553, 4.000000000000000000, 1.500000000000000000 ) ) ;
#900 = CARTESIAN_POINT ( 'NONE',  ( -96.00000000000004263, 16.99999999999998579, 4.000000000000000000 ) ) ;
#901 = CARTESIAN_POINT ( 'NONE',  ( -94.35000000000000853, 137.0000000000000000, 4.000000000000000000 ) ) ;
#902 = DIRECTION ( 'NONE',  ( 0.000000000000000000, 0.000000000000000000, -1.000000000000000000 ) ) ;
#903 = ADVANCED_FACE ( 'NONE', ( #870 ), #1476, .T. ) ;
#904 = EDGE_CURVE ( 'NONE', #1520, #480, #1971, .T. ) ;
#905 = ORIENTED_EDGE ( 'NONE', *, *, #1692, .T. ) ;
#906 = EDGE_CURVE ( 'NONE', #1045, #642, #986, .T. ) ;
#907 =( GEOMETRIC_REPRESENTATION_CONTEXT ( 3 ) GLOBAL_UNCERTAINTY_ASSIGNED_CONTEXT ( ( #349 ) ) GLOBAL_UNIT_ASSIGNED_CONTEXT ( ( #1391, #286, #1593 ) ) REPRESENTATION_CONTEXT ( 'NONE', 'WORKASPACE' ) );
#908 = DIRECTION ( 'NONE',  ( -0.000000000000000000, -0.000000000000000000, 1.000000000000000000 ) ) ;
#909 = EDGE_CURVE ( 'NONE', #45, #1787, #586, .T. ) ;
#910 = AXIS2_PLACEMENT_3D ( 'NONE', #1557, #1402, #1902 ) ;
#911 = CARTESIAN_POINT ( 'NONE',  ( -53.64999999999997726, 96.99999999999998579, 4.000000000000000000 ) ) ;
#912 = AXIS2_PLACEMENT_3D ( 'NONE', #1924, #1131, #1768 ) ;
#913 = FACE_OUTER_BOUND ( 'NONE', #2043, .T. ) ;
#914 = DIRECTION ( 'NONE',  ( -1.000000000000000000, 0.000000000000000000, 0.000000000000000000 ) ) ;
#915 = DIRECTION ( 'NONE',  ( -0.000000000000000000, -0.000000000000000000, -1.000000000000000000 ) ) ;
#916 = EDGE_LOOP ( 'NONE', ( #1807, #1448 ) ) ;
#917 = FACE_OUTER_BOUND ( 'NONE', #754, .T. ) ;
#918 = CIRCLE ( 'NONE', #1184, 1.649999999999998579 ) ;
#919 = ORIENTED_EDGE ( 'NONE', *, *, #398, .T. ) ;
#920 = DIRECTION ( 'NONE',  ( -1.000000000000000000, 0.000000000000000000, 0.000000000000000000 ) ) ;
#921 = DIRECTION ( 'NONE',  ( 0.000000000000000000, 0.000000000000000000, -1.000000000000000000 ) ) ;
#922 = CARTESIAN_POINT ( 'NONE',  ( -51.99999999999998579, 96.99999999999998579, 4.000000000000000000 ) ) ;
#923 = CARTESIAN_POINT ( 'NONE',  ( 0.000000000000000000, 0.000000000000000000, 0.000000000000000000 ) ) ;
#924 = ORIENTED_EDGE ( 'NONE', *, *, #425, .T. ) ;
#925 = DIRECTION ( 'NONE',  ( -1.000000000000000000, 0.000000000000000000, -0.000000000000000000 ) ) ;
#926 = VERTEX_POINT ( 'NONE', #1983 ) ;
#927 = AXIS2_PLACEMENT_3D ( 'NONE', #1653, #100, #223 ) ;
#928 = ADVANCED_FACE ( 'NONE', ( #1826 ), #2000, .T. ) ;
#929 = CYLINDRICAL_SURFACE ( 'NONE', #690, 1.650000000000012568 ) ;
#930 = ADVANCED_FACE ( 'NONE', ( #1199 ), #259, .T. ) ;
#931 = CARTESIAN_POINT ( 'NONE',  ( -99.00000000000001421, 137.0000000000000000, 0.000000000000000000 ) ) ;
#932 = ORIENTED_EDGE ( 'NONE', *, *, #27, .T. ) ;
#933 = CARTESIAN_POINT ( 'NONE',  ( -50.00000000000003553, 4.000000000000000000, 1.500000000000000000 ) ) ;
#934 = FACE_BOUND ( 'NONE', #862, .T. ) ;
#935 = VERTEX_POINT ( 'NONE', #422 ) ;
#936 = CARTESIAN_POINT ( 'NONE',  ( -96.00000000000001421, 137.0000000000000000, 0.000000000000000000 ) ) ;
#937 = EDGE_LOOP ( 'NONE', ( #1324, #1438, #1876, #237 ) ) ;
#938 = AXIS2_PLACEMENT_3D ( 'NONE', #1937, #820, #69 ) ;
#939 = CARTESIAN_POINT ( 'NONE',  ( -51.99999999999998579, 96.99999999999998579, 4.000000000000000000 ) ) ;
#940 = DIRECTION ( 'NONE',  ( 0.2588190451025213501, -3.169619151431772337E-17, 0.9659258262890680902 ) ) ;
#941 =( GEOMETRIC_REPRESENTATION_CONTEXT ( 3 ) GLOBAL_UNCERTAINTY_ASSIGNED_CONTEXT ( ( #443 ) ) GLOBAL_UNIT_ASSIGNED_CONTEXT ( ( #1384, #124, #245 ) ) REPRESENTATION_CONTEXT ( 'NONE', 'WORKASPACE' ) );
#942 = FACE_OUTER_BOUND ( 'NONE', #621, .T. ) ;
#943 = DIRECTION ( 'NONE',  ( -1.000000000000000000, 0.000000000000000000, -0.000000000000000000 ) ) ;
#944 = DIRECTION ( 'NONE',  ( -1.000000000000000000, 0.000000000000000000, 0.000000000000000000 ) ) ;
#945 = AXIS2_PLACEMENT_3D ( 'NONE', #1781, #1433, #6 ) ;
#946 = CIRCLE ( 'NONE', #859, 1.650000000000012568 ) ;
#947 = ORIENTED_EDGE ( 'NONE', *, *, #304, .T. ) ;
#948 = CARTESIAN_POINT ( 'NONE',  ( -51.99999999999998579, 96.99999999999998579, 1.500000000000000000 ) ) ;
#949 = VECTOR ( 'NONE', #1674, 1000.000000000000000 ) ;
#950 = AXIS2_PLACEMENT_3D ( 'NONE', #748, #1560, #1395 ) ;
#951 = EDGE_LOOP ( 'NONE', ( #1252, #1590 ) ) ;
#952 = LINE ( 'NONE', #1587, #757 ) ;
#953 = CARTESIAN_POINT ( 'NONE',  ( -47.00000000000000000, 150.0000000000000000, 1.500000000000000000 ) ) ;
#954 = ORIENTED_EDGE ( 'NONE', *, *, #1327, .F. ) ;
#955 = CARTESIAN_POINT ( 'NONE',  ( -6.999999999999985789, 137.0000000000000000, 1.500000000000000000 ) ) ;
#956 = DIRECTION ( 'NONE',  ( 0.000000000000000000, 0.000000000000000000, -1.000000000000000000 ) ) ;
#957 = CARTESIAN_POINT ( 'NONE',  ( -50.00000000000003553, 4.000000000000000000, 1.500000000000000000 ) ) ;
#958 = AXIS2_PLACEMENT_3D ( 'NONE', #52, #502, #1944 ) ;
#959 = CARTESIAN_POINT ( 'NONE',  ( -92.50000000000000000, 14.99999999999998757, 0.000000000000000000 ) ) ;
#960 = ADVANCED_FACE ( 'NONE', ( #265, #739 ), #892, .T. ) ;
#961 = EDGE_CURVE ( 'NONE', #1541, #1897, #1575, .T. ) ;
#962 = DIRECTION ( 'NONE',  ( -0.000000000000000000, -0.000000000000000000, -1.000000000000000000 ) ) ;
#963 = VERTEX_POINT ( 'NONE', #955 ) ;
#964 = LINE ( 'NONE', #812, #108 ) ;
#965 = CARTESIAN_POINT ( 'NONE',  ( -3.999999999999984457, 137.0000000000000000, 1.500000000000000000 ) ) ;
#966 = VERTEX_POINT ( 'NONE', #161 ) ;
#967 = CARTESIAN_POINT ( 'NONE',  ( -3.999999999999990674, 77.00000000000000000, 1.500000000000000000 ) ) ;
#968 = CARTESIAN_POINT ( 'NONE',  ( -100.0000000000000000, 0.000000000000000000, 4.000000000000000000 ) ) ;
#969 = VERTEX_POINT ( 'NONE', #836 ) ;
#970 = VERTEX_POINT ( 'NONE', #511 ) ;
#971 = CARTESIAN_POINT ( 'NONE',  ( 0.000000000000000000, 0.000000000000000000, 4.000000000000000000 ) ) ;
#972 = ADVANCED_FACE ( 'NONE', ( #942 ), #1305, .F. ) ;
#973 = EDGE_CURVE ( 'NONE', #185, #450, #1294, .T. ) ;
#974 = EDGE_LOOP ( 'NONE', ( #122, #1266 ) ) ;
#975 = VERTEX_POINT ( 'NONE', #665 ) ;
#976 = DIRECTION ( 'NONE',  ( -0.000000000000000000, -0.000000000000000000, -1.000000000000000000 ) ) ;
#977 = CARTESIAN_POINT ( 'NONE',  ( -84.99999999999998579, 139.0000000000000000, 0.000000000000000000 ) ) ;
#978 = ORIENTED_EDGE ( 'NONE', *, *, #423, .F. ) ;
#979 = VECTOR ( 'NONE', #697, 1000.000000000000000 ) ;
#980 = CARTESIAN_POINT ( 'NONE',  ( -3.999999999999997335, 16.99999999999998579, 1.500000000000000000 ) ) ;
#981 = CARTESIAN_POINT ( 'NONE',  ( -100.0000000000000000, 154.0000000000000000, 4.000000000000000000 ) ) ;
#982 = AXIS2_PLACEMENT_3D ( 'NONE', #797, #1424, #643 ) ;
#983 = ORIENTED_EDGE ( 'NONE', *, *, #1859, .F. ) ;
#984 = ORIENTED_EDGE ( 'NONE', *, *, #1577, .T. ) ;
#985 = DIRECTION ( 'NONE',  ( -1.000000000000000000, 0.000000000000000000, 0.000000000000000000 ) ) ;
#986 = CIRCLE ( 'NONE', #1539, 1.650000000000005684 ) ;
#987 = ORIENTED_EDGE ( 'NONE', *, *, #331, .F. ) ;
#988 = ORIENTED_EDGE ( 'NONE', *, *, #287, .T. ) ;
#989 = FACE_OUTER_BOUND ( 'NONE', #1078, .T. ) ;
#990 = CIRCLE ( 'NONE', #2045, 3.000000000000000888 ) ;
#991 = FACE_BOUND ( 'NONE', #1301, .T. ) ;
#992 = DIRECTION ( 'NONE',  ( -1.000000000000000000, 0.000000000000000000, 0.000000000000000000 ) ) ;
#993 = ORIENTED_EDGE ( 'NONE', *, *, #57, .F. ) ;
#994 = DIRECTION ( 'NONE',  ( 0.000000000000000000, 0.000000000000000000, -1.000000000000000000 ) ) ;
#995 = ORIENTED_EDGE ( 'NONE', *, *, #723, .F. ) ;
#996 = VERTEX_POINT ( 'NONE', #520 ) ;
#997 = CARTESIAN_POINT ( 'NONE',  ( -100.0000000000000000, 0.000000000000000000, 4.000000000000000000 ) ) ;
#998 = ADVANCED_FACE ( 'NONE', ( #1273 ), #638, .F. ) ;
#999 = EDGE_CURVE ( 'NONE', #1832, #248, #655, .T. ) ;
#1000 = ORIENTED_EDGE ( 'NONE', *, *, #549, .F. ) ;
#1001 = CARTESIAN_POINT ( 'NONE',  ( -2.349999999999996980, 16.99999999999998579, 1.500000000000000000 ) ) ;
#1002 = AXIS2_PLACEMENT_3D ( 'NONE', #1452, #16, #1921 ) ;
#1003 = EDGE_LOOP ( 'NONE', ( #838, #70 ) ) ;
#1004 = CYLINDRICAL_SURFACE ( 'NONE', #189, 3.000000000000002665 ) ;
#1005 = AXIS2_PLACEMENT_3D ( 'NONE', #1664, #1979, #742 ) ;
#1006 = EDGE_LOOP ( 'NONE', ( #773, #779, #144, #1233 ) ) ;
#1007 = ORIENTED_EDGE ( 'NONE', *, *, #330, .F. ) ;
#1008 = CARTESIAN_POINT ( 'NONE',  ( -99.00000000000002842, 77.00000000000000000, 0.000000000000000000 ) ) ;
#1009 = ORIENTED_EDGE ( 'NONE', *, *, #1309, .T. ) ;
#1010 = CYLINDRICAL_SURFACE ( 'NONE', #493, 1.650000000000005684 ) ;
#1011 = CARTESIAN_POINT ( 'NONE',  ( -50.00000000000003553, 4.000000000000000000, 4.000000000000000000 ) ) ;
#1012 = AXIS2_PLACEMENT_3D ( 'NONE', #264, #1205, #745 ) ;
#1013 = PLANE ( 'NONE',  #881 ) ;
#1014 = ORIENTED_EDGE ( 'NONE', *, *, #1058, .F. ) ;
#1015 = AXIS2_PLACEMENT_3D ( 'NONE', #500, #5, #1106 ) ;
#1016 = DIRECTION ( 'NONE',  ( -0.000000000000000000, -0.000000000000000000, -1.000000000000000000 ) ) ;
#1017 = VECTOR ( 'NONE', #353, 1000.000000000000000 ) ;
#1018 = DIRECTION ( 'NONE',  ( -0.000000000000000000, -0.000000000000000000, 1.000000000000000000 ) ) ;
#1019 = VERTEX_POINT ( 'NONE', #1465 ) ;
#1020 = EDGE_LOOP ( 'NONE', ( #256, #1401 ) ) ;
#1021 = CARTESIAN_POINT ( 'NONE',  ( -54.99999999999998579, 56.99999999999997868, 1.500000000000000000 ) ) ;
#1022 = CIRCLE ( 'NONE', #403, 1.650000000000007461 ) ;
#1023 = CIRCLE ( 'NONE', #1284, 3.000000000000002665 ) ;
#1024 = DIRECTION ( 'NONE',  ( -0.000000000000000000, -0.000000000000000000, -1.000000000000000000 ) ) ;
#1025 = DIRECTION ( 'NONE',  ( -0.2588190451025213501, 0.000000000000000000, 0.9659258262890680902 ) ) ;
#1026 = ADVANCED_FACE ( 'NONE', ( #1457 ), #34, .F. ) ;
#1027 = ORIENTED_EDGE ( 'NONE', *, *, #31, .T. ) ;
#1028 = EDGE_CURVE ( 'NONE', #1345, #1162, #1407, .T. ) ;
#1029 = FACE_OUTER_BOUND ( 'NONE', #1547, .T. ) ;
#1030 = CARTESIAN_POINT ( 'NONE',  ( -97.65000000000004832, 16.99999999999998579, 4.000000000000000000 ) ) ;
#1031 = VERTEX_POINT ( 'NONE', #43 ) ;
#1032 = CARTESIAN_POINT ( 'NONE',  ( -50.00000000000000000, 150.0000000000000000, 1.500000000000000000 ) ) ;
#1033 = FACE_OUTER_BOUND ( 'NONE', #1052, .T. ) ;
#1034 = DIRECTION ( 'NONE',  ( -1.000000000000000000, 0.000000000000000000, 0.000000000000000000 ) ) ;
#1035 = EDGE_LOOP ( 'NONE', ( #362, #1157 ) ) ;
#1036 = ADVANCED_FACE ( 'NONE', ( #1934, #1732, #51, #365, #1625, #1419, #1259, #1141, #173, #991, #803 ), #1943, .F. ) ;
#1037 = CARTESIAN_POINT ( 'NONE',  ( -92.50000000000000000, 14.99999999999998757, 0.000000000000000000 ) ) ;
#1038 = EDGE_CURVE ( 'NONE', #319, #711, #852, .T. ) ;
#1039 = DIRECTION ( 'NONE',  ( -1.000000000000000000, 0.000000000000000000, 0.000000000000000000 ) ) ;
#1040 = ORIENTED_EDGE ( 'NONE', *, *, #287, .F. ) ;
#1041 = CARTESIAN_POINT ( 'NONE',  ( -50.00000000000000000, 150.0000000000000000, 0.000000000000000000 ) ) ;
#1042 = CARTESIAN_POINT ( 'NONE',  ( -22.50000000000000000, 14.99999999999999822, 0.000000000000000000 ) ) ;
#1043 = DIRECTION ( 'NONE',  ( 0.000000000000000000, 0.000000000000000000, -1.000000000000000000 ) ) ;
#1044 = CONICAL_SURFACE ( 'NONE', #878, 7.500000000000000000, 0.2617993877991500740 ) ;
#1045 = VERTEX_POINT ( 'NONE', #816 ) ;
#1046 = FILL_AREA_STYLE_COLOUR ( '', #1878 ) ;
#1047 = VECTOR ( 'NONE', #1678, 1000.000000000000000 ) ;
#1048 = DIRECTION ( 'NONE',  ( -1.000000000000000000, 0.000000000000000000, 0.000000000000000000 ) ) ;
#1049 = PLANE ( 'NONE',  #1379 ) ;
#1050 = DIRECTION ( 'NONE',  ( -1.000000000000000000, 0.000000000000000000, 0.000000000000000000 ) ) ;
#1051 = CARTESIAN_POINT ( 'NONE',  ( -3.999999999999984457, 137.0000000000000000, 4.000000000000000000 ) ) ;
#1052 = EDGE_LOOP ( 'NONE', ( #1792, #1735, #541, #432 ) ) ;
#1053 = CIRCLE ( 'NONE', #1916, 1.649999999999991696 ) ;
#1054 = VECTOR ( 'NONE', #140, 1000.000000000000000 ) ;
#1055 = CARTESIAN_POINT ( 'NONE',  ( -51.99999999999998579, 96.99999999999998579, 1.500000000000000000 ) ) ;
#1056 = EDGE_CURVE ( 'NONE', #926, #1136, #1376, .T. ) ;
#1057 = DIRECTION ( 'NONE',  ( -0.000000000000000000, -0.000000000000000000, 1.000000000000000000 ) ) ;
#1058 = EDGE_CURVE ( 'NONE', #799, #47, #194, .T. ) ;
#1059 = EDGE_CURVE ( 'NONE', #796, #1482, #1179, .T. ) ;
#1060 = CARTESIAN_POINT ( 'NONE',  ( -97.65000000000003411, 77.00000000000000000, 1.500000000000000000 ) ) ;
#1061 = DIRECTION ( 'NONE',  ( 0.000000000000000000, 0.000000000000000000, -1.000000000000000000 ) ) ;
#1062 = ORIENTED_EDGE ( 'NONE', *, *, #14, .F. ) ;
#1063 = CARTESIAN_POINT ( 'NONE',  ( -0.9999999999999835687, 137.0000000000000000, 0.000000000000000000 ) ) ;
#1064 = CARTESIAN_POINT ( 'NONE',  ( -96.00000000000001421, 137.0000000000000000, 4.000000000000000000 ) ) ;
#1065 = CARTESIAN_POINT ( 'NONE',  ( -99.00000000000002842, 77.00000000000000000, 1.500000000000000000 ) ) ;
#1066 = FACE_BOUND ( 'NONE', #310, .T. ) ;
#1067 = LINE ( 'NONE', #2017, #1698 ) ;
#1068 = ORIENTED_EDGE ( 'NONE', *, *, #1327, .T. ) ;
#1069 = CARTESIAN_POINT ( 'NONE',  ( -0.9999999999999895639, 77.00000000000000000, 1.500000000000000000 ) ) ;
#1070 = CIRCLE ( 'NONE', #875, 1.650000000000007461 ) ;
#1071 = VERTEX_POINT ( 'NONE', #931 ) ;
#1072 = AXIS2_PLACEMENT_3D ( 'NONE', #1724, #1090, #311 ) ;
#1073 = CARTESIAN_POINT ( 'NONE',  ( -51.99999999999998579, 56.99999999999997868, 4.000000000000000000 ) ) ;
#1074 = VECTOR ( 'NONE', #560, 1000.000000000000000 ) ;
#1075 = DIRECTION ( 'NONE',  ( 0.000000000000000000, 0.000000000000000000, -1.000000000000000000 ) ) ;
#1076 = CYLINDRICAL_SURFACE ( 'NONE', #2020, 1.649999999999999467 ) ;
#1077 = APPLICATION_PROTOCOL_DEFINITION ( 'draft international standard', 'automotive_design', 1998, #530 ) ;
#1078 = EDGE_LOOP ( 'NONE', ( #64, #1566, #851, #896 ) ) ;
#1079 = DIRECTION ( 'NONE',  ( -1.000000000000000000, 0.000000000000000000, 0.000000000000000000 ) ) ;
#1080 = EDGE_CURVE ( 'NONE', #1136, #926, #1275, .T. ) ;
#1081 = STYLED_ITEM ( 'NONE', ( #253 ), #1451 ) ;
#1082 = ADVANCED_FACE ( 'NONE', ( #1857, #1219 ), #1370, .T. ) ;
#1083 = ORIENTED_EDGE ( 'NONE', *, *, #2031, .F. ) ;
#1084 = DIRECTION ( 'NONE',  ( -0.000000000000000000, -0.000000000000000000, -1.000000000000000000 ) ) ;
#1085 = CARTESIAN_POINT ( 'NONE',  ( -53.00000000000000711, 150.0000000000000000, 1.500000000000000000 ) ) ;
#1086 = ORIENTED_EDGE ( 'NONE', *, *, #331, .T. ) ;
#1087 = CYLINDRICAL_SURFACE ( 'NONE', #1589, 1.649999999999991696 ) ;
#1088 = DIRECTION ( 'NONE',  ( 0.000000000000000000, 0.000000000000000000, -1.000000000000000000 ) ) ;
#1089 = ORIENTED_EDGE ( 'NONE', *, *, #1320, .T. ) ;
#1090 = DIRECTION ( 'NONE',  ( -0.000000000000000000, -0.000000000000000000, 1.000000000000000000 ) ) ;
#1091 = ORIENTED_EDGE ( 'NONE', *, *, #1386, .T. ) ;
#1092 = AXIS2_PLACEMENT_3D ( 'NONE', #88, #1484, #1039 ) ;
#1093 = DIRECTION ( 'NONE',  ( 0.000000000000000000, 0.000000000000000000, -1.000000000000000000 ) ) ;
#1094 = DIRECTION ( 'NONE',  ( -1.000000000000000000, 0.000000000000000000, 0.000000000000000000 ) ) ;
#1095 = ORIENTED_EDGE ( 'NONE', *, *, #1174, .T. ) ;
#1096 = DIRECTION ( 'NONE',  ( -1.000000000000000000, 0.000000000000000000, -0.000000000000000000 ) ) ;
#1097 = DIRECTION ( 'NONE',  ( -0.000000000000000000, -0.000000000000000000, 1.000000000000000000 ) ) ;
#1098 = CARTESIAN_POINT ( 'NONE',  ( -96.00000000000002842, 77.00000000000000000, 1.500000000000000000 ) ) ;
#1099 = ORIENTED_EDGE ( 'NONE', *, *, #850, .T. ) ;
#1100 = CARTESIAN_POINT ( 'NONE',  ( -2.349999999999990763, 77.00000000000000000, 1.500000000000000000 ) ) ;
#1101 = EDGE_LOOP ( 'NONE', ( #889, #1462, #1650, #1374 ) ) ;
#1102 = CIRCLE ( 'NONE', #424, 3.000000000000002665 ) ;
#1103 = CARTESIAN_POINT ( 'NONE',  ( -51.65000000000000568, 150.0000000000000000, 4.000000000000000000 ) ) ;
#1104 = CARTESIAN_POINT ( 'NONE',  ( -5.649999999999989697, 77.00000000000000000, 4.000000000000000000 ) ) ;
#1105 = EDGE_CURVE ( 'NONE', #1904, #168, #1236, .T. ) ;
#1106 = DIRECTION ( 'NONE',  ( -1.000000000000000000, 0.000000000000000000, 0.000000000000000000 ) ) ;
#1107 = DIRECTION ( 'NONE',  ( -1.000000000000000000, 0.000000000000000000, 0.000000000000000000 ) ) ;
#1108 = AXIS2_PLACEMENT_3D ( 'NONE', #1522, #1368, #1679 ) ;
#1109 = EDGE_LOOP ( 'NONE', ( #505, #1086, #132, #172 ) ) ;
#1110 = ORIENTED_EDGE ( 'NONE', *, *, #1229, .T. ) ;
#1111 = DIRECTION ( 'NONE',  ( -1.000000000000000000, 0.000000000000000000, 0.000000000000000000 ) ) ;
#1112 = AXIS2_PLACEMENT_3D ( 'NONE', #1073, #1710, #2021 ) ;
#1113 = ORIENTED_EDGE ( 'NONE', *, *, #1578, .T. ) ;
#1114 = ORIENTED_EDGE ( 'NONE', *, *, #1647, .F. ) ;
#1115 = CIRCLE ( 'NONE', #234, 1.650000000000005684 ) ;
#1116 = CARTESIAN_POINT ( 'NONE',  ( -5.649999999999991473, 137.0000000000000000, 4.000000000000000000 ) ) ;
#1117 = CARTESIAN_POINT ( 'NONE',  ( -3.999999999999990674, 77.00000000000000000, 0.000000000000000000 ) ) ;
#1118 = DIRECTION ( 'NONE',  ( -1.000000000000000000, 0.000000000000000000, -0.000000000000000000 ) ) ;
#1119 = DIRECTION ( 'NONE',  ( -1.000000000000000000, 0.000000000000000000, -0.000000000000000000 ) ) ;
#1120 = EDGE_CURVE ( 'NONE', #168, #1904, #561, .T. ) ;
#1121 = EDGE_CURVE ( 'NONE', #1238, #175, #587, .T. ) ;
#1122 = EDGE_CURVE ( 'NONE', #1482, #806, #475, .T. ) ;
#1123 = AXIS2_PLACEMENT_3D ( 'NONE', #1913, #639, #1107 ) ;
#1124 = ORIENTED_EDGE ( 'NONE', *, *, #1580, .T. ) ;
#1125 = DIRECTION ( 'NONE',  ( 0.000000000000000000, 0.000000000000000000, -1.000000000000000000 ) ) ;
#1126 = EDGE_LOOP ( 'NONE', ( #984, #811 ) ) ;
#1127 = ORIENTED_EDGE ( 'NONE', *, *, #1105, .T. ) ;
#1128 = DIRECTION ( 'NONE',  ( -1.000000000000000000, 0.000000000000000000, 0.000000000000000000 ) ) ;
#1129 = DIRECTION ( 'NONE',  ( 0.000000000000000000, 0.000000000000000000, -1.000000000000000000 ) ) ;
#1130 = ORIENTED_EDGE ( 'NONE', *, *, #1172, .F. ) ;
#1131 = DIRECTION ( 'NONE',  ( 0.000000000000000000, 0.000000000000000000, -1.000000000000000000 ) ) ;
#1132 = LINE ( 'NONE', #1769, #1017 ) ;
#1133 = ORIENTED_EDGE ( 'NONE', *, *, #54, .T. ) ;
#1134 = VERTEX_POINT ( 'NONE', #616 ) ;
#1135 = FACE_OUTER_BOUND ( 'NONE', #1272, .T. ) ;
#1136 = VERTEX_POINT ( 'NONE', #1573 ) ;
#1137 = ORIENTED_EDGE ( 'NONE', *, *, #1361, .F. ) ;
#1138 = AXIS2_PLACEMENT_3D ( 'NONE', #1098, #915, #944 ) ;
#1139 = CARTESIAN_POINT ( 'NONE',  ( -96.00000000000004263, 16.99999999999998579, 4.000000000000000000 ) ) ;
#1140 = CIRCLE ( 'NONE', #1403, 1.650000000000005684 ) ;
#1141 = FACE_BOUND ( 'NONE', #1292, .T. ) ;
#1142 = CARTESIAN_POINT ( 'NONE',  ( -96.00000000000004263, 16.99999999999998579, 1.500000000000000000 ) ) ;
#1143 = VECTOR ( 'NONE', #2037, 1000.000000000000000 ) ;
#1144 = EDGE_LOOP ( 'NONE', ( #197, #1091 ) ) ;
#1145 = FACE_OUTER_BOUND ( 'NONE', #1785, .T. ) ;
#1146 = AXIS2_PLACEMENT_3D ( 'NONE', #579, #540, #62 ) ;
#1147 = VERTEX_POINT ( 'NONE', #455 ) ;
#1148 = PRODUCT_RELATED_PRODUCT_CATEGORY ( 'part', '', ( #1475 ) ) ;
#1149 = VECTOR ( 'NONE', #1987, 1000.000000000000000 ) ;
#1150 = EDGE_CURVE ( 'NONE', #629, #315, #2002, .T. ) ;
#1151 = EDGE_LOOP ( 'NONE', ( #688, #1289, #1300, #1789 ) ) ;
#1152 = FACE_OUTER_BOUND ( 'NONE', #1738, .T. ) ;
#1153 = VECTOR ( 'NONE', #1016, 1000.000000000000000 ) ;
#1154 = ORIENTED_EDGE ( 'NONE', *, *, #1328, .T. ) ;
#1155 = FACE_OUTER_BOUND ( 'NONE', #232, .T. ) ;
#1156 = VERTEX_POINT ( 'NONE', #1212 ) ;
#1157 = ORIENTED_EDGE ( 'NONE', *, *, #425, .F. ) ;
#1158 = FACE_BOUND ( 'NONE', #193, .T. ) ;
#1159 = ORIENTED_EDGE ( 'NONE', *, *, #1269, .F. ) ;
#1160 = ORIENTED_EDGE ( 'NONE', *, *, #1491, .F. ) ;
#1161 = CARTESIAN_POINT ( 'NONE',  ( -53.64999999999997726, 56.99999999999997868, 4.000000000000000000 ) ) ;
#1162 = VERTEX_POINT ( 'NONE', #1848 ) ;
#1163 = PLANE ( 'NONE',  #428 ) ;
#1164 = FACE_OUTER_BOUND ( 'NONE', #785, .T. ) ;
#1165 = FACE_OUTER_BOUND ( 'NONE', #1468, .T. ) ;
#1166 = ORIENTED_EDGE ( 'NONE', *, *, #1388, .T. ) ;
#1167 = LINE ( 'NONE', #509, #890 ) ;
#1168 = LINE ( 'NONE', #1472, #28 ) ;
#1169 = VECTOR ( 'NONE', #86, 1000.000000000000000 ) ;
#1170 = ORIENTED_EDGE ( 'NONE', *, *, #462, .F. ) ;
#1171 = DIRECTION ( 'NONE',  ( -1.000000000000000000, 0.000000000000000000, 0.000000000000000000 ) ) ;
#1172 = EDGE_CURVE ( 'NONE', #1897, #185, #1542, .T. ) ;
#1173 = AXIS2_PLACEMENT_3D ( 'NONE', #271, #895, #1980 ) ;
#1174 = EDGE_CURVE ( 'NONE', #966, #1526, #1378, .T. ) ;
#1175 = LINE ( 'NONE', #96, #1149 ) ;
#1176 = CIRCLE ( 'NONE', #426, 7.500000000000000000 ) ;
#1177 = DIRECTION ( 'NONE',  ( 0.000000000000000000, 0.000000000000000000, -1.000000000000000000 ) ) ;
#1178 = ORIENTED_EDGE ( 'NONE', *, *, #1670, .T. ) ;
#1179 = CIRCLE ( 'NONE', #121, 3.000000000000002665 ) ;
#1180 = DIRECTION ( 'NONE',  ( -1.000000000000000000, 0.000000000000000000, 0.000000000000000000 ) ) ;
#1181 = CARTESIAN_POINT ( 'NONE',  ( -3.999999999999997335, 16.99999999999998579, 1.500000000000000000 ) ) ;
#1182 = ORIENTED_EDGE ( 'NONE', *, *, #1494, .T. ) ;
#1183 = LINE ( 'NONE', #1506, #433 ) ;
#1184 = AXIS2_PLACEMENT_3D ( 'NONE', #1962, #801, #1430 ) ;
#1185 = DIRECTION ( 'NONE',  ( -0.000000000000000000, -0.000000000000000000, -1.000000000000000000 ) ) ;
#1186 = EDGE_CURVE ( 'NONE', #1596, #1134, #883, .T. ) ;
#1187 = EDGE_CURVE ( 'NONE', #452, #1832, #139, .T. ) ;
#1188 = DIRECTION ( 'NONE',  ( -1.000000000000000000, 0.000000000000000000, 0.000000000000000000 ) ) ;
#1189 = ORIENTED_EDGE ( 'NONE', *, *, #1492, .T. ) ;
#1190 = DIRECTION ( 'NONE',  ( -0.000000000000000000, -0.000000000000000000, -1.000000000000000000 ) ) ;
#1191 = LINE ( 'NONE', #719, #308 ) ;
#1192 = ORIENTED_EDGE ( 'NONE', *, *, #1150, .F. ) ;
#1193 = FACE_OUTER_BOUND ( 'NONE', #1364, .T. ) ;
#1194 = CARTESIAN_POINT ( 'NONE',  ( -51.65000000000004121, 4.000000000000000000, 1.500000000000000000 ) ) ;
#1195 = DIRECTION ( 'NONE',  ( -1.000000000000000000, 0.000000000000000000, 0.000000000000000000 ) ) ;
#1196 = AXIS2_PLACEMENT_3D ( 'NONE', #41, #1754, #338 ) ;
#1197 = ORIENTED_EDGE ( 'NONE', *, *, #606, .T. ) ;
#1198 = CARTESIAN_POINT ( 'NONE',  ( -3.999999999999997335, 16.99999999999998579, 1.500000000000000000 ) ) ;
#1199 = FACE_OUTER_BOUND ( 'NONE', #336, .T. ) ;
#1200 = DIRECTION ( 'NONE',  ( -1.000000000000000000, 0.000000000000000000, 0.000000000000000000 ) ) ;
#1201 = CARTESIAN_POINT ( 'NONE',  ( -51.65000000000004121, 4.000000000000000000, 4.000000000000000000 ) ) ;
#1202 = CARTESIAN_POINT ( 'NONE',  ( -50.34999999999999432, 56.99999999999997868, 4.000000000000000000 ) ) ;
#1203 = CIRCLE ( 'NONE', #453, 3.000000000000002665 ) ;
#1204 = VERTEX_POINT ( 'NONE', #1699 ) ;
#1205 = DIRECTION ( 'NONE',  ( 0.000000000000000000, 0.000000000000000000, -1.000000000000000000 ) ) ;
#1206 = EDGE_CURVE ( 'NONE', #821, #221, #756, .T. ) ;
#1207 = ADVANCED_FACE ( 'NONE', ( #598 ), #275, .F. ) ;
#1208 = EDGE_CURVE ( 'NONE', #1136, #1230, #1530, .T. ) ;
#1209 = CIRCLE ( 'NONE', #853, 3.000000000000002665 ) ;
#1210 = AXIS2_PLACEMENT_3D ( 'NONE', #158, #1906, #170 ) ;
#1211 = PLANE ( 'NONE',  #1843 ) ;
#1212 = CARTESIAN_POINT ( 'NONE',  ( -9.107695154586739505, 14.99999999999999645, -6.000000000000000000 ) ) ;
#1213 = AXIS2_PLACEMENT_3D ( 'NONE', #761, #116, #769 ) ;
#1214 = DIRECTION ( 'NONE',  ( 0.000000000000000000, 0.000000000000000000, -1.000000000000000000 ) ) ;
#1215 = CYLINDRICAL_SURFACE ( 'NONE', #613, 3.000000000000002665 ) ;
#1216 = ORIENTED_EDGE ( 'NONE', *, *, #1269, .T. ) ;
#1217 = CIRCLE ( 'NONE', #958, 1.650000000000005684 ) ;
#1218 = DIRECTION ( 'NONE',  ( -0.000000000000000000, -0.000000000000000000, -1.000000000000000000 ) ) ;
#1219 = FACE_BOUND ( 'NONE', #402, .T. ) ;
#1220 = FACE_OUTER_BOUND ( 'NONE', #1817, .T. ) ;
#1221 = CARTESIAN_POINT ( 'NONE',  ( -94.35000000000003695, 77.00000000000000000, 1.500000000000000000 ) ) ;
#1222 = EDGE_LOOP ( 'NONE', ( #301, #1767, #1099, #1281 ) ) ;
#1223 = DIRECTION ( 'NONE',  ( 0.000000000000000000, 0.000000000000000000, -1.000000000000000000 ) ) ;
#1224 = ORIENTED_EDGE ( 'NONE', *, *, #1105, .F. ) ;
#1225 = DIRECTION ( 'NONE',  ( 0.000000000000000000, 0.000000000000000000, -1.000000000000000000 ) ) ;
#1226 = CARTESIAN_POINT ( 'NONE',  ( -77.50000000000001421, 14.99999999999998579, 0.000000000000000000 ) ) ;
#1227 = DIRECTION ( 'NONE',  ( -1.000000000000000000, 0.000000000000000000, 0.000000000000000000 ) ) ;
#1228 = ADVANCED_FACE ( 'NONE', ( #913 ), #1866, .F. ) ;
#1229 = EDGE_CURVE ( 'NONE', #570, #1949, #467, .T. ) ;
#1230 = VERTEX_POINT ( 'NONE', #1908 ) ;
#1231 = DIRECTION ( 'NONE',  ( 0.000000000000000000, 0.000000000000000000, -1.000000000000000000 ) ) ;
#1232 = AXIS2_PLACEMENT_3D ( 'NONE', #679, #388, #1310 ) ;
#1233 = ORIENTED_EDGE ( 'NONE', *, *, #1121, .F. ) ;
#1234 = AXIS2_PLACEMENT_3D ( 'NONE', #1263, #1762, #1637 ) ;
#1235 = CYLINDRICAL_SURFACE ( 'NONE', #1213, 3.000000000000000000 ) ;
#1236 = CIRCLE ( 'NONE', #1511, 3.000000000000000000 ) ;
#1237 = DIRECTION ( 'NONE',  ( -1.000000000000000000, 0.000000000000000000, 0.000000000000000000 ) ) ;
#1238 = VERTEX_POINT ( 'NONE', #17 ) ;
#1239 = CYLINDRICAL_SURFACE ( 'NONE', #1323, 3.000000000000002665 ) ;
#1240 = CLOSED_SHELL ( 'NONE', ( #998, #759, #91, #1761, #138, #1953, #514, #1856, #482, #224, #2011, #178, #1774, #903, #1456, #699, #1538, #572, #1909, #399, #1026, #90, #111, #7, #231, #1207, #207, #781, #114, #809, #1243, #292, #2009, #1337, #1454, #136, #725, #1703, #1036, #182, #930, #1824, #1822, #928, #1727, #302, #1773, #575, #1798, #421, #361, #782, #1082, #554, #1989, #1797, #1643, #1977, #1988, #823, #551, #846, #591, #1729, #960, #1228, #448, #972 ) ) ;
#1241 = DIRECTION ( 'NONE',  ( -0.000000000000000000, -0.000000000000000000, -1.000000000000000000 ) ) ;
#1242 = ORIENTED_EDGE ( 'NONE', *, *, #1647, .T. ) ;
#1243 = ADVANCED_FACE ( 'NONE', ( #1029 ), #1814, .F. ) ;
#1244 = LINE ( 'NONE', #177, #1143 ) ;
#1245 = AXIS2_PLACEMENT_3D ( 'NONE', #451, #908, #1863 ) ;
#1246 = ORIENTED_EDGE ( 'NONE', *, *, #244, .T. ) ;
#1247 = PLANE ( 'NONE',  #1381 ) ;
#1248 = CARTESIAN_POINT ( 'NONE',  ( -3.999999999999984457, 137.0000000000000000, 1.500000000000000000 ) ) ;
#1249 = ORIENTED_EDGE ( 'NONE', *, *, #675, .T. ) ;
#1250 = CARTESIAN_POINT ( 'NONE',  ( -3.999999999999997335, 16.99999999999998579, 4.000000000000000000 ) ) ;
#1251 = CYLINDRICAL_SURFACE ( 'NONE', #1138, 3.000000000000002665 ) ;
#1252 = ORIENTED_EDGE ( 'NONE', *, *, #1846, .T. ) ;
#1253 = CARTESIAN_POINT ( 'NONE',  ( -15.00000000000000000, 14.99999999999999822, 0.000000000000000000 ) ) ;
#1254 = ORIENTED_EDGE ( 'NONE', *, *, #1577, .F. ) ;
#1255 = CIRCLE ( 'NONE', #380, 5.892304845413254277 ) ;
#1256 = CYLINDRICAL_SURFACE ( 'NONE', #854, 1.650000000000000355 ) ;
#1257 = CARTESIAN_POINT ( 'NONE',  ( -14.99999999999998401, 139.0000000000000000, -6.000000000000000000 ) ) ;
#1258 = ORIENTED_EDGE ( 'NONE', *, *, #1646, .T. ) ;
#1259 = FACE_BOUND ( 'NONE', #649, .T. ) ;
#1260 = DIRECTION ( 'NONE',  ( 0.000000000000000000, 0.000000000000000000, -1.000000000000000000 ) ) ;
#1261 = DIRECTION ( 'NONE',  ( -1.000000000000000000, 0.000000000000000000, 0.000000000000000000 ) ) ;
#1262 = ORIENTED_EDGE ( 'NONE', *, *, #1819, .T. ) ;
#1263 = CARTESIAN_POINT ( 'NONE',  ( -84.99999999999998579, 139.0000000000000000, -6.000000000000000000 ) ) ;
#1264 = ORIENTED_EDGE ( 'NONE', *, *, #1186, .F. ) ;
#1265 = AXIS2_PLACEMENT_3D ( 'NONE', #2024, #151, #772 ) ;
#1266 = ORIENTED_EDGE ( 'NONE', *, *, #872, .T. ) ;
#1267 = EDGE_CURVE ( 'NONE', #212, #452, #1682, .T. ) ;
#1268 = FACE_OUTER_BOUND ( 'NONE', #148, .T. ) ;
#1269 = EDGE_CURVE ( 'NONE', #1357, #1513, #1167, .T. ) ;
#1270 = AXIS2_PLACEMENT_3D ( 'NONE', #602, #1190, #1825 ) ;
#1271 = CARTESIAN_POINT ( 'NONE',  ( -48.34999999999999432, 150.0000000000000000, 4.000000000000000000 ) ) ;
#1272 = EDGE_LOOP ( 'NONE', ( #845, #343, #1412, #932 ) ) ;
#1273 = FACE_OUTER_BOUND ( 'NONE', #464, .T. ) ;
#1274 = CARTESIAN_POINT ( 'NONE',  ( -94.35000000000000853, 137.0000000000000000, 1.500000000000000000 ) ) ;
#1275 = CIRCLE ( 'NONE', #288, 3.000000000000002665 ) ;
#1276 = VECTOR ( 'NONE', #1828, 1000.000000000000000 ) ;
#1277 = ORIENTED_EDGE ( 'NONE', *, *, #56, .F. ) ;
#1278 = EDGE_LOOP ( 'NONE', ( #1771, #1349 ) ) ;
#1279 = CARTESIAN_POINT ( 'NONE',  ( -48.99999999999997868, 56.99999999999997868, 1.500000000000000000 ) ) ;
#1280 = AXIS2_PLACEMENT_3D ( 'NONE', #1032, #427, #1995 ) ;
#1281 = ORIENTED_EDGE ( 'NONE', *, *, #1208, .F. ) ;
#1282 = AXIS2_PLACEMENT_3D ( 'NONE', #900, #2022, #2015 ) ;
#1283 = EDGE_LOOP ( 'NONE', ( #995, #299, #2027, #808 ) ) ;
#1284 = AXIS2_PLACEMENT_3D ( 'NONE', #824, #1285, #635 ) ;
#1285 = DIRECTION ( 'NONE',  ( 0.000000000000000000, 0.000000000000000000, -1.000000000000000000 ) ) ;
#1286 = CARTESIAN_POINT ( 'NONE',  ( -3.999999999999990674, 77.00000000000000000, 1.500000000000000000 ) ) ;
#1287 = DIRECTION ( 'NONE',  ( 0.000000000000000000, 0.000000000000000000, -1.000000000000000000 ) ) ;
#1288 = CARTESIAN_POINT ( 'NONE',  ( -48.99999999999997868, 56.99999999999997868, 1.500000000000000000 ) ) ;
#1289 = ORIENTED_EDGE ( 'NONE', *, *, #1760, .F. ) ;
#1290 = CARTESIAN_POINT ( 'NONE',  ( -51.99999999999998579, 96.99999999999998579, 1.500000000000000000 ) ) ;
#1291 = EDGE_LOOP ( 'NONE', ( #1671, #765 ) ) ;
#1292 = EDGE_LOOP ( 'NONE', ( #1089, #704 ) ) ;
#1293 = DIRECTION ( 'NONE',  ( -1.000000000000000000, 0.000000000000000000, 0.000000000000000000 ) ) ;
#1294 = LINE ( 'NONE', #1443, #393 ) ;
#1295 = FACE_OUTER_BOUND ( 'NONE', #1354, .T. ) ;
#1296 = APPLICATION_CONTEXT ( 'automotive_design' ) ;
#1297 = CYLINDRICAL_SURFACE ( 'NONE', #364, 1.649999999999999467 ) ;
#1298 = EDGE_CURVE ( 'NONE', #312, #185, #1805, .T. ) ;
#1299 = CARTESIAN_POINT ( 'NONE',  ( -84.99999999999998579, 139.0000000000000000, 0.000000000000000000 ) ) ;
#1300 = ORIENTED_EDGE ( 'NONE', *, *, #360, .T. ) ;
#1301 = EDGE_LOOP ( 'NONE', ( #526, #919 ) ) ;
#1302 = AXIS2_PLACEMENT_3D ( 'NONE', #1900, #458, #298 ) ;
#1303 = CARTESIAN_POINT ( 'NONE',  ( -85.00000000000000000, 14.99999999999998757, -6.000000000000000000 ) ) ;
#1304 = VECTOR ( 'NONE', #888, 1000.000000000000000 ) ;
#1305 = CYLINDRICAL_SURFACE ( 'NONE', #749, 3.000000000000000888 ) ;
#1306 = DIRECTION ( 'NONE',  ( -1.000000000000000000, 0.000000000000000000, 0.000000000000000000 ) ) ;
#1307 = EDGE_LOOP ( 'NONE', ( #113, #53 ) ) ;
#1308 = ORIENTED_EDGE ( 'NONE', *, *, #1267, .F. ) ;
#1309 = EDGE_CURVE ( 'NONE', #884, #1541, #1651, .T. ) ;
#1310 = DIRECTION ( 'NONE',  ( -1.000000000000000000, 0.000000000000000000, 0.000000000000000000 ) ) ;
#1311 = AXIS2_PLACEMENT_3D ( 'NONE', #1142, #817, #209 ) ;
#1312 = VERTEX_POINT ( 'NONE', #3 ) ;
#1313 = CIRCLE ( 'NONE', #262, 5.892304845413254277 ) ;
#1314 = EDGE_LOOP ( 'NONE', ( #517, #1490, #1985, #1759 ) ) ;
#1315 = VECTOR ( 'NONE', #1642, 1000.000000000000000 ) ;
#1316 = DIRECTION ( 'NONE',  ( -1.000000000000000000, 0.000000000000000000, 0.000000000000000000 ) ) ;
#1317 = CIRCLE ( 'NONE', #1585, 5.892304845413263159 ) ;
#1318 = VERTEX_POINT ( 'NONE', #1271 ) ;
#1319 = DIRECTION ( 'NONE',  ( 0.000000000000000000, 0.000000000000000000, -1.000000000000000000 ) ) ;
#1320 = EDGE_CURVE ( 'NONE', #1636, #1428, #1053, .T. ) ;
#1321 = ORIENTED_EDGE ( 'NONE', *, *, #1609, .T. ) ;
#1322 = DIRECTION ( 'NONE',  ( 0.000000000000000000, 0.000000000000000000, -1.000000000000000000 ) ) ;
#1323 = AXIS2_PLACEMENT_3D ( 'NONE', #119, #608, #1227 ) ;
#1324 = ORIENTED_EDGE ( 'NONE', *, *, #664, .T. ) ;
#1325 = DIRECTION ( 'NONE',  ( -1.000000000000000000, 0.000000000000000000, 0.000000000000000000 ) ) ;
#1326 = DIRECTION ( 'NONE',  ( -1.000000000000000000, 0.000000000000000000, 0.000000000000000000 ) ) ;
#1327 = EDGE_CURVE ( 'NONE', #1162, #1596, #235, .T. ) ;
#1328 = EDGE_CURVE ( 'NONE', #670, #546, #990, .T. ) ;
#1329 = ORIENTED_EDGE ( 'NONE', *, *, #674, .T. ) ;
#1330 = CARTESIAN_POINT ( 'NONE',  ( -50.00000000000000000, 150.0000000000000000, 1.500000000000000000 ) ) ;
#1331 = DIRECTION ( 'NONE',  ( -0.000000000000000000, -0.000000000000000000, -1.000000000000000000 ) ) ;
#1332 = DIRECTION ( 'NONE',  ( -1.000000000000000000, 0.000000000000000000, 0.000000000000000000 ) ) ;
#1333 = EDGE_LOOP ( 'NONE', ( #693, #1254, #716, #99 ) ) ;
#1334 = CYLINDRICAL_SURFACE ( 'NONE', #435, 1.650000000000005684 ) ;
#1335 = FACE_OUTER_BOUND ( 'NONE', #1872, .T. ) ;
#1336 = CIRCLE ( 'NONE', #1639, 3.000000000000002665 ) ;
#1337 = ADVANCED_FACE ( 'NONE', ( #1493 ), #1334, .F. ) ;
#1338 = EDGE_CURVE ( 'NONE', #1147, #1383, #700, .T. ) ;
#1339 = ORIENTED_EDGE ( 'NONE', *, *, #2031, .T. ) ;
#1340 = CARTESIAN_POINT ( 'NONE',  ( -3.999999999999990674, 77.00000000000000000, 4.000000000000000000 ) ) ;
#1341 = CIRCLE ( 'NONE', #60, 7.499999999999992895 ) ;
#1342 = CYLINDRICAL_SURFACE ( 'NONE', #1005, 1.649999999999991696 ) ;
#1343 = CIRCLE ( 'NONE', #456, 7.500000000000001776 ) ;
#1344 = FACE_OUTER_BOUND ( 'NONE', #1764, .T. ) ;
#1345 = VERTEX_POINT ( 'NONE', #1104 ) ;
#1346 = VECTOR ( 'NONE', #1711, 1000.000000000000000 ) ;
#1347 = FACE_OUTER_BOUND ( 'NONE', #1973, .T. ) ;
#1348 = DIRECTION ( 'NONE',  ( -0.000000000000000000, -0.000000000000000000, 1.000000000000000000 ) ) ;
#1349 = ORIENTED_EDGE ( 'NONE', *, *, #1363, .T. ) ;
#1350 = CARTESIAN_POINT ( 'NONE',  ( -2.349999999999996980, 16.99999999999998579, 4.000000000000000000 ) ) ;
#1351 = MECHANICAL_DESIGN_GEOMETRIC_PRESENTATION_REPRESENTATION (  '', ( #1081 ), #941 ) ;
#1352 = DIRECTION ( 'NONE',  ( -0.000000000000000000, -0.000000000000000000, -1.000000000000000000 ) ) ;
#1353 = PLANE ( 'NONE',  #2032 ) ;
#1354 = EDGE_LOOP ( 'NONE', ( #1583, #1869 ) ) ;
#1355 = CARTESIAN_POINT ( 'NONE',  ( -53.00000000000004263, 4.000000000000000000, 1.500000000000000000 ) ) ;
#1356 = DIRECTION ( 'NONE',  ( -1.000000000000000000, 0.000000000000000000, 0.000000000000000000 ) ) ;
#1357 = VERTEX_POINT ( 'NONE', #953 ) ;
#1358 = DIRECTION ( 'NONE',  ( -1.000000000000000000, 0.000000000000000000, 0.000000000000000000 ) ) ;
#1359 = CARTESIAN_POINT ( 'NONE',  ( -94.35000000000003695, 77.00000000000000000, 4.000000000000000000 ) ) ;
#1360 = CARTESIAN_POINT ( 'NONE',  ( 0.000000000000000000, 0.000000000000000000, 0.000000000000000000 ) ) ;
#1361 = EDGE_CURVE ( 'NONE', #1841, #653, #729, .T. ) ;
#1362 = CIRCLE ( 'NONE', #1632, 3.000000000000002665 ) ;
#1363 = EDGE_CURVE ( 'NONE', #1520, #970, #1317, .T. ) ;
#1364 = EDGE_LOOP ( 'NONE', ( #1160, #744, #214, #414 ) ) ;
#1365 = EDGE_CURVE ( 'NONE', #26, #1422, #1022, .T. ) ;
#1366 = AXIS2_PLACEMENT_3D ( 'NONE', #2004, #228, #1802 ) ;
#1367 = CARTESIAN_POINT ( 'NONE',  ( -3.999999999999984457, 137.0000000000000000, 0.000000000000000000 ) ) ;
#1368 = DIRECTION ( 'NONE',  ( 0.000000000000000000, 0.000000000000000000, -1.000000000000000000 ) ) ;
#1369 = CYLINDRICAL_SURFACE ( 'NONE', #950, 3.000000000000002665 ) ;
#1370 = PLANE ( 'NONE',  #1445 ) ;
#1371 = CYLINDRICAL_SURFACE ( 'NONE', #12, 1.649999999999998579 ) ;
#1372 = LINE ( 'NONE', #868, #1169 ) ;
#1373 = CIRCLE ( 'NONE', #1701, 1.650000000000000355 ) ;
#1374 = ORIENTED_EDGE ( 'NONE', *, *, #1397, .T. ) ;
#1375 = DIRECTION ( 'NONE',  ( -0.000000000000000000, -0.000000000000000000, 1.000000000000000000 ) ) ;
#1376 = CIRCLE ( 'NONE', #912, 3.000000000000002665 ) ;
#1377 = DIRECTION ( 'NONE',  ( 0.000000000000000000, 0.000000000000000000, -1.000000000000000000 ) ) ;
#1378 = LINE ( 'NONE', #147, #1782 ) ;
#1379 = AXIS2_PLACEMENT_3D ( 'NONE', #1809, #1319, #258 ) ;
#1380 = DIRECTION ( 'NONE',  ( 0.000000000000000000, 0.000000000000000000, 1.000000000000000000 ) ) ;
#1381 = AXIS2_PLACEMENT_3D ( 'NONE', #1055, #1093, #454 ) ;
#1382 = DIRECTION ( 'NONE',  ( -1.000000000000000000, 0.000000000000000000, 0.000000000000000000 ) ) ;
#1383 = VERTEX_POINT ( 'NONE', #171 ) ;
#1384 =( LENGTH_UNIT ( ) NAMED_UNIT ( * ) SI_UNIT ( .MILLI., .METRE. ) );
#1385 = CIRCLE ( 'NONE', #1123, 3.000000000000000888 ) ;
#1386 = EDGE_CURVE ( 'NONE', #418, #1238, #918, .T. ) ;
#1387 = DIRECTION ( 'NONE',  ( -0.000000000000000000, -0.000000000000000000, 1.000000000000000000 ) ) ;
#1388 = EDGE_CURVE ( 'NONE', #975, #1071, #1766, .T. ) ;
#1389 = DIRECTION ( 'NONE',  ( -1.000000000000000000, 0.000000000000000000, 0.000000000000000000 ) ) ;
#1390 = CARTESIAN_POINT ( 'NONE',  ( -50.34999999999999432, 96.99999999999998579, 1.500000000000000000 ) ) ;
#1391 =( LENGTH_UNIT ( ) NAMED_UNIT ( * ) SI_UNIT ( .MILLI., .METRE. ) );
#1392 = ORIENTED_EDGE ( 'NONE', *, *, #607, .F. ) ;
#1393 = DIRECTION ( 'NONE',  ( 0.000000000000000000, 1.000000000000000000, 0.000000000000000000 ) ) ;
#1394 = EDGE_LOOP ( 'NONE', ( #378, #165 ) ) ;
#1395 = DIRECTION ( 'NONE',  ( -1.000000000000000000, 0.000000000000000000, 0.000000000000000000 ) ) ;
#1396 = CARTESIAN_POINT ( 'NONE',  ( -96.00000000000004263, 16.99999999999998579, 1.500000000000000000 ) ) ;
#1397 = EDGE_CURVE ( 'NONE', #1890, #480, #37, .T. ) ;
#1398 = EDGE_CURVE ( 'NONE', #1134, #1596, #663, .T. ) ;
#1399 = FACE_BOUND ( 'NONE', #4, .T. ) ;
#1400 = DIRECTION ( 'NONE',  ( 1.000000000000000000, 0.000000000000000000, 0.000000000000000000 ) ) ;
#1401 = ORIENTED_EDGE ( 'NONE', *, *, #1882, .F. ) ;
#1402 = DIRECTION ( 'NONE',  ( -0.000000000000000000, -0.000000000000000000, -1.000000000000000000 ) ) ;
#1403 = AXIS2_PLACEMENT_3D ( 'NONE', #2005, #1177, #1195 ) ;
#1404 = ORIENTED_EDGE ( 'NONE', *, *, #1833, .F. ) ;
#1405 = CIRCLE ( 'NONE', #1870, 3.000000000000000000 ) ;
#1406 = FACE_OUTER_BOUND ( 'NONE', #21, .T. ) ;
#1407 = CIRCLE ( 'NONE', #1739, 1.649999999999999467 ) ;
#1408 = DIRECTION ( 'NONE',  ( -1.000000000000000000, 0.000000000000000000, -0.000000000000000000 ) ) ;
#1409 = FACE_BOUND ( 'NONE', #1496, .T. ) ;
#1410 = CIRCLE ( 'NONE', #1579, 3.000000000000000888 ) ;
#1411 = DIRECTION ( 'NONE',  ( -1.000000000000000000, 0.000000000000000000, 0.000000000000000000 ) ) ;
#1412 = ORIENTED_EDGE ( 'NONE', *, *, #82, .T. ) ;
#1413 = DIRECTION ( 'NONE',  ( -1.000000000000000000, 0.000000000000000000, 0.000000000000000000 ) ) ;
#1414 = VECTOR ( 'NONE', #813, 1000.000000000000000 ) ;
#1415 = ORIENTED_EDGE ( 'NONE', *, *, #1187, .T. ) ;
#1416 = CARTESIAN_POINT ( 'NONE',  ( -51.65000000000000568, 150.0000000000000000, 1.500000000000000000 ) ) ;
#1417 = DIRECTION ( 'NONE',  ( -0.000000000000000000, -0.000000000000000000, -1.000000000000000000 ) ) ;
#1418 = CIRCLE ( 'NONE', #1958, 1.649999999999998579 ) ;
#1419 = FACE_BOUND ( 'NONE', #951, .T. ) ;
#1420 = PLANE ( 'NONE',  #539 ) ;
#1421 = FACE_OUTER_BOUND ( 'NONE', #1003, .T. ) ;
#1422 = VERTEX_POINT ( 'NONE', #71 ) ;
#1423 = EDGE_CURVE ( 'NONE', #11, #315, #696, .T. ) ;
#1424 = DIRECTION ( 'NONE',  ( 0.000000000000000000, 0.000000000000000000, -1.000000000000000000 ) ) ;
#1425 = EDGE_CURVE ( 'NONE', #1594, #1526, #535, .T. ) ;
#1426 = EDGE_CURVE ( 'NONE', #73, #188, #499, .T. ) ;
#1427 = VERTEX_POINT ( 'NONE', #1069 ) ;
#1428 = VERTEX_POINT ( 'NONE', #434 ) ;
#1429 = DIRECTION ( 'NONE',  ( -0.000000000000000000, -0.000000000000000000, -1.000000000000000000 ) ) ;
#1430 = DIRECTION ( 'NONE',  ( -1.000000000000000000, 0.000000000000000000, 0.000000000000000000 ) ) ;
#1431 = VERTEX_POINT ( 'NONE', #1992 ) ;
#1432 = CARTESIAN_POINT ( 'NONE',  ( 0.000000000000000000, 0.000000000000000000, 4.000000000000000000 ) ) ;
#1433 = DIRECTION ( 'NONE',  ( -0.000000000000000000, -0.000000000000000000, -1.000000000000000000 ) ) ;
#1434 = ORIENTED_EDGE ( 'NONE', *, *, #1882, .T. ) ;
#1435 = CARTESIAN_POINT ( 'NONE',  ( -96.00000000000001421, 137.0000000000000000, 4.000000000000000000 ) ) ;
#1436 = ORIENTED_EDGE ( 'NONE', *, *, #597, .T. ) ;
#1437 = AXIS2_PLACEMENT_3D ( 'NONE', #46, #1322, #1960 ) ;
#1438 = ORIENTED_EDGE ( 'NONE', *, *, #1550, .T. ) ;
#1439 = CARTESIAN_POINT ( 'NONE',  ( -92.50000000000001421, 139.0000000000000000, 0.000000000000000000 ) ) ;
#1440 = CIRCLE ( 'NONE', #559, 1.649999999999998579 ) ;
#1441 = DIRECTION ( 'NONE',  ( 0.000000000000000000, 0.000000000000000000, -1.000000000000000000 ) ) ;
#1442 = ORIENTED_EDGE ( 'NONE', *, *, #760, .F. ) ;
#1443 = CARTESIAN_POINT ( 'NONE',  ( 0.000000000000000000, 154.0000000000000000, 0.000000000000000000 ) ) ;
#1444 = CARTESIAN_POINT ( 'NONE',  ( -77.50000000000001421, 14.99999999999998579, 0.000000000000000000 ) ) ;
#1445 = AXIS2_PLACEMENT_3D ( 'NONE', #1248, #921, #1408 ) ;
#1446 = ORIENTED_EDGE ( 'NONE', *, *, #1398, .T. ) ;
#1447 = FACE_OUTER_BOUND ( 'NONE', #827, .T. ) ;
#1448 = ORIENTED_EDGE ( 'NONE', *, *, #2033, .F. ) ;
#1449 = AXIS2_PLACEMENT_3D ( 'NONE', #1553, #1057, #1094 ) ;
#1450 = EDGE_LOOP ( 'NONE', ( #1460, #1114 ) ) ;
#1451 = MANIFOLD_SOLID_BREP ( 'Cut-Extrude2', #1240 ) ;
#1452 = CARTESIAN_POINT ( 'NONE',  ( -51.99999999999998579, 56.99999999999997868, 4.000000000000000000 ) ) ;
#1453 = DIRECTION ( 'NONE',  ( -1.000000000000000000, 0.000000000000000000, 0.000000000000000000 ) ) ;
#1454 = ADVANCED_FACE ( 'NONE', ( #1347 ), #2019, .F. ) ;
#1455 = VERTEX_POINT ( 'NONE', #1355 ) ;
#1456 = ADVANCED_FACE ( 'NONE', ( #568 ), #1853, .F. ) ;
#1457 = FACE_OUTER_BOUND ( 'NONE', #1283, .T. ) ;
#1458 = CARTESIAN_POINT ( 'NONE',  ( -99.00000000000004263, 16.99999999999998579, 0.000000000000000000 ) ) ;
#1459 = ORIENTED_EDGE ( 'NONE', *, *, #386, .T. ) ;
#1460 = ORIENTED_EDGE ( 'NONE', *, *, #1397, .F. ) ;
#1461 = FACE_OUTER_BOUND ( 'NONE', #1659, .T. ) ;
#1462 = ORIENTED_EDGE ( 'NONE', *, *, #550, .F. ) ;
#1463 = ORIENTED_EDGE ( 'NONE', *, *, #1267, .T. ) ;
#1464 = CARTESIAN_POINT ( 'NONE',  ( -93.00000000000004263, 16.99999999999998579, 1.500000000000000000 ) ) ;
#1465 = CARTESIAN_POINT ( 'NONE',  ( -48.35000000000002984, 4.000000000000000000, 4.000000000000000000 ) ) ;
#1466 = LINE ( 'NONE', #1899, #702 ) ;
#1467 = ORIENTED_EDGE ( 'NONE', *, *, #1607, .T. ) ;
#1468 = EDGE_LOOP ( 'NONE', ( #1662, #1964, #728, #1763 ) ) ;
#1469 = DIRECTION ( 'NONE',  ( 1.000000000000000000, 0.000000000000000000, 0.000000000000000000 ) ) ;
#1470 = EDGE_LOOP ( 'NONE', ( #1791, #1436, #321, #687 ) ) ;
#1471 = ORIENTED_EDGE ( 'NONE', *, *, #82, .F. ) ;
#1472 = CARTESIAN_POINT ( 'NONE',  ( -77.49999999999997158, 139.0000000000000000, 0.000000000000000000 ) ) ;
#1473 = ORIENTED_EDGE ( 'NONE', *, *, #1208, .T. ) ;
#1474 = DIRECTION ( 'NONE',  ( -0.000000000000000000, -0.000000000000000000, -1.000000000000000000 ) ) ;
#1475 = PRODUCT ( 'base-plate-v1', 'base-plate-v1', '', ( #2034 ) ) ;
#1476 = CONICAL_SURFACE ( 'NONE', #1677, 7.499999999999992895, 0.2617993877991500740 ) ;
#1477 = ORIENTED_EDGE ( 'NONE', *, *, #1551, .F. ) ;
#1478 = CARTESIAN_POINT ( 'NONE',  ( -14.99999999999998401, 139.0000000000000000, 0.000000000000000000 ) ) ;
#1479 = CIRCLE ( 'NONE', #322, 1.650000000000007461 ) ;
#1480 = AXIS2_PLACEMENT_3D ( 'NONE', #1740, #2, #1611 ) ;
#1481 = EDGE_CURVE ( 'NONE', #1794, #11, #412, .T. ) ;
#1482 = VERTEX_POINT ( 'NONE', #880 ) ;
#1483 = VECTOR ( 'NONE', #563, 1000.000000000000000 ) ;
#1484 = DIRECTION ( 'NONE',  ( -0.000000000000000000, -0.000000000000000000, -1.000000000000000000 ) ) ;
#1485 = ORIENTED_EDGE ( 'NONE', *, *, #1622, .F. ) ;
#1486 = CARTESIAN_POINT ( 'NONE',  ( -100.0000000000000000, 154.0000000000000000, 0.000000000000000000 ) ) ;
#1487 = DIRECTION ( 'NONE',  ( -1.000000000000000000, 0.000000000000000000, 0.000000000000000000 ) ) ;
#1488 = CYLINDRICAL_SURFACE ( 'NONE', #847, 3.000000000000002665 ) ;
#1489 = CIRCLE ( 'NONE', #75, 1.650000000000007461 ) ;
#1490 = ORIENTED_EDGE ( 'NONE', *, *, #746, .T. ) ;
#1491 = EDGE_CURVE ( 'NONE', #47, #799, #1405, .T. ) ;
#1492 = EDGE_CURVE ( 'NONE', #1630, #55, #584, .T. ) ;
#1493 = FACE_OUTER_BOUND ( 'NONE', #641, .T. ) ;
#1494 = EDGE_CURVE ( 'NONE', #1638, #1427, #1942, .T. ) ;
#1495 = CARTESIAN_POINT ( 'NONE',  ( -6.999999999999997335, 16.99999999999998579, 1.500000000000000000 ) ) ;
#1496 = EDGE_LOOP ( 'NONE', ( #1915, #537 ) ) ;
#1497 = FACE_BOUND ( 'NONE', #1813, .T. ) ;
#1498 = DIRECTION ( 'NONE',  ( -1.000000000000000000, 0.000000000000000000, 0.000000000000000000 ) ) ;
#1499 = DIRECTION ( 'NONE',  ( -1.000000000000000000, 0.000000000000000000, 0.000000000000000000 ) ) ;
#1500 = ORIENTED_EDGE ( 'NONE', *, *, #632, .F. ) ;
#1501 = SURFACE_STYLE_FILL_AREA ( #1999 ) ;
#1502 = CARTESIAN_POINT ( 'NONE',  ( -51.99999999999998579, 56.99999999999997868, 1.500000000000000000 ) ) ;
#1503 = ADVANCED_BREP_SHAPE_REPRESENTATION ( 'base-plate-v1', ( #1451, #1565 ), #907 ) ;
#1504 = CONICAL_SURFACE ( 'NONE', #647, 7.500000000000020428, 0.2617993877991500740 ) ;
#1505 = ORIENTED_EDGE ( 'NONE', *, *, #1398, .F. ) ;
#1506 = CARTESIAN_POINT ( 'NONE',  ( -48.34999999999999432, 150.0000000000000000, 4.000000000000000000 ) ) ;
#1507 = CARTESIAN_POINT ( 'NONE',  ( -0.9999999999999974465, 16.99999999999998579, 1.500000000000000000 ) ) ;
#1508 = CIRCLE ( 'NONE', #778, 3.000000000000002665 ) ;
#1509 = CARTESIAN_POINT ( 'NONE',  ( -97.65000000000003411, 137.0000000000000000, 1.500000000000000000 ) ) ;
#1510 = ORIENTED_EDGE ( 'NONE', *, *, #329, .T. ) ;
#1511 = AXIS2_PLACEMENT_3D ( 'NONE', #446, #1075, #605 ) ;
#1512 = CARTESIAN_POINT ( 'NONE',  ( -93.00000000000002842, 77.00000000000000000, 1.500000000000000000 ) ) ;
#1513 = VERTEX_POINT ( 'NONE', #1521 ) ;
#1514 = CARTESIAN_POINT ( 'NONE',  ( -3.999999999999984457, 137.0000000000000000, 1.500000000000000000 ) ) ;
#1515 = EDGE_CURVE ( 'NONE', #1238, #418, #391, .T. ) ;
#1516 = AXIS2_PLACEMENT_3D ( 'NONE', #1396, #2029, #1237 ) ;
#1517 = EDGE_CURVE ( 'NONE', #2018, #175, #63, .T. ) ;
#1518 = DIRECTION ( 'NONE',  ( -1.000000000000000000, 0.000000000000000000, 0.000000000000000000 ) ) ;
#1519 = CARTESIAN_POINT ( 'NONE',  ( -85.00000000000000000, 14.99999999999998757, 0.000000000000000000 ) ) ;
#1520 = VERTEX_POINT ( 'NONE', #444 ) ;
#1521 = CARTESIAN_POINT ( 'NONE',  ( -47.00000000000000000, 150.0000000000000000, 0.000000000000000000 ) ) ;
#1522 = CARTESIAN_POINT ( 'NONE',  ( -15.00000000000000000, 14.99999999999999822, -6.000000000000000000 ) ) ;
#1523 = PLANE ( 'NONE',  #1652 ) ;
#1524 = DIRECTION ( 'NONE',  ( 0.000000000000000000, 0.000000000000000000, -1.000000000000000000 ) ) ;
#1525 = LINE ( 'NONE', #556, #815 ) ;
#1526 = VERTEX_POINT ( 'NONE', #1063 ) ;
#1527 = AXIS2_PLACEMENT_3D ( 'NONE', #564, #1185, #1050 ) ;
#1528 = DIRECTION ( 'NONE',  ( -1.000000000000000000, 0.000000000000000000, 0.000000000000000000 ) ) ;
#1529 = LINE ( 'NONE', #274, #593 ) ;
#1530 = LINE ( 'NONE', #283, #1544 ) ;
#1531 = AXIS2_PLACEMENT_3D ( 'NONE', #794, #1241, #1411 ) ;
#1532 = CARTESIAN_POINT ( 'NONE',  ( -94.35000000000005116, 16.99999999999998579, 4.000000000000000000 ) ) ;
#1533 = CARTESIAN_POINT ( 'NONE',  ( -85.00000000000000000, 14.99999999999998757, -6.000000000000000000 ) ) ;
#1534 = ORIENTED_EDGE ( 'NONE', *, *, #484, .F. ) ;
#1535 = AXIS2_PLACEMENT_3D ( 'NONE', #1696, #279, #10 ) ;
#1536 = SURFACE_STYLE_USAGE ( .BOTH. , #717 ) ;
#1537 = EDGE_CURVE ( 'NONE', #1230, #1431, #118, .T. ) ;
#1538 = ADVANCED_FACE ( 'NONE', ( #290 ), #631, .F. ) ;
#1539 = AXIS2_PLACEMENT_3D ( 'NONE', #710, #1806, #392 ) ;
#1540 = DIRECTION ( 'NONE',  ( -0.000000000000000000, -0.000000000000000000, -1.000000000000000000 ) ) ;
#1541 = VERTEX_POINT ( 'NONE', #1871 ) ;
#1542 = LINE ( 'NONE', #1719, #1873 ) ;
#1543 = FACE_OUTER_BOUND ( 'NONE', #518, .T. ) ;
#1544 = VECTOR ( 'NONE', #1561, 1000.000000000000000 ) ;
#1545 = VECTOR ( 'NONE', #1429, 1000.000000000000000 ) ;
#1546 = FACE_BOUND ( 'NONE', #1726, .T. ) ;
#1547 = EDGE_LOOP ( 'NONE', ( #732, #736, #1415, #1569 ) ) ;
#1548 = PLANE ( 'NONE',  #1839 ) ;
#1549 = ORIENTED_EDGE ( 'NONE', *, *, #1609, .F. ) ;
#1550 = EDGE_CURVE ( 'NONE', #1556, #312, #490, .T. ) ;
#1551 = EDGE_CURVE ( 'NONE', #337, #450, #1244, .T. ) ;
#1552 = FACE_OUTER_BOUND ( 'NONE', #1126, .T. ) ;
#1553 = CARTESIAN_POINT ( 'NONE',  ( -3.999999999999990674, 77.00000000000000000, 1.500000000000000000 ) ) ;
#1554 = LINE ( 'NONE', #2016, #1054 ) ;
#1555 = FACE_OUTER_BOUND ( 'NONE', #557, .T. ) ;
#1556 = VERTEX_POINT ( 'NONE', #463 ) ;
#1557 = CARTESIAN_POINT ( 'NONE',  ( -3.999999999999984457, 137.0000000000000000, 4.000000000000000000 ) ) ;
#1558 = AXIS2_PLACEMENT_3D ( 'NONE', #216, #1640, #413 ) ;
#1559 = EDGE_LOOP ( 'NONE', ( #1694, #101 ) ) ;
#1560 = DIRECTION ( 'NONE',  ( -0.000000000000000000, -0.000000000000000000, -1.000000000000000000 ) ) ;
#1561 = DIRECTION ( 'NONE',  ( -0.000000000000000000, -0.000000000000000000, -1.000000000000000000 ) ) ;
#1562 = ORIENTED_EDGE ( 'NONE', *, *, #1692, .F. ) ;
#1563 = FACE_OUTER_BOUND ( 'NONE', #507, .T. ) ;
#1564 = CARTESIAN_POINT ( 'NONE',  ( -97.65000000000004832, 16.99999999999998579, 1.500000000000000000 ) ) ;
#1565 = AXIS2_PLACEMENT_3D ( 'NONE', #923, #141, #1400 ) ;
#1566 = ORIENTED_EDGE ( 'NONE', *, *, #760, .T. ) ;
#1567 = CARTESIAN_POINT ( 'NONE',  ( -14.99999999999998401, 139.0000000000000000, 0.000000000000000000 ) ) ;
#1568 = AXIS2_PLACEMENT_3D ( 'NONE', #1299, #1648, #190 ) ;
#1569 = ORIENTED_EDGE ( 'NONE', *, *, #577, .F. ) ;
#1570 = VECTOR ( 'NONE', #755, 1000.000000000000000 ) ;
#1571 = DIRECTION ( 'NONE',  ( -1.000000000000000000, 0.000000000000000000, 0.000000000000000000 ) ) ;
#1572 = CIRCLE ( 'NONE', #227, 1.650000000000005684 ) ;
#1573 = CARTESIAN_POINT ( 'NONE',  ( -54.99999999999998579, 96.99999999999998579, 1.500000000000000000 ) ) ;
#1574 = ORIENTED_EDGE ( 'NONE', *, *, #462, .T. ) ;
#1575 = LINE ( 'NONE', #1780, #784 ) ;
#1576 = CARTESIAN_POINT ( 'NONE',  ( -96.00000000000001421, 137.0000000000000000, 1.500000000000000000 ) ) ;
#1577 = EDGE_CURVE ( 'NONE', #1621, #394, #153, .T. ) ;
#1578 = EDGE_CURVE ( 'NONE', #105, #935, #686, .T. ) ;
#1579 = AXIS2_PLACEMENT_3D ( 'NONE', #250, #1811, #867 ) ;
#1580 = EDGE_CURVE ( 'NONE', #188, #73, #617, .T. ) ;
#1581 = FACE_OUTER_BOUND ( 'NONE', #644, .T. ) ;
#1582 = AXIS2_PLACEMENT_3D ( 'NONE', #733, #694, #102 ) ;
#1583 = ORIENTED_EDGE ( 'NONE', *, *, #1058, .T. ) ;
#1584 = DIRECTION ( 'NONE',  ( 0.000000000000000000, 0.000000000000000000, -1.000000000000000000 ) ) ;
#1585 = AXIS2_PLACEMENT_3D ( 'NONE', #1257, #1742, #326 ) ;
#1586 = ORIENTED_EDGE ( 'NONE', *, *, #1976, .F. ) ;
#1587 = CARTESIAN_POINT ( 'NONE',  ( 0.000000000000000000, 0.000000000000000000, 4.000000000000000000 ) ) ;
#1588 = CARTESIAN_POINT ( 'NONE',  ( -96.00000000000001421, 137.0000000000000000, 4.000000000000000000 ) ) ;
#1589 = AXIS2_PLACEMENT_3D ( 'NONE', #922, #1690, #914 ) ;
#1590 = ORIENTED_EDGE ( 'NONE', *, *, #607, .T. ) ;
#1591 = CARTESIAN_POINT ( 'NONE',  ( -51.99999999999998579, 56.99999999999997868, 4.000000000000000000 ) ) ;
#1592 = LINE ( 'NONE', #20, #1854 ) ;
#1593 =( NAMED_UNIT ( * ) SI_UNIT ( $, .STERADIAN. ) SOLID_ANGLE_UNIT ( ) );
#1594 = VERTEX_POINT ( 'NONE', #335 ) ;
#1595 = DIRECTION ( 'NONE',  ( -1.000000000000000000, 0.000000000000000000, 0.000000000000000000 ) ) ;
#1596 = VERTEX_POINT ( 'NONE', #1100 ) ;
#1597 = ORIENTED_EDGE ( 'NONE', *, *, #1120, .F. ) ;
#1598 = CARTESIAN_POINT ( 'NONE',  ( -96.00000000000004263, 16.99999999999998579, 1.500000000000000000 ) ) ;
#1599 = DIRECTION ( 'NONE',  ( 0.000000000000000000, 0.000000000000000000, -1.000000000000000000 ) ) ;
#1600 = ORIENTED_EDGE ( 'NONE', *, *, #1309, .F. ) ;
#1601 = DIRECTION ( 'NONE',  ( -0.000000000000000000, -0.000000000000000000, -1.000000000000000000 ) ) ;
#1602 = DIRECTION ( 'NONE',  ( -0.000000000000000000, -1.000000000000000000, -0.000000000000000000 ) ) ;
#1603 = ORIENTED_EDGE ( 'NONE', *, *, #515, .F. ) ;
#1604 = EDGE_CURVE ( 'NONE', #1071, #55, #1508, .T. ) ;
#1605 = FACE_OUTER_BOUND ( 'NONE', #1333, .T. ) ;
#1606 = ORIENTED_EDGE ( 'NONE', *, *, #1363, .F. ) ;
#1607 = EDGE_CURVE ( 'NONE', #452, #212, #525, .T. ) ;
#1608 = AXIS2_PLACEMENT_3D ( 'NONE', #417, #1812, #1382 ) ;
#1609 = EDGE_CURVE ( 'NONE', #969, #1666, #1176, .T. ) ;
#1610 = ORIENTED_EDGE ( 'NONE', *, *, #1819, .F. ) ;
#1611 = DIRECTION ( 'NONE',  ( -1.000000000000000000, 0.000000000000000000, 0.000000000000000000 ) ) ;
#1612 = CIRCLE ( 'NONE', #718, 3.000000000000002665 ) ;
#1613 = CARTESIAN_POINT ( 'NONE',  ( -14.99999999999998401, 139.0000000000000000, 0.000000000000000000 ) ) ;
#1614 = ORIENTED_EDGE ( 'NONE', *, *, #56, .T. ) ;
#1615 = DIRECTION ( 'NONE',  ( 0.000000000000000000, 0.000000000000000000, -1.000000000000000000 ) ) ;
#1616 = CARTESIAN_POINT ( 'NONE',  ( -50.00000000000003553, 4.000000000000000000, 1.500000000000000000 ) ) ;
#1617 = AXIS2_PLACEMENT_3D ( 'NONE', #1591, #1601, #316 ) ;
#1618 = ORIENTED_EDGE ( 'NONE', *, *, #1833, .T. ) ;
#1619 = CYLINDRICAL_SURFACE ( 'NONE', #1232, 3.000000000000002665 ) ;
#1620 = ORIENTED_EDGE ( 'NONE', *, *, #1799, .F. ) ;
#1621 = VERTEX_POINT ( 'NONE', #766 ) ;
#1622 = EDGE_CURVE ( 'NONE', #272, #278, #23, .T. ) ;
#1623 = LINE ( 'NONE', #1464, #738 ) ;
#1624 = EDGE_CURVE ( 'NONE', #1954, #180, #1440, .T. ) ;
#1625 = FACE_BOUND ( 'NONE', #1144, .T. ) ;
#1626 = CARTESIAN_POINT ( 'NONE',  ( -48.99999999999997868, 56.99999999999997868, 0.000000000000000000 ) ) ;
#1627 = ORIENTED_EDGE ( 'NONE', *, *, #396, .F. ) ;
#1628 = DIRECTION ( 'NONE',  ( -1.000000000000000000, 0.000000000000000000, 0.000000000000000000 ) ) ;
#1629 = ORIENTED_EDGE ( 'NONE', *, *, #597, .F. ) ;
#1630 = VERTEX_POINT ( 'NONE', #1716 ) ;
#1631 = DIRECTION ( 'NONE',  ( -1.000000000000000000, 0.000000000000000000, 0.000000000000000000 ) ) ;
#1632 = AXIS2_PLACEMENT_3D ( 'NONE', #372, #406, #1356 ) ;
#1633 = EDGE_LOOP ( 'NONE', ( #978, #822, #1321, #1471 ) ) ;
#1634 = CYLINDRICAL_SURFACE ( 'NONE', #945, 1.650000000000007461 ) ;
#1635 = AXIS2_PLACEMENT_3D ( 'NONE', #1576, #2030, #469 ) ;
#1636 = VERTEX_POINT ( 'NONE', #1707 ) ;
#1637 = DIRECTION ( 'NONE',  ( -1.000000000000000000, 0.000000000000000000, 0.000000000000000000 ) ) ;
#1638 = VERTEX_POINT ( 'NONE', #472 ) ;
#1639 = AXIS2_PLACEMENT_3D ( 'NONE', #640, #1088, #764 ) ;
#1640 = DIRECTION ( 'NONE',  ( -0.000000000000000000, -0.000000000000000000, -1.000000000000000000 ) ) ;
#1641 = ORIENTED_EDGE ( 'NONE', *, *, #396, .T. ) ;
#1642 = DIRECTION ( 'NONE',  ( -0.000000000000000000, -0.000000000000000000, -1.000000000000000000 ) ) ;
#1643 = ADVANCED_FACE ( 'NONE', ( #917, #774 ), #1548, .T. ) ;
#1644 = AXIS2_PLACEMENT_3D ( 'NONE', #1502, #1018, #864 ) ;
#1645 = LINE ( 'NONE', #1042, #949 ) ;
#1646 = EDGE_CURVE ( 'NONE', #642, #1045, #1974, .T. ) ;
#1647 = EDGE_CURVE ( 'NONE', #480, #1890, #1343, .T. ) ;
#1648 = DIRECTION ( 'NONE',  ( -0.000000000000000000, -0.000000000000000000, 1.000000000000000000 ) ) ;
#1649 = CIRCLE ( 'NONE', #1311, 1.649999999999998579 ) ;
#1650 = ORIENTED_EDGE ( 'NONE', *, *, #848, .T. ) ;
#1651 = LINE ( 'NONE', #405, #625 ) ;
#1652 = AXIS2_PLACEMENT_3D ( 'NONE', #145, #1377, #615 ) ;
#1653 = CARTESIAN_POINT ( 'NONE',  ( -96.00000000000002842, 77.00000000000000000, 4.000000000000000000 ) ) ;
#1654 = AXIS2_PLACEMENT_3D ( 'NONE', #939, #681, #1571 ) ;
#1655 = ORIENTED_EDGE ( 'NONE', *, *, #1580, .F. ) ;
#1656 = LINE ( 'NONE', #1975, #325 ) ;
#1657 = DIRECTION ( 'NONE',  ( 0.000000000000000000, 0.000000000000000000, -1.000000000000000000 ) ) ;
#1658 = CYLINDRICAL_SURFACE ( 'NONE', #1173, 1.649999999999998579 ) ;
#1659 = EDGE_LOOP ( 'NONE', ( #2046, #293, #1473, #637 ) ) ;
#1660 = DIRECTION ( 'NONE',  ( -1.000000000000000000, 0.000000000000000000, 0.000000000000000000 ) ) ;
#1661 = DIRECTION ( 'NONE',  ( 0.2588190451025213501, -3.169619151431772337E-17, 0.9659258262890680902 ) ) ;
#1662 = ORIENTED_EDGE ( 'NONE', *, *, #675, .F. ) ;
#1663 = DIRECTION ( 'NONE',  ( -1.000000000000000000, 0.000000000000000000, 0.000000000000000000 ) ) ;
#1664 = CARTESIAN_POINT ( 'NONE',  ( -51.99999999999998579, 96.99999999999998579, 4.000000000000000000 ) ) ;
#1665 = CARTESIAN_POINT ( 'NONE',  ( -51.65000000000004121, 4.000000000000000000, 4.000000000000000000 ) ) ;
#1666 = VERTEX_POINT ( 'NONE', #2047 ) ;
#1667 = DIRECTION ( 'NONE',  ( -1.000000000000000000, 0.000000000000000000, 0.000000000000000000 ) ) ;
#1668 = FACE_OUTER_BOUND ( 'NONE', #18, .T. ) ;
#1669 = EDGE_CURVE ( 'NONE', #1204, #562, #1612, .T. ) ;
#1670 = EDGE_CURVE ( 'NONE', #966, #963, #257, .T. ) ;
#1671 = ORIENTED_EDGE ( 'NONE', *, *, #1423, .F. ) ;
#1672 = DIRECTION ( 'NONE',  ( -1.000000000000000000, 0.000000000000000000, 0.000000000000000000 ) ) ;
#1673 = AXIS2_PLACEMENT_3D ( 'NONE', #1693, #1061, #743 ) ;
#1674 = DIRECTION ( 'NONE',  ( -0.2588190451025213501, 0.000000000000000000, 0.9659258262890680902 ) ) ;
#1675 = DIRECTION ( 'NONE',  ( 0.000000000000000000, 0.000000000000000000, -1.000000000000000000 ) ) ;
#1676 = ORIENTED_EDGE ( 'NONE', *, *, #1080, .T. ) ;
#1677 = AXIS2_PLACEMENT_3D ( 'NONE', #1963, #1348, #236 ) ;
#1678 = DIRECTION ( 'NONE',  ( -0.000000000000000000, -0.000000000000000000, -1.000000000000000000 ) ) ;
#1679 = DIRECTION ( 'NONE',  ( -1.000000000000000000, 0.000000000000000000, -0.000000000000000000 ) ) ;
#1680 = CIRCLE ( 'NONE', #1947, 1.650000000000005684 ) ;
#1681 = CARTESIAN_POINT ( 'NONE',  ( -3.999999999999997335, 16.99999999999998579, 1.500000000000000000 ) ) ;
#1682 = CIRCLE ( 'NONE', #1952, 1.650000000000012568 ) ;
#1683 = CARTESIAN_POINT ( 'NONE',  ( -47.00000000000003553, 4.000000000000000000, 0.000000000000000000 ) ) ;
#1684 = CARTESIAN_POINT ( 'NONE',  ( -3.999999999999984457, 137.0000000000000000, 1.500000000000000000 ) ) ;
#1685 = EDGE_LOOP ( 'NONE', ( #2006, #1137 ) ) ;
#1686 = DIRECTION ( 'NONE',  ( 0.000000000000000000, 0.000000000000000000, -1.000000000000000000 ) ) ;
#1687 = VECTOR ( 'NONE', #1850, 1000.000000000000000 ) ;
#1688 = LINE ( 'NONE', #1728, #501 ) ;
#1689 = DIRECTION ( 'NONE',  ( 0.000000000000000000, 0.000000000000000000, -1.000000000000000000 ) ) ;
#1690 = DIRECTION ( 'NONE',  ( -0.000000000000000000, -0.000000000000000000, -1.000000000000000000 ) ) ;
#1691 = EDGE_CURVE ( 'NONE', #394, #1621, #93, .T. ) ;
#1692 = EDGE_CURVE ( 'NONE', #1031, #1455, #358, .T. ) ;
#1693 = CARTESIAN_POINT ( 'NONE',  ( -50.00000000000000000, 150.0000000000000000, 1.500000000000000000 ) ) ;
#1694 = ORIENTED_EDGE ( 'NONE', *, *, #1425, .F. ) ;
#1695 = CIRCLE ( 'NONE', #1366, 7.500000000000020428 ) ;
#1696 = CARTESIAN_POINT ( 'NONE',  ( -51.99999999999998579, 96.99999999999998579, 0.000000000000000000 ) ) ;
#1697 = DIRECTION ( 'NONE',  ( -1.000000000000000000, 0.000000000000000000, 0.000000000000000000 ) ) ;
#1698 = VECTOR ( 'NONE', #1734, 1000.000000000000000 ) ;
#1699 = CARTESIAN_POINT ( 'NONE',  ( -99.00000000000004263, 16.99999999999998579, 1.500000000000000000 ) ) ;
#1700 = FACE_BOUND ( 'NONE', #1291, .T. ) ;
#1701 = AXIS2_PLACEMENT_3D ( 'NONE', #120, #1675, #877 ) ;
#1702 = PLANE ( 'NONE',  #1302 ) ;
#1703 = ADVANCED_FACE ( 'NONE', ( #1145 ), #1013, .F. ) ;
#1704 = EDGE_CURVE ( 'NONE', #1556, #1897, #345, .T. ) ;
#1705 = ORIENTED_EDGE ( 'NONE', *, *, #999, .F. ) ;
#1706 = EDGE_CURVE ( 'NONE', #799, #1904, #211, .T. ) ;
#1707 = CARTESIAN_POINT ( 'NONE',  ( -53.64999999999997726, 96.99999999999998579, 4.000000000000000000 ) ) ;
#1708 = ORIENTED_EDGE ( 'NONE', *, *, #1206, .F. ) ;
#1709 = AXIS2_PLACEMENT_3D ( 'NONE', #2042, #750, #1389 ) ;
#1710 = DIRECTION ( 'NONE',  ( 0.000000000000000000, 0.000000000000000000, -1.000000000000000000 ) ) ;
#1711 = DIRECTION ( 'NONE',  ( -0.000000000000000000, -0.000000000000000000, -1.000000000000000000 ) ) ;
#1712 = CARTESIAN_POINT ( 'NONE',  ( -3.999999999999990674, 77.00000000000000000, 4.000000000000000000 ) ) ;
#1713 = VECTOR ( 'NONE', #390, 1000.000000000000000 ) ;
#1714 = DIRECTION ( 'NONE',  ( -1.000000000000000000, 0.000000000000000000, -0.000000000000000000 ) ) ;
#1715 = ORIENTED_EDGE ( 'NONE', *, *, #206, .T. ) ;
#1716 = CARTESIAN_POINT ( 'NONE',  ( -93.00000000000001421, 137.0000000000000000, 1.500000000000000000 ) ) ;
#1717 = ORIENTED_EDGE ( 'NONE', *, *, #848, .F. ) ;
#1718 = CARTESIAN_POINT ( 'NONE',  ( -3.999999999999984457, 137.0000000000000000, 1.500000000000000000 ) ) ;
#1719 = CARTESIAN_POINT ( 'NONE',  ( 0.000000000000000000, 0.000000000000000000, 0.000000000000000000 ) ) ;
#1720 = EDGE_LOOP ( 'NONE', ( #1500, #1940, #498, #68 ) ) ;
#1721 = DIRECTION ( 'NONE',  ( -1.000000000000000000, 0.000000000000000000, 0.000000000000000000 ) ) ;
#1722 = SHAPE_DEFINITION_REPRESENTATION ( #543, #1503 ) ;
#1723 = ORIENTED_EDGE ( 'NONE', *, *, #1122, .T. ) ;
#1724 = CARTESIAN_POINT ( 'NONE',  ( -50.00000000000000000, 150.0000000000000000, 1.500000000000000000 ) ) ;
#1725 = AXIS2_PLACEMENT_3D ( 'NONE', #1181, #1993, #1316 ) ;
#1726 = EDGE_LOOP ( 'NONE', ( #87, #656 ) ) ;
#1727 = ADVANCED_FACE ( 'NONE', ( #77 ), #222, .T. ) ;
#1728 = CARTESIAN_POINT ( 'NONE',  ( -97.65000000000004832, 16.99999999999998579, 4.000000000000000000 ) ) ;
#1729 = ADVANCED_FACE ( 'NONE', ( #1461 ), #1004, .F. ) ;
#1730 = DIRECTION ( 'NONE',  ( -0.000000000000000000, -0.000000000000000000, -1.000000000000000000 ) ) ;
#1731 = EDGE_LOOP ( 'NONE', ( #407, #42, #1166, #1930 ) ) ;
#1732 = FACE_BOUND ( 'NONE', #522, .T. ) ;
#1733 = CARTESIAN_POINT ( 'NONE',  ( -14.99999999999998401, 139.0000000000000000, 0.000000000000000000 ) ) ;
#1734 = DIRECTION ( 'NONE',  ( -0.000000000000000000, -0.000000000000000000, -1.000000000000000000 ) ) ;
#1735 = ORIENTED_EDGE ( 'NONE', *, *, #1298, .F. ) ;
#1736 = DIRECTION ( 'NONE',  ( -1.000000000000000000, 0.000000000000000000, 0.000000000000000000 ) ) ;
#1737 = CIRCLE ( 'NONE', #1972, 3.000000000000002665 ) ;
#1738 = EDGE_LOOP ( 'NONE', ( #1007, #1534, #1905, #603 ) ) ;
#1739 = AXIS2_PLACEMENT_3D ( 'NONE', #1898, #792, #682 ) ;
#1740 = CARTESIAN_POINT ( 'NONE',  ( -51.99999999999998579, 56.99999999999997868, 0.000000000000000000 ) ) ;
#1741 = AXIS2_PLACEMENT_3D ( 'NONE', #1340, #1837, #553 ) ;
#1742 = DIRECTION ( 'NONE',  ( 0.000000000000000000, 0.000000000000000000, -1.000000000000000000 ) ) ;
#1743 = VECTOR ( 'NONE', #282, 1000.000000000000000 ) ;
#1744 = ORIENTED_EDGE ( 'NONE', *, *, #633, .F. ) ;
#1745 = CARTESIAN_POINT ( 'NONE',  ( -96.00000000000004263, 16.99999999999998579, 1.500000000000000000 ) ) ;
#1746 = DIRECTION ( 'NONE',  ( -0.000000000000000000, -0.000000000000000000, -1.000000000000000000 ) ) ;
#1747 = CIRCLE ( 'NONE', #2012, 5.892304845413263159 ) ;
#1748 = ORIENTED_EDGE ( 'NONE', *, *, #1883, .T. ) ;
#1749 = FACE_OUTER_BOUND ( 'NONE', #788, .T. ) ;
#1750 = VECTOR ( 'NONE', #519, 1000.000000000000000 ) ;
#1751 = DIRECTION ( 'NONE',  ( -0.000000000000000000, -0.000000000000000000, 1.000000000000000000 ) ) ;
#1752 = ORIENTED_EDGE ( 'NONE', *, *, #768, .F. ) ;
#1753 = ORIENTED_EDGE ( 'NONE', *, *, #13, .T. ) ;
#1754 = DIRECTION ( 'NONE',  ( 0.000000000000000000, -1.000000000000000000, 0.000000000000000000 ) ) ;
#1755 = DIRECTION ( 'NONE',  ( -1.000000000000000000, 0.000000000000000000, 0.000000000000000000 ) ) ;
#1756 = ORIENTED_EDGE ( 'NONE', *, *, #246, .F. ) ;
#1757 = DIRECTION ( 'NONE',  ( 0.000000000000000000, 0.000000000000000000, -1.000000000000000000 ) ) ;
#1758 = LINE ( 'NONE', #968, #1907 ) ;
#1759 = ORIENTED_EDGE ( 'NONE', *, *, #595, .F. ) ;
#1760 = EDGE_CURVE ( 'NONE', #963, #966, #1868, .T. ) ;
#1761 = ADVANCED_FACE ( 'NONE', ( #1165 ), #1619, .F. ) ;
#1762 = DIRECTION ( 'NONE',  ( 0.000000000000000000, 0.000000000000000000, -1.000000000000000000 ) ) ;
#1763 = ORIENTED_EDGE ( 'NONE', *, *, #371, .F. ) ;
#1764 = EDGE_LOOP ( 'NONE', ( #9, #1095, #1246, #1887 ) ) ;
#1765 = CYLINDRICAL_SURFACE ( 'NONE', #677, 3.000000000000002665 ) ;
#1766 = LINE ( 'NONE', #184, #1414 ) ;
#1767 = ORIENTED_EDGE ( 'NONE', *, *, #176, .T. ) ;
#1768 = DIRECTION ( 'NONE',  ( -1.000000000000000000, 0.000000000000000000, 0.000000000000000000 ) ) ;
#1769 = CARTESIAN_POINT ( 'NONE',  ( -2.349999999999976996, 137.0000000000000000, 4.000000000000000000 ) ) ;
#1770 = EDGE_LOOP ( 'NONE', ( #1752, #1852, #1748, #1945 ) ) ;
#1771 = ORIENTED_EDGE ( 'NONE', *, *, #550, .T. ) ;
#1772 = CARTESIAN_POINT ( 'NONE',  ( -15.00000000000000000, 14.99999999999999822, 0.000000000000000000 ) ) ;
#1773 = ADVANCED_FACE ( 'NONE', ( #1605 ), #89, .T. ) ;
#1774 = ADVANCED_FACE ( 'NONE', ( #861 ), #356, .T. ) ;
#1775 = ORIENTED_EDGE ( 'NONE', *, *, #267, .F. ) ;
#1776 = CIRCLE ( 'NONE', #1939, 3.000000000000002665 ) ;
#1777 = ORIENTED_EDGE ( 'NONE', *, *, #54, .F. ) ;
#1778 = CARTESIAN_POINT ( 'NONE',  ( -3.999999999999997335, 16.99999999999998579, 4.000000000000000000 ) ) ;
#1779 = AXIS2_PLACEMENT_3D ( 'NONE', #536, #832, #1628 ) ;
#1780 = CARTESIAN_POINT ( 'NONE',  ( 0.000000000000000000, 0.000000000000000000, 0.000000000000000000 ) ) ;
#1781 = CARTESIAN_POINT ( 'NONE',  ( -3.999999999999984457, 137.0000000000000000, 4.000000000000000000 ) ) ;
#1782 = VECTOR ( 'NONE', #626, 1000.000000000000000 ) ;
#1783 = DIRECTION ( 'NONE',  ( -0.000000000000000000, -0.000000000000000000, -1.000000000000000000 ) ) ;
#1784 = FACE_OUTER_BOUND ( 'NONE', #1731, .T. ) ;
#1785 = EDGE_LOOP ( 'NONE', ( #1, #1600, #1931, #442 ) ) ;
#1786 = VECTOR ( 'NONE', #306, 1000.000000000000000 ) ;
#1787 = VERTEX_POINT ( 'NONE', #524 ) ;
#1788 = DIRECTION ( 'NONE',  ( -0.2588190451025213501, 0.000000000000000000, 0.9659258262890680902 ) ) ;
#1789 = ORIENTED_EDGE ( 'NONE', *, *, #1425, .T. ) ;
#1790 = DIRECTION ( 'NONE',  ( -0.000000000000000000, -0.000000000000000000, 1.000000000000000000 ) ) ;
#1791 = ORIENTED_EDGE ( 'NONE', *, *, #1059, .F. ) ;
#1792 = ORIENTED_EDGE ( 'NONE', *, *, #1172, .T. ) ;
#1793 = DIRECTION ( 'NONE',  ( -1.000000000000000000, 0.000000000000000000, -0.000000000000000000 ) ) ;
#1794 = VERTEX_POINT ( 'NONE', #1948 ) ;
#1795 = ORIENTED_EDGE ( 'NONE', *, *, #246, .T. ) ;
#1796 = CARTESIAN_POINT ( 'NONE',  ( -7.499999999999981348, 139.0000000000000000, 0.000000000000000000 ) ) ;
#1797 = ADVANCED_FACE ( 'NONE', ( #1784 ), #1488, .F. ) ;
#1798 = ADVANCED_FACE ( 'NONE', ( #1447, #1158 ), #849, .T. ) ;
#1799 = EDGE_CURVE ( 'NONE', #806, #2035, #1776, .T. ) ;
#1800 = ORIENTED_EDGE ( 'NONE', *, *, #701, .T. ) ;
#1801 = DIRECTION ( 'NONE',  ( 0.000000000000000000, 0.000000000000000000, -1.000000000000000000 ) ) ;
#1802 = DIRECTION ( 'NONE',  ( -1.000000000000000000, 0.000000000000000000, 0.000000000000000000 ) ) ;
#1803 = CARTESIAN_POINT ( 'NONE',  ( -6.999999999999997335, 16.99999999999998579, 1.500000000000000000 ) ) ;
#1804 = ORIENTED_EDGE ( 'NONE', *, *, #1927, .F. ) ;
#1805 = LINE ( 'NONE', #1922, #1153 ) ;
#1806 = DIRECTION ( 'NONE',  ( -0.000000000000000000, -0.000000000000000000, 1.000000000000000000 ) ) ;
#1807 = ORIENTED_EDGE ( 'NONE', *, *, #1328, .F. ) ;
#1808 = AXIS2_PLACEMENT_3D ( 'NONE', #730, #891, #1982 ) ;
#1809 = CARTESIAN_POINT ( 'NONE',  ( -3.999999999999990674, 77.00000000000000000, 1.500000000000000000 ) ) ;
#1810 = AXIS2_PLACEMENT_3D ( 'NONE', #1912, #1757, #186 ) ;
#1811 = DIRECTION ( 'NONE',  ( 0.000000000000000000, 0.000000000000000000, -1.000000000000000000 ) ) ;
#1812 = DIRECTION ( 'NONE',  ( -0.000000000000000000, -0.000000000000000000, 1.000000000000000000 ) ) ;
#1813 = EDGE_LOOP ( 'NONE', ( #1446, #695 ) ) ;
#1814 = CYLINDRICAL_SURFACE ( 'NONE', #1984, 1.650000000000012568 ) ;
#1815 = LINE ( 'NONE', #1161, #1829 ) ;
#1816 = AXIS2_PLACEMENT_3D ( 'NONE', #1286, #826, #1453 ) ;
#1817 = EDGE_LOOP ( 'NONE', ( #831, #1744, #1998, #1130 ) ) ;
#1818 = DIRECTION ( 'NONE',  ( 0.000000000000000000, 0.000000000000000000, -1.000000000000000000 ) ) ;
#1819 = EDGE_CURVE ( 'NONE', #1455, #935, #668, .T. ) ;
#1820 = CARTESIAN_POINT ( 'NONE',  ( -48.35000000000002984, 4.000000000000000000, 1.500000000000000000 ) ) ;
#1821 = DIRECTION ( 'NONE',  ( -1.000000000000000000, 0.000000000000000000, 0.000000000000000000 ) ) ;
#1822 = ADVANCED_FACE ( 'NONE', ( #1135 ), #1044, .T. ) ;
#1823 = ORIENTED_EDGE ( 'NONE', *, *, #664, .F. ) ;
#1824 = ADVANCED_FACE ( 'NONE', ( #251 ), #1353, .T. ) ;
#1825 = DIRECTION ( 'NONE',  ( -1.000000000000000000, 0.000000000000000000, 0.000000000000000000 ) ) ;
#1826 = FACE_OUTER_BOUND ( 'NONE', #346, .T. ) ;
#1827 = EDGE_LOOP ( 'NONE', ( #1485, #1756, #389, #1753 ) ) ;
#1828 = DIRECTION ( 'NONE',  ( -0.000000000000000000, -0.000000000000000000, -1.000000000000000000 ) ) ;
#1829 = VECTOR ( 'NONE', #1955, 1000.000000000000000 ) ;
#1830 = DIRECTION ( 'NONE',  ( -1.000000000000000000, 0.000000000000000000, 0.000000000000000000 ) ) ;
#1831 = CARTESIAN_POINT ( 'NONE',  ( -53.00000000000000711, 150.0000000000000000, 0.000000000000000000 ) ) ;
#1832 = VERTEX_POINT ( 'NONE', #1509 ) ;
#1833 = EDGE_CURVE ( 'NONE', #1357, #570, #523, .T. ) ;
#1834 = DIRECTION ( 'NONE',  ( 0.000000000000000000, 0.000000000000000000, -1.000000000000000000 ) ) ;
#1835 = DIRECTION ( 'NONE',  ( -0.000000000000000000, -0.000000000000000000, 1.000000000000000000 ) ) ;
#1836 = CIRCLE ( 'NONE', #1265, 3.000000000000002665 ) ;
#1837 = DIRECTION ( 'NONE',  ( 0.000000000000000000, 0.000000000000000000, -1.000000000000000000 ) ) ;
#1838 = CARTESIAN_POINT ( 'NONE',  ( -85.00000000000000000, 14.99999999999998757, -6.000000000000000000 ) ) ;
#1839 = AXIS2_PLACEMENT_3D ( 'NONE', #300, #133, #925 ) ;
#1840 = DIRECTION ( 'NONE',  ( 0.000000000000000000, 0.000000000000000000, -1.000000000000000000 ) ) ;
#1841 = VERTEX_POINT ( 'NONE', #565 ) ;
#1842 = AXIS2_PLACEMENT_3D ( 'NONE', #342, #956, #1119 ) ;
#1843 = AXIS2_PLACEMENT_3D ( 'NONE', #107, #1874, #1865 ) ;
#1844 = AXIS2_PLACEMENT_3D ( 'NONE', #876, #270, #1498 ) ;
#1845 = CIRCLE ( 'NONE', #496, 1.650000000000005684 ) ;
#1846 = EDGE_CURVE ( 'NONE', #1946, #1019, #1140, .T. ) ;
#1847 = CARTESIAN_POINT ( 'NONE',  ( -96.00000000000001421, 137.0000000000000000, 1.500000000000000000 ) ) ;
#1848 = CARTESIAN_POINT ( 'NONE',  ( -2.349999999999990763, 77.00000000000000000, 4.000000000000000000 ) ) ;
#1849 = AXIS2_PLACEMENT_3D ( 'NONE', #1367, #1686, #1667 ) ;
#1850 = DIRECTION ( 'NONE',  ( -0.000000000000000000, -0.000000000000000000, -1.000000000000000000 ) ) ;
#1851 = CARTESIAN_POINT ( 'NONE',  ( -96.00000000000002842, 77.00000000000000000, 1.500000000000000000 ) ) ;
#1852 = ORIENTED_EDGE ( 'NONE', *, *, #1150, .T. ) ;
#1853 = CYLINDRICAL_SURFACE ( 'NONE', #1270, 1.650000000000005684 ) ;
#1854 = VECTOR ( 'NONE', #1746, 1000.000000000000000 ) ;
#1855 = FACE_BOUND ( 'NONE', #39, .T. ) ;
#1856 = ADVANCED_FACE ( 'NONE', ( #1344 ), #277, .F. ) ;
#1857 = FACE_OUTER_BOUND ( 'NONE', #375, .T. ) ;
#1858 = EDGE_CURVE ( 'NONE', #411, #1147, #1373, .T. ) ;
#1859 = EDGE_CURVE ( 'NONE', #1383, #252, #255, .T. ) ;
#1860 = FACE_OUTER_BOUND ( 'NONE', #869, .T. ) ;
#1861 = EDGE_CURVE ( 'NONE', #212, #248, #97, .T. ) ;
#1862 = EDGE_LOOP ( 'NONE', ( #492, #359 ) ) ;
#1863 = DIRECTION ( 'NONE',  ( -1.000000000000000000, 0.000000000000000000, 0.000000000000000000 ) ) ;
#1864 = ORIENTED_EDGE ( 'NONE', *, *, #1028, .F. ) ;
#1865 = DIRECTION ( 'NONE',  ( -1.000000000000000000, 0.000000000000000000, -0.000000000000000000 ) ) ;
#1866 = CYLINDRICAL_SURFACE ( 'NONE', #1516, 3.000000000000002665 ) ;
#1867 = FACE_OUTER_BOUND ( 'NONE', #1938, .T. ) ;
#1868 = CIRCLE ( 'NONE', #1437, 3.000000000000000888 ) ;
#1869 = ORIENTED_EDGE ( 'NONE', *, *, #1491, .T. ) ;
#1870 = AXIS2_PLACEMENT_3D ( 'NONE', #1198, #1834, #273 ) ;
#1871 = CARTESIAN_POINT ( 'NONE',  ( -100.0000000000000000, 0.000000000000000000, 0.000000000000000000 ) ) ;
#1872 = EDGE_LOOP ( 'NONE', ( #332, #1083, #1262, #798 ) ) ;
#1873 = VECTOR ( 'NONE', #438, 1000.000000000000000 ) ;
#1874 = DIRECTION ( 'NONE',  ( 0.000000000000000000, 0.000000000000000000, -1.000000000000000000 ) ) ;
#1875 = DIRECTION ( 'NONE',  ( -1.000000000000000000, 0.000000000000000000, 0.000000000000000000 ) ) ;
#1876 = ORIENTED_EDGE ( 'NONE', *, *, #825, .T. ) ;
#1877 = CARTESIAN_POINT ( 'NONE',  ( -0.9999999999999974465, 16.99999999999998579, 0.000000000000000000 ) ) ;
#1878 = COLOUR_RGB ( '',0.7921568627450980005, 0.8196078431372548767, 0.9333333333333333481 ) ;
#1879 = DIRECTION ( 'NONE',  ( 0.000000000000000000, 0.000000000000000000, -1.000000000000000000 ) ) ;
#1880 = ORIENTED_EDGE ( 'NONE', *, *, #29, .F. ) ;
#1881 = DIRECTION ( 'NONE',  ( -1.000000000000000000, 0.000000000000000000, 0.000000000000000000 ) ) ;
#1882 = EDGE_CURVE ( 'NONE', #55, #1071, #1102, .T. ) ;
#1883 = EDGE_CURVE ( 'NONE', #315, #11, #1341, .T. ) ;
#1884 = EDGE_LOOP ( 'NONE', ( #289, #503 ) ) ;
#1885 = CARTESIAN_POINT ( 'NONE',  ( -93.00000000000004263, 16.99999999999998579, 1.500000000000000000 ) ) ;
#1886 = CARTESIAN_POINT ( 'NONE',  ( -97.65000000000003411, 77.00000000000000000, 4.000000000000000000 ) ) ;
#1887 = ORIENTED_EDGE ( 'NONE', *, *, #360, .F. ) ;
#1888 = CARTESIAN_POINT ( 'NONE',  ( 0.000000000000000000, 0.000000000000000000, 0.000000000000000000 ) ) ;
#1889 = PLANE ( 'NONE',  #354 ) ;
#1890 = VERTEX_POINT ( 'NONE', #714 ) ;
#1891 = ORIENTED_EDGE ( 'NONE', *, *, #871, .T. ) ;
#1892 = CARTESIAN_POINT ( 'NONE',  ( 0.000000000000000000, 0.000000000000000000, 4.000000000000000000 ) ) ;
#1893 = CIRCLE ( 'NONE', #578, 3.000000000000002665 ) ;
#1894 = ORIENTED_EDGE ( 'NONE', *, *, #1669, .T. ) ;
#1895 = DIRECTION ( 'NONE',  ( -0.000000000000000000, -0.000000000000000000, -1.000000000000000000 ) ) ;
#1896 = DIRECTION ( 'NONE',  ( 0.000000000000000000, 0.000000000000000000, -1.000000000000000000 ) ) ;
#1897 = VERTEX_POINT ( 'NONE', #1360 ) ;
#1898 = CARTESIAN_POINT ( 'NONE',  ( -3.999999999999990674, 77.00000000000000000, 4.000000000000000000 ) ) ;
#1899 = CARTESIAN_POINT ( 'NONE',  ( -50.34999999999999432, 96.99999999999998579, 4.000000000000000000 ) ) ;
#1900 = CARTESIAN_POINT ( 'NONE',  ( -96.00000000000001421, 137.0000000000000000, 1.500000000000000000 ) ) ;
#1901 = ORIENTED_EDGE ( 'NONE', *, *, #768, .T. ) ;
#1902 = DIRECTION ( 'NONE',  ( -1.000000000000000000, 0.000000000000000000, 0.000000000000000000 ) ) ;
#1903 = AXIS2_PLACEMENT_3D ( 'NONE', #115, #1375, #2008 ) ;
#1904 = VERTEX_POINT ( 'NONE', #104 ) ;
#1905 = ORIENTED_EDGE ( 'NONE', *, *, #810, .T. ) ;
#1906 = DIRECTION ( 'NONE',  ( -0.000000000000000000, -0.000000000000000000, 1.000000000000000000 ) ) ;
#1907 = VECTOR ( 'NONE', #1602, 1000.000000000000000 ) ;
#1908 = CARTESIAN_POINT ( 'NONE',  ( -54.99999999999998579, 96.99999999999998579, 0.000000000000000000 ) ) ;
#1909 = ADVANCED_FACE ( 'NONE', ( #1997 ), #1658, .F. ) ;
#1910 = ORIENTED_EDGE ( 'NONE', *, *, #904, .T. ) ;
#1911 = EDGE_CURVE ( 'NONE', #1621, #653, #1525, .T. ) ;
#1912 = CARTESIAN_POINT ( 'NONE',  ( -96.00000000000004263, 16.99999999999998579, 0.000000000000000000 ) ) ;
#1913 = CARTESIAN_POINT ( 'NONE',  ( -3.999999999999984457, 137.0000000000000000, 0.000000000000000000 ) ) ;
#1914 = AXIS2_PLACEMENT_3D ( 'NONE', #1718, #2001, #920 ) ;
#1915 = ORIENTED_EDGE ( 'NONE', *, *, #1537, .F. ) ;
#1916 = AXIS2_PLACEMENT_3D ( 'NONE', #339, #1129, #1325 ) ;
#1917 = AXIS2_PLACEMENT_3D ( 'NONE', #1139, #658, #1932 ) ;
#1918 = DIRECTION ( 'NONE',  ( -0.000000000000000000, -0.000000000000000000, 1.000000000000000000 ) ) ;
#1919 = VERTEX_POINT ( 'NONE', #1202 ) ;
#1920 = ORIENTED_EDGE ( 'NONE', *, *, #2033, .T. ) ;
#1921 = DIRECTION ( 'NONE',  ( -1.000000000000000000, 0.000000000000000000, 0.000000000000000000 ) ) ;
#1922 = CARTESIAN_POINT ( 'NONE',  ( 0.000000000000000000, 154.0000000000000000, 4.000000000000000000 ) ) ;
#1923 = ORIENTED_EDGE ( 'NONE', *, *, #973, .T. ) ;
#1924 = CARTESIAN_POINT ( 'NONE',  ( -51.99999999999998579, 96.99999999999998579, 1.500000000000000000 ) ) ;
#1925 = CARTESIAN_POINT ( 'NONE',  ( -50.34999999999999432, 56.99999999999997868, 4.000000000000000000 ) ) ;
#1926 = EDGE_CURVE ( 'NONE', #2035, #806, #1203, .T. ) ;
#1927 = EDGE_CURVE ( 'NONE', #935, #105, #1737, .T. ) ;
#1928 = ORIENTED_EDGE ( 'NONE', *, *, #304, .F. ) ;
#1929 = CARTESIAN_POINT ( 'NONE',  ( -53.00000000000004263, 4.000000000000000000, 1.500000000000000000 ) ) ;
#1930 = ORIENTED_EDGE ( 'NONE', *, *, #1604, .T. ) ;
#1931 = ORIENTED_EDGE ( 'NONE', *, *, #303, .F. ) ;
#1932 = DIRECTION ( 'NONE',  ( -1.000000000000000000, 0.000000000000000000, 0.000000000000000000 ) ) ;
#1933 = ORIENTED_EDGE ( 'NONE', *, *, #385, .T. ) ;
#1934 = FACE_BOUND ( 'NONE', #1862, .T. ) ;
#1935 = CARTESIAN_POINT ( 'NONE',  ( -3.999999999999984457, 137.0000000000000000, 4.000000000000000000 ) ) ;
#1936 = CARTESIAN_POINT ( 'NONE',  ( -3.999999999999990674, 77.00000000000000000, 4.000000000000000000 ) ) ;
#1937 = CARTESIAN_POINT ( 'NONE',  ( -15.00000000000000000, 14.99999999999999822, 0.000000000000000000 ) ) ;
#1938 = EDGE_LOOP ( 'NONE', ( #954, #1864, #1715, #1264 ) ) ;
#1939 = AXIS2_PLACEMENT_3D ( 'NONE', #377, #1125, #38 ) ;
#1940 = ORIENTED_EDGE ( 'NONE', *, *, #267, .T. ) ;
#1941 = DIRECTION ( 'NONE',  ( 0.000000000000000000, 0.000000000000000000, -1.000000000000000000 ) ) ;
#1942 = CIRCLE ( 'NONE', #1012, 3.000000000000000888 ) ;
#1943 = PLANE ( 'NONE',  #2039 ) ;
#1944 = DIRECTION ( 'NONE',  ( -1.000000000000000000, 0.000000000000000000, 0.000000000000000000 ) ) ;
#1945 = ORIENTED_EDGE ( 'NONE', *, *, #1481, .F. ) ;
#1946 = VERTEX_POINT ( 'NONE', #1665 ) ;
#1947 = AXIS2_PLACEMENT_3D ( 'NONE', #734, #860, #1830 ) ;
#1948 = CARTESIAN_POINT ( 'NONE',  ( -90.89230484541326405, 14.99999999999998757, -6.000000000000000000 ) ) ;
#1949 = VERTEX_POINT ( 'NONE', #1831 ) ;
#1950 = EDGE_CURVE ( 'NONE', #996, #627, #1070, .T. ) ;
#1951 = EDGE_CURVE ( 'NONE', #1156, #969, #1372, .T. ) ;
#1952 = AXIS2_PLACEMENT_3D ( 'NONE', #1588, #1599, #660 ) ;
#1953 = ADVANCED_FACE ( 'NONE', ( #590 ), #1215, .F. ) ;
#1954 = VERTEX_POINT ( 'NONE', #1564 ) ;
#1955 = DIRECTION ( 'NONE',  ( -0.000000000000000000, -0.000000000000000000, -1.000000000000000000 ) ) ;
#1956 = ORIENTED_EDGE ( 'NONE', *, *, #385, .F. ) ;
#1957 = CARTESIAN_POINT ( 'NONE',  ( -47.00000000000003553, 4.000000000000000000, 1.500000000000000000 ) ) ;
#1958 = AXIS2_PLACEMENT_3D ( 'NONE', #683, #1790, #366 ) ;
#1959 = ORIENTED_EDGE ( 'NONE', *, *, #1388, .F. ) ;
#1960 = DIRECTION ( 'NONE',  ( -1.000000000000000000, 0.000000000000000000, 0.000000000000000000 ) ) ;
#1961 = EDGE_LOOP ( 'NONE', ( #645, #1981, #1991, #552 ) ) ;
#1962 = CARTESIAN_POINT ( 'NONE',  ( -96.00000000000002842, 77.00000000000000000, 4.000000000000000000 ) ) ;
#1963 = CARTESIAN_POINT ( 'NONE',  ( -85.00000000000000000, 14.99999999999998757, 0.000000000000000000 ) ) ;
#1964 = ORIENTED_EDGE ( 'NONE', *, *, #1622, .T. ) ;
#1965 = DIRECTION ( 'NONE',  ( -0.000000000000000000, -0.000000000000000000, 1.000000000000000000 ) ) ;
#1966 = AXIS2_PLACEMENT_3D ( 'NONE', #771, #2023, #1380 ) ;
#1967 = DIRECTION ( 'NONE',  ( -0.000000000000000000, -0.000000000000000000, -1.000000000000000000 ) ) ;
#1968 = CARTESIAN_POINT ( 'NONE',  ( -50.00000000000000000, 150.0000000000000000, 1.500000000000000000 ) ) ;
#1969 = ORIENTED_EDGE ( 'NONE', *, *, #1423, .T. ) ;
#1970 = CARTESIAN_POINT ( 'NONE',  ( -2.349999999999990763, 77.00000000000000000, 4.000000000000000000 ) ) ;
#1971 = LINE ( 'NONE', #1796, #1074 ) ;
#1972 = AXIS2_PLACEMENT_3D ( 'NONE', #242, #574, #1034 ) ;
#1973 = EDGE_LOOP ( 'NONE', ( #155, #203, #1823, #1009 ) ) ;
#1974 = CIRCLE ( 'NONE', #1072, 1.650000000000005684 ) ;
#1975 = CARTESIAN_POINT ( 'NONE',  ( -2.349999999999996980, 16.99999999999998579, 4.000000000000000000 ) ) ;
#1976 = EDGE_CURVE ( 'NONE', #1638, #670, #1067, .T. ) ;
#1977 = ADVANCED_FACE ( 'NONE', ( #1555 ), #1251, .F. ) ;
#1978 = CIRCLE ( 'NONE', #1146, 1.650000000000000355 ) ;
#1979 = DIRECTION ( 'NONE',  ( -0.000000000000000000, -0.000000000000000000, -1.000000000000000000 ) ) ;
#1980 = DIRECTION ( 'NONE',  ( -1.000000000000000000, 0.000000000000000000, 0.000000000000000000 ) ) ;
#1981 = ORIENTED_EDGE ( 'NONE', *, *, #179, .F. ) ;
#1982 = DIRECTION ( 'NONE',  ( 0.000000000000000000, 0.000000000000000000, 1.000000000000000000 ) ) ;
#1983 = CARTESIAN_POINT ( 'NONE',  ( -48.99999999999997868, 96.99999999999998579, 1.500000000000000000 ) ) ;
#1984 = AXIS2_PLACEMENT_3D ( 'NONE', #485, #558, #1660 ) ;
#1985 = ORIENTED_EDGE ( 'NONE', *, *, #1624, .F. ) ;
#1986 = CARTESIAN_POINT ( 'NONE',  ( -48.35000000000002984, 4.000000000000000000, 4.000000000000000000 ) ) ;
#1987 = DIRECTION ( 'NONE',  ( -0.000000000000000000, -0.000000000000000000, -1.000000000000000000 ) ) ;
#1988 = ADVANCED_FACE ( 'NONE', ( #477, #934 ), #1889, .T. ) ;
#1989 = ADVANCED_FACE ( 'NONE', ( #1421, #1546 ), #1702, .T. ) ;
#1990 = DIRECTION ( 'NONE',  ( -1.000000000000000000, 0.000000000000000000, 0.000000000000000000 ) ) ;
#1991 = ORIENTED_EDGE ( 'NONE', *, *, #1338, .T. ) ;
#1992 = CARTESIAN_POINT ( 'NONE',  ( -48.99999999999997868, 96.99999999999998579, 0.000000000000000000 ) ) ;
#1993 = DIRECTION ( 'NONE',  ( -0.000000000000000000, -0.000000000000000000, -1.000000000000000000 ) ) ;
#1994 = ORIENTED_EDGE ( 'NONE', *, *, #134, .T. ) ;
#1995 = DIRECTION ( 'NONE',  ( -1.000000000000000000, 0.000000000000000000, 0.000000000000000000 ) ) ;
#1996 = CARTESIAN_POINT ( 'NONE',  ( -5.649999999999991473, 137.0000000000000000, 1.500000000000000000 ) ) ;
#1997 = FACE_OUTER_BOUND ( 'NONE', #1006, .T. ) ;
#1998 = ORIENTED_EDGE ( 'NONE', *, *, #973, .F. ) ;
#1999 = FILL_AREA_STYLE ('',( #1046 ) ) ;
#2000 = PLANE ( 'NONE',  #1108 ) ;
#2001 = DIRECTION ( 'NONE',  ( -0.000000000000000000, -0.000000000000000000, -1.000000000000000000 ) ) ;
#2002 = LINE ( 'NONE', #1226, #620 ) ;
#2003 = VECTOR ( 'NONE', #516, 1000.000000000000000 ) ;
#2004 = CARTESIAN_POINT ( 'NONE',  ( -84.99999999999998579, 139.0000000000000000, 0.000000000000000000 ) ) ;
#2005 = CARTESIAN_POINT ( 'NONE',  ( -50.00000000000003553, 4.000000000000000000, 4.000000000000000000 ) ) ;
#2006 = ORIENTED_EDGE ( 'NONE', *, *, #112, .F. ) ;
#2007 = AXIS2_PLACEMENT_3D ( 'NONE', #1330, #1818, #1200 ) ;
#2008 = DIRECTION ( 'NONE',  ( -1.000000000000000000, 0.000000000000000000, 0.000000000000000000 ) ) ;
#2009 = ADVANCED_FACE ( 'NONE', ( #318 ), #164, .F. ) ;
#2010 = EDGE_CURVE ( 'NONE', #1482, #796, #1836, .T. ) ;
#2011 = ADVANCED_FACE ( 'NONE', ( #1581 ), #1504, .T. ) ;
#2012 = AXIS2_PLACEMENT_3D ( 'NONE', #2013, #1225, #1697 ) ;
#2013 = CARTESIAN_POINT ( 'NONE',  ( -14.99999999999998401, 139.0000000000000000, -6.000000000000000000 ) ) ;
#2014 = VECTOR ( 'NONE', #1540, 1000.000000000000000 ) ;
#2015 = DIRECTION ( 'NONE',  ( -1.000000000000000000, 0.000000000000000000, 0.000000000000000000 ) ) ;
#2016 = CARTESIAN_POINT ( 'NONE',  ( -48.99999999999997868, 96.99999999999998579, 1.500000000000000000 ) ) ;
#2017 = CARTESIAN_POINT ( 'NONE',  ( -6.999999999999991118, 77.00000000000000000, 1.500000000000000000 ) ) ;
#2018 = VERTEX_POINT ( 'NONE', #1221 ) ;
#2019 = PLANE ( 'NONE',  #1808 ) ;
#2020 = AXIS2_PLACEMENT_3D ( 'NONE', #1712, #174, #1306 ) ;
#2021 = DIRECTION ( 'NONE',  ( -1.000000000000000000, 0.000000000000000000, 0.000000000000000000 ) ) ;
#2022 = DIRECTION ( 'NONE',  ( -0.000000000000000000, -0.000000000000000000, -1.000000000000000000 ) ) ;
#2023 = DIRECTION ( 'NONE',  ( -1.000000000000000000, 0.000000000000000000, 0.000000000000000000 ) ) ;
#2024 = CARTESIAN_POINT ( 'NONE',  ( -96.00000000000002842, 77.00000000000000000, 1.500000000000000000 ) ) ;
#2025 = EDGE_LOOP ( 'NONE', ( #1795, #1249 ) ) ;
#2026 = DIRECTION ( 'NONE',  ( 0.000000000000000000, 0.000000000000000000, -1.000000000000000000 ) ) ;
#2027 = ORIENTED_EDGE ( 'NONE', *, *, #630, .F. ) ;
#2028 = DIRECTION ( 'NONE',  ( -0.000000000000000000, -0.000000000000000000, -1.000000000000000000 ) ) ;
#2029 = DIRECTION ( 'NONE',  ( -0.000000000000000000, -0.000000000000000000, -1.000000000000000000 ) ) ;
#2030 = DIRECTION ( 'NONE',  ( 0.000000000000000000, 0.000000000000000000, -1.000000000000000000 ) ) ;
#2031 = EDGE_CURVE ( 'NONE', #1455, #1031, #1336, .T. ) ;
#2032 = AXIS2_PLACEMENT_3D ( 'NONE', #1533, #1043, #582 ) ;
#2033 = EDGE_CURVE ( 'NONE', #546, #670, #146, .T. ) ;
#2034 = PRODUCT_CONTEXT ( 'NONE', #530, 'mechanical' ) ;
#2035 = VERTEX_POINT ( 'NONE', #619 ) ;
#2036 = AXIS2_PLACEMENT_3D ( 'NONE', #143, #654, #1111 ) ;
#2037 = DIRECTION ( 'NONE',  ( -0.000000000000000000, -0.000000000000000000, -1.000000000000000000 ) ) ;
#2038 = ORIENTED_EDGE ( 'NONE', *, *, #1338, .F. ) ;
#2039 = AXIS2_PLACEMENT_3D ( 'NONE', #1432, #1287, #1096 ) ;
#2040 = AXIS2_PLACEMENT_3D ( 'NONE', #887, #1524, #1518 ) ;
#2041 = DIRECTION ( 'NONE',  ( -0.000000000000000000, -0.000000000000000000, 1.000000000000000000 ) ) ;
#2042 = CARTESIAN_POINT ( 'NONE',  ( -3.999999999999997335, 16.99999999999998579, 0.000000000000000000 ) ) ;
#2043 = EDGE_LOOP ( 'NONE', ( #1442, #879, #1027, #667 ) ) ;
#2044 = LINE ( 'NONE', #628, #1687 ) ;
#2045 = AXIS2_PLACEMENT_3D ( 'NONE', #1117, #863, #497 ) ;
#2046 = ORIENTED_EDGE ( 'NONE', *, *, #176, .F. ) ;
#2047 = CARTESIAN_POINT ( 'NONE',  ( -22.50000000000000000, 14.99999999999999822, 0.000000000000000000 ) ) ;
ENDSEC;
END-ISO-10303-21;
