ISO-10303-21;
HEADER;
FILE_DESCRIPTION (( 'STEP AP214' ),
    '1' );
FILE_NAME ('cover-v1.STEP',
    '2026-10-03T21:21:32',
    ( '' ),
    ( '' ),
    'SwSTEP 2.0',
    'SolidWorks 2026',
    '' );
FILE_SCHEMA (( 'AUTOMOTIVE_DESIGN' ));
ENDSEC;

DATA;
#1 = DIRECTION ( 'NONE',  ( -1.000000000000000000, -1.734723475976807094E-15, 0.000000000000000000 ) ) ;
#2 = ORIENTED_EDGE ( 'NONE', *, *, #177, .F. ) ;
#3 = DIRECTION ( 'NONE',  ( 1.000000000000000000, 0.000000000000000000, 0.000000000000000000 ) ) ;
#4 = VECTOR ( 'NONE', #748, 1000.000000000000000 ) ;
#5 = ORIENTED_EDGE ( 'NONE', *, *, #1480, .T. ) ;
#6 = DIRECTION ( 'NONE',  ( -1.000000000000000000, -1.734723475976807094E-15, 0.000000000000000000 ) ) ;
#7 = LINE ( 'NONE', #494, #586 ) ;
#8 = ADVANCED_FACE ( 'NONE', ( #1519 ), #536, .F. ) ;
#9 = CARTESIAN_POINT ( 'NONE',  ( -100.0000000000000000, 2.000000000000000000, 2.000000000000000000 ) ) ;
#10 = DIRECTION ( 'NONE',  ( -0.000000000000000000, -1.000000000000000000, -0.000000000000000000 ) ) ;
#11 = EDGE_CURVE ( 'NONE', #1162, #908, #389, .T. ) ;
#12 = EDGE_LOOP ( 'NONE', ( #623, #385, #1559, #1495, #173 ) ) ;
#13 = DIRECTION ( 'NONE',  ( -0.000000000000000000, -0.000000000000000000, -1.000000000000000000 ) ) ;
#14 = CARTESIAN_POINT ( 'NONE',  ( -52.00000000000000711, 4.000000000000000000, 10.00000000000000178 ) ) ;
#15 = ADVANCED_FACE ( 'NONE', ( #17 ), #654, .F. ) ;
#16 = CARTESIAN_POINT ( 'NONE',  ( -95.29999999999999716, 10.00000000000000000, 10.00000000000000000 ) ) ;
#17 = FACE_OUTER_BOUND ( 'NONE', #1009, .T. ) ;
#18 = DIRECTION ( 'NONE',  ( 1.000000000000000000, 0.000000000000000000, 0.000000000000000000 ) ) ;
#19 = ORIENTED_EDGE ( 'NONE', *, *, #41, .T. ) ;
#20 = DIRECTION ( 'NONE',  ( 1.000000000000000000, 0.000000000000000000, 0.000000000000000000 ) ) ;
#21 = AXIS2_PLACEMENT_3D ( 'NONE', #1253, #6, #127 ) ;
#22 = DIRECTION ( 'NONE',  ( 0.000000000000000000, -1.000000000000000000, 0.000000000000000000 ) ) ;
#23 = EDGE_CURVE ( 'NONE', #899, #1454, #42, .T. ) ;
#24 = ADVANCED_FACE ( 'NONE', ( #1036 ), #33, .F. ) ;
#25 = DIRECTION ( 'NONE',  ( 1.000000000000000000, 0.000000000000000000, 0.000000000000000000 ) ) ;
#26 = VECTOR ( 'NONE', #587, 1000.000000000000000 ) ;
#27 = ORIENTED_EDGE ( 'NONE', *, *, #765, .T. ) ;
#28 = LINE ( 'NONE', #530, #1546 ) ;
#29 = ORIENTED_EDGE ( 'NONE', *, *, #467, .T. ) ;
#30 = CARTESIAN_POINT ( 'NONE',  ( -100.0000000000000000, 152.0000000000000000, 72.00000000000001421 ) ) ;
#31 = EDGE_CURVE ( 'NONE', #643, #463, #660, .T. ) ;
#32 = AXIS2_PLACEMENT_3D ( 'NONE', #683, #306, #1169 ) ;
#33 = PLANE ( 'NONE',  #1424 ) ;
#34 = VECTOR ( 'NONE', #428, 1000.000000000000000 ) ;
#35 = AXIS2_PLACEMENT_3D ( 'NONE', #1579, #1353, #1331 ) ;
#36 = VERTEX_POINT ( 'NONE', #1327 ) ;
#37 = CARTESIAN_POINT ( 'NONE',  ( -4.699999999999995737, 147.0000000000000000, 7.000000000000000000 ) ) ;
#38 = ORIENTED_EDGE ( 'NONE', *, *, #1016, .F. ) ;
#39 = EDGE_CURVE ( 'NONE', #1310, #390, #224, .T. ) ;
#40 = EDGE_LOOP ( 'NONE', ( #2, #992, #140, #216 ) ) ;
#41 = EDGE_CURVE ( 'NONE', #49, #648, #1320, .T. ) ;
#42 = LINE ( 'NONE', #522, #516 ) ;
#43 =( NAMED_UNIT ( * ) PLANE_ANGLE_UNIT ( ) SI_UNIT ( $, .RADIAN. ) );
#44 = ORIENTED_EDGE ( 'NONE', *, *, #1194, .F. ) ;
#45 = CARTESIAN_POINT ( 'NONE',  ( -4.699999999999995737, 152.0000000000000000, 10.00000000000000000 ) ) ;
#46 = VERTEX_POINT ( 'NONE', #1303 ) ;
#47 =( GEOMETRIC_REPRESENTATION_CONTEXT ( 3 ) GLOBAL_UNCERTAINTY_ASSIGNED_CONTEXT ( ( #740 ) ) GLOBAL_UNIT_ASSIGNED_CONTEXT ( ( #134, #43, #269 ) ) REPRESENTATION_CONTEXT ( 'NONE', 'WORKASPACE' ) );
#48 = CYLINDRICAL_SURFACE ( 'NONE', #409, 3.000000000000002665 ) ;
#49 = VERTEX_POINT ( 'NONE', #936 ) ;
#50 = DIRECTION ( 'NONE',  ( 0.000000000000000000, -0.000000000000000000, -1.000000000000000000 ) ) ;
#51 = ORIENTED_EDGE ( 'NONE', *, *, #933, .T. ) ;
#52 = CARTESIAN_POINT ( 'NONE',  ( -95.29999999999999716, 2.000000000000000000, 10.00000000000000178 ) ) ;
#53 = EDGE_CURVE ( 'NONE', #1355, #1032, #556, .T. ) ;
#54 = CIRCLE ( 'NONE', #652, 3.000000000000000000 ) ;
#55 = ORIENTED_EDGE ( 'NONE', *, *, #720, .T. ) ;
#56 = EDGE_CURVE ( 'NONE', #1553, #1055, #678, .T. ) ;
#57 = PLANE ( 'NONE',  #167 ) ;
#58 = ORIENTED_EDGE ( 'NONE', *, *, #685, .T. ) ;
#59 = CARTESIAN_POINT ( 'NONE',  ( -55.00000000000000711, 4.000000000000000000, 10.00000000000000000 ) ) ;
#60 = LINE ( 'NONE', #766, #1400 ) ;
#61 = VECTOR ( 'NONE', #313, 1000.000000000000000 ) ;
#62 = VECTOR ( 'NONE', #95, 1000.000000000000000 ) ;
#63 = ORIENTED_EDGE ( 'NONE', *, *, #1228, .F. ) ;
#64 = DIRECTION ( 'NONE',  ( 0.000000000000000000, 0.000000000000000000, 1.000000000000000000 ) ) ;
#65 = EDGE_LOOP ( 'NONE', ( #379, #410, #422, #1292 ) ) ;
#66 = CARTESIAN_POINT ( 'NONE',  ( -4.699999999999995737, 148.0000000000000000, 6.000000000000005329 ) ) ;
#67 = DIRECTION ( 'NONE',  ( 0.000000000000000000, -0.000000000000000000, -1.000000000000000000 ) ) ;
#68 = EDGE_CURVE ( 'NONE', #776, #237, #955, .T. ) ;
#69 = DIRECTION ( 'NONE',  ( 0.000000000000000000, 0.000000000000000000, 1.000000000000000000 ) ) ;
#70 = CARTESIAN_POINT ( 'NONE',  ( 0.000000000000000000, 148.0000000000000000, 7.950000000000005507 ) ) ;
#71 = AXIS2_PLACEMENT_3D ( 'NONE', #333, #824, #115 ) ;
#72 = VECTOR ( 'NONE', #93, 1000.000000000000000 ) ;
#73 = ORIENTED_EDGE ( 'NONE', *, *, #1030, .T. ) ;
#74 = DIRECTION ( 'NONE',  ( -1.000000000000000000, 0.000000000000000000, 0.000000000000000000 ) ) ;
#75 = ORIENTED_EDGE ( 'NONE', *, *, #11, .T. ) ;
#76 = DIRECTION ( 'NONE',  ( 0.000000000000000000, -0.000000000000000000, 1.000000000000000000 ) ) ;
#77 = LINE ( 'NONE', #1087, #487 ) ;
#78 = LINE ( 'NONE', #952, #62 ) ;
#79 = VECTOR ( 'NONE', #568, 1000.000000000000000 ) ;
#80 = CARTESIAN_POINT ( 'NONE',  ( -45.00000000000000000, 2.000000000000000000, 72.00000000000000000 ) ) ;
#81 = ORIENTED_EDGE ( 'NONE', *, *, #1078, .T. ) ;
#82 = CARTESIAN_POINT ( 'NONE',  ( -95.30000000000001137, 147.0000000000000000, 10.00000000000000000 ) ) ;
#83 = ORIENTED_EDGE ( 'NONE', *, *, #172, .T. ) ;
#84 = DIRECTION ( 'NONE',  ( -1.000000000000000000, 0.000000000000000000, 0.000000000000000000 ) ) ;
#85 = CARTESIAN_POINT ( 'NONE',  ( 0.000000000000000000, 154.0000000000000000, 0.000000000000000000 ) ) ;
#86 = CARTESIAN_POINT ( 'NONE',  ( -95.30000000000001137, 148.0000000000000000, 6.000000000000005329 ) ) ;
#87 = ADVANCED_FACE ( 'NONE', ( #1442 ), #57, .F. ) ;
#88 = CARTESIAN_POINT ( 'NONE',  ( -4.699999999999981526, 6.000000000000157208, 6.000000000000000000 ) ) ;
#89 = AXIS2_PLACEMENT_3D ( 'NONE', #714, #74, #64 ) ;
#90 = ORIENTED_EDGE ( 'NONE', *, *, #319, .T. ) ;
#91 = DIRECTION ( 'NONE',  ( 0.000000000000000000, 0.000000000000000000, 1.000000000000000000 ) ) ;
#92 = VERTEX_POINT ( 'NONE', #199 ) ;
#93 = DIRECTION ( 'NONE',  ( 0.000000000000000000, 0.000000000000000000, -1.000000000000000000 ) ) ;
#94 = DIRECTION ( 'NONE',  ( -0.000000000000000000, 1.000000000000000000, -0.000000000000000000 ) ) ;
#95 = DIRECTION ( 'NONE',  ( -0.000000000000000000, -0.000000000000000000, -1.000000000000000000 ) ) ;
#96 = EDGE_CURVE ( 'NONE', #1017, #1444, #1311, .T. ) ;
#97 = DIRECTION ( 'NONE',  ( -1.000000000000000000, -0.000000000000000000, -0.000000000000000000 ) ) ;
#98 = VERTEX_POINT ( 'NONE', #82 ) ;
#99 = PLANE ( 'NONE',  #702 ) ;
#100 = VECTOR ( 'NONE', #575, 1000.000000000000000 ) ;
#101 = ORIENTED_EDGE ( 'NONE', *, *, #1097, .F. ) ;
#102 = CARTESIAN_POINT ( 'NONE',  ( -4.699999999999995737, 144.0000000000000000, 7.000000000000000000 ) ) ;
#103 = CARTESIAN_POINT ( 'NONE',  ( -55.00000000000000711, 144.0000000000000000, 10.00000000000000000 ) ) ;
#104 = DIRECTION ( 'NONE',  ( -0.000000000000000000, -0.000000000000000000, 1.000000000000000000 ) ) ;
#105 = DIRECTION ( 'NONE',  ( 0.000000000000000000, 0.000000000000000000, 1.000000000000000000 ) ) ;
#106 = ORIENTED_EDGE ( 'NONE', *, *, #485, .T. ) ;
#107 = CARTESIAN_POINT ( 'NONE',  ( -4.699999999999981526, 2.000000000000000000, 10.00000000000000000 ) ) ;
#108 = ORIENTED_EDGE ( 'NONE', *, *, #1201, .T. ) ;
#109 = FACE_OUTER_BOUND ( 'NONE', #997, .T. ) ;
#110 = CARTESIAN_POINT ( 'NONE',  ( -45.00000000000000000, 152.0000000000000000, 10.00000000000000000 ) ) ;
#111 = EDGE_CURVE ( 'NONE', #1429, #153, #1550, .T. ) ;
#112 = PLANE ( 'NONE',  #1244 ) ;
#113 = ORIENTED_EDGE ( 'NONE', *, *, #1097, .T. ) ;
#114 = VECTOR ( 'NONE', #1125, 1000.000000000000000 ) ;
#115 = DIRECTION ( 'NONE',  ( -1.000000000000000000, 0.000000000000000000, 0.000000000000000000 ) ) ;
#116 = EDGE_LOOP ( 'NONE', ( #171, #768, #954, #650, #307 ) ) ;
#117 = CARTESIAN_POINT ( 'NONE',  ( -4.699999999999995737, 144.0000000000000000, 10.00000000000000000 ) ) ;
#118 = CARTESIAN_POINT ( 'NONE',  ( -45.00000000000000000, 144.0000000000000000, 10.00000000000000000 ) ) ;
#119 =( BOUNDED_CURVE ( )  B_SPLINE_CURVE ( 3, ( #753, #124, #1127, #1266 ),
 .UNSPECIFIED., .F., .T. ) 
 B_SPLINE_CURVE_WITH_KNOTS ( ( 4, 4 ),
 ( 1.570796326794894560, 3.141592653589793116 ),
 .UNSPECIFIED. ) 
 CURVE ( )  GEOMETRIC_REPRESENTATION_ITEM ( )  RATIONAL_B_SPLINE_CURVE ( ( 1.000000000000000000, 0.8047378541243644934, 0.8047378541243644934, 1.000000000000000000 ) ) 
 REPRESENTATION_ITEM ( '' )  );
#120 = CARTESIAN_POINT ( 'NONE',  ( 0.000000000000000000, 154.0000000000000000, 72.00000000000001421 ) ) ;
#121 = ADVANCED_FACE ( 'NONE', ( #815 ), #1336, .F. ) ;
#122 = CARTESIAN_POINT ( 'NONE',  ( -95.30000000000001137, 152.0000000000000000, 10.00000000000000000 ) ) ;
#123 = ORIENTED_EDGE ( 'NONE', *, *, #880, .F. ) ;
#124 = CARTESIAN_POINT ( 'NONE',  ( -46.24264068711928388, 8.757359312880712565, 10.00000000000000355 ) ) ;
#125 = EDGE_CURVE ( 'NONE', #277, #1409, #564, .T. ) ;
#126 = VERTEX_POINT ( 'NONE', #927 ) ;
#127 = DIRECTION ( 'NONE',  ( 0.000000000000000000, -1.000000000000000000, 0.000000000000000000 ) ) ;
#128 = DIRECTION ( 'NONE',  ( 1.734723475976807094E-15, -1.000000000000000000, -0.000000000000000000 ) ) ;
#129 = AXIS2_PLACEMENT_3D ( 'NONE', #993, #1112, #1614 ) ;
#130 = DIRECTION ( 'NONE',  ( 0.000000000000000000, 0.000000000000000000, 1.000000000000000000 ) ) ;
#131 = FACE_OUTER_BOUND ( 'NONE', #1170, .T. ) ;
#132 = CARTESIAN_POINT ( 'NONE',  ( -100.0000000000000000, 0.000000000000000000, 72.00000000000001421 ) ) ;
#133 = ORIENTED_EDGE ( 'NONE', *, *, #1248, .T. ) ;
#134 =( LENGTH_UNIT ( ) NAMED_UNIT ( * ) SI_UNIT ( .MILLI., .METRE. ) );
#135 = LINE ( 'NONE', #1491, #947 ) ;
#136 = ADVANCED_FACE ( 'NONE', ( #686 ), #343, .F. ) ;
#137 = DIRECTION ( 'NONE',  ( -0.000000000000000000, 0.000000000000000000, 1.000000000000000000 ) ) ;
#138 = DIRECTION ( 'NONE',  ( 0.000000000000000000, 0.000000000000000000, 1.000000000000000000 ) ) ;
#139 = VECTOR ( 'NONE', #197, 1000.000000000000000 ) ;
#140 = ORIENTED_EDGE ( 'NONE', *, *, #1154, .F. ) ;
#141 = LINE ( 'NONE', #1122, #280 ) ;
#142 = ORIENTED_EDGE ( 'NONE', *, *, #1340, .F. ) ;
#143 = DIRECTION ( 'NONE',  ( -0.000000000000000000, -0.000000000000000000, -1.000000000000000000 ) ) ;
#144 = EDGE_CURVE ( 'NONE', #910, #263, #1427, .T. ) ;
#145 = EDGE_CURVE ( 'NONE', #332, #502, #429, .T. ) ;
#146 = FACE_OUTER_BOUND ( 'NONE', #351, .T. ) ;
#147 = FILL_AREA_STYLE ('',( #1518 ) ) ;
#148 = ORIENTED_EDGE ( 'NONE', *, *, #1015, .F. ) ;
#149 = CARTESIAN_POINT ( 'NONE',  ( -95.29999999999999716, 10.00000000000000000, 7.000000000000000000 ) ) ;
#150 = ORIENTED_EDGE ( 'NONE', *, *, #396, .T. ) ;
#151 = CARTESIAN_POINT ( 'NONE',  ( -95.30000000000001137, 152.0000000000000000, 10.00000000000000000 ) ) ;
#152 = ADVANCED_FACE ( 'NONE', ( #1195 ), #1073, .F. ) ;
#153 = VERTEX_POINT ( 'NONE', #580 ) ;
#154 = DIRECTION ( 'NONE',  ( 0.000000000000000000, -0.000000000000000000, -1.000000000000000000 ) ) ;
#155 = ORIENTED_EDGE ( 'NONE', *, *, #921, .T. ) ;
#156 = AXIS2_PLACEMENT_3D ( 'NONE', #620, #130, #513 ) ;
#157 = ORIENTED_EDGE ( 'NONE', *, *, #1201, .F. ) ;
#158 = CARTESIAN_POINT ( 'NONE',  ( -95.30000000000001137, 144.0000000000000000, 10.00000000000000000 ) ) ;
#159 = EDGE_LOOP ( 'NONE', ( #497, #528, #785, #1037, #1529 ) ) ;
#160 = ADVANCED_FACE ( 'NONE', ( #1081 ), #1452, .T. ) ;
#161 = PRESENTATION_LAYER_ASSIGNMENT (  '', '', ( #1098 ) ) ;
#162 = ORIENTED_EDGE ( 'NONE', *, *, #1600, .F. ) ;
#163 = VECTOR ( 'NONE', #505, 1000.000000000000000 ) ;
#164 = VECTOR ( 'NONE', #1379, 1000.000000000000000 ) ;
#165 = ORIENTED_EDGE ( 'NONE', *, *, #338, .T. ) ;
#166 = DIRECTION ( 'NONE',  ( 0.000000000000000000, 0.000000000000000000, 1.000000000000000000 ) ) ;
#167 = AXIS2_PLACEMENT_3D ( 'NONE', #217, #208, #91 ) ;
#168 = ORIENTED_EDGE ( 'NONE', *, *, #53, .T. ) ;
#169 = FACE_OUTER_BOUND ( 'NONE', #369, .T. ) ;
#170 = EDGE_LOOP ( 'NONE', ( #838, #1536, #1233, #917 ) ) ;
#171 = ORIENTED_EDGE ( 'NONE', *, *, #544, .F. ) ;
#172 = EDGE_CURVE ( 'NONE', #126, #198, #1146, .T. ) ;
#173 = ORIENTED_EDGE ( 'NONE', *, *, #1600, .T. ) ;
#174 = PLANE ( 'NONE',  #706 ) ;
#175 = UNCERTAINTY_MEASURE_WITH_UNIT (LENGTH_MEASURE( 1.000000000000000082E-05 ), #395, 'distance_accuracy_value', 'NONE');
#176 = ORIENTED_EDGE ( 'NONE', *, *, #1362, .T. ) ;
#177 = EDGE_CURVE ( 'NONE', #525, #36, #1492, .T. ) ;
#178 = DIRECTION ( 'NONE',  ( -1.000000000000000000, 0.000000000000000000, 0.000000000000000000 ) ) ;
#179 = ORIENTED_EDGE ( 'NONE', *, *, #231, .F. ) ;
#180 = COLOUR_RGB ( '',0.7921568627450980005, 0.8196078431372548767, 0.9333333333333333481 ) ;
#181 = DIRECTION ( 'NONE',  ( 1.035655806553317823E-16, -1.000000000000000000, 0.000000000000000000 ) ) ;
#182 = EDGE_LOOP ( 'NONE', ( #633, #364, #1166, #716 ) ) ;
#183 = ADVANCED_FACE ( 'NONE', ( #1385 ), #1503, .T. ) ;
#184 = DIRECTION ( 'NONE',  ( 1.000000000000000000, 1.035655806553317207E-16, 0.000000000000000000 ) ) ;
#185 = CARTESIAN_POINT ( 'NONE',  ( 0.000000000000000000, 7.000000000000000000, 7.000000000000000000 ) ) ;
#186 = VECTOR ( 'NONE', #577, 1000.000000000000000 ) ;
#187 = DIRECTION ( 'NONE',  ( 1.000000000000000000, 0.000000000000000000, 0.000000000000000000 ) ) ;
#188 = VERTEX_POINT ( 'NONE', #1119 ) ;
#189 = CARTESIAN_POINT ( 'NONE',  ( -55.00000000000000711, 7.000000000000000000, 10.00000000000000000 ) ) ;
#190 = ADVANCED_FACE ( 'NONE', ( #262, #352 ), #99, .T. ) ;
#191 = ORIENTED_EDGE ( 'NONE', *, *, #1296, .F. ) ;
#192 = CARTESIAN_POINT ( 'NONE',  ( -95.30000000000001137, 152.0000000000000000, 10.00000000000000000 ) ) ;
#193 = FACE_OUTER_BOUND ( 'NONE', #12, .T. ) ;
#194 = CIRCLE ( 'NONE', #659, 1.950000000000000400 ) ;
#195 = CARTESIAN_POINT ( 'NONE',  ( -45.00000000000000000, 150.0000000000000000, 72.00000000000000000 ) ) ;
#196 = ADVANCED_FACE ( 'NONE', ( #964 ), #388, .F. ) ;
#197 = DIRECTION ( 'NONE',  ( -1.000000000000000000, 0.000000000000000000, 0.000000000000000000 ) ) ;
#198 = VERTEX_POINT ( 'NONE', #1224 ) ;
#199 = CARTESIAN_POINT ( 'NONE',  ( -95.29999999999998295, 2.000000000000000000, 2.000000000000000000 ) ) ;
#200 = ORIENTED_EDGE ( 'NONE', *, *, #533, .F. ) ;
#201 = CARTESIAN_POINT ( 'NONE',  ( -95.29999999999998295, 2.000000000000000000, 10.00000000000000000 ) ) ;
#202 = PLANE ( 'NONE',  #1214 ) ;
#203 = CARTESIAN_POINT ( 'NONE',  ( -100.0000000000000000, 2.000000000000000000, 2.000000000000000000 ) ) ;
#204 = EDGE_CURVE ( 'NONE', #323, #908, #972, .T. ) ;
#205 = DIRECTION ( 'NONE',  ( -1.000000000000000000, 0.000000000000000000, -0.000000000000000000 ) ) ;
#206 = VECTOR ( 'NONE', #354, 1000.000000000000000 ) ;
#207 = ORIENTED_EDGE ( 'NONE', *, *, #145, .T. ) ;
#208 = DIRECTION ( 'NONE',  ( -1.000000000000000000, 0.000000000000000000, 0.000000000000000000 ) ) ;
#209 = ORIENTED_EDGE ( 'NONE', *, *, #1216, .T. ) ;
#210 = LINE ( 'NONE', #1322, #236 ) ;
#211 = LINE ( 'NONE', #844, #1003 ) ;
#212 = EDGE_CURVE ( 'NONE', #752, #863, #849, .T. ) ;
#213 = CARTESIAN_POINT ( 'NONE',  ( 2.636779683484746784E-13, 6.000000000000165201, 6.000000000000000000 ) ) ;
#214 = AXIS2_PLACEMENT_3D ( 'NONE', #886, #1395, #1167 ) ;
#215 = CARTESIAN_POINT ( 'NONE',  ( -44.99999999999998579, 10.00000000000000000, 7.000000000000000000 ) ) ;
#216 = ORIENTED_EDGE ( 'NONE', *, *, #1479, .F. ) ;
#217 = CARTESIAN_POINT ( 'NONE',  ( -45.00000000000000000, 2.000000000000000000, 72.00000000000000000 ) ) ;
#218 = ORIENTED_EDGE ( 'NONE', *, *, #39, .F. ) ;
#219 = CARTESIAN_POINT ( 'NONE',  ( -54.99999999999999289, 10.00000000000000000, 7.000000000000000000 ) ) ;
#220 = CARTESIAN_POINT ( 'NONE',  ( -100.0000000000000000, 0.000000000000000000, 2.000000000000000000 ) ) ;
#221 = DIRECTION ( 'NONE',  ( -0.000000000000000000, -0.000000000000000000, 1.000000000000000000 ) ) ;
#222 = CIRCLE ( 'NONE', #1403, 3.000000000000000000 ) ;
#223 = CARTESIAN_POINT ( 'NONE',  ( -95.29999999999999716, 7.950000000000000178, 6.000000000000000000 ) ) ;
#224 = CIRCLE ( 'NONE', #433, 1.950000000000000400 ) ;
#225 = ORIENTED_EDGE ( 'NONE', *, *, #444, .F. ) ;
#226 = DIRECTION ( 'NONE',  ( 1.000000000000000000, 0.000000000000000000, 0.000000000000000000 ) ) ;
#227 = VERTEX_POINT ( 'NONE', #1374 ) ;
#228 = LINE ( 'NONE', #483, #500 ) ;
#229 = DIRECTION ( 'NONE',  ( -0.000000000000000000, -0.000000000000000000, -1.000000000000000000 ) ) ;
#230 = LINE ( 'NONE', #339, #79 ) ;
#231 = EDGE_CURVE ( 'NONE', #776, #957, #725, .T. ) ;
#232 = CARTESIAN_POINT ( 'NONE',  ( -95.30000000000001137, 144.0000000000000000, 10.00000000000000000 ) ) ;
#233 = ORIENTED_EDGE ( 'NONE', *, *, #666, .T. ) ;
#234 = FACE_OUTER_BOUND ( 'NONE', #65, .T. ) ;
#235 = VECTOR ( 'NONE', #831, 1000.000000000000000 ) ;
#236 = VECTOR ( 'NONE', #1552, 1000.000000000000000 ) ;
#237 = VERTEX_POINT ( 'NONE', #244 ) ;
#238 = CARTESIAN_POINT ( 'NONE',  ( -55.00000000000000711, 147.0000000000000000, 72.00000000000000000 ) ) ;
#239 = CARTESIAN_POINT ( 'NONE',  ( -4.699999999999995737, 147.0000000000000000, 10.00000000000000000 ) ) ;
#240 = CARTESIAN_POINT ( 'NONE',  ( -4.699999999999995737, 148.0000000000000000, 6.000000000000005329 ) ) ;
#241 = LINE ( 'NONE', #215, #1293 ) ;
#242 = VECTOR ( 'NONE', #1448, 1000.000000000000000 ) ;
#243 = VERTEX_POINT ( 'NONE', #599 ) ;
#244 = CARTESIAN_POINT ( 'NONE',  ( -100.0000000000000000, 0.000000000000000000, 0.000000000000000000 ) ) ;
#245 = VERTEX_POINT ( 'NONE', #1251 ) ;
#246 = EDGE_CURVE ( 'NONE', #1398, #1429, #626, .T. ) ;
#247 = CARTESIAN_POINT ( 'NONE',  ( -45.00000000000000000, 144.0000000000000000, 2.000000000000000000 ) ) ;
#248 = CARTESIAN_POINT ( 'NONE',  ( -100.0000000000000000, 2.000000000000000000, 72.00000000000001421 ) ) ;
#249 = DIRECTION ( 'NONE',  ( 0.000000000000000000, 0.000000000000000000, 1.000000000000000000 ) ) ;
#250 = CARTESIAN_POINT ( 'NONE',  ( -100.0000000000000000, 2.000000000000000000, 72.00000000000001421 ) ) ;
#251 = EDGE_LOOP ( 'NONE', ( #949, #380, #302, #438 ) ) ;
#252 = VECTOR ( 'NONE', #478, 1000.000000000000000 ) ;
#253 = VECTOR ( 'NONE', #13, 1000.000000000000000 ) ;
#254 = CARTESIAN_POINT ( 'NONE',  ( -4.699999999999995737, 148.0000000000000000, 4.050000000000006040 ) ) ;
#255 = ORIENTED_EDGE ( 'NONE', *, *, #1511, .T. ) ;
#256 = DIRECTION ( 'NONE',  ( -1.000000000000000000, -0.000000000000000000, -0.000000000000000000 ) ) ;
#257 = LINE ( 'NONE', #756, #1246 ) ;
#258 = LINE ( 'NONE', #1389, #267 ) ;
#259 = DIRECTION ( 'NONE',  ( 0.000000000000000000, -1.000000000000000000, 0.000000000000000000 ) ) ;
#260 = EDGE_LOOP ( 'NONE', ( #901, #823, #1416, #1071 ) ) ;
#261 = EDGE_CURVE ( 'NONE', #1065, #245, #1101, .T. ) ;
#262 = FACE_BOUND ( 'NONE', #889, .T. ) ;
#263 = VERTEX_POINT ( 'NONE', #1604 ) ;
#264 = DIRECTION ( 'NONE',  ( -1.000000000000000000, -1.035655806553317207E-16, 0.000000000000000000 ) ) ;
#265 = AXIS2_PLACEMENT_3D ( 'NONE', #493, #745, #1261 ) ;
#266 = DIRECTION ( 'NONE',  ( -0.000000000000000000, 0.000000000000000000, -1.000000000000000000 ) ) ;
#267 = VECTOR ( 'NONE', #383, 1000.000000000000000 ) ;
#268 = DIRECTION ( 'NONE',  ( 0.000000000000000000, -1.000000000000000000, 0.000000000000000000 ) ) ;
#269 =( NAMED_UNIT ( * ) SI_UNIT ( $, .STERADIAN. ) SOLID_ANGLE_UNIT ( ) );
#270 = CARTESIAN_POINT ( 'NONE',  ( -45.00000000000000000, 144.0000000000000000, 8.757359312880716118 ) ) ;
#271 = ADVANCED_FACE ( 'NONE', ( #470 ), #1470, .F. ) ;
#272 = EDGE_CURVE ( 'NONE', #332, #1017, #991, .T. ) ;
#273 = CARTESIAN_POINT ( 'NONE',  ( -55.00000000000000711, 144.0000000000000000, 7.000000000000000000 ) ) ;
#274 = CYLINDRICAL_SURFACE ( 'NONE', #632, 3.000000000000000000 ) ;
#275 = CARTESIAN_POINT ( 'NONE',  ( -50.00000000000000000, 150.0000000000000000, 57.00000000000000711 ) ) ;
#276 = VECTOR ( 'NONE', #961, 1000.000000000000000 ) ;
#277 = VERTEX_POINT ( 'NONE', #254 ) ;
#278 = ADVANCED_FACE ( 'NONE', ( #234 ), #734, .T. ) ;
#279 = DIRECTION ( 'NONE',  ( 0.000000000000000000, -1.000000000000000000, 0.000000000000000000 ) ) ;
#280 = VECTOR ( 'NONE', #128, 1000.000000000000000 ) ;
#281 = ORIENTED_EDGE ( 'NONE', *, *, #1362, .F. ) ;
#282 = CARTESIAN_POINT ( 'NONE',  ( 0.000000000000000000, 7.000000000000000000, 7.000000000000000000 ) ) ;
#283 = CYLINDRICAL_SURFACE ( 'NONE', #1528, 3.000000000000000000 ) ;
#284 = ORIENTED_EDGE ( 'NONE', *, *, #1453, .F. ) ;
#285 = ORIENTED_EDGE ( 'NONE', *, *, #357, .T. ) ;
#286 = LINE ( 'NONE', #1522, #1264 ) ;
#287 = VECTOR ( 'NONE', #1618, 1000.000000000000000 ) ;
#288 = ORIENTED_EDGE ( 'NONE', *, *, #145, .F. ) ;
#289 = CARTESIAN_POINT ( 'NONE',  ( -51.95000000000000284, 4.000000000000003553, 57.00000000000000711 ) ) ;
#290 = DIRECTION ( 'NONE',  ( 1.000000000000000000, 0.000000000000000000, -0.000000000000000000 ) ) ;
#291 = PRODUCT_CONTEXT ( 'NONE', #624, 'mechanical' ) ;
#292 = VECTOR ( 'NONE', #771, 1000.000000000000000 ) ;
#293 = ORIENTED_EDGE ( 'NONE', *, *, #880, .T. ) ;
#294 = PLANE ( 'NONE',  #477 ) ;
#295 = ORIENTED_EDGE ( 'NONE', *, *, #1391, .F. ) ;
#296 = EDGE_CURVE ( 'NONE', #1429, #1065, #119, .T. ) ;
#297 = ORIENTED_EDGE ( 'NONE', *, *, #427, .F. ) ;
#298 = ORIENTED_EDGE ( 'NONE', *, *, #1007, .F. ) ;
#299 = MANIFOLD_SOLID_BREP ( 'Fillet2', #304 ) ;
#300 = ADVANCED_FACE ( 'NONE', ( #1318 ), #371, .T. ) ;
#301 = AXIS2_PLACEMENT_3D ( 'NONE', #103, #1437, #1330 ) ;
#302 = ORIENTED_EDGE ( 'NONE', *, *, #977, .T. ) ;
#303 = LINE ( 'NONE', #1421, #292 ) ;
#304 = CLOSED_SHELL ( 'NONE', ( #1601, #653, #1058, #990, #278, #562, #898, #183, #625, #8, #1558, #1375, #1274, #1256, #136, #1333, #604, #523, #152, #730, #1419, #1443, #190, #1139, #1428, #1308, #320, #1458, #787, #15, #775, #271, #692, #87, #638, #24, #1468, #121, #1022, #803, #581, #325, #1370, #635, #1348, #1541, #1063, #300, #196, #1405, #761, #160, #350, #1174 ) ) ;
#305 = VERTEX_POINT ( 'NONE', #1203 ) ;
#306 = DIRECTION ( 'NONE',  ( 0.000000000000000000, 0.000000000000000000, 1.000000000000000000 ) ) ;
#307 = ORIENTED_EDGE ( 'NONE', *, *, #1084, .T. ) ;
#308 = EDGE_CURVE ( 'NONE', #323, #695, #408, .T. ) ;
#309 = DIRECTION ( 'NONE',  ( 0.000000000000000000, 0.000000000000000000, 1.000000000000000000 ) ) ;
#310 = ORIENTED_EDGE ( 'NONE', *, *, #1015, .T. ) ;
#311 = FACE_OUTER_BOUND ( 'NONE', #971, .T. ) ;
#312 = AXIS2_PLACEMENT_3D ( 'NONE', #698, #1199, #76 ) ;
#313 = DIRECTION ( 'NONE',  ( -1.000000000000000000, -0.000000000000000000, -0.000000000000000000 ) ) ;
#314 = ORIENTED_EDGE ( 'NONE', *, *, #1570, .T. ) ;
#315 = DIRECTION ( 'NONE',  ( 0.000000000000000000, -1.000000000000000000, 0.000000000000000000 ) ) ;
#316 = ORIENTED_EDGE ( 'NONE', *, *, #715, .T. ) ;
#317 = PLANE ( 'NONE',  #1433 ) ;
#318 = CARTESIAN_POINT ( 'NONE',  ( -100.0000000000000000, 154.0000000000000000, 2.000000000000000000 ) ) ;
#319 = EDGE_CURVE ( 'NONE', #911, #1547, #658, .T. ) ;
#320 = ADVANCED_FACE ( 'NONE', ( #1079 ), #694, .T. ) ;
#321 = CARTESIAN_POINT ( 'NONE',  ( -54.99999999999999289, 10.00000000000000000, 2.000000000000000000 ) ) ;
#322 = CYLINDRICAL_SURFACE ( 'NONE', #749, 3.000000000000000000 ) ;
#323 = VERTEX_POINT ( 'NONE', #801 ) ;
#324 = CARTESIAN_POINT ( 'NONE',  ( -45.00000000000000000, 2.000000000000000000, 10.00000000000000000 ) ) ;
#325 = ADVANCED_FACE ( 'NONE', ( #331 ), #322, .T. ) ;
#326 = ORIENTED_EDGE ( 'NONE', *, *, #1312, .T. ) ;
#327 = DIRECTION ( 'NONE',  ( 1.035655806553317946E-16, -1.000000000000000000, 0.000000000000000000 ) ) ;
#328 = DIRECTION ( 'NONE',  ( 0.000000000000000000, 0.000000000000000000, -1.000000000000000000 ) ) ;
#329 = AXIS2_PLACEMENT_3D ( 'NONE', #924, #1431, #187 ) ;
#330 = LINE ( 'NONE', #203, #186 ) ;
#331 = FACE_OUTER_BOUND ( 'NONE', #1526, .T. ) ;
#332 = VERTEX_POINT ( 'NONE', #80 ) ;
#333 = CARTESIAN_POINT ( 'NONE',  ( -48.00000000000000000, 150.0000000000000000, 72.00000000000000000 ) ) ;
#334 = EDGE_CURVE ( 'NONE', #1398, #525, #953, .T. ) ;
#335 = EDGE_LOOP ( 'NONE', ( #605, #1426, #1128, #1583 ) ) ;
#336 = PLANE ( 'NONE',  #888 ) ;
#337 = CYLINDRICAL_SURFACE ( 'NONE', #750, 1.950000000000000400 ) ;
#338 = EDGE_CURVE ( 'NONE', #1019, #1551, #1042, .T. ) ;
#339 = CARTESIAN_POINT ( 'NONE',  ( 0.000000000000000000, 0.000000000000000000, 0.000000000000000000 ) ) ;
#340 = CARTESIAN_POINT ( 'NONE',  ( -95.30000000000001137, 152.0000000000000000, 2.000000000000000000 ) ) ;
#341 = AXIS2_PLACEMENT_3D ( 'NONE', #66, #84, #958 ) ;
#342 = EDGE_LOOP ( 'NONE', ( #565, #1471, #155, #1376, #1040 ) ) ;
#343 = PLANE ( 'NONE',  #1064 ) ;
#344 = EDGE_LOOP ( 'NONE', ( #1085, #810, #646, #168 ) ) ;
#345 = CARTESIAN_POINT ( 'NONE',  ( -48.00000000000000000, 7.000000000000000000, 72.00000000000000000 ) ) ;
#346 = LINE ( 'NONE', #465, #796 ) ;
#347 = CARTESIAN_POINT ( 'NONE',  ( 2.602952575703199045E-13, 7.950000000000165379, 6.000000000000000000 ) ) ;
#348 = CIRCLE ( 'NONE', #1177, 1.950000000000000400 ) ;
#349 = DIRECTION ( 'NONE',  ( 1.734723475976807094E-15, -1.000000000000000000, -0.000000000000000000 ) ) ;
#350 = ADVANCED_FACE ( 'NONE', ( #169 ), #48, .T. ) ;
#351 = EDGE_LOOP ( 'NONE', ( #1613, #999, #1061, #1319, #1538, #937 ) ) ;
#352 = FACE_OUTER_BOUND ( 'NONE', #1126, .T. ) ;
#353 = VERTEX_POINT ( 'NONE', #1309 ) ;
#354 = DIRECTION ( 'NONE',  ( -0.000000000000000000, -0.000000000000000000, -1.000000000000000000 ) ) ;
#355 = PRODUCT_RELATED_PRODUCT_CATEGORY ( 'part', '', ( #1573 ) ) ;
#356 = PLANE ( 'NONE',  #301 ) ;
#357 = EDGE_CURVE ( 'NONE', #762, #1048, #934, .T. ) ;
#358 = LINE ( 'NONE', #195, #26 ) ;
#359 = AXIS2_PLACEMENT_3D ( 'NONE', #561, #1057, #895 ) ;
#360 = CIRCLE ( 'NONE', #535, 3.000000000000002665 ) ;
#361 = DIRECTION ( 'NONE',  ( -0.000000000000000000, -1.000000000000000000, -0.000000000000000000 ) ) ;
#362 = ORIENTED_EDGE ( 'NONE', *, *, #1307, .T. ) ;
#363 = DIRECTION ( 'NONE',  ( 1.000000000000000000, 0.000000000000000000, 0.000000000000000000 ) ) ;
#364 = ORIENTED_EDGE ( 'NONE', *, *, #731, .F. ) ;
#365 = CARTESIAN_POINT ( 'NONE',  ( -55.00000000000000711, 152.0000000000000000, 10.00000000000000000 ) ) ;
#366 = DIRECTION ( 'NONE',  ( -0.000000000000000000, 1.000000000000000000, -0.000000000000000000 ) ) ;
#367 = CARTESIAN_POINT ( 'NONE',  ( -100.0000000000000000, 2.000000000000000000, 72.00000000000001421 ) ) ;
#368 = DIRECTION ( 'NONE',  ( 1.035655806553317946E-16, -1.000000000000000000, -0.000000000000000000 ) ) ;
#369 = EDGE_LOOP ( 'NONE', ( #38, #1173, #1328, #873 ) ) ;
#370 = EDGE_CURVE ( 'NONE', #1176, #713, #1178, .T. ) ;
#371 = PLANE ( 'NONE',  #32 ) ;
#372 = VECTOR ( 'NONE', #920, 1000.000000000000000 ) ;
#373 = ORIENTED_EDGE ( 'NONE', *, *, #1340, .T. ) ;
#374 = CARTESIAN_POINT ( 'NONE',  ( -4.699999999999981526, 2.000000000000000000, 2.000000000000000000 ) ) ;
#375 = LINE ( 'NONE', #859, #164 ) ;
#376 = CARTESIAN_POINT ( 'NONE',  ( -54.99999999999999289, 10.00000000000000000, 10.00000000000000000 ) ) ;
#377 = CARTESIAN_POINT ( 'NONE',  ( -48.05000000000000426, 4.000000000000003553, 57.00000000000000711 ) ) ;
#378 = AXIS2_PLACEMENT_3D ( 'NONE', #1095, #1474, #721 ) ;
#379 = ORIENTED_EDGE ( 'NONE', *, *, #111, .F. ) ;
#380 = ORIENTED_EDGE ( 'NONE', *, *, #261, .T. ) ;
#381 = LINE ( 'NONE', #974, #1515 ) ;
#382 = DIRECTION ( 'NONE',  ( -0.000000000000000000, 1.000000000000000000, -0.000000000000000000 ) ) ;
#383 = DIRECTION ( 'NONE',  ( 0.000000000000000000, -1.000000000000000000, 0.000000000000000000 ) ) ;
#384 = DIRECTION ( 'NONE',  ( 0.000000000000000000, 0.000000000000000000, 1.000000000000000000 ) ) ;
#385 = ORIENTED_EDGE ( 'NONE', *, *, #1221, .T. ) ;
#386 = VECTOR ( 'NONE', #1117, 1000.000000000000000 ) ;
#387 = VECTOR ( 'NONE', #382, 1000.000000000000000 ) ;
#388 = CYLINDRICAL_SURFACE ( 'NONE', #1360, 1.950000000000000400 ) ;
#389 = CIRCLE ( 'NONE', #1005, 3.000000000000002665 ) ;
#390 = VERTEX_POINT ( 'NONE', #1051 ) ;
#391 = DIRECTION ( 'NONE',  ( 0.000000000000000000, 0.000000000000000000, -1.000000000000000000 ) ) ;
#392 = CARTESIAN_POINT ( 'NONE',  ( -48.05000000000000426, 4.000000000000003553, 72.00000000000001421 ) ) ;
#393 = PLANE ( 'NONE',  #1151 ) ;
#394 = CARTESIAN_POINT ( 'NONE',  ( -55.00000000000000711, 152.0000000000000000, 10.00000000000000000 ) ) ;
#395 =( LENGTH_UNIT ( ) NAMED_UNIT ( * ) SI_UNIT ( .MILLI., .METRE. ) );
#396 = EDGE_CURVE ( 'NONE', #1547, #911, #534, .T. ) ;
#397 = ORIENTED_EDGE ( 'NONE', *, *, #370, .T. ) ;
#398 = DIRECTION ( 'NONE',  ( 0.000000000000000000, 0.000000000000000000, -1.000000000000000000 ) ) ;
#399 = AXIS2_PLACEMENT_3D ( 'NONE', #1586, #1560, #708 ) ;
#400 = FACE_OUTER_BOUND ( 'NONE', #40, .T. ) ;
#401 = DIRECTION ( 'NONE',  ( -1.000000000000000000, 0.000000000000000000, -0.000000000000000000 ) ) ;
#402 = CARTESIAN_POINT ( 'NONE',  ( -55.00000000000000711, 7.000000000000000000, 72.00000000000000000 ) ) ;
#403 = DIRECTION ( 'NONE',  ( -1.000000000000000000, -1.734723475976807292E-15, -0.000000000000000000 ) ) ;
#404 = LINE ( 'NONE', #524, #430 ) ;
#405 = ORIENTED_EDGE ( 'NONE', *, *, #437, .T. ) ;
#406 = CARTESIAN_POINT ( 'NONE',  ( -55.00000000000000711, 144.0000000000000000, 2.000000000000000000 ) ) ;
#407 = DIRECTION ( 'NONE',  ( 0.000000000000000000, -0.000000000000000000, -1.000000000000000000 ) ) ;
#408 =( BOUNDED_CURVE ( )  B_SPLINE_CURVE ( 3, ( #942, #1440, #676, #1548 ),
 .UNSPECIFIED., .F., .T. ) 
 B_SPLINE_CURVE_WITH_KNOTS ( ( 4, 4 ),
 ( 1.570796326794896558, 3.141592653589793116 ),
 .UNSPECIFIED. ) 
 CURVE ( )  GEOMETRIC_REPRESENTATION_ITEM ( )  RATIONAL_B_SPLINE_CURVE ( ( 1.000000000000000000, 0.8047378541243649375, 0.8047378541243649375, 1.000000000000000000 ) ) 
 REPRESENTATION_ITEM ( '' )  );
#409 = AXIS2_PLACEMENT_3D ( 'NONE', #1301, #548, #178 ) ;
#410 = ORIENTED_EDGE ( 'NONE', *, *, #1517, .T. ) ;
#411 = ORIENTED_EDGE ( 'NONE', *, *, #840, .F. ) ;
#412 = LINE ( 'NONE', #151, #1394 ) ;
#413 = ORIENTED_EDGE ( 'NONE', *, *, #891, .F. ) ;
#414 = DIRECTION ( 'NONE',  ( 0.000000000000000000, 0.000000000000000000, -1.000000000000000000 ) ) ;
#415 = EDGE_CURVE ( 'NONE', #227, #1521, #1082, .T. ) ;
#416 = ORIENTED_EDGE ( 'NONE', *, *, #1480, .F. ) ;
#417 = ORIENTED_EDGE ( 'NONE', *, *, #1527, .T. ) ;
#418 = DIRECTION ( 'NONE',  ( 1.000000000000000000, -0.000000000000000000, -0.000000000000000000 ) ) ;
#419 = CIRCLE ( 'NONE', #21, 1.950000000000001288 ) ;
#420 = EDGE_CURVE ( 'NONE', #36, #910, #1222, .T. ) ;
#421 = VERTEX_POINT ( 'NONE', #1249 ) ;
#422 = ORIENTED_EDGE ( 'NONE', *, *, #204, .F. ) ;
#423 = EDGE_LOOP ( 'NONE', ( #285, #461, #1149, #1594 ) ) ;
#424 = EDGE_LOOP ( 'NONE', ( #1392, #1367 ) ) ;
#425 = FACE_OUTER_BOUND ( 'NONE', #1602, .T. ) ;
#426 = ORIENTED_EDGE ( 'NONE', *, *, #673, .T. ) ;
#427 = EDGE_CURVE ( 'NONE', #46, #655, #1467, .T. ) ;
#428 = DIRECTION ( 'NONE',  ( -1.000000000000000000, -0.000000000000000000, -0.000000000000000000 ) ) ;
#429 = LINE ( 'NONE', #1564, #372 ) ;
#430 = VECTOR ( 'NONE', #890, 1000.000000000000000 ) ;
#431 = ORIENTED_EDGE ( 'NONE', *, *, #1016, .T. ) ;
#432 = FACE_OUTER_BOUND ( 'NONE', #848, .T. ) ;
#433 = AXIS2_PLACEMENT_3D ( 'NONE', #696, #572, #705 ) ;
#434 = ORIENTED_EDGE ( 'NONE', *, *, #1494, .T. ) ;
#435 = CARTESIAN_POINT ( 'NONE',  ( 0.000000000000000000, 148.0000000000000000, 4.050000000000006040 ) ) ;
#436 = EDGE_CURVE ( 'NONE', #237, #1486, #1372, .T. ) ;
#437 = EDGE_CURVE ( 'NONE', #1118, #92, #741, .T. ) ;
#438 = ORIENTED_EDGE ( 'NONE', *, *, #427, .T. ) ;
#439 = FACE_BOUND ( 'NONE', #1100, .T. ) ;
#440 = DIRECTION ( 'NONE',  ( -1.000000000000000000, -0.000000000000000000, -0.000000000000000000 ) ) ;
#441 = LINE ( 'NONE', #347, #1507 ) ;
#442 = AXIS2_PLACEMENT_3D ( 'NONE', #998, #856, #839 ) ;
#443 = CARTESIAN_POINT ( 'NONE',  ( 0.000000000000000000, 147.0000000000000000, 7.000000000000000000 ) ) ;
#444 = EDGE_CURVE ( 'NONE', #790, #1418, #496, .T. ) ;
#445 = ORIENTED_EDGE ( 'NONE', *, *, #296, .T. ) ;
#446 = CARTESIAN_POINT ( 'NONE',  ( -50.00000000000000000, 4.000000000000003553, 57.00000000000000711 ) ) ;
#447 = AXIS2_PLACEMENT_3D ( 'NONE', #14, #1608, #1513 ) ;
#448 = ORIENTED_EDGE ( 'NONE', *, *, #555, .F. ) ;
#449 = DIRECTION ( 'NONE',  ( 1.000000000000000000, 1.734723475976807094E-15, -0.000000000000000000 ) ) ;
#450 = FACE_BOUND ( 'NONE', #424, .T. ) ;
#451 = CYLINDRICAL_SURFACE ( 'NONE', #378, 1.950000000000000400 ) ;
#452 = EDGE_CURVE ( 'NONE', #153, #525, #1342, .T. ) ;
#453 = DIRECTION ( 'NONE',  ( 0.000000000000000000, -1.000000000000000000, 0.000000000000000000 ) ) ;
#454 = AXIS2_PLACEMENT_3D ( 'NONE', #1582, #667, #1425 ) ;
#455 = ORIENTED_EDGE ( 'NONE', *, *, #319, .F. ) ;
#456 = LINE ( 'NONE', #950, #72 ) ;
#457 = CARTESIAN_POINT ( 'NONE',  ( -52.00000000000000711, 150.0000000000000000, 72.00000000000000000 ) ) ;
#458 = AXIS2_PLACEMENT_3D ( 'NONE', #275, #782, #758 ) ;
#459 = VECTOR ( 'NONE', #930, 1000.000000000000000 ) ;
#460 = DIRECTION ( 'NONE',  ( -0.000000000000000000, -0.000000000000000000, -1.000000000000000000 ) ) ;
#461 = ORIENTED_EDGE ( 'NONE', *, *, #720, .F. ) ;
#462 = CARTESIAN_POINT ( 'NONE',  ( -100.0000000000000000, 154.0000000000000000, 72.00000000000001421 ) ) ;
#463 = VERTEX_POINT ( 'NONE', #377 ) ;
#464 = DIRECTION ( 'NONE',  ( 0.000000000000000000, 0.000000000000000000, -1.000000000000000000 ) ) ;
#465 = CARTESIAN_POINT ( 'NONE',  ( -4.699999999999981526, 2.000000000000000000, 10.00000000000000000 ) ) ;
#466 = LINE ( 'NONE', #1229, #1603 ) ;
#467 = EDGE_CURVE ( 'NONE', #643, #1547, #751, .T. ) ;
#468 = DIRECTION ( 'NONE',  ( 1.000000000000000000, 0.000000000000000000, 0.000000000000000000 ) ) ;
#469 = ORIENTED_EDGE ( 'NONE', *, *, #731, .T. ) ;
#470 = FACE_OUTER_BOUND ( 'NONE', #1556, .T. ) ;
#471 = VECTOR ( 'NONE', #864, 1000.000000000000000 ) ;
#472 = EDGE_CURVE ( 'NONE', #1055, #1065, #241, .T. ) ;
#473 = EDGE_LOOP ( 'NONE', ( #1287, #1120, #293, #90 ) ) ;
#474 = CARTESIAN_POINT ( 'NONE',  ( -95.30000000000001137, 148.0000000000000000, 6.000000000000005329 ) ) ;
#475 = CYLINDRICAL_SURFACE ( 'NONE', #774, 3.000000000000002665 ) ;
#476 = CYLINDRICAL_SURFACE ( 'NONE', #558, 1.950000000000000400 ) ;
#477 = AXIS2_PLACEMENT_3D ( 'NONE', #913, #1025, #799 ) ;
#478 = DIRECTION ( 'NONE',  ( 1.000000000000000000, 0.000000000000000000, 0.000000000000000000 ) ) ;
#479 = EDGE_CURVE ( 'NONE', #1017, #752, #980, .T. ) ;
#480 = ORIENTED_EDGE ( 'NONE', *, *, #1194, .T. ) ;
#481 = CARTESIAN_POINT ( 'NONE',  ( -45.00000000000000000, 144.0000000000000000, 10.00000000000000000 ) ) ;
#482 = ORIENTED_EDGE ( 'NONE', *, *, #125, .T. ) ;
#483 = CARTESIAN_POINT ( 'NONE',  ( -4.699999999999995737, 147.0000000000000000, 10.00000000000000000 ) ) ;
#484 = LINE ( 'NONE', #1245, #253 ) ;
#485 = EDGE_CURVE ( 'NONE', #305, #855, #996, .T. ) ;
#486 = VECTOR ( 'NONE', #266, 1000.000000000000000 ) ;
#487 = VECTOR ( 'NONE', #1094, 1000.000000000000000 ) ;
#488 = DIRECTION ( 'NONE',  ( 1.000000000000000000, 0.000000000000000000, 0.000000000000000000 ) ) ;
#489 = ORIENTED_EDGE ( 'NONE', *, *, #1185, .T. ) ;
#490 = CARTESIAN_POINT ( 'NONE',  ( -45.00000000000000000, 2.000000000000000000, 72.00000000000000000 ) ) ;
#491 = EDGE_CURVE ( 'NONE', #905, #963, #1113, .T. ) ;
#492 = ORIENTED_EDGE ( 'NONE', *, *, #436, .T. ) ;
#493 = CARTESIAN_POINT ( 'NONE',  ( -50.00000000000000000, 150.0000000000000000, 72.00000000000001421 ) ) ;
#494 = CARTESIAN_POINT ( 'NONE',  ( -48.05000000000000426, 4.000000000000003553, 57.00000000000000711 ) ) ;
#495 = CARTESIAN_POINT ( 'NONE',  ( -48.00000000000000000, 150.0000000000000000, 72.00000000000001421 ) ) ;
#496 = LINE ( 'NONE', #122, #975 ) ;
#497 = ORIENTED_EDGE ( 'NONE', *, *, #715, .F. ) ;
#498 = DIRECTION ( 'NONE',  ( 1.035655806553317946E-16, -1.000000000000000000, 0.000000000000000000 ) ) ;
#499 = VECTOR ( 'NONE', #1091, 1000.000000000000000 ) ;
#500 = VECTOR ( 'NONE', #1472, 1000.000000000000000 ) ;
#501 = EDGE_CURVE ( 'NONE', #1444, #502, #1332, .T. ) ;
#502 = VERTEX_POINT ( 'NONE', #837 ) ;
#503 = CARTESIAN_POINT ( 'NONE',  ( 0.000000000000000000, 0.000000000000000000, 2.000000000000000000 ) ) ;
#504 = DIRECTION ( 'NONE',  ( 1.000000000000000000, 0.000000000000000000, 0.000000000000000000 ) ) ;
#505 = DIRECTION ( 'NONE',  ( 1.000000000000000000, -0.000000000000000000, -0.000000000000000000 ) ) ;
#506 = AXIS2_PLACEMENT_3D ( 'NONE', #37, #418, #1150 ) ;
#507 = EDGE_CURVE ( 'NONE', #1302, #899, #585, .T. ) ;
#508 = ORIENTED_EDGE ( 'NONE', *, *, #56, .T. ) ;
#509 = DIRECTION ( 'NONE',  ( -0.000000000000000000, 0.000000000000000000, 1.000000000000000000 ) ) ;
#510 = EDGE_LOOP ( 'NONE', ( #607, #641, #288, #1034 ) ) ;
#511 = FACE_OUTER_BOUND ( 'NONE', #966, .T. ) ;
#512 = CARTESIAN_POINT ( 'NONE',  ( -48.00000000000000000, 147.0000000000000000, 10.00000000000000000 ) ) ;
#513 = DIRECTION ( 'NONE',  ( 1.000000000000000000, 0.000000000000000000, 0.000000000000000000 ) ) ;
#514 = CARTESIAN_POINT ( 'NONE',  ( -50.00000000000000000, 4.000000000000003553, 57.00000000000000711 ) ) ;
#515 = AXIS2_PLACEMENT_3D ( 'NONE', #1114, #1615, #504 ) ;
#516 = VECTOR ( 'NONE', #403, 1000.000000000000000 ) ;
#517 = VERTEX_POINT ( 'NONE', #223 ) ;
#518 = APPLICATION_PROTOCOL_DEFINITION ( 'draft international standard', 'automotive_design', 1998, #1346 ) ;
#519 = CARTESIAN_POINT ( 'NONE',  ( -46.24264068711926967, 145.2426406871192910, 10.00000000000000000 ) ) ;
#520 = LINE ( 'NONE', #1545, #1131 ) ;
#521 = DIRECTION ( 'NONE',  ( -0.000000000000000000, -0.000000000000000000, -1.000000000000000000 ) ) ;
#522 = CARTESIAN_POINT ( 'NONE',  ( 2.670606791266294522E-13, 4.050000000000164135, 6.000000000000000000 ) ) ;
#523 = ADVANCED_FACE ( 'NONE', ( #1599 ), #1493, .F. ) ;
#524 = CARTESIAN_POINT ( 'NONE',  ( -4.699999999999981526, 10.00000000000000000, 10.00000000000000000 ) ) ;
#525 = VERTEX_POINT ( 'NONE', #1238 ) ;
#526 = LINE ( 'NONE', #45, #789 ) ;
#527 = DIRECTION ( 'NONE',  ( -1.000000000000000000, -0.000000000000000000, -0.000000000000000000 ) ) ;
#528 = ORIENTED_EDGE ( 'NONE', *, *, #1296, .T. ) ;
#529 = ORIENTED_EDGE ( 'NONE', *, *, #613, .T. ) ;
#530 = CARTESIAN_POINT ( 'NONE',  ( -100.0000000000000000, 154.0000000000000000, 72.00000000000001421 ) ) ;
#531 = ORIENTED_EDGE ( 'NONE', *, *, #334, .F. ) ;
#532 = CARTESIAN_POINT ( 'NONE',  ( -100.0000000000000000, 0.000000000000000000, 72.00000000000001421 ) ) ;
#533 = EDGE_CURVE ( 'NONE', #1373, #1019, #597, .T. ) ;
#534 = CIRCLE ( 'NONE', #329, 1.950000000000000400 ) ;
#535 = AXIS2_PLACEMENT_3D ( 'NONE', #576, #67, #1315 ) ;
#536 = PLANE ( 'NONE',  #722 ) ;
#537 = VERTEX_POINT ( 'NONE', #250 ) ;
#538 = FACE_OUTER_BOUND ( 'NONE', #251, .T. ) ;
#539 = ORIENTED_EDGE ( 'NONE', *, *, #1070, .F. ) ;
#540 = SURFACE_SIDE_STYLE ('',( #1525 ) ) ;
#541 = ORIENTED_EDGE ( 'NONE', *, *, #792, .F. ) ;
#542 = EDGE_LOOP ( 'NONE', ( #1045, #1141, #417, #1605 ) ) ;
#543 = EDGE_LOOP ( 'NONE', ( #1212, #875, #547, #51, #541, #148, #1619, #55 ) ) ;
#544 = EDGE_CURVE ( 'NONE', #1420, #263, #1475, .T. ) ;
#545 = DIRECTION ( 'NONE',  ( -0.000000000000000000, -0.000000000000000000, 1.000000000000000000 ) ) ;
#546 = AXIS2_PLACEMENT_3D ( 'NONE', #474, #1595, #1121 ) ;
#547 = ORIENTED_EDGE ( 'NONE', *, *, #673, .F. ) ;
#548 = DIRECTION ( 'NONE',  ( 0.000000000000000000, 0.000000000000000000, -1.000000000000000000 ) ) ;
#549 = ORIENTED_EDGE ( 'NONE', *, *, #437, .F. ) ;
#550 = CARTESIAN_POINT ( 'NONE',  ( -95.29999999999999716, 10.00000000000000000, 10.00000000000000000 ) ) ;
#551 = VECTOR ( 'NONE', #1247, 1000.000000000000000 ) ;
#552 = ORIENTED_EDGE ( 'NONE', *, *, #666, .F. ) ;
#553 = CARTESIAN_POINT ( 'NONE',  ( -45.00000000000000000, 4.000000000000000000, 10.00000000000000000 ) ) ;
#554 = EDGE_LOOP ( 'NONE', ( #157, #482, #73, #707 ) ) ;
#555 = EDGE_CURVE ( 'NONE', #726, #1551, #847, .T. ) ;
#556 = LINE ( 'NONE', #809, #1295 ) ;
#557 = VECTOR ( 'NONE', #902, 1000.000000000000000 ) ;
#558 = AXIS2_PLACEMENT_3D ( 'NONE', #213, #1316, #1210 ) ;
#559 = VERTEX_POINT ( 'NONE', #854 ) ;
#560 = CARTESIAN_POINT ( 'NONE',  ( 0.000000000000000000, 0.000000000000000000, 2.000000000000000000 ) ) ;
#561 = CARTESIAN_POINT ( 'NONE',  ( 0.000000000000000000, 0.000000000000000000, 2.000000000000000000 ) ) ;
#562 = ADVANCED_FACE ( 'NONE', ( #1363 ), #112, .T. ) ;
#563 = ORIENTED_EDGE ( 'NONE', *, *, #338, .F. ) ;
#564 = LINE ( 'NONE', #435, #235 ) ;
#565 = ORIENTED_EDGE ( 'NONE', *, *, #700, .T. ) ;
#566 = FACE_OUTER_BOUND ( 'NONE', #582, .T. ) ;
#567 = CARTESIAN_POINT ( 'NONE',  ( -4.699999999999981526, 2.000000000000000000, 10.00000000000000000 ) ) ;
#568 = DIRECTION ( 'NONE',  ( 0.000000000000000000, 1.000000000000000000, 0.000000000000000000 ) ) ;
#569 = AXIS2_PLACEMENT_3D ( 'NONE', #1575, #453, #945 ) ;
#570 = CARTESIAN_POINT ( 'NONE',  ( -50.00000000000000000, 150.0000000000000000, 57.00000000000000711 ) ) ;
#571 = EDGE_CURVE ( 'NONE', #198, #323, #872, .T. ) ;
#572 = DIRECTION ( 'NONE',  ( 0.000000000000000000, 0.000000000000000000, 1.000000000000000000 ) ) ;
#573 = AXIS2_PLACEMENT_3D ( 'NONE', #495, #137, #853 ) ;
#574 = ORIENTED_EDGE ( 'NONE', *, *, #1284, .F. ) ;
#575 = DIRECTION ( 'NONE',  ( -0.000000000000000000, -0.000000000000000000, -1.000000000000000000 ) ) ;
#576 = CARTESIAN_POINT ( 'NONE',  ( -52.00000000000000711, 150.0000000000000000, 10.00000000000000178 ) ) ;
#577 = DIRECTION ( 'NONE',  ( -1.000000000000000000, -0.000000000000000000, -0.000000000000000000 ) ) ;
#578 = DIRECTION ( 'NONE',  ( 0.000000000000000000, 0.000000000000000000, 1.000000000000000000 ) ) ;
#579 = ORIENTED_EDGE ( 'NONE', *, *, #111, .T. ) ;
#580 = CARTESIAN_POINT ( 'NONE',  ( -51.99999999999999289, 7.000000000000000000, 10.00000000000000000 ) ) ;
#581 = ADVANCED_FACE ( 'NONE', ( #1280 ), #1509, .T. ) ;
#582 = EDGE_LOOP ( 'NONE', ( #1417, #598, #677, #405, #1337 ) ) ;
#583 = CARTESIAN_POINT ( 'NONE',  ( -95.29999999999999716, 4.049999999999998046, 6.000000000000000000 ) ) ;
#584 = DIRECTION ( 'NONE',  ( 1.000000000000000000, 0.000000000000000000, 0.000000000000000000 ) ) ;
#585 = CIRCLE ( 'NONE', #843, 1.950000000000000400 ) ;
#586 = VECTOR ( 'NONE', #1607, 1000.000000000000000 ) ;
#587 = DIRECTION ( 'NONE',  ( 0.000000000000000000, 0.000000000000000000, -1.000000000000000000 ) ) ;
#588 = VECTOR ( 'NONE', #591, 1000.000000000000000 ) ;
#589 = CARTESIAN_POINT ( 'NONE',  ( 0.000000000000000000, 0.000000000000000000, 2.000000000000000000 ) ) ;
#590 = ORIENTED_EDGE ( 'NONE', *, *, #1239, .T. ) ;
#591 = DIRECTION ( 'NONE',  ( 0.000000000000000000, 1.000000000000000000, 0.000000000000000000 ) ) ;
#592 = EDGE_LOOP ( 'NONE', ( #1357, #1027, #1156, #1080 ) ) ;
#593 = CARTESIAN_POINT ( 'NONE',  ( -55.00000000000000711, 152.0000000000000000, 72.00000000000000000 ) ) ;
#594 = FACE_OUTER_BOUND ( 'NONE', #543, .T. ) ;
#595 = EDGE_CURVE ( 'NONE', #1048, #237, #60, .T. ) ;
#596 = CARTESIAN_POINT ( 'NONE',  ( -48.00000000000000000, 4.000000000000000000, 72.00000000000001421 ) ) ;
#597 = LINE ( 'NONE', #988, #252 ) ;
#598 = ORIENTED_EDGE ( 'NONE', *, *, #491, .T. ) ;
#599 = CARTESIAN_POINT ( 'NONE',  ( -55.00000000000000711, 150.0000000000000000, 10.00000000000000000 ) ) ;
#600 = ORIENTED_EDGE ( 'NONE', *, *, #1588, .T. ) ;
#601 = CARTESIAN_POINT ( 'NONE',  ( -100.0000000000000000, 0.000000000000000000, 72.00000000000001421 ) ) ;
#602 = CARTESIAN_POINT ( 'NONE',  ( -55.00000000000000711, 2.000000000000000000, 10.00000000000000000 ) ) ;
#603 = EDGE_CURVE ( 'NONE', #963, #1118, #1021, .T. ) ;
#604 = ADVANCED_FACE ( 'NONE', ( #1183 ), #772, .F. ) ;
#605 = ORIENTED_EDGE ( 'NONE', *, *, #816, .F. ) ;
#606 = CARTESIAN_POINT ( 'NONE',  ( 0.000000000000000000, 0.000000000000000000, 72.00000000000001421 ) ) ;
#607 = ORIENTED_EDGE ( 'NONE', *, *, #96, .T. ) ;
#608 = CYLINDRICAL_SURFACE ( 'NONE', #129, 1.950000000000000400 ) ;
#609 = CARTESIAN_POINT ( 'NONE',  ( 0.000000000000000000, 148.0000000000000000, 6.000000000000005329 ) ) ;
#610 =( BOUNDED_CURVE ( )  B_SPLINE_CURVE ( 3, ( #755, #1387, #1505, #618 ),
 .UNSPECIFIED., .F., .T. ) 
 B_SPLINE_CURVE_WITH_KNOTS ( ( 4, 4 ),
 ( 0.000000000000000000, 1.570796326794896558 ),
 .UNSPECIFIED. ) 
 CURVE ( )  GEOMETRIC_REPRESENTATION_ITEM ( )  RATIONAL_B_SPLINE_CURVE ( ( 1.000000000000000000, 0.8047378541243649375, 0.8047378541243649375, 1.000000000000000000 ) ) 
 REPRESENTATION_ITEM ( '' )  );
#611 = DIRECTION ( 'NONE',  ( -1.000000000000000000, -0.000000000000000000, -0.000000000000000000 ) ) ;
#612 = AXIS2_PLACEMENT_3D ( 'NONE', #1211, #1, #1501 ) ;
#613 = EDGE_CURVE ( 'NONE', #1542, #855, #1383, .T. ) ;
#614 = CARTESIAN_POINT ( 'NONE',  ( 0.000000000000000000, 0.000000000000000000, 10.00000000000000000 ) ) ;
#615 = VERTEX_POINT ( 'NONE', #394 ) ;
#616 = CARTESIAN_POINT ( 'NONE',  ( -55.00000000000000711, 147.0000000000000000, 10.00000000000000000 ) ) ;
#617 = VERTEX_POINT ( 'NONE', #806 ) ;
#618 = CARTESIAN_POINT ( 'NONE',  ( -51.99999999999999289, 7.000000000000000000, 10.00000000000000000 ) ) ;
#619 = DIRECTION ( 'NONE',  ( 0.000000000000000000, 0.000000000000000000, 1.000000000000000000 ) ) ;
#620 = CARTESIAN_POINT ( 'NONE',  ( -50.00000000000000000, 150.0000000000000000, 57.00000000000000711 ) ) ;
#621 = EDGE_CURVE ( 'NONE', #908, #1187, #1306, .T. ) ;
#622 = CARTESIAN_POINT ( 'NONE',  ( -51.95000000000000284, 4.000000000000003553, 57.00000000000000711 ) ) ;
#623 = ORIENTED_EDGE ( 'NONE', *, *, #977, .F. ) ;
#624 = APPLICATION_CONTEXT ( 'automotive_design' ) ;
#625 = ADVANCED_FACE ( 'NONE', ( #146 ), #1145, .F. ) ;
#626 = LINE ( 'NONE', #1241, #1172 ) ;
#627 = ORIENTED_EDGE ( 'NONE', *, *, #1221, .F. ) ;
#628 = FACE_OUTER_BOUND ( 'NONE', #1298, .T. ) ;
#629 = CARTESIAN_POINT ( 'NONE',  ( -95.30000000000001137, 147.0000000000000000, 7.000000000000000000 ) ) ;
#630 = CARTESIAN_POINT ( 'NONE',  ( -45.00000000000000000, 150.0000000000000000, 10.00000000000000000 ) ) ;
#631 = DIRECTION ( 'NONE',  ( 1.000000000000000000, 0.000000000000000000, 0.000000000000000000 ) ) ;
#632 = AXIS2_PLACEMENT_3D ( 'NONE', #282, #20, #1020 ) ;
#633 = ORIENTED_EDGE ( 'NONE', *, *, #172, .F. ) ;
#634 = CARTESIAN_POINT ( 'NONE',  ( -95.29999999999999716, 5.999999999999999112, 6.000000000000000000 ) ) ;
#635 = ADVANCED_FACE ( 'NONE', ( #1523 ), #283, .T. ) ;
#636 = CARTESIAN_POINT ( 'NONE',  ( -100.0000000000000000, 152.0000000000000000, 2.000000000000000000 ) ) ;
#637 = AXIS2_PLACEMENT_3D ( 'NONE', #1006, #259, #407 ) ;
#638 = ADVANCED_FACE ( 'NONE', ( #131 ), #1516, .F. ) ;
#639 = AXIS2_PLACEMENT_3D ( 'NONE', #220, #1209, #1446 ) ;
#640 = VECTOR ( 'NONE', #1180, 1000.000000000000000 ) ;
#641 = ORIENTED_EDGE ( 'NONE', *, *, #501, .T. ) ;
#642 = LINE ( 'NONE', #1483, #1188 ) ;
#643 = VERTEX_POINT ( 'NONE', #289 ) ;
#644 = PLANE ( 'NONE',  #214 ) ;
#645 = CARTESIAN_POINT ( 'NONE',  ( -48.00000000000000000, 147.0000000000000000, 72.00000000000000000 ) ) ;
#646 = ORIENTED_EDGE ( 'NONE', *, *, #948, .T. ) ;
#647 = EDGE_CURVE ( 'NONE', #1032, #1118, #887, .T. ) ;
#648 = VERTEX_POINT ( 'NONE', #1028 ) ;
#649 = CARTESIAN_POINT ( 'NONE',  ( -51.95000000000000284, 150.0000000000000000, 57.00000000000000711 ) ) ;
#650 = ORIENTED_EDGE ( 'NONE', *, *, #807, .T. ) ;
#651 = CARTESIAN_POINT ( 'NONE',  ( -44.99999999999998579, 10.00000000000000000, 2.000000000000000000 ) ) ;
#652 = AXIS2_PLACEMENT_3D ( 'NONE', #1371, #1255, #249 ) ;
#653 = ADVANCED_FACE ( 'NONE', ( #1404 ), #1397, .F. ) ;
#654 = PLANE ( 'NONE',  #1215 ) ;
#655 = VERTEX_POINT ( 'NONE', #651 ) ;
#656 = LINE ( 'NONE', #1157, #1205 ) ;
#657 = ORIENTED_EDGE ( 'NONE', *, *, #926, .T. ) ;
#658 = CIRCLE ( 'NONE', #1447, 1.950000000000000400 ) ;
#659 = AXIS2_PLACEMENT_3D ( 'NONE', #514, #1532, #1578 ) ;
#660 = CIRCLE ( 'NONE', #919, 1.950000000000000400 ) ;
#661 = DIRECTION ( 'NONE',  ( -0.000000000000000000, 0.000000000000000000, -1.000000000000000000 ) ) ;
#662 = DIRECTION ( 'NONE',  ( 0.000000000000000000, 0.000000000000000000, 1.000000000000000000 ) ) ;
#663 = ORIENTED_EDGE ( 'NONE', *, *, #31, .T. ) ;
#664 = DIRECTION ( 'NONE',  ( -1.000000000000000000, -0.000000000000000000, -0.000000000000000000 ) ) ;
#665 = VERTEX_POINT ( 'NONE', #1153 ) ;
#666 = EDGE_CURVE ( 'NONE', #1489, #353, #1258, .T. ) ;
#667 = DIRECTION ( 'NONE',  ( -0.000000000000000000, 0.000000000000000000, 1.000000000000000000 ) ) ;
#668 = ORIENTED_EDGE ( 'NONE', *, *, #56, .F. ) ;
#669 = ORIENTED_EDGE ( 'NONE', *, *, #933, .F. ) ;
#670 = ORIENTED_EDGE ( 'NONE', *, *, #1234, .T. ) ;
#671 = CARTESIAN_POINT ( 'NONE',  ( -4.699999999999995737, 152.0000000000000000, 10.00000000000000000 ) ) ;
#672 = AXIS2_PLACEMENT_3D ( 'NONE', #1129, #1226, #264 ) ;
#673 = EDGE_CURVE ( 'NONE', #537, #776, #1133, .T. ) ;
#674 = EDGE_LOOP ( 'NONE', ( #1502, #1304 ) ) ;
#675 = AXIS2_PLACEMENT_3D ( 'NONE', #481, #1477, #498 ) ;
#676 = CARTESIAN_POINT ( 'NONE',  ( -55.00000000000000000, 144.0000000000000000, 8.757359312880716118 ) ) ;
#677 = ORIENTED_EDGE ( 'NONE', *, *, #603, .T. ) ;
#678 = LINE ( 'NONE', #1054, #1349 ) ;
#679 = VECTOR ( 'NONE', #779, 1000.000000000000000 ) ;
#680 = EDGE_LOOP ( 'NONE', ( #314, #469, #44, #255 ) ) ;
#681 = FACE_OUTER_BOUND ( 'NONE', #1285, .T. ) ;
#682 = DIRECTION ( 'NONE',  ( 1.000000000000000000, 0.000000000000000000, 0.000000000000000000 ) ) ;
#683 = CARTESIAN_POINT ( 'NONE',  ( -50.00000000000000000, 150.0000000000000000, 57.00000000000000711 ) ) ;
#684 = ORIENTED_EDGE ( 'NONE', *, *, #940, .T. ) ;
#685 = EDGE_CURVE ( 'NONE', #463, #643, #194, .T. ) ;
#686 = FACE_OUTER_BOUND ( 'NONE', #735, .T. ) ;
#687 = VECTOR ( 'NONE', #527, 1000.000000000000000 ) ;
#688 = VECTOR ( 'NONE', #746, 1000.000000000000000 ) ;
#689 = ORIENTED_EDGE ( 'NONE', *, *, #452, .T. ) ;
#690 = CARTESIAN_POINT ( 'NONE',  ( -50.00000000000000000, 4.000000000000003553, 57.00000000000000711 ) ) ;
#691 = PLANE ( 'NONE',  #639 ) ;
#692 = ADVANCED_FACE ( 'NONE', ( #959 ), #1352, .F. ) ;
#693 = CARTESIAN_POINT ( 'NONE',  ( -95.29999999999998295, 2.000000000000000000, 10.00000000000000000 ) ) ;
#694 = PLANE ( 'NONE',  #454 ) ;
#695 = VERTEX_POINT ( 'NONE', #1465 ) ;
#696 = CARTESIAN_POINT ( 'NONE',  ( -50.00000000000000000, 150.0000000000000000, 72.00000000000001421 ) ) ;
#697 = ORIENTED_EDGE ( 'NONE', *, *, #261, .F. ) ;
#698 = CARTESIAN_POINT ( 'NONE',  ( -55.00000000000000711, 147.0000000000000000, 72.00000000000000000 ) ) ;
#699 = LINE ( 'NONE', #939, #459 ) ;
#700 = EDGE_CURVE ( 'NONE', #752, #665, #346, .T. ) ;
#701 = CARTESIAN_POINT ( 'NONE',  ( -95.29999999999999716, 7.000000000000000000, 10.00000000000000000 ) ) ;
#702 = AXIS2_PLACEMENT_3D ( 'NONE', #606, #1365, #1496 ) ;
#703 = VECTOR ( 'NONE', #1235, 1000.000000000000000 ) ;
#704 = ORIENTED_EDGE ( 'NONE', *, *, #68, .T. ) ;
#705 = DIRECTION ( 'NONE',  ( 1.000000000000000000, 0.000000000000000000, 0.000000000000000000 ) ) ;
#706 = AXIS2_PLACEMENT_3D ( 'NONE', #671, #1038, #166 ) ;
#707 = ORIENTED_EDGE ( 'NONE', *, *, #370, .F. ) ;
#708 = DIRECTION ( 'NONE',  ( 0.000000000000000000, -0.000000000000000000, 1.000000000000000000 ) ) ;
#709 = CARTESIAN_POINT ( 'NONE',  ( -4.699999999999981526, 2.000000000000000000, 10.00000000000000000 ) ) ;
#710 = DIRECTION ( 'NONE',  ( -1.000000000000000000, 0.000000000000000000, 0.000000000000000000 ) ) ;
#711 = ADVANCED_BREP_SHAPE_REPRESENTATION ( 'cover-v1', ( #299, #931 ), #47 ) ;
#712 = CARTESIAN_POINT ( 'NONE',  ( -95.29999999999998295, 2.000000000000000000, 10.00000000000000000 ) ) ;
#713 = VERTEX_POINT ( 'NONE', #1219 ) ;
#714 = CARTESIAN_POINT ( 'NONE',  ( -45.00000000000000000, 152.0000000000000000, 72.00000000000000000 ) ) ;
#715 = EDGE_CURVE ( 'NONE', #833, #790, #211, .T. ) ;
#716 = ORIENTED_EDGE ( 'NONE', *, *, #571, .F. ) ;
#717 = FACE_OUTER_BOUND ( 'NONE', #1052, .T. ) ;
#718 = DIRECTION ( 'NONE',  ( 0.000000000000000000, -0.000000000000000000, 1.000000000000000000 ) ) ;
#719 = VECTOR ( 'NONE', #18, 1000.000000000000000 ) ;
#720 = EDGE_CURVE ( 'NONE', #49, #1048, #1067, .T. ) ;
#721 = DIRECTION ( 'NONE',  ( 0.000000000000000000, 0.000000000000000000, 1.000000000000000000 ) ) ;
#722 = AXIS2_PLACEMENT_3D ( 'NONE', #1148, #1283, #1297 ) ;
#723 = DIRECTION ( 'NONE',  ( -1.000000000000000000, 0.000000000000000000, 0.000000000000000000 ) ) ;
#724 = ORIENTED_EDGE ( 'NONE', *, *, #956, .T. ) ;
#725 = LINE ( 'NONE', #132, #499 ) ;
#726 = VERTEX_POINT ( 'NONE', #1339 ) ;
#727 = DIRECTION ( 'NONE',  ( -1.035655806553317823E-16, 1.000000000000000000, -0.000000000000000000 ) ) ;
#728 = DIRECTION ( 'NONE',  ( -1.000000000000000000, 0.000000000000000000, 0.000000000000000000 ) ) ;
#729 = DIRECTION ( 'NONE',  ( -0.000000000000000000, -0.000000000000000000, 1.000000000000000000 ) ) ;
#730 = ADVANCED_FACE ( 'NONE', ( #594 ), #691, .F. ) ;
#731 = EDGE_CURVE ( 'NONE', #243, #126, #1106, .T. ) ;
#732 = DIRECTION ( 'NONE',  ( -0.000000000000000000, -0.000000000000000000, -1.000000000000000000 ) ) ;
#733 = ORIENTED_EDGE ( 'NONE', *, *, #962, .F. ) ;
#734 = PLANE ( 'NONE',  #883 ) ;
#735 = EDGE_LOOP ( 'NONE', ( #973, #814, #784, #326, #5, #669 ) ) ;
#736 = DIRECTION ( 'NONE',  ( 1.000000000000000000, 0.000000000000000000, 0.000000000000000000 ) ) ;
#737 = DIRECTION ( 'NONE',  ( 1.000000000000000000, 0.000000000000000000, 0.000000000000000000 ) ) ;
#738 = EDGE_CURVE ( 'NONE', #98, #323, #77, .T. ) ;
#739 = DIRECTION ( 'NONE',  ( -1.000000000000000000, 0.000000000000000000, 0.000000000000000000 ) ) ;
#740 = UNCERTAINTY_MEASURE_WITH_UNIT (LENGTH_MEASURE( 1.000000000000000082E-05 ), #134, 'distance_accuracy_value', 'NONE');
#741 = LINE ( 'NONE', #1590, #1186 ) ;
#742 = ORIENTED_EDGE ( 'NONE', *, *, #53, .F. ) ;
#743 = DIRECTION ( 'NONE',  ( 0.000000000000000000, 0.000000000000000000, -1.000000000000000000 ) ) ;
#744 = EDGE_LOOP ( 'NONE', ( #1152, #411, #865, #176, #1277, #574, #1531, #1300 ) ) ;
#745 = DIRECTION ( 'NONE',  ( 0.000000000000000000, 0.000000000000000000, 1.000000000000000000 ) ) ;
#746 = DIRECTION ( 'NONE',  ( -1.000000000000000000, -0.000000000000000000, -0.000000000000000000 ) ) ;
#747 = MECHANICAL_DESIGN_GEOMETRIC_PRESENTATION_REPRESENTATION (  '', ( #1098 ), #943 ) ;
#748 = DIRECTION ( 'NONE',  ( -0.000000000000000000, -0.000000000000000000, -1.000000000000000000 ) ) ;
#749 = AXIS2_PLACEMENT_3D ( 'NONE', #443, #205, #822 ) ;
#750 = AXIS2_PLACEMENT_3D ( 'NONE', #609, #1512, #619 ) ;
#751 = LINE ( 'NONE', #622, #946 ) ;
#752 = VERTEX_POINT ( 'NONE', #709 ) ;
#753 = CARTESIAN_POINT ( 'NONE',  ( -48.00000000000000000, 7.000000000000000000, 10.00000000000000000 ) ) ;
#754 = VERTEX_POINT ( 'NONE', #1192 ) ;
#755 = CARTESIAN_POINT ( 'NONE',  ( -54.99999999999999289, 10.00000000000000000, 7.000000000000000000 ) ) ;
#756 = CARTESIAN_POINT ( 'NONE',  ( -55.00000000000000711, 144.0000000000000000, 10.00000000000000000 ) ) ;
#757 = CARTESIAN_POINT ( 'NONE',  ( -45.00000000000000000, 152.0000000000000000, 72.00000000000000000 ) ) ;
#758 = DIRECTION ( 'NONE',  ( 1.000000000000000000, 0.000000000000000000, 0.000000000000000000 ) ) ;
#759 = DIRECTION ( 'NONE',  ( 1.000000000000000000, 0.000000000000000000, 0.000000000000000000 ) ) ;
#760 = CIRCLE ( 'NONE', #265, 1.950000000000000400 ) ;
#761 = ADVANCED_FACE ( 'NONE', ( #1596 ), #475, .T. ) ;
#762 = VERTEX_POINT ( 'NONE', #85 ) ;
#763 = DIRECTION ( 'NONE',  ( -1.000000000000000000, -0.000000000000000000, 0.000000000000000000 ) ) ;
#764 = CARTESIAN_POINT ( 'NONE',  ( -95.29999999999999716, 10.00000000000000000, 2.000000000000000000 ) ) ;
#765 = EDGE_CURVE ( 'NONE', #615, #754, #1227, .T. ) ;
#766 = CARTESIAN_POINT ( 'NONE',  ( -100.0000000000000000, 0.000000000000000000, 0.000000000000000000 ) ) ;
#767 = CIRCLE ( 'NONE', #506, 3.000000000000000000 ) ;
#768 = ORIENTED_EDGE ( 'NONE', *, *, #1154, .T. ) ;
#769 = CARTESIAN_POINT ( 'NONE',  ( -51.99999999999999289, 10.00000000000000000, 10.00000000000000000 ) ) ;
#770 = EDGE_CURVE ( 'NONE', #323, #243, #360, .T. ) ;
#771 = DIRECTION ( 'NONE',  ( 1.000000000000000000, 0.000000000000000000, 0.000000000000000000 ) ) ;
#772 = PLANE ( 'NONE',  #359 ) ;
#773 = AXIS2_PLACEMENT_3D ( 'NONE', #402, #22, #154 ) ;
#774 = AXIS2_PLACEMENT_3D ( 'NONE', #457, #968, #728 ) ;
#775 = ADVANCED_FACE ( 'NONE', ( #1587 ), #356, .F. ) ;
#776 = VERTEX_POINT ( 'NONE', #601 ) ;
#777 = LINE ( 'NONE', #1018, #719 ) ;
#778 = ORIENTED_EDGE ( 'NONE', *, *, #603, .F. ) ;
#779 = DIRECTION ( 'NONE',  ( -0.000000000000000000, -0.000000000000000000, -1.000000000000000000 ) ) ;
#780 = ORIENTED_EDGE ( 'NONE', *, *, #1524, .F. ) ;
#781 = EDGE_CURVE ( 'NONE', #617, #1542, #699, .T. ) ;
#782 = DIRECTION ( 'NONE',  ( -0.000000000000000000, -0.000000000000000000, 1.000000000000000000 ) ) ;
#783 = VECTOR ( 'NONE', #759, 1000.000000000000000 ) ;
#784 = ORIENTED_EDGE ( 'NONE', *, *, #1084, .F. ) ;
#785 = ORIENTED_EDGE ( 'NONE', *, *, #1508, .T. ) ;
#786 = DIRECTION ( 'NONE',  ( -0.000000000000000000, -0.000000000000000000, -1.000000000000000000 ) ) ;
#787 = ADVANCED_FACE ( 'NONE', ( #450, #193 ), #202, .F. ) ;
#788 = ORIENTED_EDGE ( 'NONE', *, *, #647, .T. ) ;
#789 = VECTOR ( 'NONE', #786, 1000.000000000000000 ) ;
#790 = VERTEX_POINT ( 'NONE', #1323 ) ;
#791 = DIRECTION ( 'NONE',  ( 1.000000000000000000, 0.000000000000000000, 0.000000000000000000 ) ) ;
#792 = EDGE_CURVE ( 'NONE', #1373, #1181, #1200, .T. ) ;
#793 = ORIENTED_EDGE ( 'NONE', *, *, #1248, .F. ) ;
#794 = DIRECTION ( 'NONE',  ( -0.000000000000000000, -0.000000000000000000, -1.000000000000000000 ) ) ;
#795 = EDGE_LOOP ( 'NONE', ( #1252, #944, #1334, #989, #27 ) ) ;
#796 = VECTOR ( 'NONE', #835, 1000.000000000000000 ) ;
#797 = VECTOR ( 'NONE', #1557, 1000.000000000000000 ) ;
#798 = EDGE_LOOP ( 'NONE', ( #63, #362, #1460, #1159 ) ) ;
#799 = DIRECTION ( 'NONE',  ( 0.000000000000000000, -0.000000000000000000, -1.000000000000000000 ) ) ;
#800 = ORIENTED_EDGE ( 'NONE', *, *, #357, .F. ) ;
#801 = CARTESIAN_POINT ( 'NONE',  ( -52.00000000000000711, 147.0000000000000000, 10.00000000000000000 ) ) ;
#802 = DIRECTION ( 'NONE',  ( 1.000000000000000000, 0.000000000000000000, 0.000000000000000000 ) ) ;
#803 = ADVANCED_FACE ( 'NONE', ( #1456 ), #337, .F. ) ;
#804 = ORIENTED_EDGE ( 'NONE', *, *, #1184, .T. ) ;
#805 = CARTESIAN_POINT ( 'NONE',  ( -100.0000000000000000, 152.0000000000000000, 2.000000000000000000 ) ) ;
#806 = CARTESIAN_POINT ( 'NONE',  ( -4.699999999999995737, 144.0000000000000000, 2.000000000000000000 ) ) ;
#807 = EDGE_CURVE ( 'NONE', #905, #1432, #141, .T. ) ;
#808 = ORIENTED_EDGE ( 'NONE', *, *, #555, .T. ) ;
#809 = CARTESIAN_POINT ( 'NONE',  ( -55.00000000000000711, 144.0000000000000000, 2.000000000000000000 ) ) ;
#810 = ORIENTED_EDGE ( 'NONE', *, *, #1164, .T. ) ;
#811 = CARTESIAN_POINT ( 'NONE',  ( -47.99999999999998579, -4.971147871455924761E-15, 7.000000000000000000 ) ) ;
#812 = CARTESIAN_POINT ( 'NONE',  ( -55.00000000000000711, 150.0000000000000000, 72.00000000000000000 ) ) ;
#813 = DIRECTION ( 'NONE',  ( -1.000000000000000000, 0.000000000000000000, 0.000000000000000000 ) ) ;
#814 = ORIENTED_EDGE ( 'NONE', *, *, #144, .T. ) ;
#815 = FACE_OUTER_BOUND ( 'NONE', #260, .T. ) ;
#816 = EDGE_CURVE ( 'NONE', #726, #98, #222, .T. ) ;
#817 = AXIS2_PLACEMENT_3D ( 'NONE', #1354, #723, #105 ) ;
#818 = ORIENTED_EDGE ( 'NONE', *, *, #962, .T. ) ;
#819 = DIRECTION ( 'NONE',  ( 0.000000000000000000, 0.000000000000000000, 1.000000000000000000 ) ) ;
#820 = DIRECTION ( 'NONE',  ( 0.000000000000000000, 0.000000000000000000, 1.000000000000000000 ) ) ;
#821 = CARTESIAN_POINT ( 'NONE',  ( -100.0000000000000000, 154.0000000000000000, 0.000000000000000000 ) ) ;
#822 = DIRECTION ( 'NONE',  ( 0.000000000000000000, 0.000000000000000000, 1.000000000000000000 ) ) ;
#823 = ORIENTED_EDGE ( 'NONE', *, *, #1049, .T. ) ;
#824 = DIRECTION ( 'NONE',  ( 0.000000000000000000, 0.000000000000000000, -1.000000000000000000 ) ) ;
#825 = ORIENTED_EDGE ( 'NONE', *, *, #420, .T. ) ;
#826 = DIRECTION ( 'NONE',  ( -1.000000000000000000, 0.000000000000000000, 0.000000000000000000 ) ) ;
#827 = CARTESIAN_POINT ( 'NONE',  ( -55.00000000000000711, 2.000000000000000000, 72.00000000000000000 ) ) ;
#828 = CARTESIAN_POINT ( 'NONE',  ( -100.0000000000000000, 152.0000000000000000, 72.00000000000001421 ) ) ;
#829 = DIRECTION ( 'NONE',  ( 0.000000000000000000, -1.000000000000000000, 0.000000000000000000 ) ) ;
#830 = ORIENTED_EDGE ( 'NONE', *, *, #647, .F. ) ;
#831 = DIRECTION ( 'NONE',  ( -1.000000000000000000, -0.000000000000000000, -0.000000000000000000 ) ) ;
#832 = VECTOR ( 'NONE', #104, 1000.000000000000000 ) ;
#833 = VERTEX_POINT ( 'NONE', #239 ) ;
#834 = CARTESIAN_POINT ( 'NONE',  ( 0.000000000000000000, 0.000000000000000000, 72.00000000000001421 ) ) ;
#835 = DIRECTION ( 'NONE',  ( 0.000000000000000000, 1.000000000000000000, 0.000000000000000000 ) ) ;
#836 = LINE ( 'NONE', #828, #1380 ) ;
#837 = CARTESIAN_POINT ( 'NONE',  ( -45.00000000000000000, 4.000000000000000000, 72.00000000000000000 ) ) ;
#838 = ORIENTED_EDGE ( 'NONE', *, *, #1185, .F. ) ;
#839 = DIRECTION ( 'NONE',  ( -1.000000000000000000, 0.000000000000000000, 0.000000000000000000 ) ) ;
#840 = EDGE_CURVE ( 'NONE', #1207, #762, #484, .T. ) ;
#841 = ORIENTED_EDGE ( 'NONE', *, *, #444, .T. ) ;
#842 = CARTESIAN_POINT ( 'NONE',  ( -95.30000000000001137, 144.0000000000000000, 2.000000000000000000 ) ) ;
#843 = AXIS2_PLACEMENT_3D ( 'NONE', #88, #970, #384 ) ;
#844 = CARTESIAN_POINT ( 'NONE',  ( -4.699999999999995737, 152.0000000000000000, 10.00000000000000000 ) ) ;
#845 = AXIS2_PLACEMENT_3D ( 'NONE', #1359, #976, #737 ) ;
#846 = CARTESIAN_POINT ( 'NONE',  ( -44.99999999999998579, 10.00000000000000000, 7.000000000000000000 ) ) ;
#847 = LINE ( 'NONE', #232, #1050 ) ;
#848 = EDGE_LOOP ( 'NONE', ( #1413, #297, #162, #1386, #106, #1290, #981, #793 ) ) ;
#849 = LINE ( 'NONE', #107, #287 ) ;
#850 = EDGE_LOOP ( 'NONE', ( #627, #697, #1441, #1231 ) ) ;
#851 = LINE ( 'NONE', #238, #1593 ) ;
#852 = CARTESIAN_POINT ( 'NONE',  ( -4.699999999999981526, 4.050000000000156142, 6.000000000000000000 ) ) ;
#853 = DIRECTION ( 'NONE',  ( 1.000000000000000000, 0.000000000000000000, 0.000000000000000000 ) ) ;
#854 = CARTESIAN_POINT ( 'NONE',  ( -55.00000000000000711, 152.0000000000000000, 72.00000000000000000 ) ) ;
#855 = VERTEX_POINT ( 'NONE', #994 ) ;
#856 = DIRECTION ( 'NONE',  ( -0.000000000000000000, -0.000000000000000000, 1.000000000000000000 ) ) ;
#857 = ORIENTED_EDGE ( 'NONE', *, *, #1609, .F. ) ;
#858 = CARTESIAN_POINT ( 'NONE',  ( -45.00000000000000000, 144.0000000000000000, 2.000000000000000000 ) ) ;
#859 = CARTESIAN_POINT ( 'NONE',  ( -100.0000000000000000, 2.000000000000000000, 72.00000000000001421 ) ) ;
#860 = EDGE_CURVE ( 'NONE', #957, #421, #642, .T. ) ;
#861 = CIRCLE ( 'NONE', #156, 1.950000000000000400 ) ;
#862 = CARTESIAN_POINT ( 'NONE',  ( -52.00000000000000711, 7.000000000000000000, 72.00000000000000000 ) ) ;
#863 = VERTEX_POINT ( 'NONE', #884 ) ;
#864 = DIRECTION ( 'NONE',  ( 1.000000000000000000, -0.000000000000000000, -0.000000000000000000 ) ) ;
#865 = ORIENTED_EDGE ( 'NONE', *, *, #915, .F. ) ;
#866 = DIRECTION ( 'NONE',  ( -0.000000000000000000, -0.000000000000000000, -1.000000000000000000 ) ) ;
#867 = LINE ( 'NONE', #985, #1450 ) ;
#868 = FACE_OUTER_BOUND ( 'NONE', #1171, .T. ) ;
#869 = CIRCLE ( 'NONE', #1083, 3.000000000000002665 ) ;
#870 = VECTOR ( 'NONE', #1434, 1000.000000000000000 ) ;
#871 = EDGE_CURVE ( 'NONE', #1055, #1576, #1506, .T. ) ;
#872 = LINE ( 'NONE', #879, #486 ) ;
#873 = ORIENTED_EDGE ( 'NONE', *, *, #246, .F. ) ;
#874 = DIRECTION ( 'NONE',  ( -0.000000000000000000, -0.000000000000000000, 1.000000000000000000 ) ) ;
#875 = ORIENTED_EDGE ( 'NONE', *, *, #68, .F. ) ;
#876 = LINE ( 'NONE', #374, #703 ) ;
#877 = DIRECTION ( 'NONE',  ( -0.000000000000000000, 1.000000000000000000, -0.000000000000000000 ) ) ;
#878 = CARTESIAN_POINT ( 'NONE',  ( -95.30000000000001137, 152.0000000000000000, 10.00000000000000000 ) ) ;
#879 = CARTESIAN_POINT ( 'NONE',  ( -52.00000000000000711, 147.0000000000000000, 72.00000000000000000 ) ) ;
#880 = EDGE_CURVE ( 'NONE', #463, #911, #7, .T. ) ;
#881 = AXIS2_PLACEMENT_3D ( 'NONE', #1182, #826, #819 ) ;
#882 = ORIENTED_EDGE ( 'NONE', *, *, #31, .F. ) ;
#883 = AXIS2_PLACEMENT_3D ( 'NONE', #1110, #982, #1487 ) ;
#884 = CARTESIAN_POINT ( 'NONE',  ( -4.699999999999981526, 2.000000000000000000, 2.000000000000000000 ) ) ;
#885 = CYLINDRICAL_SURFACE ( 'NONE', #965, 3.000000000000002665 ) ;
#886 = CARTESIAN_POINT ( 'NONE',  ( -100.0000000000000000, 152.0000000000000000, 72.00000000000001421 ) ) ;
#887 = LINE ( 'NONE', #1410, #687 ) ;
#888 = AXIS2_PLACEMENT_3D ( 'NONE', #560, #1208, #1464 ) ;
#889 = EDGE_LOOP ( 'NONE', ( #218, #857 ) ) ;
#890 = DIRECTION ( 'NONE',  ( -0.000000000000000000, -0.000000000000000000, -1.000000000000000000 ) ) ;
#891 = EDGE_CURVE ( 'NONE', #1055, #908, #1572, .T. ) ;
#892 = EDGE_CURVE ( 'NONE', #323, #153, #1388, .T. ) ;
#893 = ORIENTED_EDGE ( 'NONE', *, *, #891, .T. ) ;
#894 = LINE ( 'NONE', #1402, #679 ) ;
#895 = DIRECTION ( 'NONE',  ( 0.000000000000000000, 0.000000000000000000, 1.000000000000000000 ) ) ;
#896 = VECTOR ( 'NONE', #10, 1000.000000000000000 ) ;
#897 = ORIENTED_EDGE ( 'NONE', *, *, #1039, .T. ) ;
#898 = ADVANCED_FACE ( 'NONE', ( #1130 ), #1393, .T. ) ;
#899 = VERTEX_POINT ( 'NONE', #852 ) ;
#900 = DIRECTION ( 'NONE',  ( 0.000000000000000000, -1.000000000000000000, 0.000000000000000000 ) ) ;
#901 = ORIENTED_EDGE ( 'NONE', *, *, #926, .F. ) ;
#902 = DIRECTION ( 'NONE',  ( -0.000000000000000000, -0.000000000000000000, 1.000000000000000000 ) ) ;
#903 = CIRCLE ( 'NONE', #546, 1.950000000000000400 ) ;
#904 = ORIENTED_EDGE ( 'NONE', *, *, #871, .T. ) ;
#905 = VERTEX_POINT ( 'NONE', #1135 ) ;
#906 = EDGE_CURVE ( 'NONE', #1162, #1418, #1236, .T. ) ;
#907 = CARTESIAN_POINT ( 'NONE',  ( -48.05000000000000426, 150.0000000000000000, 72.00000000000001421 ) ) ;
#908 = VERTEX_POINT ( 'NONE', #512 ) ;
#909 = VECTOR ( 'NONE', #794, 1000.000000000000000 ) ;
#910 = VERTEX_POINT ( 'NONE', #1010 ) ;
#911 = VERTEX_POINT ( 'NONE', #392 ) ;
#912 = ORIENTED_EDGE ( 'NONE', *, *, #308, .T. ) ;
#913 = CARTESIAN_POINT ( 'NONE',  ( -95.29999999999999716, 10.00000000000000000, 10.00000000000000000 ) ) ;
#914 = ORIENTED_EDGE ( 'NONE', *, *, #1004, .F. ) ;
#915 = EDGE_CURVE ( 'NONE', #353, #1207, #135, .T. ) ;
#916 = CARTESIAN_POINT ( 'NONE',  ( 0.000000000000000000, 154.0000000000000000, 0.000000000000000000 ) ) ;
#917 = ORIENTED_EDGE ( 'NONE', *, *, #1049, .F. ) ;
#918 = VECTOR ( 'NONE', #951, 1000.000000000000000 ) ;
#919 = AXIS2_PLACEMENT_3D ( 'NONE', #446, #309, #802 ) ;
#920 = DIRECTION ( 'NONE',  ( 0.000000000000000000, 1.000000000000000000, 0.000000000000000000 ) ) ;
#921 = EDGE_CURVE ( 'NONE', #1429, #1444, #1294, .T. ) ;
#922 = ORIENTED_EDGE ( 'NONE', *, *, #1263, .F. ) ;
#923 = PLANE ( 'NONE',  #1035 ) ;
#924 = CARTESIAN_POINT ( 'NONE',  ( -50.00000000000000000, 4.000000000000003553, 72.00000000000001421 ) ) ;
#925 = ORIENTED_EDGE ( 'NONE', *, *, #1324, .T. ) ;
#926 = EDGE_CURVE ( 'NONE', #188, #1489, #867, .T. ) ;
#927 = CARTESIAN_POINT ( 'NONE',  ( -55.00000000000000711, 150.0000000000000000, 72.00000000000000000 ) ) ;
#928 = EDGE_LOOP ( 'NONE', ( #1574, #670, #808, #113 ) ) ;
#929 = PLANE ( 'NONE',  #1147 ) ;
#930 = DIRECTION ( 'NONE',  ( -0.000000000000000000, 1.000000000000000000, -0.000000000000000000 ) ) ;
#931 = AXIS2_PLACEMENT_3D ( 'NONE', #1543, #662, #791 ) ;
#932 = CARTESIAN_POINT ( 'NONE',  ( -95.30000000000001137, 152.0000000000000000, 2.000000000000000000 ) ) ;
#933 = EDGE_CURVE ( 'NONE', #537, #1181, #375, .T. ) ;
#934 = LINE ( 'NONE', #916, #139 ) ;
#935 = ORIENTED_EDGE ( 'NONE', *, *, #1494, .F. ) ;
#936 = CARTESIAN_POINT ( 'NONE',  ( -100.0000000000000000, 154.0000000000000000, 72.00000000000001421 ) ) ;
#937 = ORIENTED_EDGE ( 'NONE', *, *, #479, .F. ) ;
#938 = DIRECTION ( 'NONE',  ( -1.734723475976807094E-15, 1.000000000000000000, 0.000000000000000000 ) ) ;
#939 = CARTESIAN_POINT ( 'NONE',  ( -4.699999999999995737, 152.0000000000000000, 2.000000000000000000 ) ) ;
#940 = EDGE_CURVE ( 'NONE', #910, #537, #1369, .T. ) ;
#941 = DIRECTION ( 'NONE',  ( -1.000000000000000000, 0.000000000000000000, 0.000000000000000000 ) ) ;
#942 = CARTESIAN_POINT ( 'NONE',  ( -52.00000000000000711, 147.0000000000000000, 10.00000000000000000 ) ) ;
#943 =( GEOMETRIC_REPRESENTATION_CONTEXT ( 3 ) GLOBAL_UNCERTAINTY_ASSIGNED_CONTEXT ( ( #175 ) ) GLOBAL_UNIT_ASSIGNED_CONTEXT ( ( #395, #1282, #1533 ) ) REPRESENTATION_CONTEXT ( 'NONE', 'WORKASPACE' ) );
#944 = ORIENTED_EDGE ( 'NONE', *, *, #738, .T. ) ;
#945 = DIRECTION ( 'NONE',  ( 0.000000000000000000, -0.000000000000000000, -1.000000000000000000 ) ) ;
#946 = VECTOR ( 'NONE', #1089, 1000.000000000000000 ) ;
#947 = VECTOR ( 'NONE', #366, 1000.000000000000000 ) ;
#948 = EDGE_CURVE ( 'NONE', #695, #1355, #257, .T. ) ;
#949 = ORIENTED_EDGE ( 'NONE', *, *, #1039, .F. ) ;
#950 = CARTESIAN_POINT ( 'NONE',  ( -55.00000000000000711, 4.000000000000000000, 72.00000000000000000 ) ) ;
#951 = DIRECTION ( 'NONE',  ( -0.000000000000000000, -1.000000000000000000, -0.000000000000000000 ) ) ;
#952 = CARTESIAN_POINT ( 'NONE',  ( -44.99999999999998579, 10.00000000000000000, 10.00000000000000000 ) ) ;
#953 = LINE ( 'NONE', #1459, #34 ) ;
#954 = ORIENTED_EDGE ( 'NONE', *, *, #1007, .T. ) ;
#955 = LINE ( 'NONE', #1461, #640 ) ;
#956 = EDGE_CURVE ( 'NONE', #1454, #517, #1161, .T. ) ;
#957 = VERTEX_POINT ( 'NONE', #1142 ) ;
#958 = DIRECTION ( 'NONE',  ( 0.000000000000000000, 0.000000000000000000, 1.000000000000000000 ) ) ;
#959 = FACE_OUTER_BOUND ( 'NONE', #592, .T. ) ;
#960 = CARTESIAN_POINT ( 'NONE',  ( -48.05000000000000426, 150.0000000000000000, 57.00000000000000711 ) ) ;
#961 = DIRECTION ( 'NONE',  ( -0.000000000000000000, -0.000000000000000000, 1.000000000000000000 ) ) ;
#962 = EDGE_CURVE ( 'NONE', #648, #559, #777, .T. ) ;
#963 = VERTEX_POINT ( 'NONE', #149 ) ;
#964 = FACE_OUTER_BOUND ( 'NONE', #473, .T. ) ;
#965 = AXIS2_PLACEMENT_3D ( 'NONE', #1270, #1132, #1107 ) ;
#966 = EDGE_LOOP ( 'NONE', ( #742, #101, #563, #200, #1198, #416, #549, #830 ) ) ;
#967 = CARTESIAN_POINT ( 'NONE',  ( -4.699999999999995737, 152.0000000000000000, 2.000000000000000000 ) ) ;
#968 = DIRECTION ( 'NONE',  ( -0.000000000000000000, 0.000000000000000000, -1.000000000000000000 ) ) ;
#969 = FACE_OUTER_BOUND ( 'NONE', #554, .T. ) ;
#970 = DIRECTION ( 'NONE',  ( -1.000000000000000000, 0.000000000000000000, 0.000000000000000000 ) ) ;
#971 = EDGE_LOOP ( 'NONE', ( #1190, #1343, #800, #1109 ) ) ;
#972 = LINE ( 'NONE', #616, #783 ) ;
#973 = ORIENTED_EDGE ( 'NONE', *, *, #940, .F. ) ;
#974 = CARTESIAN_POINT ( 'NONE',  ( -100.0000000000000000, 2.000000000000000000, 2.000000000000000000 ) ) ;
#975 = VECTOR ( 'NONE', #1099, 1000.000000000000000 ) ;
#976 = DIRECTION ( 'NONE',  ( -0.000000000000000000, 0.000000000000000000, 1.000000000000000000 ) ) ;
#977 = EDGE_CURVE ( 'NONE', #245, #46, #404, .T. ) ;
#978 = VECTOR ( 'NONE', #718, 1000.000000000000000 ) ;
#979 = CARTESIAN_POINT ( 'NONE',  ( -4.699999999999995737, 148.0000000000000000, 7.950000000000005507 ) ) ;
#980 = LINE ( 'NONE', #712, #1317 ) ;
#981 = ORIENTED_EDGE ( 'NONE', *, *, #781, .F. ) ;
#982 = DIRECTION ( 'NONE',  ( -0.000000000000000000, 0.000000000000000000, 1.000000000000000000 ) ) ;
#983 = ORIENTED_EDGE ( 'NONE', *, *, #1524, .T. ) ;
#984 = CARTESIAN_POINT ( 'NONE',  ( -51.95000000000000284, 150.0000000000000000, 57.00000000000000711 ) ) ;
#985 = CARTESIAN_POINT ( 'NONE',  ( -45.00000000000000000, 152.0000000000000000, 72.00000000000000000 ) ) ;
#986 = VECTOR ( 'NONE', #1062, 1000.000000000000000 ) ;
#987 = CIRCLE ( 'NONE', #341, 1.950000000000000400 ) ;
#988 = CARTESIAN_POINT ( 'NONE',  ( -100.0000000000000000, 152.0000000000000000, 2.000000000000000000 ) ) ;
#989 = ORIENTED_EDGE ( 'NONE', *, *, #1570, .F. ) ;
#990 = ADVANCED_FACE ( 'NONE', ( #1276 ), #1399, .F. ) ;
#991 = LINE ( 'NONE', #490, #1597 ) ;
#992 = ORIENTED_EDGE ( 'NONE', *, *, #452, .F. ) ;
#993 = CARTESIAN_POINT ( 'NONE',  ( -50.00000000000000000, 4.000000000000003553, 57.00000000000000711 ) ) ;
#994 = CARTESIAN_POINT ( 'NONE',  ( 0.000000000000000000, 152.0000000000000000, 2.000000000000000000 ) ) ;
#995 = AXIS2_PLACEMENT_3D ( 'NONE', #158, #1033, #1291 ) ;
#996 = LINE ( 'NONE', #589, #114 ) ;
#997 = EDGE_LOOP ( 'NONE', ( #882, #29, #150, #123 ) ) ;
#998 = CARTESIAN_POINT ( 'NONE',  ( -52.00000000000000711, 4.000000000000000000, 72.00000000000001421 ) ) ;
#999 = ORIENTED_EDGE ( 'NONE', *, *, #1184, .F. ) ;
#1000 = CARTESIAN_POINT ( 'NONE',  ( -45.00000000000000000, 152.0000000000000000, 72.00000000000000000 ) ) ;
#1001 = DIRECTION ( 'NONE',  ( 0.000000000000000000, 1.000000000000000000, 0.000000000000000000 ) ) ;
#1002 = LINE ( 'NONE', #273, #1072 ) ;
#1003 = VECTOR ( 'NONE', #94, 1000.000000000000000 ) ;
#1004 = EDGE_CURVE ( 'NONE', #1302, #517, #441, .T. ) ;
#1005 = AXIS2_PLACEMENT_3D ( 'NONE', #1163, #50, #25 ) ;
#1006 = CARTESIAN_POINT ( 'NONE',  ( -100.0000000000000000, 2.000000000000000000, 72.00000000000001421 ) ) ;
#1007 = EDGE_CURVE ( 'NONE', #153, #905, #1439, .T. ) ;
#1008 = PRESENTATION_STYLE_ASSIGNMENT (( #1540 ) ) ;
#1009 = EDGE_LOOP ( 'NONE', ( #778, #373, #1090, #788 ) ) ;
#1010 = CARTESIAN_POINT ( 'NONE',  ( -55.00000000000000711, 2.000000000000000000, 72.00000000000000000 ) ) ;
#1011 = DIRECTION ( 'NONE',  ( 1.000000000000000000, 0.000000000000000000, -0.000000000000000000 ) ) ;
#1012 = LINE ( 'NONE', #649, #1335 ) ;
#1013 = DIRECTION ( 'NONE',  ( 1.000000000000000000, 0.000000000000000000, 0.000000000000000000 ) ) ;
#1014 = AXIS2_PLACEMENT_3D ( 'NONE', #201, #449, #938 ) ;
#1015 = EDGE_CURVE ( 'NONE', #648, #1373, #836, .T. ) ;
#1016 = EDGE_CURVE ( 'NONE', #502, #1398, #869, .T. ) ;
#1017 = VERTEX_POINT ( 'NONE', #1341 ) ;
#1018 = CARTESIAN_POINT ( 'NONE',  ( -100.0000000000000000, 152.0000000000000000, 72.00000000000001421 ) ) ;
#1019 = VERTEX_POINT ( 'NONE', #932 ) ;
#1020 = DIRECTION ( 'NONE',  ( 0.000000000000000000, 0.000000000000000000, -1.000000000000000000 ) ) ;
#1021 = LINE ( 'NONE', #16, #1344 ) ;
#1022 = ADVANCED_FACE ( 'NONE', ( #1598 ), #476, .F. ) ;
#1023 = ORIENTED_EDGE ( 'NONE', *, *, #860, .T. ) ;
#1024 = ORIENTED_EDGE ( 'NONE', *, *, #125, .F. ) ;
#1025 = DIRECTION ( 'NONE',  ( 0.000000000000000000, -1.000000000000000000, 0.000000000000000000 ) ) ;
#1026 = PRODUCT_DEFINITION_CONTEXT ( 'detailed design', #1346, 'design' ) ;
#1027 = ORIENTED_EDGE ( 'NONE', *, *, #1479, .T. ) ;
#1028 = CARTESIAN_POINT ( 'NONE',  ( -100.0000000000000000, 152.0000000000000000, 72.00000000000001421 ) ) ;
#1029 = VECTOR ( 'NONE', #361, 1000.000000000000000 ) ;
#1030 = EDGE_CURVE ( 'NONE', #1409, #713, #1272, .T. ) ;
#1031 = CARTESIAN_POINT ( 'NONE',  ( -55.00000000000000711, 152.0000000000000000, 72.00000000000000000 ) ) ;
#1032 = VERTEX_POINT ( 'NONE', #321 ) ;
#1033 = DIRECTION ( 'NONE',  ( 0.000000000000000000, 1.000000000000000000, 0.000000000000000000 ) ) ;
#1034 = ORIENTED_EDGE ( 'NONE', *, *, #272, .T. ) ;
#1035 = AXIS2_PLACEMENT_3D ( 'NONE', #690, #1430, #1056 ) ;
#1036 = FACE_OUTER_BOUND ( 'NONE', #680, .T. ) ;
#1037 = ORIENTED_EDGE ( 'NONE', *, *, #781, .T. ) ;
#1038 = DIRECTION ( 'NONE',  ( -1.000000000000000000, 0.000000000000000000, 0.000000000000000000 ) ) ;
#1039 = EDGE_CURVE ( 'NONE', #1065, #655, #78, .T. ) ;
#1040 = ORIENTED_EDGE ( 'NONE', *, *, #479, .T. ) ;
#1041 = AXIS2_PLACEMENT_3D ( 'NONE', #1059, #729, #1088 ) ;
#1042 = LINE ( 'NONE', #340, #1136 ) ;
#1043 = ORIENTED_EDGE ( 'NONE', *, *, #39, .T. ) ;
#1044 = EDGE_CURVE ( 'NONE', #1486, #762, #230, .T. ) ;
#1045 = ORIENTED_EDGE ( 'NONE', *, *, #507, .F. ) ;
#1046 = EDGE_LOOP ( 'NONE', ( #1435, #1451 ) ) ;
#1047 = FACE_BOUND ( 'NONE', #1412, .T. ) ;
#1048 = VERTEX_POINT ( 'NONE', #821 ) ;
#1049 = EDGE_CURVE ( 'NONE', #188, #1162, #358, .T. ) ;
#1050 = VECTOR ( 'NONE', #732, 1000.000000000000000 ) ;
#1051 = CARTESIAN_POINT ( 'NONE',  ( -51.95000000000000284, 150.0000000000000000, 72.00000000000001421 ) ) ;
#1052 = EDGE_LOOP ( 'NONE', ( #1104, #508, #904, #133 ) ) ;
#1053 = VECTOR ( 'NONE', #440, 1000.000000000000000 ) ;
#1054 = CARTESIAN_POINT ( 'NONE',  ( -45.00000000000000000, 144.0000000000000000, 7.000000000000000000 ) ) ;
#1055 = VERTEX_POINT ( 'NONE', #1068 ) ;
#1056 = DIRECTION ( 'NONE',  ( 1.000000000000000000, 0.000000000000000000, -0.000000000000000000 ) ) ;
#1057 = DIRECTION ( 'NONE',  ( 0.000000000000000000, 1.000000000000000000, -0.000000000000000000 ) ) ;
#1058 = ADVANCED_FACE ( 'NONE', ( #969 ), #451, .F. ) ;
#1059 = CARTESIAN_POINT ( 'NONE',  ( -50.00000000000000000, 150.0000000000000000, 57.00000000000000711 ) ) ;
#1060 = DIRECTION ( 'NONE',  ( 1.000000000000000000, 0.000000000000000000, 0.000000000000000000 ) ) ;
#1061 = ORIENTED_EDGE ( 'NONE', *, *, #1284, .T. ) ;
#1062 = DIRECTION ( 'NONE',  ( -0.000000000000000000, -0.000000000000000000, -1.000000000000000000 ) ) ;
#1063 = ADVANCED_FACE ( 'NONE', ( #1457 ), #1589, .F. ) ;
#1064 = AXIS2_PLACEMENT_3D ( 'NONE', #1584, #315, #1213 ) ;
#1065 = VERTEX_POINT ( 'NONE', #846 ) ;
#1066 = DIRECTION ( 'NONE',  ( -1.000000000000000000, 0.000000000000000000, -0.000000000000000000 ) ) ;
#1067 = LINE ( 'NONE', #318, #1347 ) ;
#1068 = CARTESIAN_POINT ( 'NONE',  ( -45.00000000000000000, 144.0000000000000000, 7.000000000000000000 ) ) ;
#1069 = DIRECTION ( 'NONE',  ( 0.000000000000000000, 0.000000000000000000, 1.000000000000000000 ) ) ;
#1070 = EDGE_CURVE ( 'NONE', #957, #1486, #466, .T. ) ;
#1071 = ORIENTED_EDGE ( 'NONE', *, *, #1216, .F. ) ;
#1072 = VECTOR ( 'NONE', #1381, 1000.000000000000000 ) ;
#1073 = PLANE ( 'NONE',  #569 ) ;
#1074 = ORIENTED_EDGE ( 'NONE', *, *, #472, .F. ) ;
#1075 = CARTESIAN_POINT ( 'NONE',  ( -95.30000000000001137, 148.0000000000000000, 4.050000000000006040 ) ) ;
#1076 = CARTESIAN_POINT ( 'NONE',  ( -100.0000000000000000, 0.000000000000000000, 2.000000000000000000 ) ) ;
#1077 = LINE ( 'NONE', #376, #551 ) ;
#1078 = EDGE_CURVE ( 'NONE', #227, #1310, #1325, .T. ) ;
#1079 = FACE_OUTER_BOUND ( 'NONE', #116, .T. ) ;
#1080 = ORIENTED_EDGE ( 'NONE', *, *, #144, .F. ) ;
#1081 = FACE_OUTER_BOUND ( 'NONE', #170, .T. ) ;
#1082 = CIRCLE ( 'NONE', #1554, 1.950000000000000400 ) ;
#1083 = AXIS2_PLACEMENT_3D ( 'NONE', #596, #221, #710 ) ;
#1084 = EDGE_CURVE ( 'NONE', #1432, #263, #1562, .T. ) ;
#1085 = ORIENTED_EDGE ( 'NONE', *, *, #1116, .F. ) ;
#1086 = FACE_OUTER_BOUND ( 'NONE', #1260, .T. ) ;
#1087 = CARTESIAN_POINT ( 'NONE',  ( -55.00000000000000711, 147.0000000000000000, 10.00000000000000000 ) ) ;
#1088 = DIRECTION ( 'NONE',  ( 1.000000000000000000, 0.000000000000000000, 0.000000000000000000 ) ) ;
#1089 = DIRECTION ( 'NONE',  ( -0.000000000000000000, -0.000000000000000000, 1.000000000000000000 ) ) ;
#1090 = ORIENTED_EDGE ( 'NONE', *, *, #1116, .T. ) ;
#1091 = DIRECTION ( 'NONE',  ( 1.000000000000000000, 0.000000000000000000, 0.000000000000000000 ) ) ;
#1092 = ORIENTED_EDGE ( 'NONE', *, *, #491, .F. ) ;
#1093 = CARTESIAN_POINT ( 'NONE',  ( -48.00000000000000000, 144.0000000000000000, 10.00000000000000000 ) ) ;
#1094 = DIRECTION ( 'NONE',  ( 1.000000000000000000, -0.000000000000000000, 0.000000000000000000 ) ) ;
#1095 = CARTESIAN_POINT ( 'NONE',  ( 0.000000000000000000, 148.0000000000000000, 6.000000000000005329 ) ) ;
#1096 = VECTOR ( 'NONE', #1243, 1000.000000000000000 ) ;
#1097 = EDGE_CURVE ( 'NONE', #1551, #1355, #1193, .T. ) ;
#1098 = STYLED_ITEM ( 'NONE', ( #1008 ), #299 ) ;
#1099 = DIRECTION ( 'NONE',  ( -1.000000000000000000, -0.000000000000000000, -0.000000000000000000 ) ) ;
#1100 = EDGE_LOOP ( 'NONE', ( #455, #1504 ) ) ;
#1101 = LINE ( 'NONE', #1592, #471 ) ;
#1102 = EDGE_CURVE ( 'NONE', #305, #863, #330, .T. ) ;
#1103 = AXIS2_PLACEMENT_3D ( 'NONE', #811, #327, #184 ) ;
#1104 = ORIENTED_EDGE ( 'NONE', *, *, #1508, .F. ) ;
#1105 = LINE ( 'NONE', #858, #1257 ) ;
#1106 = LINE ( 'NONE', #812, #978 ) ;
#1107 = DIRECTION ( 'NONE',  ( -1.000000000000000000, 0.000000000000000000, 0.000000000000000000 ) ) ;
#1108 = DIRECTION ( 'NONE',  ( -0.000000000000000000, -0.000000000000000000, 1.000000000000000000 ) ) ;
#1109 = ORIENTED_EDGE ( 'NONE', *, *, #1044, .F. ) ;
#1110 = CARTESIAN_POINT ( 'NONE',  ( 0.000000000000000000, 0.000000000000000000, 10.00000000000000000 ) ) ;
#1111 = ORIENTED_EDGE ( 'NONE', *, *, #915, .T. ) ;
#1112 = DIRECTION ( 'NONE',  ( -0.000000000000000000, -0.000000000000000000, 1.000000000000000000 ) ) ;
#1113 = CIRCLE ( 'NONE', #612, 3.000000000000000000 ) ;
#1114 = CARTESIAN_POINT ( 'NONE',  ( -48.00000000000000000, 4.000000000000000000, 10.00000000000000178 ) ) ;
#1115 = LINE ( 'NONE', #757, #4 ) ;
#1116 = EDGE_CURVE ( 'NONE', #1384, #1032, #1077, .T. ) ;
#1117 = DIRECTION ( 'NONE',  ( -0.000000000000000000, -1.000000000000000000, -0.000000000000000000 ) ) ;
#1118 = VERTEX_POINT ( 'NONE', #764 ) ;
#1119 = CARTESIAN_POINT ( 'NONE',  ( -45.00000000000000000, 150.0000000000000000, 72.00000000000000000 ) ) ;
#1120 = ORIENTED_EDGE ( 'NONE', *, *, #685, .F. ) ;
#1121 = DIRECTION ( 'NONE',  ( 0.000000000000000000, 0.000000000000000000, 1.000000000000000000 ) ) ;
#1122 = CARTESIAN_POINT ( 'NONE',  ( -95.29999999999998295, 2.000000000000000000, 10.00000000000000000 ) ) ;
#1123 = DIRECTION ( 'NONE',  ( -0.000000000000000000, 0.000000000000000000, -1.000000000000000000 ) ) ;
#1124 = PRODUCT_DEFINITION_FORMATION_WITH_SPECIFIED_SOURCE ( 'ANY', '', #1573, .NOT_KNOWN. ) ;
#1125 = DIRECTION ( 'NONE',  ( 0.000000000000000000, 1.000000000000000000, 0.000000000000000000 ) ) ;
#1126 = EDGE_LOOP ( 'NONE', ( #480, #83, #600, #489, #657, #233, #1111, #925, #19, #818 ) ) ;
#1127 = CARTESIAN_POINT ( 'NONE',  ( -44.99999999999998579, 10.00000000000000000, 8.757359312880716118 ) ) ;
#1128 = ORIENTED_EDGE ( 'NONE', *, *, #308, .F. ) ;
#1129 = CARTESIAN_POINT ( 'NONE',  ( -51.99999999999999289, -5.385410194077252087E-15, 7.000000000000000000 ) ) ;
#1130 = FACE_OUTER_BOUND ( 'NONE', #1288, .T. ) ;
#1131 = VECTOR ( 'NONE', #1175, 1000.000000000000000 ) ;
#1132 = DIRECTION ( 'NONE',  ( 0.000000000000000000, 0.000000000000000000, -1.000000000000000000 ) ) ;
#1133 = LINE ( 'NONE', #532, #896 ) ;
#1134 = ORIENTED_EDGE ( 'NONE', *, *, #204, .T. ) ;
#1135 = CARTESIAN_POINT ( 'NONE',  ( -95.29999999999999716, 7.000000000000000000, 10.00000000000000000 ) ) ;
#1136 = VECTOR ( 'NONE', #829, 1000.000000000000000 ) ;
#1137 = FACE_BOUND ( 'NONE', #674, .T. ) ;
#1138 = VECTOR ( 'NONE', #1500, 1000.000000000000000 ) ;
#1139 = ADVANCED_FACE ( 'NONE', ( #1137, #868 ), #393, .F. ) ;
#1140 = DIRECTION ( 'NONE',  ( -0.000000000000000000, 0.000000000000000000, 1.000000000000000000 ) ) ;
#1141 = ORIENTED_EDGE ( 'NONE', *, *, #1004, .T. ) ;
#1142 = CARTESIAN_POINT ( 'NONE',  ( 0.000000000000000000, 0.000000000000000000, 72.00000000000001421 ) ) ;
#1143 = EDGE_LOOP ( 'NONE', ( #1534, #1321, #81, #1043 ) ) ;
#1144 = FACE_OUTER_BOUND ( 'NONE', #928, .T. ) ;
#1145 = PLANE ( 'NONE',  #637 ) ;
#1146 = CIRCLE ( 'NONE', #1281, 3.000000000000002665 ) ;
#1147 = AXIS2_PLACEMENT_3D ( 'NONE', #1305, #464, #1066 ) ;
#1148 = CARTESIAN_POINT ( 'NONE',  ( -100.0000000000000000, 152.0000000000000000, 72.00000000000001421 ) ) ;
#1149 = ORIENTED_EDGE ( 'NONE', *, *, #1324, .F. ) ;
#1150 = DIRECTION ( 'NONE',  ( 0.000000000000000000, 0.000000000000000000, 1.000000000000000000 ) ) ;
#1151 = AXIS2_PLACEMENT_3D ( 'NONE', #878, #1011, #1123 ) ;
#1152 = ORIENTED_EDGE ( 'NONE', *, *, #1044, .T. ) ;
#1153 = CARTESIAN_POINT ( 'NONE',  ( -4.699999999999981526, 7.000000000000000000, 10.00000000000000000 ) ) ;
#1154 = EDGE_CURVE ( 'NONE', #1420, #153, #1497, .T. ) ;
#1155 = DIRECTION ( 'NONE',  ( 0.000000000000000000, -0.000000000000000000, -1.000000000000000000 ) ) ;
#1156 = ORIENTED_EDGE ( 'NONE', *, *, #544, .T. ) ;
#1157 = CARTESIAN_POINT ( 'NONE',  ( 0.000000000000000000, 2.000000000000000000, 72.00000000000001421 ) ) ;
#1158 = AXIS2_PLACEMENT_3D ( 'NONE', #827, #584, #328 ) ;
#1159 = ORIENTED_EDGE ( 'NONE', *, *, #1078, .F. ) ;
#1160 = VECTOR ( 'NONE', #1013, 1000.000000000000000 ) ;
#1161 = CIRCLE ( 'NONE', #1423, 1.950000000000001288 ) ;
#1162 = VERTEX_POINT ( 'NONE', #630 ) ;
#1163 = CARTESIAN_POINT ( 'NONE',  ( -48.00000000000000000, 150.0000000000000000, 10.00000000000000178 ) ) ;
#1164 = EDGE_CURVE ( 'NONE', #1384, #695, #1002, .T. ) ;
#1165 = APPLICATION_PROTOCOL_DEFINITION ( 'draft international standard', 'automotive_design', 1998, #624 ) ;
#1166 = ORIENTED_EDGE ( 'NONE', *, *, #770, .F. ) ;
#1167 = DIRECTION ( 'NONE',  ( 0.000000000000000000, -0.000000000000000000, 1.000000000000000000 ) ) ;
#1168 = EDGE_LOOP ( 'NONE', ( #552, #209, #225, #590, #529, #281 ) ) ;
#1169 = DIRECTION ( 'NONE',  ( 1.000000000000000000, 0.000000000000000000, -0.000000000000000000 ) ) ;
#1170 = EDGE_LOOP ( 'NONE', ( #531, #1481, #579, #689 ) ) ;
#1171 = EDGE_LOOP ( 'NONE', ( #448, #1476, #922, #1498, #165 ) ) ;
#1172 = VECTOR ( 'NONE', #743, 1000.000000000000000 ) ;
#1173 = ORIENTED_EDGE ( 'NONE', *, *, #501, .F. ) ;
#1174 = ADVANCED_FACE ( 'NONE', ( #400 ), #885, .T. ) ;
#1175 = DIRECTION ( 'NONE',  ( 1.000000000000000000, -0.000000000000000000, -0.000000000000000000 ) ) ;
#1176 = VERTEX_POINT ( 'NONE', #979 ) ;
#1177 = AXIS2_PLACEMENT_3D ( 'NONE', #240, #739, #1237 ) ;
#1178 = LINE ( 'NONE', #70, #61 ) ;
#1179 = ORIENTED_EDGE ( 'NONE', *, *, #1453, .T. ) ;
#1180 = DIRECTION ( 'NONE',  ( -0.000000000000000000, -0.000000000000000000, -1.000000000000000000 ) ) ;
#1181 = VERTEX_POINT ( 'NONE', #9 ) ;
#1182 = CARTESIAN_POINT ( 'NONE',  ( -4.699999999999981526, 6.000000000000157208, 6.000000000000000000 ) ) ;
#1183 = FACE_OUTER_BOUND ( 'NONE', #1406, .T. ) ;
#1184 = EDGE_CURVE ( 'NONE', #421, #332, #1484, .T. ) ;
#1185 = EDGE_CURVE ( 'NONE', #1187, #188, #1366, .T. ) ;
#1186 = VECTOR ( 'NONE', #349, 1000.000000000000000 ) ;
#1187 = VERTEX_POINT ( 'NONE', #1361 ) ;
#1188 = VECTOR ( 'NONE', #1001, 1000.000000000000000 ) ;
#1189 = CARTESIAN_POINT ( 'NONE',  ( -55.00000000000000711, 2.000000000000000000, 72.00000000000000000 ) ) ;
#1190 = ORIENTED_EDGE ( 'NONE', *, *, #436, .F. ) ;
#1191 = PLANE ( 'NONE',  #399 ) ;
#1192 = CARTESIAN_POINT ( 'NONE',  ( -95.30000000000001137, 152.0000000000000000, 10.00000000000000000 ) ) ;
#1193 = LINE ( 'NONE', #1568, #242 ) ;
#1194 = EDGE_CURVE ( 'NONE', #559, #126, #258, .T. ) ;
#1195 = FACE_OUTER_BOUND ( 'NONE', #423, .T. ) ;
#1196 = AXIS2_PLACEMENT_3D ( 'NONE', #1259, #1232, #3 ) ;
#1197 = VECTOR ( 'NONE', #866, 1000.000000000000000 ) ;
#1198 = ORIENTED_EDGE ( 'NONE', *, *, #792, .T. ) ;
#1199 = DIRECTION ( 'NONE',  ( 0.000000000000000000, 1.000000000000000000, 0.000000000000000000 ) ) ;
#1200 = LINE ( 'NONE', #1076, #918 ) ;
#1201 = EDGE_CURVE ( 'NONE', #277, #1176, #348, .T. ) ;
#1202 = DIRECTION ( 'NONE',  ( -1.000000000000000000, -1.734723475976807292E-15, -0.000000000000000000 ) ) ;
#1203 = CARTESIAN_POINT ( 'NONE',  ( 0.000000000000000000, 2.000000000000000000, 2.000000000000000000 ) ) ;
#1204 = ORIENTED_EDGE ( 'NONE', *, *, #571, .T. ) ;
#1205 = VECTOR ( 'NONE', #143, 1000.000000000000000 ) ;
#1206 = DIRECTION ( 'NONE',  ( -1.000000000000000000, 0.000000000000000000, -0.000000000000000000 ) ) ;
#1207 = VERTEX_POINT ( 'NONE', #120 ) ;
#1208 = DIRECTION ( 'NONE',  ( 0.000000000000000000, 0.000000000000000000, -1.000000000000000000 ) ) ;
#1209 = DIRECTION ( 'NONE',  ( 1.000000000000000000, 0.000000000000000000, 0.000000000000000000 ) ) ;
#1210 = DIRECTION ( 'NONE',  ( 1.734723475976796642E-15, -1.000000000000000000, 0.000000000000000000 ) ) ;
#1211 = CARTESIAN_POINT ( 'NONE',  ( -95.29999999999999716, 7.000000000000000000, 7.000000000000000000 ) ) ;
#1212 = ORIENTED_EDGE ( 'NONE', *, *, #595, .T. ) ;
#1213 = DIRECTION ( 'NONE',  ( 0.000000000000000000, -0.000000000000000000, -1.000000000000000000 ) ) ;
#1214 = AXIS2_PLACEMENT_3D ( 'NONE', #567, #1567, #820 ) ;
#1215 = AXIS2_PLACEMENT_3D ( 'NONE', #550, #268, #1155 ) ;
#1216 = EDGE_CURVE ( 'NONE', #1489, #1418, #1115, .T. ) ;
#1217 = ORIENTED_EDGE ( 'NONE', *, *, #871, .F. ) ;
#1218 = DIRECTION ( 'NONE',  ( -1.000000000000000000, 0.000000000000000000, -0.000000000000000000 ) ) ;
#1219 = CARTESIAN_POINT ( 'NONE',  ( -95.30000000000001137, 148.0000000000000000, 7.950000000000005507 ) ) ;
#1220 = DIRECTION ( 'NONE',  ( -0.000000000000000000, -0.000000000000000000, -1.000000000000000000 ) ) ;
#1221 = EDGE_CURVE ( 'NONE', #245, #665, #54, .T. ) ;
#1222 = LINE ( 'NONE', #1230, #386 ) ;
#1223 = ORIENTED_EDGE ( 'NONE', *, *, #533, .T. ) ;
#1224 = CARTESIAN_POINT ( 'NONE',  ( -52.00000000000000711, 147.0000000000000000, 72.00000000000000000 ) ) ;
#1225 = EDGE_LOOP ( 'NONE', ( #1463, #733, #310, #1223, #1401, #1422 ) ) ;
#1226 = DIRECTION ( 'NONE',  ( -1.035655806553317946E-16, 1.000000000000000000, 0.000000000000000000 ) ) ;
#1227 = LINE ( 'NONE', #1473, #1053 ) ;
#1228 = EDGE_CURVE ( 'NONE', #1521, #227, #861, .T. ) ;
#1229 = CARTESIAN_POINT ( 'NONE',  ( 0.000000000000000000, 0.000000000000000000, 2.000000000000000000 ) ) ;
#1230 = CARTESIAN_POINT ( 'NONE',  ( -55.00000000000000711, 2.000000000000000000, 72.00000000000000000 ) ) ;
#1231 = ORIENTED_EDGE ( 'NONE', *, *, #1382, .F. ) ;
#1232 = DIRECTION ( 'NONE',  ( -0.000000000000000000, 0.000000000000000000, 1.000000000000000000 ) ) ;
#1233 = ORIENTED_EDGE ( 'NONE', *, *, #11, .F. ) ;
#1234 = EDGE_CURVE ( 'NONE', #695, #726, #286, .T. ) ;
#1235 = DIRECTION ( 'NONE',  ( 0.000000000000000000, 1.000000000000000000, 0.000000000000000000 ) ) ;
#1236 = LINE ( 'NONE', #110, #387 ) ;
#1237 = DIRECTION ( 'NONE',  ( 0.000000000000000000, 0.000000000000000000, 1.000000000000000000 ) ) ;
#1238 = CARTESIAN_POINT ( 'NONE',  ( -52.00000000000000711, 7.000000000000000000, 72.00000000000000000 ) ) ;
#1239 = EDGE_CURVE ( 'NONE', #790, #1542, #526, .T. ) ;
#1240 = EDGE_LOOP ( 'NONE', ( #1275, #1204, #1134, #1611 ) ) ;
#1241 = CARTESIAN_POINT ( 'NONE',  ( -48.00000000000000000, 7.000000000000000000, 72.00000000000000000 ) ) ;
#1242 = ORIENTED_EDGE ( 'NONE', *, *, #1527, .F. ) ;
#1243 = DIRECTION ( 'NONE',  ( -1.035655806553317946E-16, 1.000000000000000000, -0.000000000000000000 ) ) ;
#1244 = AXIS2_PLACEMENT_3D ( 'NONE', #614, #1140, #1273 ) ;
#1245 = CARTESIAN_POINT ( 'NONE',  ( 0.000000000000000000, 154.0000000000000000, 2.000000000000000000 ) ) ;
#1246 = VECTOR ( 'NONE', #1254, 1000.000000000000000 ) ;
#1247 = DIRECTION ( 'NONE',  ( -0.000000000000000000, -0.000000000000000000, -1.000000000000000000 ) ) ;
#1248 = EDGE_CURVE ( 'NONE', #1576, #617, #303, .T. ) ;
#1249 = CARTESIAN_POINT ( 'NONE',  ( 0.000000000000000000, 2.000000000000000000, 72.00000000000001421 ) ) ;
#1250 = EDGE_LOOP ( 'NONE', ( #445, #1074, #893, #1407 ) ) ;
#1251 = CARTESIAN_POINT ( 'NONE',  ( -4.699999999999981526, 10.00000000000000000, 7.000000000000000000 ) ) ;
#1252 = ORIENTED_EDGE ( 'NONE', *, *, #1263, .T. ) ;
#1253 = CARTESIAN_POINT ( 'NONE',  ( -95.29999999999999716, 5.999999999999999112, 6.000000000000000000 ) ) ;
#1254 = DIRECTION ( 'NONE',  ( -0.000000000000000000, -0.000000000000000000, -1.000000000000000000 ) ) ;
#1255 = DIRECTION ( 'NONE',  ( 1.000000000000000000, -0.000000000000000000, -0.000000000000000000 ) ) ;
#1256 = ADVANCED_FACE ( 'NONE', ( #538 ), #294, .F. ) ;
#1257 = VECTOR ( 'NONE', #727, 1000.000000000000000 ) ;
#1258 = LINE ( 'NONE', #30, #1378 ) ;
#1259 = CARTESIAN_POINT ( 'NONE',  ( 0.000000000000000000, 0.000000000000000000, 10.00000000000000000 ) ) ;
#1260 = EDGE_LOOP ( 'NONE', ( #207, #431, #1617, #1350, #825, #684, #426, #1364, #1023, #804 ) ) ;
#1261 = DIRECTION ( 'NONE',  ( 1.000000000000000000, 0.000000000000000000, 0.000000000000000000 ) ) ;
#1262 = CARTESIAN_POINT ( 'NONE',  ( -45.00000000000000000, 144.0000000000000000, 7.000000000000000000 ) ) ;
#1263 = EDGE_CURVE ( 'NONE', #754, #98, #412, .T. ) ;
#1264 = VECTOR ( 'NONE', #401, 1000.000000000000000 ) ;
#1265 = DIRECTION ( 'NONE',  ( -1.000000000000000000, 0.000000000000000000, -0.000000000000000000 ) ) ;
#1266 = CARTESIAN_POINT ( 'NONE',  ( -44.99999999999998579, 10.00000000000000000, 7.000000000000000000 ) ) ;
#1267 = ORIENTED_EDGE ( 'NONE', *, *, #1488, .T. ) ;
#1268 = DIRECTION ( 'NONE',  ( -0.000000000000000000, -0.000000000000000000, -1.000000000000000000 ) ) ;
#1269 = AXIS2_PLACEMENT_3D ( 'NONE', #185, #682, #414 ) ;
#1270 = CARTESIAN_POINT ( 'NONE',  ( -52.00000000000000711, 4.000000000000000000, 72.00000000000000000 ) ) ;
#1271 = FACE_OUTER_BOUND ( 'NONE', #1168, .T. ) ;
#1272 = CIRCLE ( 'NONE', #1478, 1.950000000000000400 ) ;
#1273 = DIRECTION ( 'NONE',  ( 1.000000000000000000, 0.000000000000000000, 0.000000000000000000 ) ) ;
#1274 = ADVANCED_FACE ( 'NONE', ( #1144 ), #1286, .F. ) ;
#1275 = ORIENTED_EDGE ( 'NONE', *, *, #1588, .F. ) ;
#1276 = FACE_OUTER_BOUND ( 'NONE', #542, .T. ) ;
#1277 = ORIENTED_EDGE ( 'NONE', *, *, #485, .F. ) ;
#1278 = FACE_OUTER_BOUND ( 'NONE', #1250, .T. ) ;
#1279 = ORIENTED_EDGE ( 'NONE', *, *, #906, .F. ) ;
#1280 = FACE_OUTER_BOUND ( 'NONE', #850, .T. ) ;
#1281 = AXIS2_PLACEMENT_3D ( 'NONE', #1612, #509, #363 ) ;
#1282 =( NAMED_UNIT ( * ) PLANE_ANGLE_UNIT ( ) SI_UNIT ( $, .RADIAN. ) );
#1283 = DIRECTION ( 'NONE',  ( 0.000000000000000000, 1.000000000000000000, 0.000000000000000000 ) ) ;
#1284 = EDGE_CURVE ( 'NONE', #421, #305, #656, .T. ) ;
#1285 = EDGE_LOOP ( 'NONE', ( #58, #663 ) ) ;
#1286 = PLANE ( 'NONE',  #995 ) ;
#1287 = ORIENTED_EDGE ( 'NONE', *, *, #467, .F. ) ;
#1288 = EDGE_LOOP ( 'NONE', ( #1279, #75, #434, #316, #841 ) ) ;
#1289 = SHAPE_DEFINITION_REPRESENTATION ( #1326, #711 ) ;
#1290 = ORIENTED_EDGE ( 'NONE', *, *, #613, .F. ) ;
#1291 = DIRECTION ( 'NONE',  ( 0.000000000000000000, -0.000000000000000000, 1.000000000000000000 ) ) ;
#1292 = ORIENTED_EDGE ( 'NONE', *, *, #892, .T. ) ;
#1293 = VECTOR ( 'NONE', #368, 1000.000000000000000 ) ;
#1294 = CIRCLE ( 'NONE', #515, 3.000000000000002665 ) ;
#1295 = VECTOR ( 'NONE', #181, 1000.000000000000000 ) ;
#1296 = EDGE_CURVE ( 'NONE', #833, #1553, #767, .T. ) ;
#1297 = DIRECTION ( 'NONE',  ( 0.000000000000000000, -0.000000000000000000, 1.000000000000000000 ) ) ;
#1298 = EDGE_LOOP ( 'NONE', ( #912, #1544, #983, #1510 ) ) ;
#1299 = FACE_BOUND ( 'NONE', #1563, .T. ) ;
#1300 = ORIENTED_EDGE ( 'NONE', *, *, #1070, .T. ) ;
#1301 = CARTESIAN_POINT ( 'NONE',  ( -48.00000000000000000, 4.000000000000000000, 72.00000000000000000 ) ) ;
#1302 = VERTEX_POINT ( 'NONE', #1537 ) ;
#1303 = CARTESIAN_POINT ( 'NONE',  ( -4.699999999999981526, 10.00000000000000000, 2.000000000000000000 ) ) ;
#1304 = ORIENTED_EDGE ( 'NONE', *, *, #1030, .F. ) ;
#1305 = CARTESIAN_POINT ( 'NONE',  ( 0.000000000000000000, 0.000000000000000000, 0.000000000000000000 ) ) ;
#1306 = LINE ( 'NONE', #645, #557 ) ;
#1307 = EDGE_CURVE ( 'NONE', #1521, #390, #1012, .T. ) ;
#1308 = ADVANCED_FACE ( 'NONE', ( #1299, #1514 ), #174, .F. ) ;
#1309 = CARTESIAN_POINT ( 'NONE',  ( 0.000000000000000000, 152.0000000000000000, 72.00000000000001421 ) ) ;
#1310 = VERTEX_POINT ( 'NONE', #907 ) ;
#1311 = LINE ( 'NONE', #324, #588 ) ;
#1312 = EDGE_CURVE ( 'NONE', #1432, #92, #1408, .T. ) ;
#1313 = ORIENTED_EDGE ( 'NONE', *, *, #1535, .T. ) ;
#1314 = CARTESIAN_POINT ( 'NONE',  ( -45.00000000000000000, 152.0000000000000000, 10.00000000000000000 ) ) ;
#1315 = DIRECTION ( 'NONE',  ( 1.000000000000000000, 0.000000000000000000, 0.000000000000000000 ) ) ;
#1316 = DIRECTION ( 'NONE',  ( -1.000000000000000000, -1.734723475976807292E-15, -0.000000000000000000 ) ) ;
#1317 = VECTOR ( 'NONE', #468, 1000.000000000000000 ) ;
#1318 = FACE_OUTER_BOUND ( 'NONE', #1046, .T. ) ;
#1319 = ORIENTED_EDGE ( 'NONE', *, *, #1102, .T. ) ;
#1320 = LINE ( 'NONE', #462, #870 ) ;
#1321 = ORIENTED_EDGE ( 'NONE', *, *, #415, .F. ) ;
#1322 = CARTESIAN_POINT ( 'NONE',  ( -44.99999999999998579, 7.000000000000000000, 10.00000000000000000 ) ) ;
#1323 = CARTESIAN_POINT ( 'NONE',  ( -4.699999999999995737, 152.0000000000000000, 10.00000000000000178 ) ) ;
#1324 = EDGE_CURVE ( 'NONE', #1207, #49, #28, .T. ) ;
#1325 = LINE ( 'NONE', #960, #832 ) ;
#1326 = PRODUCT_DEFINITION_SHAPE ( 'NONE', 'NONE',  #1438 ) ;
#1327 = CARTESIAN_POINT ( 'NONE',  ( -55.00000000000000711, 4.000000000000000000, 72.00000000000000000 ) ) ;
#1328 = ORIENTED_EDGE ( 'NONE', *, *, #921, .F. ) ;
#1329 = CARTESIAN_POINT ( 'NONE',  ( -48.00000000000000000, 7.000000000000000000, 10.00000000000000000 ) ) ;
#1330 = DIRECTION ( 'NONE',  ( -1.035655806553317946E-16, 1.000000000000000000, 0.000000000000000000 ) ) ;
#1331 = DIRECTION ( 'NONE',  ( 1.734723475976796642E-15, -1.000000000000000000, 0.000000000000000000 ) ) ;
#1332 = LINE ( 'NONE', #1485, #276 ) ;
#1333 = ADVANCED_FACE ( 'NONE', ( #1271 ), #644, .F. ) ;
#1334 = ORIENTED_EDGE ( 'NONE', *, *, #770, .T. ) ;
#1335 = VECTOR ( 'NONE', #545, 1000.000000000000000 ) ;
#1336 = PLANE ( 'NONE',  #89 ) ;
#1337 = ORIENTED_EDGE ( 'NONE', *, *, #1312, .F. ) ;
#1338 = DIRECTION ( 'NONE',  ( 0.000000000000000000, 0.000000000000000000, -1.000000000000000000 ) ) ;
#1339 = CARTESIAN_POINT ( 'NONE',  ( -95.30000000000001137, 144.0000000000000000, 7.000000000000000000 ) ) ;
#1340 = EDGE_CURVE ( 'NONE', #963, #1384, #520, .T. ) ;
#1341 = CARTESIAN_POINT ( 'NONE',  ( -45.00000000000000000, 2.000000000000000000, 10.00000000000000000 ) ) ;
#1342 = LINE ( 'NONE', #862, #1580 ) ;
#1343 = ORIENTED_EDGE ( 'NONE', *, *, #595, .F. ) ;
#1344 = VECTOR ( 'NONE', #521, 1000.000000000000000 ) ;
#1345 = CARTESIAN_POINT ( 'NONE',  ( -50.00000000000000000, 4.000000000000003553, 57.00000000000000711 ) ) ;
#1346 = APPLICATION_CONTEXT ( 'automotive_design' ) ;
#1347 = VECTOR ( 'NONE', #229, 1000.000000000000000 ) ;
#1348 = ADVANCED_FACE ( 'NONE', ( #425 ), #274, .T. ) ;
#1349 = VECTOR ( 'NONE', #1206, 1000.000000000000000 ) ;
#1350 = ORIENTED_EDGE ( 'NONE', *, *, #177, .T. ) ;
#1351 = DIRECTION ( 'NONE',  ( 0.000000000000000000, -1.000000000000000000, 0.000000000000000000 ) ) ;
#1352 = PLANE ( 'NONE',  #1158 ) ;
#1353 = DIRECTION ( 'NONE',  ( -1.000000000000000000, -1.734723475976807292E-15, -0.000000000000000000 ) ) ;
#1354 = CARTESIAN_POINT ( 'NONE',  ( 0.000000000000000000, 0.000000000000000000, 2.000000000000000000 ) ) ;
#1355 = VERTEX_POINT ( 'NONE', #406 ) ;
#1356 = DIRECTION ( 'NONE',  ( -0.000000000000000000, -0.000000000000000000, -1.000000000000000000 ) ) ;
#1357 = ORIENTED_EDGE ( 'NONE', *, *, #420, .F. ) ;
#1358 = LINE ( 'NONE', #1093, #1096 ) ;
#1359 = CARTESIAN_POINT ( 'NONE',  ( 0.000000000000000000, 0.000000000000000000, 10.00000000000000000 ) ) ;
#1360 = AXIS2_PLACEMENT_3D ( 'NONE', #1345, #874, #226 ) ;
#1361 = CARTESIAN_POINT ( 'NONE',  ( -48.00000000000000000, 147.0000000000000000, 72.00000000000000000 ) ) ;
#1362 = EDGE_CURVE ( 'NONE', #353, #855, #894, .T. ) ;
#1363 = FACE_OUTER_BOUND ( 'NONE', #795, .T. ) ;
#1364 = ORIENTED_EDGE ( 'NONE', *, *, #231, .T. ) ;
#1365 = DIRECTION ( 'NONE',  ( -0.000000000000000000, 0.000000000000000000, 1.000000000000000000 ) ) ;
#1366 = CIRCLE ( 'NONE', #573, 3.000000000000002665 ) ;
#1367 = ORIENTED_EDGE ( 'NONE', *, *, #507, .T. ) ;
#1368 = CARTESIAN_POINT ( 'NONE',  ( -51.95000000000000284, 4.000000000000003553, 72.00000000000001421 ) ) ;
#1369 = LINE ( 'NONE', #248, #688 ) ;
#1370 = ADVANCED_FACE ( 'NONE', ( #1278 ), #1530, .T. ) ;
#1371 = CARTESIAN_POINT ( 'NONE',  ( -4.699999999999981526, 7.000000000000000000, 7.000000000000000000 ) ) ;
#1372 = LINE ( 'NONE', #1616, #163 ) ;
#1373 = VERTEX_POINT ( 'NONE', #805 ) ;
#1374 = CARTESIAN_POINT ( 'NONE',  ( -48.05000000000000426, 150.0000000000000000, 57.00000000000000711 ) ) ;
#1375 = ADVANCED_FACE ( 'NONE', ( #432 ), #336, .F. ) ;
#1376 = ORIENTED_EDGE ( 'NONE', *, *, #96, .F. ) ;
#1377 = LINE ( 'NONE', #593, #206 ) ;
#1378 = VECTOR ( 'NONE', #631, 1000.000000000000000 ) ;
#1379 = DIRECTION ( 'NONE',  ( -0.000000000000000000, -0.000000000000000000, -1.000000000000000000 ) ) ;
#1380 = VECTOR ( 'NONE', #460, 1000.000000000000000 ) ;
#1381 = DIRECTION ( 'NONE',  ( -1.035655806553317946E-16, 1.000000000000000000, -0.000000000000000000 ) ) ;
#1382 = EDGE_CURVE ( 'NONE', #665, #1429, #210, .T. ) ;
#1383 = LINE ( 'NONE', #636, #1160 ) ;
#1384 = VERTEX_POINT ( 'NONE', #219 ) ;
#1385 = FACE_OUTER_BOUND ( 'NONE', #342, .T. ) ;
#1386 = ORIENTED_EDGE ( 'NONE', *, *, #1102, .F. ) ;
#1387 = CARTESIAN_POINT ( 'NONE',  ( -54.99999999999999289, 10.00000000000000000, 8.757359312880716118 ) ) ;
#1388 = LINE ( 'NONE', #769, #1138 ) ;
#1389 = CARTESIAN_POINT ( 'NONE',  ( -55.00000000000000711, 152.0000000000000000, 72.00000000000000000 ) ) ;
#1390 = DIRECTION ( 'NONE',  ( -0.000000000000000000, -1.000000000000000000, -0.000000000000000000 ) ) ;
#1391 = EDGE_CURVE ( 'NONE', #899, #1302, #1539, .T. ) ;
#1392 = ORIENTED_EDGE ( 'NONE', *, *, #1391, .T. ) ;
#1393 = PLANE ( 'NONE',  #845 ) ;
#1394 = VECTOR ( 'NONE', #900, 1000.000000000000000 ) ;
#1395 = DIRECTION ( 'NONE',  ( 0.000000000000000000, 1.000000000000000000, 0.000000000000000000 ) ) ;
#1396 = EDGE_CURVE ( 'NONE', #754, #1019, #1436, .T. ) ;
#1397 = CYLINDRICAL_SURFACE ( 'NONE', #458, 1.950000000000000400 ) ;
#1398 = VERTEX_POINT ( 'NONE', #345 ) ;
#1399 = CYLINDRICAL_SURFACE ( 'NONE', #35, 1.950000000000000400 ) ;
#1400 = VECTOR ( 'NONE', #1390, 1000.000000000000000 ) ;
#1401 = ORIENTED_EDGE ( 'NONE', *, *, #1396, .F. ) ;
#1402 = CARTESIAN_POINT ( 'NONE',  ( 0.000000000000000000, 152.0000000000000000, 72.00000000000001421 ) ) ;
#1403 = AXIS2_PLACEMENT_3D ( 'NONE', #629, #763, #398 ) ;
#1404 = FACE_OUTER_BOUND ( 'NONE', #798, .T. ) ;
#1405 = ADVANCED_FACE ( 'NONE', ( #681 ), #923, .T. ) ;
#1406 = EDGE_LOOP ( 'NONE', ( #492, #539, #179, #704 ) ) ;
#1407 = ORIENTED_EDGE ( 'NONE', *, *, #1517, .F. ) ;
#1408 = LINE ( 'NONE', #1414, #909 ) ;
#1409 = VERTEX_POINT ( 'NONE', #1075 ) ;
#1410 = CARTESIAN_POINT ( 'NONE',  ( -95.29999999999999716, 10.00000000000000000, 2.000000000000000000 ) ) ;
#1411 = VECTOR ( 'NONE', #1351, 1000.000000000000000 ) ;
#1412 = EDGE_LOOP ( 'NONE', ( #1591, #1242 ) ) ;
#1413 = ORIENTED_EDGE ( 'NONE', *, *, #1488, .F. ) ;
#1414 = CARTESIAN_POINT ( 'NONE',  ( -95.29999999999998295, 2.000000000000000000, 10.00000000000000000 ) ) ;
#1415 = VECTOR ( 'NONE', #1466, 1000.000000000000000 ) ;
#1416 = ORIENTED_EDGE ( 'NONE', *, *, #906, .T. ) ;
#1417 = ORIENTED_EDGE ( 'NONE', *, *, #807, .F. ) ;
#1418 = VERTEX_POINT ( 'NONE', #1314 ) ;
#1419 = ADVANCED_FACE ( 'NONE', ( #311 ), #929, .T. ) ;
#1420 = VERTEX_POINT ( 'NONE', #59 ) ;
#1421 = CARTESIAN_POINT ( 'NONE',  ( -95.30000000000001137, 144.0000000000000000, 2.000000000000000000 ) ) ;
#1422 = ORIENTED_EDGE ( 'NONE', *, *, #765, .F. ) ;
#1423 = AXIS2_PLACEMENT_3D ( 'NONE', #634, #1520, #279 ) ;
#1424 = AXIS2_PLACEMENT_3D ( 'NONE', #1031, #290, #661 ) ;
#1425 = DIRECTION ( 'NONE',  ( 1.000000000000000000, 0.000000000000000000, 0.000000000000000000 ) ) ;
#1426 = ORIENTED_EDGE ( 'NONE', *, *, #1234, .F. ) ;
#1427 = LINE ( 'NONE', #1189, #986 ) ;
#1428 = ADVANCED_FACE ( 'NONE', ( #717 ), #1191, .F. ) ;
#1429 = VERTEX_POINT ( 'NONE', #1329 ) ;
#1430 = DIRECTION ( 'NONE',  ( 0.000000000000000000, 0.000000000000000000, 1.000000000000000000 ) ) ;
#1431 = DIRECTION ( 'NONE',  ( 0.000000000000000000, 0.000000000000000000, 1.000000000000000000 ) ) ;
#1432 = VERTEX_POINT ( 'NONE', #52 ) ;
#1433 = AXIS2_PLACEMENT_3D ( 'NONE', #834, #1338, #1577 ) ;
#1434 = DIRECTION ( 'NONE',  ( 0.000000000000000000, -1.000000000000000000, 0.000000000000000000 ) ) ;
#1435 = ORIENTED_EDGE ( 'NONE', *, *, #415, .T. ) ;
#1436 = LINE ( 'NONE', #192, #100 ) ;
#1437 = DIRECTION ( 'NONE',  ( 1.000000000000000000, 1.035655806553317946E-16, -0.000000000000000000 ) ) ;
#1438 = PRODUCT_DEFINITION ( 'UNKNOWN', '', #1124, #1026 ) ;
#1439 = LINE ( 'NONE', #701, #1581 ) ;
#1440 = CARTESIAN_POINT ( 'NONE',  ( -53.75735931288069480, 145.2426406871192910, 10.00000000000000000 ) ) ;
#1441 = ORIENTED_EDGE ( 'NONE', *, *, #296, .F. ) ;
#1442 = FACE_OUTER_BOUND ( 'NONE', #510, .T. ) ;
#1443 = ADVANCED_FACE ( 'NONE', ( #439, #1086 ), #317, .F. ) ;
#1444 = VERTEX_POINT ( 'NONE', #553 ) ;
#1445 = FACE_OUTER_BOUND ( 'NONE', #1240, .T. ) ;
#1446 = DIRECTION ( 'NONE',  ( 0.000000000000000000, 0.000000000000000000, -1.000000000000000000 ) ) ;
#1447 = AXIS2_PLACEMENT_3D ( 'NONE', #1571, #578, #1060 ) ;
#1448 = DIRECTION ( 'NONE',  ( 1.000000000000000000, 0.000000000000000000, 0.000000000000000000 ) ) ;
#1449 = VECTOR ( 'NONE', #97, 1000.000000000000000 ) ;
#1450 = VECTOR ( 'NONE', #877, 1000.000000000000000 ) ;
#1451 = ORIENTED_EDGE ( 'NONE', *, *, #1228, .T. ) ;
#1452 = CYLINDRICAL_SURFACE ( 'NONE', #71, 3.000000000000002665 ) ;
#1453 = EDGE_CURVE ( 'NONE', #1176, #277, #987, .T. ) ;
#1454 = VERTEX_POINT ( 'NONE', #583 ) ;
#1455 = PLANE ( 'NONE',  #312 ) ;
#1456 = FACE_OUTER_BOUND ( 'NONE', #1469, .T. ) ;
#1457 = FACE_OUTER_BOUND ( 'NONE', #1143, .T. ) ;
#1458 = ADVANCED_FACE ( 'NONE', ( #1047, #566 ), #1566, .F. ) ;
#1459 = CARTESIAN_POINT ( 'NONE',  ( -55.00000000000000711, 7.000000000000000000, 72.00000000000000000 ) ) ;
#1460 = ORIENTED_EDGE ( 'NONE', *, *, #1609, .T. ) ;
#1461 = CARTESIAN_POINT ( 'NONE',  ( -100.0000000000000000, 0.000000000000000000, 2.000000000000000000 ) ) ;
#1462 = AXIS2_PLACEMENT_3D ( 'NONE', #503, #391, #1218 ) ;
#1463 = ORIENTED_EDGE ( 'NONE', *, *, #1511, .F. ) ;
#1464 = DIRECTION ( 'NONE',  ( -1.000000000000000000, 0.000000000000000000, -0.000000000000000000 ) ) ;
#1465 = CARTESIAN_POINT ( 'NONE',  ( -55.00000000000000711, 144.0000000000000000, 7.000000000000000000 ) ) ;
#1466 = DIRECTION ( 'NONE',  ( 1.000000000000000000, 0.000000000000000000, 0.000000000000000000 ) ) ;
#1467 = LINE ( 'NONE', #1610, #1449 ) ;
#1468 = ADVANCED_FACE ( 'NONE', ( #1445 ), #1455, .F. ) ;
#1469 = EDGE_LOOP ( 'NONE', ( #1024, #284, #397, #1313 ) ) ;
#1470 = PLANE ( 'NONE',  #675 ) ;
#1471 = ORIENTED_EDGE ( 'NONE', *, *, #1382, .T. ) ;
#1472 = DIRECTION ( 'NONE',  ( 1.000000000000000000, -0.000000000000000000, 0.000000000000000000 ) ) ;
#1473 = CARTESIAN_POINT ( 'NONE',  ( -95.30000000000001137, 152.0000000000000000, 10.00000000000000000 ) ) ;
#1474 = DIRECTION ( 'NONE',  ( -1.000000000000000000, -0.000000000000000000, -0.000000000000000000 ) ) ;
#1475 = LINE ( 'NONE', #602, #1029 ) ;
#1476 = ORIENTED_EDGE ( 'NONE', *, *, #816, .T. ) ;
#1477 = DIRECTION ( 'NONE',  ( -1.000000000000000000, -1.035655806553317946E-16, 0.000000000000000000 ) ) ;
#1478 = AXIS2_PLACEMENT_3D ( 'NONE', #86, #941, #69 ) ;
#1479 = EDGE_CURVE ( 'NONE', #36, #1420, #456, .T. ) ;
#1480 = EDGE_CURVE ( 'NONE', #92, #1181, #381, .T. ) ;
#1481 = ORIENTED_EDGE ( 'NONE', *, *, #246, .T. ) ;
#1482 = LINE ( 'NONE', #117, #1197 ) ;
#1483 = CARTESIAN_POINT ( 'NONE',  ( 0.000000000000000000, 0.000000000000000000, 72.00000000000001421 ) ) ;
#1484 = LINE ( 'NONE', #367, #1569 ) ;
#1485 = CARTESIAN_POINT ( 'NONE',  ( -45.00000000000000000, 4.000000000000000000, 72.00000000000000000 ) ) ;
#1486 = VERTEX_POINT ( 'NONE', #1499 ) ;
#1487 = DIRECTION ( 'NONE',  ( 1.000000000000000000, 0.000000000000000000, 0.000000000000000000 ) ) ;
#1488 = EDGE_CURVE ( 'NONE', #655, #1576, #1105, .T. ) ;
#1489 = VERTEX_POINT ( 'NONE', #1000 ) ;
#1490 = PLANE ( 'NONE',  #1462 ) ;
#1491 = CARTESIAN_POINT ( 'NONE',  ( 0.000000000000000000, 154.0000000000000000, 72.00000000000001421 ) ) ;
#1492 = CIRCLE ( 'NONE', #442, 3.000000000000002665 ) ;
#1493 = PLANE ( 'NONE',  #817 ) ;
#1494 = EDGE_CURVE ( 'NONE', #908, #833, #228, .T. ) ;
#1495 = ORIENTED_EDGE ( 'NONE', *, *, #212, .T. ) ;
#1496 = DIRECTION ( 'NONE',  ( 1.000000000000000000, 0.000000000000000000, 0.000000000000000000 ) ) ;
#1497 = CIRCLE ( 'NONE', #447, 3.000000000000002665 ) ;
#1498 = ORIENTED_EDGE ( 'NONE', *, *, #1396, .T. ) ;
#1499 = CARTESIAN_POINT ( 'NONE',  ( 0.000000000000000000, 0.000000000000000000, 0.000000000000000000 ) ) ;
#1500 = DIRECTION ( 'NONE',  ( 1.035655806553317946E-16, -1.000000000000000000, 0.000000000000000000 ) ) ;
#1501 = DIRECTION ( 'NONE',  ( 0.000000000000000000, 1.000000000000000000, 0.000000000000000000 ) ) ;
#1502 = ORIENTED_EDGE ( 'NONE', *, *, #1535, .F. ) ;
#1503 = PLANE ( 'NONE',  #1196 ) ;
#1504 = ORIENTED_EDGE ( 'NONE', *, *, #396, .F. ) ;
#1505 = CARTESIAN_POINT ( 'NONE',  ( -53.75735931288069480, 8.757359312880716118, 10.00000000000000000 ) ) ;
#1506 = LINE ( 'NONE', #118, #1555 ) ;
#1507 = VECTOR ( 'NONE', #1202, 1000.000000000000000 ) ;
#1508 = EDGE_CURVE ( 'NONE', #1553, #617, #1482, .T. ) ;
#1509 = CYLINDRICAL_SURFACE ( 'NONE', #1269, 3.000000000000000000 ) ;
#1510 = ORIENTED_EDGE ( 'NONE', *, *, #892, .F. ) ;
#1511 = EDGE_CURVE ( 'NONE', #559, #615, #1377, .T. ) ;
#1512 = DIRECTION ( 'NONE',  ( -1.000000000000000000, -0.000000000000000000, -0.000000000000000000 ) ) ;
#1513 = DIRECTION ( 'NONE',  ( 1.000000000000000000, 0.000000000000000000, 0.000000000000000000 ) ) ;
#1514 = FACE_OUTER_BOUND ( 'NONE', #159, .T. ) ;
#1515 = VECTOR ( 'NONE', #256, 1000.000000000000000 ) ;
#1516 = PLANE ( 'NONE',  #773 ) ;
#1517 = EDGE_CURVE ( 'NONE', #1429, #908, #1358, .T. ) ;
#1518 = FILL_AREA_STYLE_COLOUR ( '', #180 ) ;
#1519 = FACE_OUTER_BOUND ( 'NONE', #1225, .T. ) ;
#1520 = DIRECTION ( 'NONE',  ( -1.000000000000000000, -1.734723475976807094E-15, 0.000000000000000000 ) ) ;
#1521 = VERTEX_POINT ( 'NONE', #984 ) ;
#1522 = CARTESIAN_POINT ( 'NONE',  ( -95.30000000000001137, 144.0000000000000000, 7.000000000000000000 ) ) ;
#1523 = FACE_OUTER_BOUND ( 'NONE', #335, .T. ) ;
#1524 = EDGE_CURVE ( 'NONE', #1384, #153, #610, .T. ) ;
#1525 = SURFACE_STYLE_FILL_AREA ( #147 ) ;
#1526 = EDGE_LOOP ( 'NONE', ( #935, #413, #668, #191 ) ) ;
#1527 = EDGE_CURVE ( 'NONE', #517, #1454, #419, .T. ) ;
#1528 = AXIS2_PLACEMENT_3D ( 'NONE', #1561, #1265, #138 ) ;
#1529 = ORIENTED_EDGE ( 'NONE', *, *, #1239, .F. ) ;
#1530 = CYLINDRICAL_SURFACE ( 'NONE', #1103, 3.000000000000002665 ) ;
#1531 = ORIENTED_EDGE ( 'NONE', *, *, #860, .F. ) ;
#1532 = DIRECTION ( 'NONE',  ( 0.000000000000000000, 0.000000000000000000, 1.000000000000000000 ) ) ;
#1533 =( NAMED_UNIT ( * ) SI_UNIT ( $, .STERADIAN. ) SOLID_ANGLE_UNIT ( ) );
#1534 = ORIENTED_EDGE ( 'NONE', *, *, #1307, .F. ) ;
#1535 = EDGE_CURVE ( 'NONE', #713, #1409, #903, .T. ) ;
#1536 = ORIENTED_EDGE ( 'NONE', *, *, #621, .F. ) ;
#1537 = CARTESIAN_POINT ( 'NONE',  ( -4.699999999999981526, 7.950000000000158273, 6.000000000000000000 ) ) ;
#1538 = ORIENTED_EDGE ( 'NONE', *, *, #212, .F. ) ;
#1539 = CIRCLE ( 'NONE', #881, 1.950000000000000400 ) ;
#1540 = SURFACE_STYLE_USAGE ( .BOTH. , #540 ) ;
#1541 = ADVANCED_FACE ( 'NONE', ( #628 ), #1620, .T. ) ;
#1542 = VERTEX_POINT ( 'NONE', #967 ) ;
#1543 = CARTESIAN_POINT ( 'NONE',  ( 0.000000000000000000, 0.000000000000000000, 0.000000000000000000 ) ) ;
#1544 = ORIENTED_EDGE ( 'NONE', *, *, #1164, .F. ) ;
#1545 = CARTESIAN_POINT ( 'NONE',  ( -54.99999999999999289, 10.00000000000000000, 7.000000000000000000 ) ) ;
#1546 = VECTOR ( 'NONE', #664, 1000.000000000000000 ) ;
#1547 = VERTEX_POINT ( 'NONE', #1368 ) ;
#1548 = CARTESIAN_POINT ( 'NONE',  ( -55.00000000000000711, 144.0000000000000000, 7.000000000000000000 ) ) ;
#1549 = EDGE_LOOP ( 'NONE', ( #914, #295, #1565, #724 ) ) ;
#1550 = LINE ( 'NONE', #189, #797 ) ;
#1551 = VERTEX_POINT ( 'NONE', #842 ) ;
#1552 = DIRECTION ( 'NONE',  ( -1.000000000000000000, 0.000000000000000000, 0.000000000000000000 ) ) ;
#1553 = VERTEX_POINT ( 'NONE', #102 ) ;
#1554 = AXIS2_PLACEMENT_3D ( 'NONE', #570, #1069, #488 ) ;
#1555 = VECTOR ( 'NONE', #1268, 1000.000000000000000 ) ;
#1556 = EDGE_LOOP ( 'NONE', ( #1217, #1585, #897, #1267 ) ) ;
#1557 = DIRECTION ( 'NONE',  ( -1.000000000000000000, -0.000000000000000000, -0.000000000000000000 ) ) ;
#1558 = ADVANCED_FACE ( 'NONE', ( #511 ), #1490, .F. ) ;
#1559 = ORIENTED_EDGE ( 'NONE', *, *, #700, .F. ) ;
#1560 = DIRECTION ( 'NONE',  ( 0.000000000000000000, 1.000000000000000000, 0.000000000000000000 ) ) ;
#1561 = CARTESIAN_POINT ( 'NONE',  ( 0.000000000000000000, 147.0000000000000000, 7.000000000000000000 ) ) ;
#1562 = LINE ( 'NONE', #693, #1415 ) ;
#1563 = EDGE_LOOP ( 'NONE', ( #1179, #108 ) ) ;
#1564 = CARTESIAN_POINT ( 'NONE',  ( -45.00000000000000000, 2.000000000000000000, 72.00000000000000000 ) ) ;
#1565 = ORIENTED_EDGE ( 'NONE', *, *, #23, .T. ) ;
#1566 = PLANE ( 'NONE',  #1014 ) ;
#1567 = DIRECTION ( 'NONE',  ( -1.000000000000000000, 0.000000000000000000, 0.000000000000000000 ) ) ;
#1568 = CARTESIAN_POINT ( 'NONE',  ( -95.30000000000001137, 144.0000000000000000, 2.000000000000000000 ) ) ;
#1569 = VECTOR ( 'NONE', #611, 1000.000000000000000 ) ;
#1570 = EDGE_CURVE ( 'NONE', #615, #243, #1606, .T. ) ;
#1571 = CARTESIAN_POINT ( 'NONE',  ( -50.00000000000000000, 4.000000000000003553, 72.00000000000001421 ) ) ;
#1572 =( BOUNDED_CURVE ( )  B_SPLINE_CURVE ( 3, ( #1262, #270, #519, #1621 ),
 .UNSPECIFIED., .F., .F. ) 
 B_SPLINE_CURVE_WITH_KNOTS ( ( 4, 4 ),
 ( 0.000000000000000000, 1.570796326794896558 ),
 .UNSPECIFIED. ) 
 CURVE ( )  GEOMETRIC_REPRESENTATION_ITEM ( )  RATIONAL_B_SPLINE_CURVE ( ( 1.000000000000000000, 0.8047378541243649375, 0.8047378541243649375, 1.000000000000000000 ) ) 
 REPRESENTATION_ITEM ( '' )  );
#1573 = PRODUCT ( 'cover-v1', 'cover-v1', '', ( #291 ) ) ;
#1574 = ORIENTED_EDGE ( 'NONE', *, *, #948, .F. ) ;
#1575 = CARTESIAN_POINT ( 'NONE',  ( 0.000000000000000000, 154.0000000000000000, 2.000000000000000000 ) ) ;
#1576 = VERTEX_POINT ( 'NONE', #247 ) ;
#1577 = DIRECTION ( 'NONE',  ( -1.000000000000000000, 0.000000000000000000, -0.000000000000000000 ) ) ;
#1578 = DIRECTION ( 'NONE',  ( 1.000000000000000000, 0.000000000000000000, 0.000000000000000000 ) ) ;
#1579 = CARTESIAN_POINT ( 'NONE',  ( 2.636779683484746784E-13, 6.000000000000165201, 6.000000000000000000 ) ) ;
#1580 = VECTOR ( 'NONE', #1108, 1000.000000000000000 ) ;
#1581 = VECTOR ( 'NONE', #813, 1000.000000000000000 ) ;
#1582 = CARTESIAN_POINT ( 'NONE',  ( 0.000000000000000000, 0.000000000000000000, 10.00000000000000000 ) ) ;
#1583 = ORIENTED_EDGE ( 'NONE', *, *, #738, .F. ) ;
#1584 = CARTESIAN_POINT ( 'NONE',  ( -100.0000000000000000, 2.000000000000000000, 72.00000000000001421 ) ) ;
#1585 = ORIENTED_EDGE ( 'NONE', *, *, #472, .T. ) ;
#1586 = CARTESIAN_POINT ( 'NONE',  ( -95.30000000000001137, 144.0000000000000000, 10.00000000000000000 ) ) ;
#1587 = FACE_OUTER_BOUND ( 'NONE', #344, .T. ) ;
#1588 = EDGE_CURVE ( 'NONE', #198, #1187, #851, .T. ) ;
#1589 = CYLINDRICAL_SURFACE ( 'NONE', #1041, 1.950000000000000400 ) ;
#1590 = CARTESIAN_POINT ( 'NONE',  ( -95.29999999999998295, 2.000000000000000000, 2.000000000000000000 ) ) ;
#1591 = ORIENTED_EDGE ( 'NONE', *, *, #956, .F. ) ;
#1592 = CARTESIAN_POINT ( 'NONE',  ( -4.699999999999981526, 10.00000000000000000, 7.000000000000000000 ) ) ;
#1593 = VECTOR ( 'NONE', #736, 1000.000000000000000 ) ;
#1594 = ORIENTED_EDGE ( 'NONE', *, *, #840, .T. ) ;
#1595 = DIRECTION ( 'NONE',  ( -1.000000000000000000, 0.000000000000000000, 0.000000000000000000 ) ) ;
#1596 = FACE_OUTER_BOUND ( 'NONE', #182, .T. ) ;
#1597 = VECTOR ( 'NONE', #1356, 1000.000000000000000 ) ;
#1598 = FACE_OUTER_BOUND ( 'NONE', #1549, .T. ) ;
#1599 = FACE_OUTER_BOUND ( 'NONE', #744, .T. ) ;
#1600 = EDGE_CURVE ( 'NONE', #863, #46, #876, .T. ) ;
#1601 = ADVANCED_FACE ( 'NONE', ( #109 ), #608, .F. ) ;
#1602 = EDGE_LOOP ( 'NONE', ( #298, #780, #142, #1092 ) ) ;
#1603 = VECTOR ( 'NONE', #1220, 1000.000000000000000 ) ;
#1604 = CARTESIAN_POINT ( 'NONE',  ( -55.00000000000000711, 2.000000000000000000, 10.00000000000000000 ) ) ;
#1605 = ORIENTED_EDGE ( 'NONE', *, *, #23, .F. ) ;
#1606 = LINE ( 'NONE', #365, #1411 ) ;
#1607 = DIRECTION ( 'NONE',  ( -0.000000000000000000, -0.000000000000000000, 1.000000000000000000 ) ) ;
#1608 = DIRECTION ( 'NONE',  ( 0.000000000000000000, -0.000000000000000000, -1.000000000000000000 ) ) ;
#1609 = EDGE_CURVE ( 'NONE', #390, #1310, #760, .T. ) ;
#1610 = CARTESIAN_POINT ( 'NONE',  ( -95.29999999999999716, 10.00000000000000000, 2.000000000000000000 ) ) ;
#1611 = ORIENTED_EDGE ( 'NONE', *, *, #621, .T. ) ;
#1612 = CARTESIAN_POINT ( 'NONE',  ( -52.00000000000000711, 150.0000000000000000, 72.00000000000001421 ) ) ;
#1613 = ORIENTED_EDGE ( 'NONE', *, *, #272, .F. ) ;
#1614 = DIRECTION ( 'NONE',  ( 1.000000000000000000, 0.000000000000000000, 0.000000000000000000 ) ) ;
#1615 = DIRECTION ( 'NONE',  ( 0.000000000000000000, -0.000000000000000000, -1.000000000000000000 ) ) ;
#1616 = CARTESIAN_POINT ( 'NONE',  ( 0.000000000000000000, 0.000000000000000000, 0.000000000000000000 ) ) ;
#1617 = ORIENTED_EDGE ( 'NONE', *, *, #334, .T. ) ;
#1618 = DIRECTION ( 'NONE',  ( -0.000000000000000000, -0.000000000000000000, -1.000000000000000000 ) ) ;
#1619 = ORIENTED_EDGE ( 'NONE', *, *, #41, .F. ) ;
#1620 = CYLINDRICAL_SURFACE ( 'NONE', #672, 3.000000000000002665 ) ;
#1621 = CARTESIAN_POINT ( 'NONE',  ( -48.00000000000000000, 147.0000000000000000, 10.00000000000000000 ) ) ;
ENDSEC;
END-ISO-10303-21;
