ISO-10303-21;
HEADER;
FILE_DESCRIPTION (( 'STEP AP214' ),
    '1' );
FILE_NAME ('front-panel-v0.STEP',
    '2026-10-03T21:21:47',
    ( '' ),
    ( '' ),
    'SwSTEP 2.0',
    'SolidWorks 2026',
    '' );
FILE_SCHEMA (( 'AUTOMOTIVE_DESIGN' ));
ENDSEC;

DATA;
#1 = VERTEX_POINT ( 'NONE', #2024 ) ;
#2 = CARTESIAN_POINT ( 'NONE',  ( -59.00000000000000711, 10.74999999999998224, 4.500000000000000000 ) ) ;
#3 = DIRECTION ( 'NONE',  ( 1.000000000000000000, 0.000000000000000000, -0.000000000000000000 ) ) ;
#4 = ORIENTED_EDGE ( 'NONE', *, *, #1105, .T. ) ;
#5 = EDGE_CURVE ( 'NONE', #1184, #134, #1299, .T. ) ;
#6 = CARTESIAN_POINT ( 'NONE',  ( -31.50000000000000000, 85.24999999999998579, 0.000000000000000000 ) ) ;
#7 = DIRECTION ( 'NONE',  ( 0.000000000000000000, 0.000000000000000000, 1.000000000000000000 ) ) ;
#8 = ORIENTED_EDGE ( 'NONE', *, *, #1303, .T. ) ;
#9 = DIRECTION ( 'NONE',  ( 1.000000000000000000, 0.000000000000000000, 0.000000000000000000 ) ) ;
#10 = DIRECTION ( 'NONE',  ( -0.000000000000000000, -0.000000000000000000, -1.000000000000000000 ) ) ;
#11 = ORIENTED_EDGE ( 'NONE', *, *, #1466, .F. ) ;
#12 = DIRECTION ( 'NONE',  ( 1.000000000000000000, 0.000000000000000000, 0.000000000000000000 ) ) ;
#13 = CIRCLE ( 'NONE', #1369, 1.649999999999998579 ) ;
#14 = ORIENTED_EDGE ( 'NONE', *, *, #753, .F. ) ;
#15 = LINE ( 'NONE', #1628, #1227 ) ;
#16 = AXIS2_PLACEMENT_3D ( 'NONE', #1689, #2016, #1183 ) ;
#17 = ORIENTED_EDGE ( 'NONE', *, *, #574, .T. ) ;
#18 = CARTESIAN_POINT ( 'NONE',  ( -62.99999999999998579, 4.000000000000003553, 2.499999999999999556 ) ) ;
#19 = AXIS2_PLACEMENT_3D ( 'NONE', #1480, #37, #694 ) ;
#20 = CARTESIAN_POINT ( 'NONE',  ( -17.68869131004422712, 138.0000000000000000, 0.000000000000000000 ) ) ;
#21 = AXIS2_PLACEMENT_3D ( 'NONE', #282, #625, #1433 ) ;
#22 = ADVANCED_FACE ( 'NONE', ( #573 ), #227, .F. ) ;
#23 = ORIENTED_EDGE ( 'NONE', *, *, #1996, .T. ) ;
#24 = DIRECTION ( 'NONE',  ( -0.000000000000000000, -0.000000000000000000, -1.000000000000000000 ) ) ;
#25 = EDGE_LOOP ( 'NONE', ( #419, #1998 ) ) ;
#26 = CARTESIAN_POINT ( 'NONE',  ( -3.999999999999981792, 150.0000000000000000, -4.000000000000000000 ) ) ;
#27 = VERTEX_POINT ( 'NONE', #389 ) ;
#28 = FACE_OUTER_BOUND ( 'NONE', #499, .T. ) ;
#29 = VERTEX_POINT ( 'NONE', #1030 ) ;
#30 = LINE ( 'NONE', #518, #216 ) ;
#31 = DIRECTION ( 'NONE',  ( -0.000000000000000000, -0.000000000000000000, -1.000000000000000000 ) ) ;
#32 = ORIENTED_EDGE ( 'NONE', *, *, #1502, .T. ) ;
#33 = DIRECTION ( 'NONE',  ( -0.000000000000000000, -0.000000000000000000, -1.000000000000000000 ) ) ;
#34 = ORIENTED_EDGE ( 'NONE', *, *, #1857, .F. ) ;
#35 = CARTESIAN_POINT ( 'NONE',  ( -17.68869131004420581, 108.0000000000000142, 4.500000000000000000 ) ) ;
#36 = ORIENTED_EDGE ( 'NONE', *, *, #1283, .F. ) ;
#37 = DIRECTION ( 'NONE',  ( -0.000000000000000000, -0.000000000000000000, 1.000000000000000000 ) ) ;
#38 = VERTEX_POINT ( 'NONE', #725 ) ;
#39 = DIRECTION ( 'NONE',  ( 0.000000000000000000, 0.000000000000000000, -1.000000000000000000 ) ) ;
#40 = DIRECTION ( 'NONE',  ( 1.000000000000000000, 0.000000000000000000, -0.000000000000000000 ) ) ;
#41 = VERTEX_POINT ( 'NONE', #1884 ) ;
#42 = EDGE_CURVE ( 'NONE', #886, #1, #396, .T. ) ;
#43 = CIRCLE ( 'NONE', #444, 1.949999999999993516 ) ;
#44 = EDGE_CURVE ( 'NONE', #2046, #1343, #546, .T. ) ;
#45 = EDGE_LOOP ( 'NONE', ( #822, #1170, #350, #1416 ) ) ;
#46 = DIRECTION ( 'NONE',  ( 1.000000000000000000, 0.000000000000000000, -0.000000000000000000 ) ) ;
#47 = ORIENTED_EDGE ( 'NONE', *, *, #528, .T. ) ;
#48 = DIRECTION ( 'NONE',  ( 0.000000000000000000, 0.000000000000000000, 1.000000000000000000 ) ) ;
#49 = DIRECTION ( 'NONE',  ( 1.000000000000000000, 0.000000000000000000, 0.000000000000000000 ) ) ;
#50 = CIRCLE ( 'NONE', #1097, 2.999999999999999112 ) ;
#51 = CIRCLE ( 'NONE', #559, 1.650000000000000355 ) ;
#52 = ORIENTED_EDGE ( 'NONE', *, *, #1924, .T. ) ;
#53 = DIRECTION ( 'NONE',  ( 1.000000000000000000, 0.000000000000000000, 0.000000000000000000 ) ) ;
#54 = CIRCLE ( 'NONE', #1349, 1.650000000000000355 ) ;
#55 = DIRECTION ( 'NONE',  ( 0.000000000000000000, 0.000000000000000000, 1.000000000000000000 ) ) ;
#56 = ORIENTED_EDGE ( 'NONE', *, *, #2127, .F. ) ;
#57 = LINE ( 'NONE', #1705, #925 ) ;
#58 = DIRECTION ( 'NONE',  ( 0.000000000000000000, 1.000000000000000000, 0.000000000000000000 ) ) ;
#59 = VECTOR ( 'NONE', #467, 1000.000000000000000 ) ;
#60 = ORIENTED_EDGE ( 'NONE', *, *, #1194, .F. ) ;
#61 = CARTESIAN_POINT ( 'NONE',  ( -10.00000000000000000, 15.00000000000000000, -1.924999999999998268 ) ) ;
#62 = EDGE_CURVE ( 'NONE', #1890, #1007, #700, .T. ) ;
#63 = CARTESIAN_POINT ( 'NONE',  ( -60.65000000000000568, 10.74999999999998224, 0.000000000000000000 ) ) ;
#64 = FACE_OUTER_BOUND ( 'NONE', #701, .T. ) ;
#65 = ADVANCED_FACE ( 'NONE', ( #82 ), #717, .F. ) ;
#66 = EDGE_CURVE ( 'NONE', #1688, #836, #1346, .T. ) ;
#67 = EDGE_LOOP ( 'NONE', ( #1175, #981, #915, #2034 ) ) ;
#68 = CARTESIAN_POINT ( 'NONE',  ( -4.000000000000003553, 0.000000000000000000, 0.000000000000000000 ) ) ;
#69 = EDGE_LOOP ( 'NONE', ( #582, #1050 ) ) ;
#70 = LINE ( 'NONE', #724, #1032 ) ;
#71 = DIRECTION ( 'NONE',  ( 1.445602896647339410E-16, 1.000000000000000000, 0.000000000000000000 ) ) ;
#72 = DIRECTION ( 'NONE',  ( 1.000000000000000000, 0.000000000000000000, 0.000000000000000000 ) ) ;
#73 = ORIENTED_EDGE ( 'NONE', *, *, #131, .F. ) ;
#74 = CARTESIAN_POINT ( 'NONE',  ( -62.00000000000000711, 10.74999999999998224, 4.500000000000000000 ) ) ;
#75 =( GEOMETRIC_REPRESENTATION_CONTEXT ( 3 ) GLOBAL_UNCERTAINTY_ASSIGNED_CONTEXT ( ( #1826 ) ) GLOBAL_UNIT_ASSIGNED_CONTEXT ( ( #1178, #556, #720 ) ) REPRESENTATION_CONTEXT ( 'NONE', 'WORKASPACE' ) );
#76 = LINE ( 'NONE', #1211, #318 ) ;
#77 = ORIENTED_EDGE ( 'NONE', *, *, #1052, .T. ) ;
#78 = CIRCLE ( 'NONE', #220, 1.649999999999998579 ) ;
#79 = EDGE_CURVE ( 'NONE', #801, #576, #1023, .T. ) ;
#80 = AXIS2_PLACEMENT_3D ( 'NONE', #640, #1609, #1296 ) ;
#81 = PLANE ( 'NONE',  #531 ) ;
#82 = FACE_OUTER_BOUND ( 'NONE', #127, .T. ) ;
#83 = CIRCLE ( 'NONE', #451, 1.650000000000012568 ) ;
#84 = VECTOR ( 'NONE', #1727, 1000.000000000000000 ) ;
#85 = EDGE_LOOP ( 'NONE', ( #2085, #1637, #928, #1862 ) ) ;
#86 = DIRECTION ( 'NONE',  ( 1.000000000000000000, 0.000000000000000000, 0.000000000000000000 ) ) ;
#87 = CIRCLE ( 'NONE', #2006, 1.949999999999999067 ) ;
#88 = CARTESIAN_POINT ( 'NONE',  ( -3.999999999999981792, 150.0000000000000000, 0.000000000000000000 ) ) ;
#89 = ORIENTED_EDGE ( 'NONE', *, *, #1256, .T. ) ;
#90 = CARTESIAN_POINT ( 'NONE',  ( 0.000000000000000000, 0.000000000000000000, 4.500000000000000000 ) ) ;
#91 = LINE ( 'NONE', #1935, #1696 ) ;
#92 = ORIENTED_EDGE ( 'NONE', *, *, #1502, .F. ) ;
#93 = LINE ( 'NONE', #1541, #1693 ) ;
#94 = CARTESIAN_POINT ( 'NONE',  ( -10.00000000000000000, 135.0000000000000000, 2.174999999999999822 ) ) ;
#95 = DIRECTION ( 'NONE',  ( 0.000000000000000000, 0.000000000000000000, -1.000000000000000000 ) ) ;
#96 = ORIENTED_EDGE ( 'NONE', *, *, #1596, .F. ) ;
#97 = VERTEX_POINT ( 'NONE', #853 ) ;
#98 = EDGE_CURVE ( 'NONE', #1376, #147, #1549, .T. ) ;
#99 = ORIENTED_EDGE ( 'NONE', *, *, #1334, .T. ) ;
#100 = DIRECTION ( 'NONE',  ( 0.000000000000000000, 0.000000000000000000, -1.000000000000000000 ) ) ;
#101 = DIRECTION ( 'NONE',  ( -0.000000000000000000, -0.000000000000000000, 1.000000000000000000 ) ) ;
#102 = APPLICATION_PROTOCOL_DEFINITION ( 'draft international standard', 'automotive_design', 1998, #674 ) ;
#103 = CARTESIAN_POINT ( 'NONE',  ( -64.34999999999999432, 4.000000000000003553, 0.000000000000000000 ) ) ;
#104 = VERTEX_POINT ( 'NONE', #1854 ) ;
#105 = EDGE_CURVE ( 'NONE', #813, #104, #702, .T. ) ;
#106 = ADVANCED_FACE ( 'NONE', ( #1358 ), #1864, .F. ) ;
#107 = DIRECTION ( 'NONE',  ( 1.000000000000000000, 0.000000000000000000, 0.000000000000000000 ) ) ;
#108 = FACE_BOUND ( 'NONE', #1382, .T. ) ;
#109 = CARTESIAN_POINT ( 'NONE',  ( -69.00000000000000000, 146.0000000000000000, 4.500000000000000000 ) ) ;
#110 = ORIENTED_EDGE ( 'NONE', *, *, #1553, .T. ) ;
#111 = CARTESIAN_POINT ( 'NONE',  ( -3.999999999999983569, 136.9369757355217416, 0.000000000000000000 ) ) ;
#112 = CARTESIAN_POINT ( 'NONE',  ( -17.00000000000002132, 89.25000000000000000, 2.499999999999999556 ) ) ;
#113 = CIRCLE ( 'NONE', #1579, 3.000000000000002665 ) ;
#114 = VECTOR ( 'NONE', #1641, 1000.000000000000000 ) ;
#115 = EDGE_LOOP ( 'NONE', ( #1600, #1476, #1855, #461 ) ) ;
#116 = CIRCLE ( 'NONE', #1309, 3.000000000000002665 ) ;
#117 = VERTEX_POINT ( 'NONE', #1765 ) ;
#118 = LINE ( 'NONE', #1417, #1572 ) ;
#119 = FACE_BOUND ( 'NONE', #711, .T. ) ;
#120 = EDGE_CURVE ( 'NONE', #1372, #1154, #595, .T. ) ;
#121 = CARTESIAN_POINT ( 'NONE',  ( -17.68869131004422712, 138.0000000000000000, 4.500000000000000000 ) ) ;
#122 = ORIENTED_EDGE ( 'NONE', *, *, #662, .F. ) ;
#123 = DIRECTION ( 'NONE',  ( -1.156482317317875472E-15, 1.000000000000000000, -0.000000000000000000 ) ) ;
#124 = CARTESIAN_POINT ( 'NONE',  ( -17.68869131004420225, 102.0000000000000142, 0.000000000000000000 ) ) ;
#125 = CARTESIAN_POINT ( 'NONE',  ( -63.14999999999999858, 85.24999999999998579, 4.500000000000000000 ) ) ;
#126 = ADVANCED_FACE ( 'NONE', ( #1272 ), #2105, .F. ) ;
#127 = EDGE_LOOP ( 'NONE', ( #796, #138, #496, #1039, #1287, #1605 ) ) ;
#128 = EDGE_LOOP ( 'NONE', ( #1734, #833 ) ) ;
#129 = DIRECTION ( 'NONE',  ( 0.000000000000000000, 0.000000000000000000, -1.000000000000000000 ) ) ;
#130 = EDGE_CURVE ( 'NONE', #1761, #397, #967, .T. ) ;
#131 = EDGE_CURVE ( 'NONE', #41, #1181, #626, .T. ) ;
#132 = PLANE ( 'NONE',  #1015 ) ;
#133 = DIRECTION ( 'NONE',  ( 1.000000000000000000, 0.000000000000000000, 0.000000000000000000 ) ) ;
#134 = VERTEX_POINT ( 'NONE', #1599 ) ;
#135 = ORIENTED_EDGE ( 'NONE', *, *, #1532, .T. ) ;
#136 = DIRECTION ( 'NONE',  ( 0.000000000000000000, 0.000000000000000000, 1.000000000000000000 ) ) ;
#137 = CARTESIAN_POINT ( 'NONE',  ( -10.00000000000000000, 75.00000000000000000, 0.1249999999999998612 ) ) ;
#138 = ORIENTED_EDGE ( 'NONE', *, *, #927, .F. ) ;
#139 = ORIENTED_EDGE ( 'NONE', *, *, #859, .T. ) ;
#140 = LINE ( 'NONE', #490, #1522 ) ;
#141 = CARTESIAN_POINT ( 'NONE',  ( -56.00000000000000000, 89.25000000000000000, 4.500000000000000000 ) ) ;
#142 = CARTESIAN_POINT ( 'NONE',  ( -10.00000000000000000, 73.05401053445810078, 0.000000000000000000 ) ) ;
#143 = LINE ( 'NONE', #1795, #1588 ) ;
#144 = ORIENTED_EDGE ( 'NONE', *, *, #1747, .T. ) ;
#145 = CARTESIAN_POINT ( 'NONE',  ( -12.84999999999999964, 85.24999999999997158, 4.500000000000000000 ) ) ;
#146 = VECTOR ( 'NONE', #441, 1000.000000000000000 ) ;
#147 = VERTEX_POINT ( 'NONE', #913 ) ;
#148 = FACE_OUTER_BOUND ( 'NONE', #372, .T. ) ;
#149 = CARTESIAN_POINT ( 'NONE',  ( -66.00000000000000000, 146.0000000000000000, 0.000000000000000000 ) ) ;
#150 = EDGE_CURVE ( 'NONE', #1649, #470, #450, .T. ) ;
#151 = VERTEX_POINT ( 'NONE', #1080 ) ;
#152 = VECTOR ( 'NONE', #416, 1000.000000000000000 ) ;
#153 = VECTOR ( 'NONE', #715, 1000.000000000000000 ) ;
#154 = CARTESIAN_POINT ( 'NONE',  ( -17.00000000000002132, 10.74999999999998224, 2.499999999999999556 ) ) ;
#155 = VECTOR ( 'NONE', #1791, 1000.000000000000000 ) ;
#156 = EDGE_CURVE ( 'NONE', #1248, #1953, #91, .T. ) ;
#157 = FACE_BOUND ( 'NONE', #364, .T. ) ;
#158 = FACE_OUTER_BOUND ( 'NONE', #1422, .T. ) ;
#159 = DIRECTION ( 'NONE',  ( 0.000000000000000000, 0.000000000000000000, 1.000000000000000000 ) ) ;
#160 = VECTOR ( 'NONE', #1411, 1000.000000000000000 ) ;
#161 = DIRECTION ( 'NONE',  ( 1.000000000000000000, -2.759003540320966024E-16, -0.000000000000000000 ) ) ;
#162 = ORIENTED_EDGE ( 'NONE', *, *, #1249, .T. ) ;
#163 = DIRECTION ( 'NONE',  ( 1.000000000000000000, -0.000000000000000000, -0.000000000000000000 ) ) ;
#164 = CARTESIAN_POINT ( 'NONE',  ( -12.84999999999999964, 14.75000000000000000, 4.500000000000000000 ) ) ;
#165 = EDGE_CURVE ( 'NONE', #97, #1154, #1258, .T. ) ;
#166 = EDGE_LOOP ( 'NONE', ( #1786, #2125, #1146, #208 ) ) ;
#167 = VECTOR ( 'NONE', #721, 1000.000000000000000 ) ;
#168 = DIRECTION ( 'NONE',  ( 0.000000000000000000, 0.000000000000000000, 1.000000000000000000 ) ) ;
#169 = CYLINDRICAL_SURFACE ( 'NONE', #564, 3.000000000000002665 ) ;
#170 = CARTESIAN_POINT ( 'NONE',  ( -63.14999999999999858, 85.24999999999998579, 0.000000000000000000 ) ) ;
#171 = EDGE_LOOP ( 'NONE', ( #1679, #1529 ) ) ;
#172 = LINE ( 'NONE', #782, #1436 ) ;
#173 = EDGE_LOOP ( 'NONE', ( #1167, #329 ) ) ;
#174 = DIRECTION ( 'NONE',  ( -0.000000000000000000, -0.000000000000000000, 1.000000000000000000 ) ) ;
#175 = ORIENTED_EDGE ( 'NONE', *, *, #1485, .F. ) ;
#176 = CARTESIAN_POINT ( 'NONE',  ( -10.00000000000000000, 15.00000000000000000, 1.974999999999999867 ) ) ;
#177 = EDGE_CURVE ( 'NONE', #1047, #836, #1103, .T. ) ;
#178 = DIRECTION ( 'NONE',  ( 0.000000000000000000, 1.000000000000000000, -0.000000000000000000 ) ) ;
#179 = DIRECTION ( 'NONE',  ( 1.000000000000000000, 0.000000000000000000, 0.000000000000000000 ) ) ;
#180 = ORIENTED_EDGE ( 'NONE', *, *, #949, .F. ) ;
#181 = DIRECTION ( 'NONE',  ( 0.000000000000000000, 0.000000000000000000, 1.000000000000000000 ) ) ;
#182 = CARTESIAN_POINT ( 'NONE',  ( -4.000000000000003553, 0.000000000000000000, -4.000000000000000000 ) ) ;
#183 = EDGE_LOOP ( 'NONE', ( #465, #543, #1126 ) ) ;
#184 = DIRECTION ( 'NONE',  ( 1.000000000000000000, 0.000000000000000000, 0.000000000000000000 ) ) ;
#185 = AXIS2_PLACEMENT_3D ( 'NONE', #1851, #1735, #107 ) ;
#186 = ORIENTED_EDGE ( 'NONE', *, *, #1081, .F. ) ;
#187 = PLANE ( 'NONE',  #762 ) ;
#188 = VERTEX_POINT ( 'NONE', #1412 ) ;
#189 = AXIS2_PLACEMENT_3D ( 'NONE', #1165, #532, #1053 ) ;
#190 = CARTESIAN_POINT ( 'NONE',  ( -17.00000000000002132, 89.25000000000000000, 4.500000000000000000 ) ) ;
#191 = VERTEX_POINT ( 'NONE', #615 ) ;
#192 = CARTESIAN_POINT ( 'NONE',  ( -12.84999999999999964, 14.75000000000000000, 0.000000000000000000 ) ) ;
#193 = CIRCLE ( 'NONE', #224, 6.100000000000004974 ) ;
#194 = CARTESIAN_POINT ( 'NONE',  ( -63.00000000000000000, 146.0000000000000000, 2.499999999999999556 ) ) ;
#195 = CIRCLE ( 'NONE', #2115, 1.649999999999998579 ) ;
#196 = VERTEX_POINT ( 'NONE', #283 ) ;
#197 = DIRECTION ( 'NONE',  ( -0.000000000000000000, -0.000000000000000000, 1.000000000000000000 ) ) ;
#198 = VERTEX_POINT ( 'NONE', #2092 ) ;
#199 = EDGE_CURVE ( 'NONE', #599, #1329, #1803, .T. ) ;
#200 = PRODUCT_DEFINITION_FORMATION_WITH_SPECIFIED_SOURCE ( 'ANY', '', #1959, .NOT_KNOWN. ) ;
#201 = DIRECTION ( 'NONE',  ( 1.000000000000000000, 0.000000000000000000, 0.000000000000000000 ) ) ;
#202 = VERTEX_POINT ( 'NONE', #1565 ) ;
#203 = EDGE_CURVE ( 'NONE', #29, #302, #1425, .T. ) ;
#204 = ORIENTED_EDGE ( 'NONE', *, *, #1768, .T. ) ;
#205 = DIRECTION ( 'NONE',  ( 1.000000000000000000, 0.000000000000000000, 0.000000000000000000 ) ) ;
#206 = EDGE_CURVE ( 'NONE', #1444, #1250, #799, .T. ) ;
#207 = DIRECTION ( 'NONE',  ( -0.000000000000000000, -0.000000000000000000, 1.000000000000000000 ) ) ;
#208 = ORIENTED_EDGE ( 'NONE', *, *, #2127, .T. ) ;
#209 = PLANE ( 'NONE',  #1035 ) ;
#210 = CARTESIAN_POINT ( 'NONE',  ( 0.000000000000000000, 0.000000000000000000, -4.000000000000000000 ) ) ;
#211 = ORIENTED_EDGE ( 'NONE', *, *, #551, .T. ) ;
#212 = CARTESIAN_POINT ( 'NONE',  ( -67.65000000000001990, 146.0000000000000000, 0.000000000000000000 ) ) ;
#213 = ORIENTED_EDGE ( 'NONE', *, *, #1194, .T. ) ;
#214 = LINE ( 'NONE', #1818, #2069 ) ;
#215 = ORIENTED_EDGE ( 'NONE', *, *, #1043, .F. ) ;
#216 = VECTOR ( 'NONE', #684, 1000.000000000000000 ) ;
#217 = ADVANCED_FACE ( 'NONE', ( #2084, #1915, #764, #607, #1247, #1923, #1071, #752, #777, #1058, #1743, #1730 ), #1089, .T. ) ;
#218 = ORIENTED_EDGE ( 'NONE', *, *, #1179, .T. ) ;
#219 = LINE ( 'NONE', #2026, #1341 ) ;
#220 = AXIS2_PLACEMENT_3D ( 'NONE', #2048, #2057, #578 ) ;
#221 = ADVANCED_FACE ( 'NONE', ( #1590, #484 ), #649, .T. ) ;
#222 = AXIS2_PLACEMENT_3D ( 'NONE', #427, #903, #1756 ) ;
#223 = DIRECTION ( 'NONE',  ( 1.445602896647339410E-16, 1.000000000000000000, 0.000000000000000000 ) ) ;
#224 = AXIS2_PLACEMENT_3D ( 'NONE', #941, #260, #133 ) ;
#225 = ORIENTED_EDGE ( 'NONE', *, *, #475, .F. ) ;
#226 = AXIS2_PLACEMENT_3D ( 'NONE', #1158, #1831, #53 ) ;
#227 = PLANE ( 'NONE',  #1262 ) ;
#228 = ADVANCED_FACE ( 'NONE', ( #1799 ), #1125, .F. ) ;
#229 = CYLINDRICAL_SURFACE ( 'NONE', #1671, 6.100000000000004974 ) ;
#230 = ORIENTED_EDGE ( 'NONE', *, *, #475, .T. ) ;
#231 = CARTESIAN_POINT ( 'NONE',  ( -10.00000000000000000, 75.00000000000000000, -1.824999999999998401 ) ) ;
#232 = LINE ( 'NONE', #94, #1279 ) ;
#233 = ORIENTED_EDGE ( 'NONE', *, *, #1682, .T. ) ;
#234 = ADVANCED_FACE ( 'NONE', ( #1788 ), #1286, .F. ) ;
#235 = DIRECTION ( 'NONE',  ( 0.000000000000000000, 0.000000000000000000, 1.000000000000000000 ) ) ;
#236 = CARTESIAN_POINT ( 'NONE',  ( -17.68869131004420581, 108.0000000000000142, 0.000000000000000000 ) ) ;
#237 =( NAMED_UNIT ( * ) SI_UNIT ( $, .STERADIAN. ) SOLID_ANGLE_UNIT ( ) );
#238 = ORIENTED_EDGE ( 'NONE', *, *, #481, .T. ) ;
#239 = DIRECTION ( 'NONE',  ( 0.000000000000000000, 0.000000000000000000, 1.000000000000000000 ) ) ;
#240 = EDGE_CURVE ( 'NONE', #836, #1688, #590, .T. ) ;
#241 = CARTESIAN_POINT ( 'NONE',  ( -56.00000000000000000, 10.74999999999998224, 4.500000000000000000 ) ) ;
#242 = VERTEX_POINT ( 'NONE', #1117 ) ;
#243 = LINE ( 'NONE', #61, #491 ) ;
#244 = CARTESIAN_POINT ( 'NONE',  ( -10.00000000000000000, 75.00000000000000000, 0.1249999999999998612 ) ) ;
#245 = ORIENTED_EDGE ( 'NONE', *, *, #1463, .T. ) ;
#246 = CYLINDRICAL_SURFACE ( 'NONE', #583, 6.099999999999983658 ) ;
#247 = VECTOR ( 'NONE', #848, 1000.000000000000000 ) ;
#248 = DIRECTION ( 'NONE',  ( 1.000000000000000000, 0.000000000000000000, 0.000000000000000000 ) ) ;
#249 = EDGE_LOOP ( 'NONE', ( #1776, #180, #1746, #754 ) ) ;
#250 = VECTOR ( 'NONE', #2114, 1000.000000000000000 ) ;
#251 = CARTESIAN_POINT ( 'NONE',  ( -31.50000000000000000, 85.24999999999998579, 1.000000000000000000 ) ) ;
#252 = CARTESIAN_POINT ( 'NONE',  ( 0.000000000000000000, 0.000000000000000000, 0.000000000000000000 ) ) ;
#253 = AXIS2_PLACEMENT_3D ( 'NONE', #878, #526, #1504 ) ;
#254 = CARTESIAN_POINT ( 'NONE',  ( -62.00000000000000711, 10.74999999999998224, 2.499999999999999556 ) ) ;
#255 = VECTOR ( 'NONE', #462, 1000.000000000000000 ) ;
#256 = ORIENTED_EDGE ( 'NONE', *, *, #1717, .F. ) ;
#257 = FACE_OUTER_BOUND ( 'NONE', #1118, .T. ) ;
#258 = DIRECTION ( 'NONE',  ( 0.000000000000000000, 0.000000000000000000, 1.000000000000000000 ) ) ;
#259 = EDGE_CURVE ( 'NONE', #1697, #1832, #1769, .T. ) ;
#260 = DIRECTION ( 'NONE',  ( 0.000000000000000000, 0.000000000000000000, 1.000000000000000000 ) ) ;
#261 = VERTEX_POINT ( 'NONE', #1462 ) ;
#262 = VERTEX_POINT ( 'NONE', #315 ) ;
#263 = DIRECTION ( 'NONE',  ( 0.000000000000000000, 0.000000000000000000, -1.000000000000000000 ) ) ;
#264 = CARTESIAN_POINT ( 'NONE',  ( -67.64999999999999147, 4.000000000000003553, 0.000000000000000000 ) ) ;
#265 = ORIENTED_EDGE ( 'NONE', *, *, #1745, .F. ) ;
#266 = FACE_OUTER_BOUND ( 'NONE', #249, .T. ) ;
#267 = DIRECTION ( 'NONE',  ( 1.000000000000000000, 0.000000000000000000, 0.000000000000000000 ) ) ;
#268 = CARTESIAN_POINT ( 'NONE',  ( -10.00000000000000000, 13.05016026299595566, 0.000000000000000000 ) ) ;
#269 = ORIENTED_EDGE ( 'NONE', *, *, #1879, .F. ) ;
#270 = LINE ( 'NONE', #1787, #418 ) ;
#271 = DIRECTION ( 'NONE',  ( -0.000000000000000000, 1.000000000000000000, -0.000000000000000000 ) ) ;
#272 = ORIENTED_EDGE ( 'NONE', *, *, #177, .F. ) ;
#273 = EDGE_CURVE ( 'NONE', #846, #690, #971, .T. ) ;
#274 = DIRECTION ( 'NONE',  ( 1.000000000000000000, 0.000000000000000000, 0.000000000000000000 ) ) ;
#275 = PLANE ( 'NONE',  #812 ) ;
#276 = DIRECTION ( 'NONE',  ( 0.000000000000000000, -1.000000000000000000, 0.000000000000000000 ) ) ;
#277 = AXIS2_PLACEMENT_3D ( 'NONE', #1947, #933, #955 ) ;
#278 = EDGE_CURVE ( 'NONE', #1250, #293, #1663, .T. ) ;
#279 = VERTEX_POINT ( 'NONE', #268 ) ;
#280 = ORIENTED_EDGE ( 'NONE', *, *, #1435, .T. ) ;
#281 = DIRECTION ( 'NONE',  ( 1.000000000000000000, 0.000000000000000000, 0.000000000000000000 ) ) ;
#282 = CARTESIAN_POINT ( 'NONE',  ( -17.00000000000002132, 10.74999999999998224, 2.499999999999999556 ) ) ;
#283 = CARTESIAN_POINT ( 'NONE',  ( -3.999999999999983569, 135.0000000000000000, -1.724999999999999201 ) ) ;
#284 = EDGE_CURVE ( 'NONE', #38, #369, #919, .T. ) ;
#285 = ADVANCED_FACE ( 'NONE', ( #747 ), #588, .F. ) ;
#286 = AXIS2_PLACEMENT_3D ( 'NONE', #466, #2095, #1602 ) ;
#287 = ORIENTED_EDGE ( 'NONE', *, *, #390, .T. ) ;
#288 = CIRCLE ( 'NONE', #1490, 1.949999999999993516 ) ;
#289 = CARTESIAN_POINT ( 'NONE',  ( -64.34999999999999432, 146.0000000000000000, 0.000000000000000000 ) ) ;
#290 = LINE ( 'NONE', #644, #1744 ) ;
#291 = DIRECTION ( 'NONE',  ( 1.000000000000000000, 0.000000000000000000, 0.000000000000000000 ) ) ;
#292 = ORIENTED_EDGE ( 'NONE', *, *, #1081, .T. ) ;
#293 = VERTEX_POINT ( 'NONE', #142 ) ;
#294 = CARTESIAN_POINT ( 'NONE',  ( -44.49999999999998579, 130.2499999999999716, 1.000000000000000000 ) ) ;
#295 = DIRECTION ( 'NONE',  ( 1.445602896647339410E-16, 1.000000000000000000, 0.000000000000000000 ) ) ;
#296 = EDGE_LOOP ( 'NONE', ( #1013, #552, #816 ) ) ;
#297 = CARTESIAN_POINT ( 'NONE',  ( -63.14999999999999858, 14.75000000000000711, 4.500000000000000000 ) ) ;
#298 = LINE ( 'NONE', #2123, #59 ) ;
#299 = DIRECTION ( 'NONE',  ( -0.000000000000000000, 1.000000000000000000, -0.000000000000000000 ) ) ;
#300 = DIRECTION ( 'NONE',  ( -0.000000000000000000, -0.000000000000000000, 1.000000000000000000 ) ) ;
#301 = EDGE_CURVE ( 'NONE', #1024, #262, #2012, .T. ) ;
#302 = VERTEX_POINT ( 'NONE', #1760 ) ;
#303 = DIRECTION ( 'NONE',  ( -0.000000000000000000, -0.000000000000000000, 1.000000000000000000 ) ) ;
#304 = VERTEX_POINT ( 'NONE', #790 ) ;
#305 = LINE ( 'NONE', #958, #160 ) ;
#306 = DIRECTION ( 'NONE',  ( -1.724377212700604012E-16, -1.000000000000000000, 0.000000000000000000 ) ) ;
#307 = ORIENTED_EDGE ( 'NONE', *, *, #1885, .T. ) ;
#308 = EDGE_CURVE ( 'NONE', #1430, #470, #1395, .T. ) ;
#309 = CARTESIAN_POINT ( 'NONE',  ( 0.000000000000000000, 0.000000000000000000, 1.000000000000000000 ) ) ;
#310 = DIRECTION ( 'NONE',  ( 1.000000000000000000, 0.000000000000000000, 0.000000000000000000 ) ) ;
#311 = CYLINDRICAL_SURFACE ( 'NONE', #388, 1.650000000000000355 ) ;
#312 = AXIS2_PLACEMENT_3D ( 'NONE', #1749, #907, #1239 ) ;
#313 = ORIENTED_EDGE ( 'NONE', *, *, #1863, .T. ) ;
#314 = DIRECTION ( 'NONE',  ( 1.000000000000000000, 0.000000000000000000, 0.000000000000000000 ) ) ;
#315 = CARTESIAN_POINT ( 'NONE',  ( -10.00000000000000000, 15.00000000000000000, 1.974999999999999867 ) ) ;
#316 = EDGE_LOOP ( 'NONE', ( #428, #534 ) ) ;
#317 = AXIS2_PLACEMENT_3D ( 'NONE', #164, #306, #811 ) ;
#318 = VECTOR ( 'NONE', #1367, 1000.000000000000000 ) ;
#319 = VECTOR ( 'NONE', #1652, 1000.000000000000000 ) ;
#320 = DIRECTION ( 'NONE',  ( -0.000000000000000000, -0.000000000000000000, -1.000000000000000000 ) ) ;
#321 = CIRCLE ( 'NONE', #1736, 1.949999999999999512 ) ;
#322 = DIRECTION ( 'NONE',  ( -0.000000000000000000, -0.000000000000000000, -1.000000000000000000 ) ) ;
#323 = LINE ( 'NONE', #1282, #766 ) ;
#324 = AXIS2_PLACEMENT_3D ( 'NONE', #1300, #1658, #979 ) ;
#325 = CARTESIAN_POINT ( 'NONE',  ( -3.999999999999992450, 73.05401053445810078, 0.000000000000000000 ) ) ;
#326 = VERTEX_POINT ( 'NONE', #1428 ) ;
#327 = CARTESIAN_POINT ( 'NONE',  ( -10.00000000000000000, 16.94983973700404078, 0.000000000000000000 ) ) ;
#328 =( GEOMETRIC_REPRESENTATION_CONTEXT ( 3 ) GLOBAL_UNCERTAINTY_ASSIGNED_CONTEXT ( ( #1075 ) ) GLOBAL_UNIT_ASSIGNED_CONTEXT ( ( #987, #2031, #237 ) ) REPRESENTATION_CONTEXT ( 'NONE', 'WORKASPACE' ) );
#329 = ORIENTED_EDGE ( 'NONE', *, *, #657, .T. ) ;
#330 = EDGE_CURVE ( 'NONE', #809, #690, #1943, .T. ) ;
#331 = ORIENTED_EDGE ( 'NONE', *, *, #691, .T. ) ;
#332 = EDGE_CURVE ( 'NONE', #1509, #198, #1929, .T. ) ;
#333 = DIRECTION ( 'NONE',  ( -0.000000000000000000, -0.000000000000000000, 1.000000000000000000 ) ) ;
#334 = CARTESIAN_POINT ( 'NONE',  ( -66.00000000000000000, 146.0000000000000000, 2.499999999999999556 ) ) ;
#335 = CARTESIAN_POINT ( 'NONE',  ( -66.00000000000000000, 146.0000000000000000, 0.000000000000000000 ) ) ;
#336 = VERTEX_POINT ( 'NONE', #1911 ) ;
#337 = CARTESIAN_POINT ( 'NONE',  ( -20.00000000000002132, 89.25000000000000000, 4.500000000000000000 ) ) ;
#338 = CARTESIAN_POINT ( 'NONE',  ( -62.99999999999998579, 4.000000000000003553, 4.500000000000000000 ) ) ;
#339 = VERTEX_POINT ( 'NONE', #109 ) ;
#340 = CARTESIAN_POINT ( 'NONE',  ( -17.00000000000002132, 89.25000000000000000, 2.499999999999999556 ) ) ;
#341 = ORIENTED_EDGE ( 'NONE', *, *, #330, .F. ) ;
#342 = DIRECTION ( 'NONE',  ( 0.000000000000000000, 0.000000000000000000, -1.000000000000000000 ) ) ;
#343 = ORIENTED_EDGE ( 'NONE', *, *, #641, .F. ) ;
#344 = EDGE_CURVE ( 'NONE', #242, #942, #1783, .T. ) ;
#345 = PLANE ( 'NONE',  #1238 ) ;
#346 = DIRECTION ( 'NONE',  ( 1.000000000000000000, 0.000000000000000000, 0.000000000000000000 ) ) ;
#347 = VERTEX_POINT ( 'NONE', #423 ) ;
#348 = DIRECTION ( 'NONE',  ( -0.000000000000000000, -0.000000000000000000, -1.000000000000000000 ) ) ;
#349 = ADVANCED_FACE ( 'NONE', ( #1957 ), #1077, .F. ) ;
#350 = ORIENTED_EDGE ( 'NONE', *, *, #361, .T. ) ;
#351 = CARTESIAN_POINT ( 'NONE',  ( -59.00000000000000711, 10.74999999999998224, 2.499999999999999556 ) ) ;
#352 = AXIS2_PLACEMENT_3D ( 'NONE', #1723, #1251, #577 ) ;
#353 = ORIENTED_EDGE ( 'NONE', *, *, #1646, .T. ) ;
#354 = EDGE_CURVE ( 'NONE', #1444, #293, #1751, .T. ) ;
#355 = EDGE_CURVE ( 'NONE', #1647, #1185, #113, .T. ) ;
#356 = DIRECTION ( 'NONE',  ( 1.000000000000000000, -2.759003540320966024E-16, -0.000000000000000000 ) ) ;
#357 = ORIENTED_EDGE ( 'NONE', *, *, #512, .F. ) ;
#358 = VECTOR ( 'NONE', #443, 1000.000000000000000 ) ;
#359 = EDGE_LOOP ( 'NONE', ( #1817, #638, #1716, #1991 ) ) ;
#360 = CARTESIAN_POINT ( 'NONE',  ( -17.00000000000002132, 89.25000000000000000, 2.499999999999999556 ) ) ;
#361 = EDGE_CURVE ( 'NONE', #1872, #1460, #2078, .T. ) ;
#362 = VECTOR ( 'NONE', #948, 1000.000000000000000 ) ;
#363 = CARTESIAN_POINT ( 'NONE',  ( -66.00000000000000000, 146.0000000000000000, 2.499999999999999556 ) ) ;
#364 = EDGE_LOOP ( 'NONE', ( #8, #654, #1535, #1082 ) ) ;
#365 = LINE ( 'NONE', #810, #2015 ) ;
#366 = AXIS2_PLACEMENT_3D ( 'NONE', #681, #516, #1837 ) ;
#367 = ORIENTED_EDGE ( 'NONE', *, *, #1700, .T. ) ;
#368 = DIRECTION ( 'NONE',  ( 0.000000000000000000, 0.000000000000000000, -1.000000000000000000 ) ) ;
#369 = VERTEX_POINT ( 'NONE', #603 ) ;
#370 = FACE_OUTER_BOUND ( 'NONE', #482, .T. ) ;
#371 = DIRECTION ( 'NONE',  ( 1.000000000000000000, -0.000000000000000000, -0.000000000000000000 ) ) ;
#372 = EDGE_LOOP ( 'NONE', ( #375, #1113, #1086, #689 ) ) ;
#373 = CARTESIAN_POINT ( 'NONE',  ( -23.00000000000000711, 135.0000000000000000, 0.000000000000000000 ) ) ;
#374 = EDGE_CURVE ( 'NONE', #188, #1670, #2041, .T. ) ;
#375 = ORIENTED_EDGE ( 'NONE', *, *, #120, .T. ) ;
#376 = FACE_OUTER_BOUND ( 'NONE', #1448, .T. ) ;
#377 = CARTESIAN_POINT ( 'NONE',  ( -67.65000000000001990, 146.0000000000000000, 0.000000000000000000 ) ) ;
#378 = EDGE_CURVE ( 'NONE', #1, #886, #193, .T. ) ;
#379 = ORIENTED_EDGE ( 'NONE', *, *, #79, .T. ) ;
#380 = CARTESIAN_POINT ( 'NONE',  ( -4.000000000000003553, 0.000000000000000000, -4.000000000000000000 ) ) ;
#381 = AXIS2_PLACEMENT_3D ( 'NONE', #398, #1083, #1210 ) ;
#382 = AXIS2_PLACEMENT_3D ( 'NONE', #537, #1197, #1538 ) ;
#383 = ORIENTED_EDGE ( 'NONE', *, *, #1498, .F. ) ;
#384 = DIRECTION ( 'NONE',  ( 0.000000000000000000, -0.000000000000000000, 1.000000000000000000 ) ) ;
#385 = AXIS2_PLACEMENT_3D ( 'NONE', #827, #504, #682 ) ;
#386 = ORIENTED_EDGE ( 'NONE', *, *, #713, .F. ) ;
#387 = EDGE_LOOP ( 'NONE', ( #341, #92 ) ) ;
#388 = AXIS2_PLACEMENT_3D ( 'NONE', #494, #1816, #655 ) ;
#389 = CARTESIAN_POINT ( 'NONE',  ( -20.00000000000002132, 10.74999999999998224, 2.499999999999999556 ) ) ;
#390 = EDGE_CURVE ( 'NONE', #1800, #1953, #1918, .T. ) ;
#391 = EDGE_LOOP ( 'NONE', ( #2055, #2116, #1148, #647 ) ) ;
#392 = LINE ( 'NONE', #696, #247 ) ;
#393 = CARTESIAN_POINT ( 'NONE',  ( -65.99999999999998579, 4.000000000000003553, 2.499999999999999556 ) ) ;
#394 = EDGE_LOOP ( 'NONE', ( #175, #425, #211, #642 ) ) ;
#395 = PLANE ( 'NONE',  #1231 ) ;
#396 = LINE ( 'NONE', #236, #892 ) ;
#397 = VERTEX_POINT ( 'NONE', #952 ) ;
#398 = CARTESIAN_POINT ( 'NONE',  ( -65.99999999999998579, 4.000000000000003553, 2.499999999999999556 ) ) ;
#399 = ORIENTED_EDGE ( 'NONE', *, *, #1098, .F. ) ;
#400 = CARTESIAN_POINT ( 'NONE',  ( -14.00000000000002309, 89.25000000000000000, 2.499999999999999556 ) ) ;
#401 = ORIENTED_EDGE ( 'NONE', *, *, #301, .F. ) ;
#402 = ORIENTED_EDGE ( 'NONE', *, *, #996, .T. ) ;
#403 = DIRECTION ( 'NONE',  ( -0.000000000000000000, -0.000000000000000000, 1.000000000000000000 ) ) ;
#404 = DIRECTION ( 'NONE',  ( -0.000000000000000000, -1.000000000000000000, -0.000000000000000000 ) ) ;
#405 = EDGE_CURVE ( 'NONE', #1360, #612, #1603, .T. ) ;
#406 = VECTOR ( 'NONE', #917, 1000.000000000000000 ) ;
#407 = ORIENTED_EDGE ( 'NONE', *, *, #308, .T. ) ;
#408 = CYLINDRICAL_SURFACE ( 'NONE', #1223, 3.000000000000002665 ) ;
#409 = CLOSED_SHELL ( 'NONE', ( #540, #1836, #2102, #106, #1276, #1031, #1418, #738, #2080, #1902, #861, #437, #1521, #1625, #2038, #1246, #1193, #2094, #234, #429, #1650, #2059, #901, #1333, #285, #2029, #217, #2037, #841, #228, #1721, #956, #480, #349, #1972, #1492, #1370, #2100, #1627, #1324, #502, #2079, #1554, #221, #1511, #882, #1018, #1036, #126, #511, #1091, #22, #728, #65, #732, #1392, #803, #862, #824, #1127, #819, #1811, #550 ) ) ;
#410 = LINE ( 'NONE', #741, #775 ) ;
#411 = FACE_OUTER_BOUND ( 'NONE', #2050, .T. ) ;
#412 = VERTEX_POINT ( 'NONE', #1281 ) ;
#413 = CIRCLE ( 'NONE', #1489, 3.000000000000002665 ) ;
#414 = ORIENTED_EDGE ( 'NONE', *, *, #2017, .T. ) ;
#415 = CARTESIAN_POINT ( 'NONE',  ( -10.00000000000000000, 135.0000000000000000, 0.2250000000000003664 ) ) ;
#416 = DIRECTION ( 'NONE',  ( -0.000000000000000000, -0.000000000000000000, 1.000000000000000000 ) ) ;
#417 = CIRCLE ( 'NONE', #286, 1.650000000000000355 ) ;
#418 = VECTOR ( 'NONE', #1088, 1000.000000000000000 ) ;
#419 = ORIENTED_EDGE ( 'NONE', *, *, #1109, .T. ) ;
#420 = CIRCLE ( 'NONE', #1913, 3.000000000000002665 ) ;
#421 = DIRECTION ( 'NONE',  ( 1.000000000000000000, 0.000000000000000000, 0.000000000000000000 ) ) ;
#422 = CYLINDRICAL_SURFACE ( 'NONE', #983, 1.649999999999998579 ) ;
#423 = CARTESIAN_POINT ( 'NONE',  ( 0.000000000000000000, 15.00000000000000000, 1.974999999999999867 ) ) ;
#424 = DIRECTION ( 'NONE',  ( -0.000000000000000000, -1.000000000000000000, -0.000000000000000000 ) ) ;
#425 = ORIENTED_EDGE ( 'NONE', *, *, #1249, .F. ) ;
#426 = CARTESIAN_POINT ( 'NONE',  ( -68.99999999999998579, 4.000000000000003553, 4.500000000000000000 ) ) ;
#427 = CARTESIAN_POINT ( 'NONE',  ( -23.00000000000000711, 105.0000000000000142, 4.500000000000000000 ) ) ;
#428 = ORIENTED_EDGE ( 'NONE', *, *, #947, .F. ) ;
#429 = ADVANCED_FACE ( 'NONE', ( #1738 ), #493, .F. ) ;
#430 = ORIENTED_EDGE ( 'NONE', *, *, #1618, .F. ) ;
#431 = DIRECTION ( 'NONE',  ( -0.000000000000000000, -0.000000000000000000, -1.000000000000000000 ) ) ;
#432 = FACE_OUTER_BOUND ( 'NONE', #1986, .T. ) ;
#433 = CARTESIAN_POINT ( 'NONE',  ( -70.00000000000000000, 0.000000000000000000, 4.500000000000000000 ) ) ;
#434 = ORIENTED_EDGE ( 'NONE', *, *, #1471, .T. ) ;
#435 = EDGE_CURVE ( 'NONE', #1483, #831, #964, .T. ) ;
#436 = CARTESIAN_POINT ( 'NONE',  ( -31.50000000000000000, 130.2499999999999716, 0.000000000000000000 ) ) ;
#437 = ADVANCED_FACE ( 'NONE', ( #2000 ), #1672, .F. ) ;
#438 = CARTESIAN_POINT ( 'NONE',  ( -10.00000000000000000, 135.0000000000000000, 2.174999999999999822 ) ) ;
#439 = DIRECTION ( 'NONE',  ( 1.000000000000000000, 0.000000000000000000, 0.000000000000000000 ) ) ;
#440 = ORIENTED_EDGE ( 'NONE', *, *, #203, .F. ) ;
#441 = DIRECTION ( 'NONE',  ( 1.000000000000000000, -0.000000000000000000, -0.000000000000000000 ) ) ;
#442 = DIRECTION ( 'NONE',  ( 1.445602896647339410E-16, 1.000000000000000000, 0.000000000000000000 ) ) ;
#443 = DIRECTION ( 'NONE',  ( -0.000000000000000000, 1.000000000000000000, -0.000000000000000000 ) ) ;
#444 = AXIS2_PLACEMENT_3D ( 'NONE', #1566, #768, #1062 ) ;
#445 = ORIENTED_EDGE ( 'NONE', *, *, #574, .F. ) ;
#446 = CARTESIAN_POINT ( 'NONE',  ( 0.000000000000000000, 150.0000000000000000, 0.000000000000000000 ) ) ;
#447 = LINE ( 'NONE', #1102, #1008 ) ;
#448 = AXIS2_PLACEMENT_3D ( 'NONE', #363, #10, #1484 ) ;
#449 = DIRECTION ( 'NONE',  ( -0.000000000000000000, -0.000000000000000000, 1.000000000000000000 ) ) ;
#450 = CIRCLE ( 'NONE', #663, 6.099999999999973888 ) ;
#451 = AXIS2_PLACEMENT_3D ( 'NONE', #1973, #168, #814 ) ;
#452 = EDGE_LOOP ( 'NONE', ( #1067, #515 ) ) ;
#453 = AXIS2_PLACEMENT_3D ( 'NONE', #1236, #1755, #2070 ) ;
#454 = EDGE_CURVE ( 'NONE', #1509, #938, #1339, .T. ) ;
#455 = DIRECTION ( 'NONE',  ( -0.000000000000000000, -1.000000000000000000, -0.000000000000000000 ) ) ;
#456 = FACE_OUTER_BOUND ( 'NONE', #1659, .T. ) ;
#457 = DIRECTION ( 'NONE',  ( 0.000000000000000000, 0.000000000000000000, 1.000000000000000000 ) ) ;
#458 = DIRECTION ( 'NONE',  ( 1.000000000000000000, 0.000000000000000000, 0.000000000000000000 ) ) ;
#459 = ORIENTED_EDGE ( 'NONE', *, *, #5, .F. ) ;
#460 = LINE ( 'NONE', #1431, #1196 ) ;
#461 = ORIENTED_EDGE ( 'NONE', *, *, #1463, .F. ) ;
#462 = DIRECTION ( 'NONE',  ( 0.000000000000000000, -1.000000000000000000, 0.000000000000000000 ) ) ;
#463 = DIRECTION ( 'NONE',  ( -0.000000000000000000, -0.000000000000000000, 1.000000000000000000 ) ) ;
#464 = ORIENTED_EDGE ( 'NONE', *, *, #733, .F. ) ;
#465 = ORIENTED_EDGE ( 'NONE', *, *, #206, .T. ) ;
#466 = CARTESIAN_POINT ( 'NONE',  ( -17.00000000000002132, 89.25000000000000000, 0.000000000000000000 ) ) ;
#467 = DIRECTION ( 'NONE',  ( 1.000000000000000000, -0.000000000000000000, -0.000000000000000000 ) ) ;
#468 = DIRECTION ( 'NONE',  ( 0.000000000000000000, 0.000000000000000000, -1.000000000000000000 ) ) ;
#469 = DIRECTION ( 'NONE',  ( -0.000000000000000000, -0.000000000000000000, 1.000000000000000000 ) ) ;
#470 = VERTEX_POINT ( 'NONE', #1456 ) ;
#471 = CARTESIAN_POINT ( 'NONE',  ( -60.65000000000000568, 10.74999999999998224, 2.499999999999999556 ) ) ;
#472 = CARTESIAN_POINT ( 'NONE',  ( -59.00000000000000711, 10.74999999999998224, 0.000000000000000000 ) ) ;
#473 = ORIENTED_EDGE ( 'NONE', *, *, #1232, .T. ) ;
#474 = LINE ( 'NONE', #1638, #1375 ) ;
#475 = EDGE_CURVE ( 'NONE', #729, #801, #517, .T. ) ;
#476 = DIRECTION ( 'NONE',  ( 0.000000000000000000, 0.000000000000000000, -1.000000000000000000 ) ) ;
#477 = DIRECTION ( 'NONE',  ( 0.000000000000000000, 0.000000000000000000, -1.000000000000000000 ) ) ;
#478 = CARTESIAN_POINT ( 'NONE',  ( -44.49999999999998579, 130.2499999999999716, 0.000000000000000000 ) ) ;
#479 = DIRECTION ( 'NONE',  ( 1.000000000000000000, -0.000000000000000000, -0.000000000000000000 ) ) ;
#480 = ADVANCED_FACE ( 'NONE', ( #158 ), #1163, .F. ) ;
#481 = EDGE_CURVE ( 'NONE', #339, #2018, #1404, .T. ) ;
#482 = EDGE_LOOP ( 'NONE', ( #73, #773, #245, #1452 ) ) ;
#483 = DIRECTION ( 'NONE',  ( 0.000000000000000000, 0.000000000000000000, -1.000000000000000000 ) ) ;
#484 = FACE_BOUND ( 'NONE', #1350, .T. ) ;
#485 = EDGE_CURVE ( 'NONE', #1430, #336, #1794, .T. ) ;
#486 = CIRCLE ( 'NONE', #1314, 3.000000000000002665 ) ;
#487 = ORIENTED_EDGE ( 'NONE', *, *, #1726, .T. ) ;
#488 = AXIS2_PLACEMENT_3D ( 'NONE', #2088, #1584, #95 ) ;
#489 = AXIS2_PLACEMENT_3D ( 'NONE', #1142, #665, #1312 ) ;
#490 = CARTESIAN_POINT ( 'NONE',  ( -69.00000000000000000, 146.0000000000000000, 2.499999999999999556 ) ) ;
#491 = VECTOR ( 'NONE', #371, 1000.000000000000000 ) ;
#492 = FACE_OUTER_BOUND ( 'NONE', #1853, .T. ) ;
#493 = CYLINDRICAL_SURFACE ( 'NONE', #2014, 1.650000000000012568 ) ;
#494 = CARTESIAN_POINT ( 'NONE',  ( -17.00000000000002132, 89.25000000000000000, 0.000000000000000000 ) ) ;
#495 = DIRECTION ( 'NONE',  ( 0.000000000000000000, 0.000000000000000000, -1.000000000000000000 ) ) ;
#496 = ORIENTED_EDGE ( 'NONE', *, *, #454, .T. ) ;
#497 = DIRECTION ( 'NONE',  ( 1.000000000000000000, 0.000000000000000000, 0.000000000000000000 ) ) ;
#498 = EDGE_CURVE ( 'NONE', #579, #1372, #1656, .T. ) ;
#499 = EDGE_LOOP ( 'NONE', ( #272, #1842, #218, #1001 ) ) ;
#500 = FACE_OUTER_BOUND ( 'NONE', #1691, .T. ) ;
#501 = EDGE_LOOP ( 'NONE', ( #555, #1464 ) ) ;
#502 = ADVANCED_FACE ( 'NONE', ( #28 ), #653, .F. ) ;
#503 = CARTESIAN_POINT ( 'NONE',  ( -10.00000000000000000, 135.0000000000000000, 0.2250000000000003664 ) ) ;
#504 = DIRECTION ( 'NONE',  ( -0.000000000000000000, -0.000000000000000000, 1.000000000000000000 ) ) ;
#505 = ORIENTED_EDGE ( 'NONE', *, *, #390, .F. ) ;
#506 = DIRECTION ( 'NONE',  ( 0.000000000000000000, 0.000000000000000000, 1.000000000000000000 ) ) ;
#507 = EDGE_LOOP ( 'NONE', ( #1812, #786, #1187, #678 ) ) ;
#508 = LINE ( 'NONE', #1499, #1132 ) ;
#509 = ORIENTED_EDGE ( 'NONE', *, *, #1577, .T. ) ;
#510 = CYLINDRICAL_SURFACE ( 'NONE', #226, 3.000000000000002665 ) ;
#511 = ADVANCED_FACE ( 'NONE', ( #1326, #1059 ), #1684, .T. ) ;
#512 = EDGE_CURVE ( 'NONE', #242, #985, #1980, .T. ) ;
#513 = ORIENTED_EDGE ( 'NONE', *, *, #601, .T. ) ;
#514 = CARTESIAN_POINT ( 'NONE',  ( -53.00000000000000711, 135.0000000000000000, 0.000000000000000000 ) ) ;
#515 = ORIENTED_EDGE ( 'NONE', *, *, #1225, .T. ) ;
#516 = DIRECTION ( 'NONE',  ( 0.000000000000000000, 0.000000000000000000, 1.000000000000000000 ) ) ;
#517 = LINE ( 'NONE', #1315, #114 ) ;
#518 = CARTESIAN_POINT ( 'NONE',  ( -18.65000000000002345, 10.74999999999998224, 0.000000000000000000 ) ) ;
#519 = ORIENTED_EDGE ( 'NONE', *, *, #1232, .F. ) ;
#520 = DIRECTION ( 'NONE',  ( 0.000000000000000000, 0.000000000000000000, 1.000000000000000000 ) ) ;
#521 = ORIENTED_EDGE ( 'NONE', *, *, #120, .F. ) ;
#522 = DIRECTION ( 'NONE',  ( 1.000000000000000000, -0.000000000000000000, -0.000000000000000000 ) ) ;
#523 = AXIS2_PLACEMENT_3D ( 'NONE', #1446, #1293, #613 ) ;
#524 = AXIS2_PLACEMENT_3D ( 'NONE', #1758, #1551, #1226 ) ;
#525 = ORIENTED_EDGE ( 'NONE', *, *, #2054, .F. ) ;
#526 = DIRECTION ( 'NONE',  ( -0.000000000000000000, -0.000000000000000000, 1.000000000000000000 ) ) ;
#527 = VERTEX_POINT ( 'NONE', #103 ) ;
#528 = EDGE_CURVE ( 'NONE', #1697, #2008, #1849, .T. ) ;
#529 = VERTEX_POINT ( 'NONE', #890 ) ;
#530 = CARTESIAN_POINT ( 'NONE',  ( -62.00000000000000711, 10.74999999999998224, 2.499999999999999556 ) ) ;
#531 = AXIS2_PLACEMENT_3D ( 'NONE', #244, #2052, #692 ) ;
#532 = DIRECTION ( 'NONE',  ( -0.000000000000000000, -0.000000000000000000, -1.000000000000000000 ) ) ;
#533 = CIRCLE ( 'NONE', #453, 1.650000000000012568 ) ;
#534 = ORIENTED_EDGE ( 'NONE', *, *, #374, .F. ) ;
#535 = EDGE_CURVE ( 'NONE', #1376, #1474, #1548, .T. ) ;
#536 = AXIS2_PLACEMENT_3D ( 'NONE', #1198, #1539, #72 ) ;
#537 = CARTESIAN_POINT ( 'NONE',  ( -4.000000000000001776, 15.00000000000000000, 0.02500000000000069528 ) ) ;
#538 = CIRCLE ( 'NONE', #1072, 1.650000000000000355 ) ;
#539 = ORIENTED_EDGE ( 'NONE', *, *, #669, .F. ) ;
#540 = ADVANCED_FACE ( 'NONE', ( #1801 ), #1108, .F. ) ;
#541 = ORIENTED_EDGE ( 'NONE', *, *, #1702, .T. ) ;
#542 = FACE_OUTER_BOUND ( 'NONE', #1331, .T. ) ;
#543 = ORIENTED_EDGE ( 'NONE', *, *, #278, .T. ) ;
#544 = CARTESIAN_POINT ( 'NONE',  ( -47.68869131004423423, 137.9999999999999716, 0.000000000000000000 ) ) ;
#545 = ORIENTED_EDGE ( 'NONE', *, *, #332, .F. ) ;
#546 = LINE ( 'NONE', #1049, #1486 ) ;
#547 = EDGE_LOOP ( 'NONE', ( #624, #719 ) ) ;
#548 = DIRECTION ( 'NONE',  ( 1.445602896647339410E-16, 1.000000000000000000, 0.000000000000000000 ) ) ;
#549 = EDGE_LOOP ( 'NONE', ( #1664, #2074 ) ) ;
#550 = ADVANCED_FACE ( 'NONE', ( #500 ), #1477, .T. ) ;
#551 = EDGE_CURVE ( 'NONE', #1185, #2005, #1288, .T. ) ;
#552 = ORIENTED_EDGE ( 'NONE', *, *, #2054, .T. ) ;
#553 = CIRCLE ( 'NONE', #185, 1.649999999999998579 ) ;
#554 = VECTOR ( 'NONE', #31, 1000.000000000000000 ) ;
#555 = ORIENTED_EDGE ( 'NONE', *, *, #949, .T. ) ;
#556 =( NAMED_UNIT ( * ) PLANE_ANGLE_UNIT ( ) SI_UNIT ( $, .RADIAN. ) );
#557 = VECTOR ( 'NONE', #271, 1000.000000000000000 ) ;
#558 = CARTESIAN_POINT ( 'NONE',  ( -62.00000000000000711, 89.25000000000000000, 4.500000000000000000 ) ) ;
#559 = AXIS2_PLACEMENT_3D ( 'NONE', #154, #320, #804 ) ;
#560 = VERTEX_POINT ( 'NONE', #778 ) ;
#561 = AXIS2_PLACEMENT_3D ( 'NONE', #340, #1320, #184 ) ;
#562 = CARTESIAN_POINT ( 'NONE',  ( -17.68869131004422712, 138.0000000000000000, -0.000000000000000000 ) ) ;
#563 = DIRECTION ( 'NONE',  ( 0.000000000000000000, 0.000000000000000000, 1.000000000000000000 ) ) ;
#564 = AXIS2_PLACEMENT_3D ( 'NONE', #1655, #1152, #826 ) ;
#565 = ORIENTED_EDGE ( 'NONE', *, *, #891, .T. ) ;
#566 = CARTESIAN_POINT ( 'NONE',  ( -14.00000000000002309, 10.74999999999998224, 4.500000000000000000 ) ) ;
#567 = EDGE_CURVE ( 'NONE', #886, #397, #15, .T. ) ;
#568 = CYLINDRICAL_SURFACE ( 'NONE', #1547, 1.949999999999998401 ) ;
#569 = ORIENTED_EDGE ( 'NONE', *, *, #1796, .T. ) ;
#570 = ORIENTED_EDGE ( 'NONE', *, *, #662, .T. ) ;
#571 = EDGE_CURVE ( 'NONE', #262, #347, #1771, .T. ) ;
#572 = LINE ( 'NONE', #90, #736 ) ;
#573 = FACE_OUTER_BOUND ( 'NONE', #1644, .T. ) ;
#574 = EDGE_CURVE ( 'NONE', #1611, #1491, #1426, .T. ) ;
#575 = PRODUCT_DEFINITION ( 'UNKNOWN', '', #200, #1217 ) ;
#576 = VERTEX_POINT ( 'NONE', #1438 ) ;
#577 = DIRECTION ( 'NONE',  ( 0.000000000000000000, 0.000000000000000000, -1.000000000000000000 ) ) ;
#578 = DIRECTION ( 'NONE',  ( 1.000000000000000000, 0.000000000000000000, 0.000000000000000000 ) ) ;
#579 = VERTEX_POINT ( 'NONE', #297 ) ;
#580 = FACE_BOUND ( 'NONE', #173, .T. ) ;
#581 = CARTESIAN_POINT ( 'NONE',  ( -68.99999999999998579, 4.000000000000003553, 2.499999999999999556 ) ) ;
#582 = ORIENTED_EDGE ( 'NONE', *, *, #1792, .T. ) ;
#583 = AXIS2_PLACEMENT_3D ( 'NONE', #2086, #1887, #745 ) ;
#584 = ORIENTED_EDGE ( 'NONE', *, *, #273, .T. ) ;
#585 = CARTESIAN_POINT ( 'NONE',  ( -59.00000000000000711, 10.74999999999998224, 2.499999999999999556 ) ) ;
#586 = CIRCLE ( 'NONE', #1936, 1.949999999999999067 ) ;
#587 = DIRECTION ( 'NONE',  ( 0.000000000000000000, 0.000000000000000000, 1.000000000000000000 ) ) ;
#588 = PLANE ( 'NONE',  #627 ) ;
#589 = ORIENTED_EDGE ( 'NONE', *, *, #1133, .F. ) ;
#590 = CIRCLE ( 'NONE', #80, 3.000000000000002665 ) ;
#591 = AXIS2_PLACEMENT_3D ( 'NONE', #2027, #1542, #1361 ) ;
#592 = EDGE_CURVE ( 'NONE', #1360, #783, #417, .T. ) ;
#593 = ORIENTED_EDGE ( 'NONE', *, *, #567, .F. ) ;
#594 = FACE_BOUND ( 'NONE', #316, .T. ) ;
#595 = LINE ( 'NONE', #1434, #557 ) ;
#596 = AXIS2_PLACEMENT_3D ( 'NONE', #351, #1488, #12 ) ;
#597 = EDGE_CURVE ( 'NONE', #151, #339, #140, .T. ) ;
#598 = CIRCLE ( 'NONE', #1810, 1.649999999999991696 ) ;
#599 = VERTEX_POINT ( 'NONE', #961 ) ;
#600 = CYLINDRICAL_SURFACE ( 'NONE', #312, 1.949999999999998401 ) ;
#601 = EDGE_CURVE ( 'NONE', #783, #1360, #2073, .T. ) ;
#602 = CARTESIAN_POINT ( 'NONE',  ( -4.000000000000001776, 16.94983973700404078, 0.000000000000000000 ) ) ;
#603 = CARTESIAN_POINT ( 'NONE',  ( -17.68869131004422712, 138.0000000000000000, 4.500000000000000000 ) ) ;
#604 = ORIENTED_EDGE ( 'NONE', *, *, #1359, .F. ) ;
#605 = FACE_OUTER_BOUND ( 'NONE', #1487, .T. ) ;
#606 = DIRECTION ( 'NONE',  ( 1.000000000000000000, 0.000000000000000000, 0.000000000000000000 ) ) ;
#607 = FACE_BOUND ( 'NONE', #1925, .T. ) ;
#608 = ORIENTED_EDGE ( 'NONE', *, *, #1041, .T. ) ;
#609 = LINE ( 'NONE', #1383, #146 ) ;
#610 = CARTESIAN_POINT ( 'NONE',  ( 0.000000000000000000, 0.000000000000000000, 4.500000000000000000 ) ) ;
#611 = DIRECTION ( 'NONE',  ( 0.000000000000000000, 0.000000000000000000, -1.000000000000000000 ) ) ;
#612 = VERTEX_POINT ( 'NONE', #1613 ) ;
#613 = DIRECTION ( 'NONE',  ( 1.000000000000000000, 0.000000000000000000, 0.000000000000000000 ) ) ;
#614 = CARTESIAN_POINT ( 'NONE',  ( -65.99999999999998579, 4.000000000000003553, 2.499999999999999556 ) ) ;
#615 = CARTESIAN_POINT ( 'NONE',  ( -70.00000000000000000, 150.0000000000000000, 4.500000000000000000 ) ) ;
#616 = EDGE_CURVE ( 'NONE', #1899, #2005, #413, .T. ) ;
#617 = DIRECTION ( 'NONE',  ( -0.000000000000000000, -0.000000000000000000, 1.000000000000000000 ) ) ;
#618 = CARTESIAN_POINT ( 'NONE',  ( -57.35000000000000853, 10.74999999999998224, 0.000000000000000000 ) ) ;
#619 = CARTESIAN_POINT ( 'NONE',  ( -53.00000000000000711, 135.0000000000000000, 0.000000000000000000 ) ) ;
#620 = FILL_AREA_STYLE_COLOUR ( '', #2076 ) ;
#621 = EDGE_LOOP ( 'NONE', ( #1785, #1713, #430, #1626, #980, #716, #855, #1123, #1190, #1685, #693, #440, #1819, #1601, #1518, #1512 ) ) ;
#622 = FACE_OUTER_BOUND ( 'NONE', #1668, .T. ) ;
#623 = AXIS2_PLACEMENT_3D ( 'NONE', #1180, #1852, #850 ) ;
#624 = ORIENTED_EDGE ( 'NONE', *, *, #1553, .F. ) ;
#625 = DIRECTION ( 'NONE',  ( 0.000000000000000000, 0.000000000000000000, 1.000000000000000000 ) ) ;
#626 = LINE ( 'NONE', #264, #152 ) ;
#627 = AXIS2_PLACEMENT_3D ( 'NONE', #2065, #1421, #909 ) ;
#628 = AXIS2_PLACEMENT_3D ( 'NONE', #645, #179, #477 ) ;
#629 = EDGE_LOOP ( 'NONE', ( #604, #2117, #367, #1259 ) ) ;
#630 = AXIS2_PLACEMENT_3D ( 'NONE', #945, #1742, #606 ) ;
#631 = ORIENTED_EDGE ( 'NONE', *, *, #1149, .T. ) ;
#632 = CARTESIAN_POINT ( 'NONE',  ( -10.00000000000000000, 15.00000000000000000, 0.02500000000000069528 ) ) ;
#633 = CARTESIAN_POINT ( 'NONE',  ( -63.00000000000000000, 146.0000000000000000, 4.500000000000000000 ) ) ;
#634 = DIRECTION ( 'NONE',  ( -0.000000000000000000, -0.000000000000000000, 1.000000000000000000 ) ) ;
#635 = FACE_OUTER_BOUND ( 'NONE', #920, .T. ) ;
#636 = CIRCLE ( 'NONE', #1459, 1.649999999999998579 ) ;
#637 = DIRECTION ( 'NONE',  ( 1.000000000000000000, 0.000000000000000000, 0.000000000000000000 ) ) ;
#638 = ORIENTED_EDGE ( 'NONE', *, *, #823, .T. ) ;
#639 = CARTESIAN_POINT ( 'NONE',  ( -31.50000000000000000, 85.24999999999998579, 1.000000000000000000 ) ) ;
#640 = CARTESIAN_POINT ( 'NONE',  ( -65.99999999999998579, 4.000000000000003553, 4.500000000000000000 ) ) ;
#641 = EDGE_CURVE ( 'NONE', #1832, #709, #787, .T. ) ;
#642 = ORIENTED_EDGE ( 'NONE', *, *, #1857, .T. ) ;
#643 = DIRECTION ( 'NONE',  ( 1.000000000000000000, -1.445602896647339410E-16, 0.000000000000000000 ) ) ;
#644 = CARTESIAN_POINT ( 'NONE',  ( -63.00000000000000000, 146.0000000000000000, 2.499999999999999556 ) ) ;
#645 = CARTESIAN_POINT ( 'NONE',  ( -47.68869131004422002, 108.0000000000000000, 0.000000000000000000 ) ) ;
#646 = CARTESIAN_POINT ( 'NONE',  ( -56.00000000000000000, 89.25000000000000000, 2.499999999999999556 ) ) ;
#647 = ORIENTED_EDGE ( 'NONE', *, *, #1814, .F. ) ;
#648 = CARTESIAN_POINT ( 'NONE',  ( -57.35000000000000853, 89.25000000000000000, 2.499999999999999556 ) ) ;
#649 = PLANE ( 'NONE',  #1938 ) ;
#650 = ORIENTED_EDGE ( 'NONE', *, *, #1720, .T. ) ;
#651 = CARTESIAN_POINT ( 'NONE',  ( -47.68869131004422002, 108.0000000000000000, 4.500000000000000000 ) ) ;
#652 = CYLINDRICAL_SURFACE ( 'NONE', #536, 1.650000000000000355 ) ;
#653 = CYLINDRICAL_SURFACE ( 'NONE', #385, 3.000000000000002665 ) ;
#654 = ORIENTED_EDGE ( 'NONE', *, *, #1569, .T. ) ;
#655 = DIRECTION ( 'NONE',  ( 1.000000000000000000, 0.000000000000000000, 0.000000000000000000 ) ) ;
#656 = CARTESIAN_POINT ( 'NONE',  ( -12.84999999999999964, 85.24999999999997158, 4.500000000000000000 ) ) ;
#657 = EDGE_CURVE ( 'NONE', #1329, #599, #51, .T. ) ;
#658 = VECTOR ( 'NONE', #123, 1000.000000000000000 ) ;
#659 = ORIENTED_EDGE ( 'NONE', *, *, #1618, .T. ) ;
#660 = FACE_OUTER_BOUND ( 'NONE', #1578, .T. ) ;
#661 = ORIENTED_EDGE ( 'NONE', *, *, #361, .F. ) ;
#662 = EDGE_CURVE ( 'NONE', #2051, #1890, #1772, .T. ) ;
#663 = AXIS2_PLACEMENT_3D ( 'NONE', #744, #1224, #1389 ) ;
#664 = VECTOR ( 'NONE', #356, 1000.000000000000000 ) ;
#665 = DIRECTION ( 'NONE',  ( 0.000000000000000000, 0.000000000000000000, 1.000000000000000000 ) ) ;
#666 = ORIENTED_EDGE ( 'NONE', *, *, #344, .F. ) ;
#667 = VECTOR ( 'NONE', #424, 1000.000000000000000 ) ;
#668 = FACE_OUTER_BOUND ( 'NONE', #1270, .T. ) ;
#669 = EDGE_CURVE ( 'NONE', #134, #2019, #1666, .T. ) ;
#670 = ORIENTED_EDGE ( 'NONE', *, *, #98, .F. ) ;
#671 = DIRECTION ( 'NONE',  ( 0.000000000000000000, 1.000000000000000000, 0.000000000000000000 ) ) ;
#672 = CIRCLE ( 'NONE', #1038, 1.950000000000007283 ) ;
#673 = EDGE_CURVE ( 'NONE', #1024, #279, #939, .T. ) ;
#674 = APPLICATION_CONTEXT ( 'automotive_design' ) ;
#675 = CARTESIAN_POINT ( 'NONE',  ( 0.000000000000000000, 0.000000000000000000, 4.500000000000000000 ) ) ;
#676 = ORIENTED_EDGE ( 'NONE', *, *, #1596, .T. ) ;
#677 = DIRECTION ( 'NONE',  ( -0.000000000000000000, -0.000000000000000000, 1.000000000000000000 ) ) ;
#678 = ORIENTED_EDGE ( 'NONE', *, *, #1356, .T. ) ;
#679 = CARTESIAN_POINT ( 'NONE',  ( -47.68869131004422002, 102.0000000000000142, 0.000000000000000000 ) ) ;
#680 = ORIENTED_EDGE ( 'NONE', *, *, #1726, .F. ) ;
#681 = CARTESIAN_POINT ( 'NONE',  ( 0.000000000000000000, 0.000000000000000000, 0.000000000000000000 ) ) ;
#682 = DIRECTION ( 'NONE',  ( 1.000000000000000000, 0.000000000000000000, 0.000000000000000000 ) ) ;
#683 = ORIENTED_EDGE ( 'NONE', *, *, #1885, .F. ) ;
#684 = DIRECTION ( 'NONE',  ( -0.000000000000000000, -0.000000000000000000, 1.000000000000000000 ) ) ;
#685 = EDGE_LOOP ( 'NONE', ( #402, #23 ) ) ;
#686 = FACE_OUTER_BOUND ( 'NONE', #67, .T. ) ;
#687 = EDGE_LOOP ( 'NONE', ( #1310, #993, #383, #2028 ) ) ;
#688 = LINE ( 'NONE', #1648, #1908 ) ;
#689 = ORIENTED_EDGE ( 'NONE', *, *, #498, .T. ) ;
#690 = VERTEX_POINT ( 'NONE', #651 ) ;
#691 = EDGE_CURVE ( 'NONE', #1444, #29, #474, .T. ) ;
#692 = DIRECTION ( 'NONE',  ( 0.000000000000000000, 0.000000000000000000, -1.000000000000000000 ) ) ;
#693 = ORIENTED_EDGE ( 'NONE', *, *, #1796, .F. ) ;
#694 = DIRECTION ( 'NONE',  ( 1.000000000000000000, 0.000000000000000000, 0.000000000000000000 ) ) ;
#695 = ORIENTED_EDGE ( 'NONE', *, *, #984, .T. ) ;
#696 = CARTESIAN_POINT ( 'NONE',  ( -44.50000000000000000, 85.24999999999998579, 0.000000000000000000 ) ) ;
#697 = LINE ( 'NONE', #182, #1302 ) ;
#698 = ORIENTED_EDGE ( 'NONE', *, *, #2032, .T. ) ;
#699 = CIRCLE ( 'NONE', #1129, 1.949999999999999067 ) ;
#700 = LINE ( 'NONE', #63, #1903 ) ;
#701 = EDGE_LOOP ( 'NONE', ( #631, #1266 ) ) ;
#702 = CIRCLE ( 'NONE', #1519, 6.099999999999983658 ) ;
#703 = VECTOR ( 'NONE', #1153, 1000.000000000000000 ) ;
#704 = ORIENTED_EDGE ( 'NONE', *, *, #1924, .F. ) ;
#705 = CARTESIAN_POINT ( 'NONE',  ( -44.49999999999998579, 130.2499999999999716, 1.000000000000000000 ) ) ;
#706 = CIRCLE ( 'NONE', #1906, 3.000000000000002665 ) ;
#707 = PLANE ( 'NONE',  #1974 ) ;
#708 = AXIS2_PLACEMENT_3D ( 'NONE', #2004, #197, #1168 ) ;
#709 = VERTEX_POINT ( 'NONE', #1298 ) ;
#710 = DIRECTION ( 'NONE',  ( 1.000000000000000000, 0.000000000000000000, 0.000000000000000000 ) ) ;
#711 = EDGE_LOOP ( 'NONE', ( #876, #704 ) ) ;
#712 = DIRECTION ( 'NONE',  ( 1.000000000000000000, 0.000000000000000000, 0.000000000000000000 ) ) ;
#713 = EDGE_CURVE ( 'NONE', #1832, #1697, #83, .T. ) ;
#714 = EDGE_CURVE ( 'NONE', #2051, #1728, #1593, .T. ) ;
#715 = DIRECTION ( 'NONE',  ( -0.000000000000000000, -0.000000000000000000, 1.000000000000000000 ) ) ;
#716 = ORIENTED_EDGE ( 'NONE', *, *, #156, .F. ) ;
#717 = CYLINDRICAL_SURFACE ( 'NONE', #2109, 1.949999999999999512 ) ;
#718 = FACE_BOUND ( 'NONE', #1500, .T. ) ;
#719 = ORIENTED_EDGE ( 'NONE', *, *, #150, .F. ) ;
#720 =( NAMED_UNIT ( * ) SI_UNIT ( $, .STERADIAN. ) SOLID_ANGLE_UNIT ( ) );
#721 = DIRECTION ( 'NONE',  ( 1.445602896647339410E-16, 1.000000000000000000, 0.000000000000000000 ) ) ;
#722 = VERTEX_POINT ( 'NONE', #1214 ) ;
#723 = EDGE_CURVE ( 'NONE', #1474, #1797, #1904, .T. ) ;
#724 = CARTESIAN_POINT ( 'NONE',  ( -44.50000000000000000, 85.24999999999998579, 1.000000000000000000 ) ) ;
#725 = CARTESIAN_POINT ( 'NONE',  ( -17.68869131004422712, 132.0000000000000000, 4.500000000000000000 ) ) ;
#726 = FACE_OUTER_BOUND ( 'NONE', #1926, .T. ) ;
#727 = CIRCLE ( 'NONE', #1000, 3.000000000000002665 ) ;
#728 = ADVANCED_FACE ( 'NONE', ( #845 ), #1174, .T. ) ;
#729 = VERTEX_POINT ( 'NONE', #1048 ) ;
#730 = DIRECTION ( 'NONE',  ( -0.000000000000000000, -0.000000000000000000, 1.000000000000000000 ) ) ;
#731 = CARTESIAN_POINT ( 'NONE',  ( -64.34999999999999432, 146.0000000000000000, 0.000000000000000000 ) ) ;
#732 = ADVANCED_FACE ( 'NONE', ( #1381 ), #187, .T. ) ;
#733 = EDGE_CURVE ( 'NONE', #261, #1860, #1016, .T. ) ;
#734 = VECTOR ( 'NONE', #780, 1000.000000000000000 ) ;
#735 = ORIENTED_EDGE ( 'NONE', *, *, #66, .F. ) ;
#736 = VECTOR ( 'NONE', #743, 1000.000000000000000 ) ;
#737 = DIRECTION ( 'NONE',  ( 1.000000000000000000, 0.000000000000000000, 0.000000000000000000 ) ) ;
#738 = ADVANCED_FACE ( 'NONE', ( #1337 ), #835, .F. ) ;
#739 = ORIENTED_EDGE ( 'NONE', *, *, #1747, .F. ) ;
#740 = FACE_OUTER_BOUND ( 'NONE', #1397, .T. ) ;
#741 = CARTESIAN_POINT ( 'NONE',  ( -4.000000000000003553, 0.000000000000000000, 0.000000000000000000 ) ) ;
#742 = ORIENTED_EDGE ( 'NONE', *, *, #79, .F. ) ;
#743 = DIRECTION ( 'NONE',  ( 0.000000000000000000, 1.000000000000000000, 0.000000000000000000 ) ) ;
#744 = CARTESIAN_POINT ( 'NONE',  ( -53.00000000000000711, 135.0000000000000000, 4.500000000000000000 ) ) ;
#745 = DIRECTION ( 'NONE',  ( 1.000000000000000000, 0.000000000000000000, 0.000000000000000000 ) ) ;
#746 = DIRECTION ( 'NONE',  ( 1.000000000000000000, 0.000000000000000000, 0.000000000000000000 ) ) ;
#747 = FACE_OUTER_BOUND ( 'NONE', #1321, .T. ) ;
#748 = DIRECTION ( 'NONE',  ( -1.000000000000000000, 3.083952846180992253E-16, 0.000000000000000000 ) ) ;
#749 = EDGE_CURVE ( 'NONE', #1491, #412, #888, .T. ) ;
#750 = ORIENTED_EDGE ( 'NONE', *, *, #2017, .F. ) ;
#751 = FACE_BOUND ( 'NONE', #128, .T. ) ;
#752 = FACE_BOUND ( 'NONE', #1708, .T. ) ;
#753 = EDGE_CURVE ( 'NONE', #756, #809, #1546, .T. ) ;
#754 = ORIENTED_EDGE ( 'NONE', *, *, #1043, .T. ) ;
#755 = VECTOR ( 'NONE', #894, 1000.000000000000000 ) ;
#756 = VERTEX_POINT ( 'NONE', #1322 ) ;
#757 = CARTESIAN_POINT ( 'NONE',  ( -10.00000000000000000, 76.94598946554188501, 0.000000000000000000 ) ) ;
#758 = CARTESIAN_POINT ( 'NONE',  ( -70.00000000000000000, 0.000000000000000000, 0.000000000000000000 ) ) ;
#759 = CARTESIAN_POINT ( 'NONE',  ( -10.00000000000000000, 0.000000000000000000, -0.000000000000000000 ) ) ;
#760 = ORIENTED_EDGE ( 'NONE', *, *, #911, .T. ) ;
#761 = VECTOR ( 'NONE', #1568, 1000.000000000000000 ) ;
#762 = AXIS2_PLACEMENT_3D ( 'NONE', #1833, #201, #368 ) ;
#763 = DIRECTION ( 'NONE',  ( 0.000000000000000000, 0.000000000000000000, 1.000000000000000000 ) ) ;
#764 = FACE_BOUND ( 'NONE', #1931, .T. ) ;
#765 = AXIS2_PLACEMENT_3D ( 'NONE', #2058, #1219, #1898 ) ;
#766 = VECTOR ( 'NONE', #1429, 1000.000000000000000 ) ;
#767 = ORIENTED_EDGE ( 'NONE', *, *, #795, .T. ) ;
#768 = DIRECTION ( 'NONE',  ( 1.000000000000000000, -1.445602896647339410E-16, 0.000000000000000000 ) ) ;
#769 = CARTESIAN_POINT ( 'NONE',  ( -15.35000000000002096, 10.74999999999998224, 0.000000000000000000 ) ) ;
#770 = DIRECTION ( 'NONE',  ( 1.000000000000000000, 0.000000000000000000, 0.000000000000000000 ) ) ;
#771 = PRODUCT_RELATED_PRODUCT_CATEGORY ( 'part', '', ( #1959 ) ) ;
#772 = EDGE_CURVE ( 'NONE', #2046, #1825, #70, .T. ) ;
#773 = ORIENTED_EDGE ( 'NONE', *, *, #1821, .F. ) ;
#774 = CYLINDRICAL_SURFACE ( 'NONE', #1835, 1.650000000000000355 ) ;
#775 = VECTOR ( 'NONE', #548, 1000.000000000000000 ) ;
#776 = PLANE ( 'NONE',  #1845 ) ;
#777 = FACE_BOUND ( 'NONE', #1220, .T. ) ;
#778 = CARTESIAN_POINT ( 'NONE',  ( -20.00000000000002132, 10.74999999999998224, 4.500000000000000000 ) ) ;
#779 = CARTESIAN_POINT ( 'NONE',  ( -67.65000000000001990, 146.0000000000000000, 2.499999999999999556 ) ) ;
#780 = DIRECTION ( 'NONE',  ( -0.000000000000000000, -0.000000000000000000, -1.000000000000000000 ) ) ;
#781 = EDGE_LOOP ( 'NONE', ( #735, #1365 ) ) ;
#782 = CARTESIAN_POINT ( 'NONE',  ( -17.68869131004422712, 138.0000000000000000, 0.000000000000000000 ) ) ;
#783 = VERTEX_POINT ( 'NONE', #1371 ) ;
#784 = CYLINDRICAL_SURFACE ( 'NONE', #630, 1.650000000000012568 ) ;
#785 = DIRECTION ( 'NONE',  ( 1.000000000000000000, 0.000000000000000000, 0.000000000000000000 ) ) ;
#786 = ORIENTED_EDGE ( 'NONE', *, *, #1052, .F. ) ;
#787 = LINE ( 'NONE', #289, #1005 ) ;
#788 = VECTOR ( 'NONE', #1145, 1000.000000000000000 ) ;
#789 = FACE_BOUND ( 'NONE', #838, .T. ) ;
#790 = CARTESIAN_POINT ( 'NONE',  ( -64.34999999999999432, 4.000000000000003553, 2.499999999999999556 ) ) ;
#791 = FACE_OUTER_BOUND ( 'NONE', #1709, .T. ) ;
#792 = EDGE_LOOP ( 'NONE', ( #879, #742, #225, #1235 ) ) ;
#793 = EDGE_CURVE ( 'NONE', #397, #1761, #2042, .T. ) ;
#794 = CARTESIAN_POINT ( 'NONE',  ( -47.68869131004423423, 137.9999999999999716, 4.500000000000000000 ) ) ;
#795 = EDGE_CURVE ( 'NONE', #336, #1430, #1582, .T. ) ;
#796 = ORIENTED_EDGE ( 'NONE', *, *, #1882, .F. ) ;
#797 = FACE_OUTER_BOUND ( 'NONE', #452, .T. ) ;
#798 = DIRECTION ( 'NONE',  ( 1.000000000000000000, 0.000000000000000000, 0.000000000000000000 ) ) ;
#799 = CIRCLE ( 'NONE', #1135, 1.949999999999998401 ) ;
#800 = AXIS2_PLACEMENT_3D ( 'NONE', #1595, #1242, #468 ) ;
#801 = VERTEX_POINT ( 'NONE', #1729 ) ;
#802 = CIRCLE ( 'NONE', #1523, 2.999999999999999112 ) ;
#803 = ADVANCED_FACE ( 'NONE', ( #1556 ), #81, .T. ) ;
#804 = DIRECTION ( 'NONE',  ( 1.000000000000000000, 0.000000000000000000, 0.000000000000000000 ) ) ;
#805 = DIRECTION ( 'NONE',  ( 0.000000000000000000, 0.000000000000000000, 1.000000000000000000 ) ) ;
#806 = CARTESIAN_POINT ( 'NONE',  ( -47.68869131004423423, 137.9999999999999716, 0.000000000000000000 ) ) ;
#807 = LINE ( 'NONE', #192, #1703 ) ;
#808 = CARTESIAN_POINT ( 'NONE',  ( -60.64999999999999858, 89.25000000000000000, 0.000000000000000000 ) ) ;
#809 = VERTEX_POINT ( 'NONE', #2007 ) ;
#810 = CARTESIAN_POINT ( 'NONE',  ( -17.68869131004422712, 132.0000000000000000, 0.000000000000000000 ) ) ;
#811 = DIRECTION ( 'NONE',  ( 1.000000000000000000, -1.724377212700604012E-16, 0.000000000000000000 ) ) ;
#812 = AXIS2_PLACEMENT_3D ( 'NONE', #1594, #1420, #1084 ) ;
#813 = VERTEX_POINT ( 'NONE', #562 ) ;
#814 = DIRECTION ( 'NONE',  ( 1.000000000000000000, 0.000000000000000000, 0.000000000000000000 ) ) ;
#815 = CARTESIAN_POINT ( 'NONE',  ( -66.00000000000000000, 146.0000000000000000, 2.499999999999999556 ) ) ;
#816 = ORIENTED_EDGE ( 'NONE', *, *, #673, .F. ) ;
#817 = CARTESIAN_POINT ( 'NONE',  ( -10.00000000000000000, 75.00000000000000000, 2.074999999999998401 ) ) ;
#818 = DIRECTION ( 'NONE',  ( -0.000000000000000000, 1.000000000000000000, -0.000000000000000000 ) ) ;
#819 = ADVANCED_FACE ( 'NONE', ( #1883 ), #395, .F. ) ;
#820 = ORIENTED_EDGE ( 'NONE', *, *, #1413, .T. ) ;
#821 = CARTESIAN_POINT ( 'NONE',  ( -17.00000000000002132, 10.74999999999998224, 0.000000000000000000 ) ) ;
#822 = ORIENTED_EDGE ( 'NONE', *, *, #1419, .F. ) ;
#823 = EDGE_CURVE ( 'NONE', #2025, #729, #572, .T. ) ;
#824 = ADVANCED_FACE ( 'NONE', ( #1388 ), #2061, .T. ) ;
#825 = DIRECTION ( 'NONE',  ( 1.000000000000000000, -0.000000000000000000, -0.000000000000000000 ) ) ;
#826 = DIRECTION ( 'NONE',  ( 1.000000000000000000, 0.000000000000000000, 0.000000000000000000 ) ) ;
#827 = CARTESIAN_POINT ( 'NONE',  ( -65.99999999999998579, 4.000000000000003553, 2.499999999999999556 ) ) ;
#828 = VERTEX_POINT ( 'NONE', #994 ) ;
#829 = CARTESIAN_POINT ( 'NONE',  ( -67.64999999999999147, 4.000000000000003553, 2.499999999999999556 ) ) ;
#830 = CARTESIAN_POINT ( 'NONE',  ( -57.35000000000000853, 10.74999999999998224, 2.499999999999999556 ) ) ;
#831 = VERTEX_POINT ( 'NONE', #1116 ) ;
#832 = LINE ( 'NONE', #1636, #900 ) ;
#833 = ORIENTED_EDGE ( 'NONE', *, *, #1720, .F. ) ;
#834 = AXIS2_PLACEMENT_3D ( 'NONE', #252, #1401, #2071 ) ;
#835 = CYLINDRICAL_SURFACE ( 'NONE', #253, 3.000000000000002665 ) ;
#836 = VERTEX_POINT ( 'NONE', #426 ) ;
#837 = VECTOR ( 'NONE', #1144, 1000.000000000000000 ) ;
#838 = EDGE_LOOP ( 'NONE', ( #56, #1362 ) ) ;
#839 = DIRECTION ( 'NONE',  ( 0.000000000000000000, -1.000000000000000000, 0.000000000000000000 ) ) ;
#840 = LINE ( 'NONE', #20, #1029 ) ;
#841 = ADVANCED_FACE ( 'NONE', ( #148 ), #776, .F. ) ;
#842 = ORIENTED_EDGE ( 'NONE', *, *, #713, .T. ) ;
#843 = CARTESIAN_POINT ( 'NONE',  ( -53.00000000000000711, 105.0000000000000142, 0.000000000000000000 ) ) ;
#844 = ORIENTED_EDGE ( 'NONE', *, *, #1354, .F. ) ;
#845 = FACE_OUTER_BOUND ( 'NONE', #968, .T. ) ;
#846 = VERTEX_POINT ( 'NONE', #1922 ) ;
#847 = ORIENTED_EDGE ( 'NONE', *, *, #485, .F. ) ;
#848 = DIRECTION ( 'NONE',  ( 3.083952846180991760E-16, 1.000000000000000000, 0.000000000000000000 ) ) ;
#849 = ORIENTED_EDGE ( 'NONE', *, *, #485, .T. ) ;
#850 = DIRECTION ( 'NONE',  ( 1.000000000000000000, 0.000000000000000000, 0.000000000000000000 ) ) ;
#851 = ORIENTED_EDGE ( 'NONE', *, *, #926, .F. ) ;
#852 = CARTESIAN_POINT ( 'NONE',  ( -17.00000000000002132, 89.25000000000000000, 2.499999999999999556 ) ) ;
#853 = CARTESIAN_POINT ( 'NONE',  ( -63.14999999999999858, 85.24999999999998579, 4.500000000000000000 ) ) ;
#854 = EDGE_LOOP ( 'NONE', ( #2003, #1961 ) ) ;
#855 = ORIENTED_EDGE ( 'NONE', *, *, #1532, .F. ) ;
#856 = PRESENTATION_STYLE_ASSIGNMENT (( #1010 ) ) ;
#857 = DIRECTION ( 'NONE',  ( -0.000000000000000000, -0.000000000000000000, -1.000000000000000000 ) ) ;
#858 = ORIENTED_EDGE ( 'NONE', *, *, #1700, .F. ) ;
#859 = EDGE_CURVE ( 'NONE', #2008, #709, #533, .T. ) ;
#860 = VECTOR ( 'NONE', #479, 1000.000000000000000 ) ;
#861 = ADVANCED_FACE ( 'NONE', ( #934 ), #784, .F. ) ;
#862 = ADVANCED_FACE ( 'NONE', ( #1598 ), #1571, .F. ) ;
#863 = AXIS2_PLACEMENT_3D ( 'NONE', #914, #1576, #1176 ) ;
#864 = VERTEX_POINT ( 'NONE', #438 ) ;
#865 = DIRECTION ( 'NONE',  ( -1.000000000000000000, 0.000000000000000000, 0.000000000000000000 ) ) ;
#866 = CIRCLE ( 'NONE', #561, 2.999999999999999112 ) ;
#867 = DIRECTION ( 'NONE',  ( 1.000000000000000000, 0.000000000000000000, 0.000000000000000000 ) ) ;
#868 = AXIS2_PLACEMENT_3D ( 'NONE', #1317, #300, #1805 ) ;
#869 = ORIENTED_EDGE ( 'NONE', *, *, #1098, .T. ) ;
#870 = DIRECTION ( 'NONE',  ( -5.782411586589351722E-16, 1.000000000000000000, -0.000000000000000000 ) ) ;
#871 = LINE ( 'NONE', #1802, #1414 ) ;
#872 = ORIENTED_EDGE ( 'NONE', *, *, #1283, .T. ) ;
#873 = EDGE_CURVE ( 'NONE', #41, #527, #195, .T. ) ;
#874 = DIRECTION ( 'NONE',  ( 1.000000000000000000, 0.000000000000000000, 0.000000000000000000 ) ) ;
#875 = DIRECTION ( 'NONE',  ( -0.000000000000000000, -0.000000000000000000, -1.000000000000000000 ) ) ;
#876 = ORIENTED_EDGE ( 'NONE', *, *, #284, .F. ) ;
#877 = EDGE_CURVE ( 'NONE', #722, #579, #270, .T. ) ;
#878 = CARTESIAN_POINT ( 'NONE',  ( -66.00000000000000000, 146.0000000000000000, 2.499999999999999556 ) ) ;
#879 = ORIENTED_EDGE ( 'NONE', *, *, #1717, .T. ) ;
#880 = DIRECTION ( 'NONE',  ( 1.000000000000000000, 0.000000000000000000, 0.000000000000000000 ) ) ;
#881 = EDGE_CURVE ( 'NONE', #1343, #1483, #1589, .T. ) ;
#882 = ADVANCED_FACE ( 'NONE', ( #797, #580 ), #1608, .T. ) ;
#883 = ORIENTED_EDGE ( 'NONE', *, *, #435, .F. ) ;
#884 = DIRECTION ( 'NONE',  ( 1.000000000000000000, 0.000000000000000000, 0.000000000000000000 ) ) ;
#885 = CARTESIAN_POINT ( 'NONE',  ( -44.49999999999998579, 130.2499999999999716, 1.000000000000000000 ) ) ;
#886 = VERTEX_POINT ( 'NONE', #124 ) ;
#887 = VERTEX_POINT ( 'NONE', #2091 ) ;
#888 = LINE ( 'NONE', #1537, #664 ) ;
#889 = DIRECTION ( 'NONE',  ( -0.000000000000000000, -0.000000000000000000, 1.000000000000000000 ) ) ;
#890 = CARTESIAN_POINT ( 'NONE',  ( -3.999999999999992450, 75.00000000000000000, -1.824999999999998401 ) ) ;
#891 = EDGE_CURVE ( 'NONE', #1181, #304, #1068, .T. ) ;
#892 = VECTOR ( 'NONE', #870, 1000.000000000000000 ) ;
#893 = ORIENTED_EDGE ( 'NONE', *, *, #1702, .F. ) ;
#894 = DIRECTION ( 'NONE',  ( -0.000000000000000000, -0.000000000000000000, 1.000000000000000000 ) ) ;
#895 = VECTOR ( 'NONE', #276, 1000.000000000000000 ) ;
#896 = CARTESIAN_POINT ( 'NONE',  ( -44.50000000000000000, 85.24999999999998579, 0.000000000000000000 ) ) ;
#897 = DIRECTION ( 'NONE',  ( -0.000000000000000000, -0.000000000000000000, 1.000000000000000000 ) ) ;
#898 = VECTOR ( 'NONE', #1119, 1000.000000000000000 ) ;
#899 = ORIENTED_EDGE ( 'NONE', *, *, #259, .T. ) ;
#900 = VECTOR ( 'NONE', #24, 1000.000000000000000 ) ;
#901 = ADVANCED_FACE ( 'NONE', ( #1271, #751, #594, #921 ), #1949, .F. ) ;
#902 = DIRECTION ( 'NONE',  ( 0.000000000000000000, 0.000000000000000000, -1.000000000000000000 ) ) ;
#903 = DIRECTION ( 'NONE',  ( 0.000000000000000000, 0.000000000000000000, 1.000000000000000000 ) ) ;
#904 = VECTOR ( 'NONE', #1707, 1000.000000000000000 ) ;
#905 = EDGE_CURVE ( 'NONE', #412, #1858, #1564, .T. ) ;
#906 = EDGE_LOOP ( 'NONE', ( #60, #509, #1823, #666 ) ) ;
#907 = DIRECTION ( 'NONE',  ( 1.000000000000000000, -0.000000000000000000, -0.000000000000000000 ) ) ;
#908 = LINE ( 'NONE', #1384, #153 ) ;
#909 = DIRECTION ( 'NONE',  ( 0.000000000000000000, 0.000000000000000000, -1.000000000000000000 ) ) ;
#910 = ORIENTED_EDGE ( 'NONE', *, *, #1768, .F. ) ;
#911 = EDGE_CURVE ( 'NONE', #1543, #293, #447, .T. ) ;
#912 = DIRECTION ( 'NONE',  ( 0.000000000000000000, 0.000000000000000000, 1.000000000000000000 ) ) ;
#913 = CARTESIAN_POINT ( 'NONE',  ( -56.00000000000000000, 10.74999999999998224, 2.499999999999999556 ) ) ;
#914 = CARTESIAN_POINT ( 'NONE',  ( -59.00000000000000711, 89.25000000000000000, 0.000000000000000000 ) ) ;
#915 = ORIENTED_EDGE ( 'NONE', *, *, #1533, .F. ) ;
#916 = EDGE_LOOP ( 'NONE', ( #1912, #1323 ) ) ;
#917 = DIRECTION ( 'NONE',  ( -0.000000000000000000, 1.000000000000000000, -0.000000000000000000 ) ) ;
#918 = DIRECTION ( 'NONE',  ( 0.000000000000000000, 0.000000000000000000, -1.000000000000000000 ) ) ;
#919 = LINE ( 'NONE', #121, #358 ) ;
#920 = EDGE_LOOP ( 'NONE', ( #1592, #357, #1316, #265 ) ) ;
#921 = FACE_OUTER_BOUND ( 'NONE', #792, .T. ) ;
#922 = DIRECTION ( 'NONE',  ( 0.000000000000000000, 0.000000000000000000, -1.000000000000000000 ) ) ;
#923 = CARTESIAN_POINT ( 'NONE',  ( -59.00000000000000711, 89.25000000000000000, 2.499999999999999556 ) ) ;
#924 = ORIENTED_EDGE ( 'NONE', *, *, #1106, .F. ) ;
#925 = VECTOR ( 'NONE', #1191, 1000.000000000000000 ) ;
#926 = EDGE_CURVE ( 'NONE', #576, #117, #305, .T. ) ;
#927 = EDGE_CURVE ( 'NONE', #1509, #864, #1982, .T. ) ;
#928 = ORIENTED_EDGE ( 'NONE', *, *, #616, .T. ) ;
#929 = FACE_OUTER_BOUND ( 'NONE', #2093, .T. ) ;
#930 = FACE_BOUND ( 'NONE', #916, .T. ) ;
#931 = DIRECTION ( 'NONE',  ( 1.000000000000000000, 0.000000000000000000, 0.000000000000000000 ) ) ;
#932 = VERTEX_POINT ( 'NONE', #1914 ) ;
#933 = DIRECTION ( 'NONE',  ( 1.000000000000000000, 5.782411586589350736E-16, 0.000000000000000000 ) ) ;
#934 = FACE_OUTER_BOUND ( 'NONE', #1140, .T. ) ;
#935 = CARTESIAN_POINT ( 'NONE',  ( -17.00000000000002132, 10.74999999999998224, 2.499999999999999556 ) ) ;
#936 = AXIS2_PLACEMENT_3D ( 'NONE', #1222, #1399, #912 ) ;
#937 = MECHANICAL_DESIGN_GEOMETRIC_PRESENTATION_REPRESENTATION (  '', ( #1234 ), #75 ) ;
#938 = VERTEX_POINT ( 'NONE', #111 ) ;
#939 = LINE ( 'NONE', #986, #2043 ) ;
#940 = DIRECTION ( 'NONE',  ( 1.000000000000000000, 0.000000000000000000, 0.000000000000000000 ) ) ;
#941 = CARTESIAN_POINT ( 'NONE',  ( -23.00000000000000711, 105.0000000000000142, 0.000000000000000000 ) ) ;
#942 = VERTEX_POINT ( 'NONE', #648 ) ;
#943 = CARTESIAN_POINT ( 'NONE',  ( -20.00000000000002132, 89.25000000000000000, 2.499999999999999556 ) ) ;
#944 = ORIENTED_EDGE ( 'NONE', *, *, #156, .T. ) ;
#945 = CARTESIAN_POINT ( 'NONE',  ( -66.00000000000000000, 146.0000000000000000, 0.000000000000000000 ) ) ;
#946 = DIRECTION ( 'NONE',  ( -0.000000000000000000, -0.000000000000000000, -1.000000000000000000 ) ) ;
#947 = EDGE_CURVE ( 'NONE', #1670, #188, #321, .T. ) ;
#948 = DIRECTION ( 'NONE',  ( -0.000000000000000000, -0.000000000000000000, 1.000000000000000000 ) ) ;
#949 = EDGE_CURVE ( 'NONE', #147, #1376, #1552, .T. ) ;
#950 = EDGE_CURVE ( 'NONE', #1872, #27, #802, .T. ) ;
#951 = CARTESIAN_POINT ( 'NONE',  ( 0.000000000000000000, 0.000000000000000000, 4.500000000000000000 ) ) ;
#952 = CARTESIAN_POINT ( 'NONE',  ( -17.68869131004420225, 102.0000000000000142, 4.500000000000000000 ) ) ;
#953 = CARTESIAN_POINT ( 'NONE',  ( -59.00000000000000711, 89.25000000000000000, 2.499999999999999556 ) ) ;
#954 = ORIENTED_EDGE ( 'NONE', *, *, #749, .F. ) ;
#955 = DIRECTION ( 'NONE',  ( -5.782411586589350736E-16, 1.000000000000000000, 0.000000000000000000 ) ) ;
#956 = ADVANCED_FACE ( 'NONE', ( #660 ), #1809, .F. ) ;
#957 = ORIENTED_EDGE ( 'NONE', *, *, #1882, .T. ) ;
#958 = CARTESIAN_POINT ( 'NONE',  ( -4.000000000000003553, 0.000000000000000000, -4.000000000000000000 ) ) ;
#959 = DIRECTION ( 'NONE',  ( 1.000000000000000000, 0.000000000000000000, 0.000000000000000000 ) ) ;
#960 = ORIENTED_EDGE ( 'NONE', *, *, #749, .T. ) ;
#961 = CARTESIAN_POINT ( 'NONE',  ( -15.35000000000002096, 10.74999999999998224, 2.499999999999999556 ) ) ;
#962 = AXIS2_PLACEMENT_3D ( 'NONE', #360, #1025, #712 ) ;
#963 = FACE_BOUND ( 'NONE', #171, .T. ) ;
#964 = LINE ( 'NONE', #1804, #1620 ) ;
#965 = DIRECTION ( 'NONE',  ( 1.000000000000000000, -2.759003540320966024E-16, -0.000000000000000000 ) ) ;
#966 = CARTESIAN_POINT ( 'NONE',  ( -17.00000000000002132, 10.74999999999998224, 0.000000000000000000 ) ) ;
#967 = CIRCLE ( 'NONE', #222, 6.100000000000004974 ) ;
#968 = EDGE_LOOP ( 'NONE', ( #487, #1313, #379, #1044 ) ) ;
#969 = CARTESIAN_POINT ( 'NONE',  ( -17.00000000000002132, 10.74999999999998224, 2.499999999999999556 ) ) ;
#970 = CIRCLE ( 'NONE', #448, 1.650000000000012568 ) ;
#971 = LINE ( 'NONE', #2119, #1871 ) ;
#972 = VECTOR ( 'NONE', #1290, 1000.000000000000000 ) ;
#973 = AXIS2_PLACEMENT_3D ( 'NONE', #1150, #1824, #342 ) ;
#974 = EDGE_LOOP ( 'NONE', ( #1580, #593, #1562, #1948 ) ) ;
#975 = EDGE_CURVE ( 'NONE', #831, #1491, #1137, .T. ) ;
#976 = DIRECTION ( 'NONE',  ( 0.000000000000000000, -1.000000000000000000, 0.000000000000000000 ) ) ;
#977 = EDGE_CURVE ( 'NONE', #1953, #1954, #688, .T. ) ;
#978 = DIRECTION ( 'NONE',  ( 1.000000000000000000, 0.000000000000000000, 0.000000000000000000 ) ) ;
#979 = DIRECTION ( 'NONE',  ( 1.000000000000000000, 0.000000000000000000, 0.000000000000000000 ) ) ;
#980 = ORIENTED_EDGE ( 'NONE', *, *, #977, .F. ) ;
#981 = ORIENTED_EDGE ( 'NONE', *, *, #2107, .F. ) ;
#982 = CARTESIAN_POINT ( 'NONE',  ( -68.99999999999998579, 4.000000000000003553, 2.499999999999999556 ) ) ;
#983 = AXIS2_PLACEMENT_3D ( 'NONE', #1076, #1046, #867 ) ;
#984 = EDGE_CURVE ( 'NONE', #104, #38, #365, .T. ) ;
#985 = VERTEX_POINT ( 'NONE', #1002 ) ;
#986 = CARTESIAN_POINT ( 'NONE',  ( -10.00000000000000000, 0.000000000000000000, -0.000000000000000000 ) ) ;
#987 =( LENGTH_UNIT ( ) NAMED_UNIT ( * ) SI_UNIT ( .MILLI., .METRE. ) );
#988 = CARTESIAN_POINT ( 'NONE',  ( -10.00000000000000000, 136.9369757355217416, 0.000000000000000000 ) ) ;
#989 = CARTESIAN_POINT ( 'NONE',  ( -70.00000000000000000, 150.0000000000000000, 0.000000000000000000 ) ) ;
#990 = CARTESIAN_POINT ( 'NONE',  ( 0.000000000000000000, 75.00000000000000000, 2.074999999999998401 ) ) ;
#991 = EDGE_LOOP ( 'NONE', ( #1254, #608 ) ) ;
#992 = FACE_OUTER_BOUND ( 'NONE', #1355, .T. ) ;
#993 = ORIENTED_EDGE ( 'NONE', *, *, #62, .T. ) ;
#994 = CARTESIAN_POINT ( 'NONE',  ( -18.65000000000002345, 10.74999999999998224, 0.000000000000000000 ) ) ;
#995 = ORIENTED_EDGE ( 'NONE', *, *, #641, .T. ) ;
#996 = EDGE_CURVE ( 'NONE', #1939, #828, #54, .T. ) ;
#997 = PLANE ( 'NONE',  #1011 ) ;
#998 = CARTESIAN_POINT ( 'NONE',  ( -3.999999999999983569, 135.0000000000000000, 0.2250000000000003664 ) ) ;
#999 = DIRECTION ( 'NONE',  ( -0.000000000000000000, -0.000000000000000000, -1.000000000000000000 ) ) ;
#1000 = AXIS2_PLACEMENT_3D ( 'NONE', #1034, #2035, #2010 ) ;
#1001 = ORIENTED_EDGE ( 'NONE', *, *, #66, .T. ) ;
#1002 = CARTESIAN_POINT ( 'NONE',  ( -60.64999999999999858, 89.25000000000000000, 0.000000000000000000 ) ) ;
#1003 = ORIENTED_EDGE ( 'NONE', *, *, #1203, .T. ) ;
#1004 = VECTOR ( 'NONE', #2062, 1000.000000000000000 ) ;
#1005 = VECTOR ( 'NONE', #333, 1000.000000000000000 ) ;
#1006 = DIRECTION ( 'NONE',  ( 0.000000000000000000, 0.000000000000000000, 1.000000000000000000 ) ) ;
#1007 = VERTEX_POINT ( 'NONE', #471 ) ;
#1008 = VECTOR ( 'NONE', #1778, 1000.000000000000000 ) ;
#1009 = PRODUCT_CONTEXT ( 'NONE', #1507, 'mechanical' ) ;
#1010 = SURFACE_STYLE_USAGE ( .BOTH. , #1944 ) ;
#1011 = AXIS2_PLACEMENT_3D ( 'NONE', #334, #563, #1999 ) ;
#1012 = LINE ( 'NONE', #544, #788 ) ;
#1013 = ORIENTED_EDGE ( 'NONE', *, *, #301, .T. ) ;
#1014 = FACE_OUTER_BOUND ( 'NONE', #45, .T. ) ;
#1015 = AXIS2_PLACEMENT_3D ( 'NONE', #1405, #2077, #2113 ) ;
#1016 = LINE ( 'NONE', #26, #319 ) ;
#1017 = ORIENTED_EDGE ( 'NONE', *, *, #378, .T. ) ;
#1018 = ADVANCED_FACE ( 'NONE', ( #1014 ), #1332, .F. ) ;
#1019 = VERTEX_POINT ( 'NONE', #1147 ) ;
#1020 = DIRECTION ( 'NONE',  ( 0.000000000000000000, -0.000000000000000000, -1.000000000000000000 ) ) ;
#1021 = DIRECTION ( 'NONE',  ( 1.000000000000000000, 0.000000000000000000, 0.000000000000000000 ) ) ;
#1022 = EDGE_LOOP ( 'NONE', ( #473, #1536, #1481, #1233 ) ) ;
#1023 = LINE ( 'NONE', #210, #1063 ) ;
#1024 = VERTEX_POINT ( 'NONE', #327 ) ;
#1025 = DIRECTION ( 'NONE',  ( -0.000000000000000000, -0.000000000000000000, 1.000000000000000000 ) ) ;
#1026 = DIRECTION ( 'NONE',  ( -0.000000000000000000, -0.000000000000000000, 1.000000000000000000 ) ) ;
#1027 = ORIENTED_EDGE ( 'NONE', *, *, #1359, .T. ) ;
#1028 = VECTOR ( 'NONE', #205, 1000.000000000000000 ) ;
#1029 = VECTOR ( 'NONE', #207, 1000.000000000000000 ) ;
#1030 = CARTESIAN_POINT ( 'NONE',  ( -3.999999999999992450, 76.94598946554188501, 0.000000000000000000 ) ) ;
#1031 = ADVANCED_FACE ( 'NONE', ( #992 ), #1285, .F. ) ;
#1032 = VECTOR ( 'NONE', #1997, 1000.000000000000000 ) ;
#1033 = ORIENTED_EDGE ( 'NONE', *, *, #1356, .F. ) ;
#1034 = CARTESIAN_POINT ( 'NONE',  ( -66.00000000000000000, 146.0000000000000000, 4.500000000000000000 ) ) ;
#1035 = AXIS2_PLACEMENT_3D ( 'NONE', #852, #2118, #1820 ) ;
#1036 = ADVANCED_FACE ( 'NONE', ( #1969, #1798 ), #209, .T. ) ;
#1037 = DIRECTION ( 'NONE',  ( 1.000000000000000000, -0.000000000000000000, -0.000000000000000000 ) ) ;
#1038 = AXIS2_PLACEMENT_3D ( 'NONE', #998, #1131, #671 ) ;
#1039 = ORIENTED_EDGE ( 'NONE', *, *, #1208, .F. ) ;
#1040 = EDGE_LOOP ( 'NONE', ( #1964, #565 ) ) ;
#1041 = EDGE_CURVE ( 'NONE', #326, #1850, #866, .T. ) ;
#1042 = ORIENTED_EDGE ( 'NONE', *, *, #1646, .F. ) ;
#1043 = EDGE_CURVE ( 'NONE', #1797, #1474, #116, .T. ) ;
#1044 = ORIENTED_EDGE ( 'NONE', *, *, #926, .T. ) ;
#1045 = CARTESIAN_POINT ( 'NONE',  ( -18.65000000000002345, 10.74999999999998224, 2.499999999999999556 ) ) ;
#1046 = DIRECTION ( 'NONE',  ( -0.000000000000000000, -0.000000000000000000, 1.000000000000000000 ) ) ;
#1047 = VERTEX_POINT ( 'NONE', #982 ) ;
#1048 = CARTESIAN_POINT ( 'NONE',  ( 0.000000000000000000, 150.0000000000000000, 4.500000000000000000 ) ) ;
#1049 = CARTESIAN_POINT ( 'NONE',  ( -44.50000000000000000, 85.24999999999998579, 1.000000000000000000 ) ) ;
#1050 = ORIENTED_EDGE ( 'NONE', *, *, #1745, .T. ) ;
#1051 = CARTESIAN_POINT ( 'NONE',  ( -47.68869131004422002, 108.0000000000000000, 0.000000000000000000 ) ) ;
#1052 = EDGE_CURVE ( 'NONE', #1483, #1611, #832, .T. ) ;
#1053 = DIRECTION ( 'NONE',  ( 1.000000000000000000, 0.000000000000000000, 0.000000000000000000 ) ) ;
#1054 = CARTESIAN_POINT ( 'NONE',  ( -56.00000000000000000, 10.74999999999998224, 2.499999999999999556 ) ) ;
#1055 = EDGE_LOOP ( 'NONE', ( #1993, #1971, #414, #99 ) ) ;
#1056 = DIRECTION ( 'NONE',  ( 1.000000000000000000, 0.000000000000000000, 0.000000000000000000 ) ) ;
#1057 = AXIS2_PLACEMENT_3D ( 'NONE', #2063, #239, #884 ) ;
#1058 = FACE_BOUND ( 'NONE', #1107, .T. ) ;
#1059 = FACE_BOUND ( 'NONE', #69, .T. ) ;
#1060 = CIRCLE ( 'NONE', #623, 2.999999999999999112 ) ;
#1061 = ORIENTED_EDGE ( 'NONE', *, *, #1753, .T. ) ;
#1062 = DIRECTION ( 'NONE',  ( 0.000000000000000000, 1.000000000000000000, 0.000000000000000000 ) ) ;
#1063 = VECTOR ( 'NONE', #1681, 1000.000000000000000 ) ;
#1064 = CARTESIAN_POINT ( 'NONE',  ( -14.00000000000002309, 10.74999999999998224, 2.499999999999999556 ) ) ;
#1065 = PLANE ( 'NONE',  #1451 ) ;
#1066 = VECTOR ( 'NONE', #1731, 1000.000000000000000 ) ;
#1067 = ORIENTED_EDGE ( 'NONE', *, *, #950, .T. ) ;
#1068 = CIRCLE ( 'NONE', #1876, 1.649999999999998579 ) ;
#1069 = ORIENTED_EDGE ( 'NONE', *, *, #1682, .F. ) ;
#1070 = DIRECTION ( 'NONE',  ( 1.000000000000000000, 0.000000000000000000, 0.000000000000000000 ) ) ;
#1071 = FACE_BOUND ( 'NONE', #1621, .T. ) ;
#1072 = AXIS2_PLACEMENT_3D ( 'NONE', #1910, #875, #2064 ) ;
#1073 = CIRCLE ( 'NONE', #1676, 1.949999999999998401 ) ;
#1074 = DIRECTION ( 'NONE',  ( -0.000000000000000000, -0.000000000000000000, 1.000000000000000000 ) ) ;
#1075 = UNCERTAINTY_MEASURE_WITH_UNIT (LENGTH_MEASURE( 1.000000000000000082E-05 ), #987, 'distance_accuracy_value', 'NONE');
#1076 = CARTESIAN_POINT ( 'NONE',  ( -65.99999999999998579, 4.000000000000003553, 0.000000000000000000 ) ) ;
#1077 = CYLINDRICAL_SURFACE ( 'NONE', #1305, 6.099999999999973888 ) ;
#1078 = ORIENTED_EDGE ( 'NONE', *, *, #1951, .F. ) ;
#1079 = DIRECTION ( 'NONE',  ( -1.000000000000000000, 0.000000000000000000, 0.000000000000000000 ) ) ;
#1080 = CARTESIAN_POINT ( 'NONE',  ( -69.00000000000000000, 146.0000000000000000, 2.499999999999999556 ) ) ;
#1081 = EDGE_CURVE ( 'NONE', #1250, #1704, #1994, .T. ) ;
#1082 = ORIENTED_EDGE ( 'NONE', *, *, #877, .T. ) ;
#1083 = DIRECTION ( 'NONE',  ( 0.000000000000000000, 0.000000000000000000, 1.000000000000000000 ) ) ;
#1084 = DIRECTION ( 'NONE',  ( -1.156482317317875472E-15, 1.000000000000000000, 0.000000000000000000 ) ) ;
#1085 = DIRECTION ( 'NONE',  ( -0.000000000000000000, -0.000000000000000000, 1.000000000000000000 ) ) ;
#1086 = ORIENTED_EDGE ( 'NONE', *, *, #1303, .F. ) ;
#1087 = DIRECTION ( 'NONE',  ( -0.000000000000000000, -0.000000000000000000, 1.000000000000000000 ) ) ;
#1088 = DIRECTION ( 'NONE',  ( -1.000000000000000000, 1.724377212700604012E-16, 0.000000000000000000 ) ) ;
#1089 = PLANE ( 'NONE',  #834 ) ;
#1090 = ORIENTED_EDGE ( 'NONE', *, *, #284, .T. ) ;
#1091 = ADVANCED_FACE ( 'NONE', ( #1665 ), #510, .F. ) ;
#1092 = VECTOR ( 'NONE', #303, 1000.000000000000000 ) ;
#1093 = ORIENTED_EDGE ( 'NONE', *, *, #975, .T. ) ;
#1094 = DIRECTION ( 'NONE',  ( -0.000000000000000000, -0.000000000000000000, 1.000000000000000000 ) ) ;
#1095 = CARTESIAN_POINT ( 'NONE',  ( -3.999999999999993339, 0.000000000000000000, 0.000000000000000000 ) ) ;
#1096 = DIRECTION ( 'NONE',  ( -0.000000000000000000, -0.000000000000000000, 1.000000000000000000 ) ) ;
#1097 = AXIS2_PLACEMENT_3D ( 'NONE', #2011, #520, #1156 ) ;
#1098 = EDGE_CURVE ( 'NONE', #134, #1136, #243, .T. ) ;
#1099 = ORIENTED_EDGE ( 'NONE', *, *, #44, .F. ) ;
#1100 = VECTOR ( 'NONE', #1096, 1000.000000000000000 ) ;
#1101 = AXIS2_PLACEMENT_3D ( 'NONE', #1469, #7, #2009 ) ;
#1102 = CARTESIAN_POINT ( 'NONE',  ( -10.00000000000000000, 73.05401053445810078, 0.000000000000000000 ) ) ;
#1103 = LINE ( 'NONE', #581, #2072 ) ;
#1104 = AXIS2_PLACEMENT_3D ( 'NONE', #1292, #1470, #458 ) ;
#1105 = EDGE_CURVE ( 'NONE', #117, #1954, #1212, .T. ) ;
#1106 = EDGE_CURVE ( 'NONE', #147, #1797, #1385, .T. ) ;
#1107 = EDGE_LOOP ( 'NONE', ( #1368, #676 ) ) ;
#1108 = CYLINDRICAL_SURFACE ( 'NONE', #1806, 1.949999999999999067 ) ;
#1109 = EDGE_CURVE ( 'NONE', #846, #756, #1775, .T. ) ;
#1110 = LINE ( 'NONE', #1120, #2022 ) ;
#1111 = CARTESIAN_POINT ( 'NONE',  ( -47.68869131004422002, 108.0000000000000000, 4.500000000000000000 ) ) ;
#1112 = CARTESIAN_POINT ( 'NONE',  ( -59.00000000000000711, 89.25000000000000000, 0.000000000000000000 ) ) ;
#1113 = ORIENTED_EDGE ( 'NONE', *, *, #165, .F. ) ;
#1114 = PLANE ( 'NONE',  #277 ) ;
#1115 = ORIENTED_EDGE ( 'NONE', *, *, #405, .F. ) ;
#1116 = CARTESIAN_POINT ( 'NONE',  ( -31.50000000000000000, 85.24999999999997158, 1.000000000000000000 ) ) ;
#1117 = CARTESIAN_POINT ( 'NONE',  ( -57.35000000000000853, 89.25000000000000000, 0.000000000000000000 ) ) ;
#1118 = EDGE_LOOP ( 'NONE', ( #186, #1209, #331, #1151, #1905, #698 ) ) ;
#1119 = DIRECTION ( 'NONE',  ( 1.000000000000000000, -0.000000000000000000, -0.000000000000000000 ) ) ;
#1120 = CARTESIAN_POINT ( 'NONE',  ( -4.000000000000003553, 0.000000000000000000, 0.000000000000000000 ) ) ;
#1121 = CARTESIAN_POINT ( 'NONE',  ( -66.00000000000000000, 146.0000000000000000, 2.499999999999999556 ) ) ;
#1122 = CYLINDRICAL_SURFACE ( 'NONE', #523, 3.000000000000002665 ) ;
#1123 = ORIENTED_EDGE ( 'NONE', *, *, #1863, .F. ) ;
#1124 = CARTESIAN_POINT ( 'NONE',  ( -10.00000000000000000, 75.00000000000000000, 2.074999999999998401 ) ) ;
#1125 = PLANE ( 'NONE',  #317 ) ;
#1126 = ORIENTED_EDGE ( 'NONE', *, *, #354, .F. ) ;
#1127 = ADVANCED_FACE ( 'NONE', ( #411 ), #1065, .F. ) ;
#1128 = DIRECTION ( 'NONE',  ( 1.000000000000000000, -0.000000000000000000, -0.000000000000000000 ) ) ;
#1129 = AXIS2_PLACEMENT_3D ( 'NONE', #1907, #274, #2047 ) ;
#1130 = CARTESIAN_POINT ( 'NONE',  ( 0.000000000000000000, 75.00000000000000000, 0.1249999999999998612 ) ) ;
#1131 = DIRECTION ( 'NONE',  ( 1.000000000000000000, -1.445602896647339410E-16, 0.000000000000000000 ) ) ;
#1132 = VECTOR ( 'NONE', #1645, 1000.000000000000000 ) ;
#1133 = EDGE_CURVE ( 'NONE', #191, #1800, #2067, .T. ) ;
#1134 = LINE ( 'NONE', #808, #1400 ) ;
#1135 = AXIS2_PLACEMENT_3D ( 'NONE', #137, #785, #922 ) ;
#1136 = VERTEX_POINT ( 'NONE', #1958 ) ;
#1137 = LINE ( 'NONE', #639, #1273 ) ;
#1138 = AXIS2_PLACEMENT_3D ( 'NONE', #2111, #1955, #1453 ) ;
#1139 = AXIS2_PLACEMENT_3D ( 'NONE', #415, #1070, #263 ) ;
#1140 = EDGE_LOOP ( 'NONE', ( #1513, #47, #739, #343 ) ) ;
#1141 = AXIS2_PLACEMENT_3D ( 'NONE', #1990, #159, #1784 ) ;
#1142 = CARTESIAN_POINT ( 'NONE',  ( -17.00000000000002132, 89.25000000000000000, 0.000000000000000000 ) ) ;
#1143 = AXIS2_PLACEMENT_3D ( 'NONE', #190, #1364, #1699 ) ;
#1144 = DIRECTION ( 'NONE',  ( 1.000000000000000000, 0.000000000000000000, 0.000000000000000000 ) ) ;
#1145 = DIRECTION ( 'NONE',  ( -0.000000000000000000, -0.000000000000000000, 1.000000000000000000 ) ) ;
#1146 = ORIENTED_EDGE ( 'NONE', *, *, #1255, .T. ) ;
#1147 = CARTESIAN_POINT ( 'NONE',  ( -44.49999999999998579, 130.2499999999999716, 0.000000000000000000 ) ) ;
#1148 = ORIENTED_EDGE ( 'NONE', *, *, #1467, .F. ) ;
#1149 = EDGE_CURVE ( 'NONE', #1690, #151, #706, .T. ) ;
#1150 = CARTESIAN_POINT ( 'NONE',  ( -10.00000000000000000, 15.00000000000000000, 0.02500000000000069528 ) ) ;
#1151 = ORIENTED_EDGE ( 'NONE', *, *, #1171, .F. ) ;
#1152 = DIRECTION ( 'NONE',  ( -0.000000000000000000, -0.000000000000000000, 1.000000000000000000 ) ) ;
#1153 = DIRECTION ( 'NONE',  ( -0.000000000000000000, -0.000000000000000000, -1.000000000000000000 ) ) ;
#1154 = VERTEX_POINT ( 'NONE', #170 ) ;
#1155 = DIRECTION ( 'NONE',  ( 0.000000000000000000, 0.000000000000000000, 1.000000000000000000 ) ) ;
#1156 = DIRECTION ( 'NONE',  ( 1.000000000000000000, 0.000000000000000000, 0.000000000000000000 ) ) ;
#1157 = VERTEX_POINT ( 'NONE', #1482 ) ;
#1158 = CARTESIAN_POINT ( 'NONE',  ( -59.00000000000000711, 89.25000000000000000, 2.499999999999999556 ) ) ;
#1159 = ORIENTED_EDGE ( 'NONE', *, *, #723, .F. ) ;
#1160 = DIRECTION ( 'NONE',  ( 0.000000000000000000, 0.000000000000000000, -1.000000000000000000 ) ) ;
#1161 = ORIENTED_EDGE ( 'NONE', *, *, #1304, .F. ) ;
#1162 = FACE_OUTER_BOUND ( 'NONE', #629, .T. ) ;
#1163 = PLANE ( 'NONE',  #628 ) ;
#1164 = DIRECTION ( 'NONE',  ( -0.000000000000000000, -0.000000000000000000, -1.000000000000000000 ) ) ;
#1165 = CARTESIAN_POINT ( 'NONE',  ( -59.00000000000000711, 89.25000000000000000, 2.499999999999999556 ) ) ;
#1166 = CIRCLE ( 'NONE', #352, 1.949999999999999512 ) ;
#1167 = ORIENTED_EDGE ( 'NONE', *, *, #199, .T. ) ;
#1168 = DIRECTION ( 'NONE',  ( 1.000000000000000000, 0.000000000000000000, 0.000000000000000000 ) ) ;
#1169 = AXIS2_PLACEMENT_3D ( 'NONE', #1694, #49, #495 ) ;
#1170 = ORIENTED_EDGE ( 'NONE', *, *, #950, .F. ) ;
#1171 = EDGE_CURVE ( 'NONE', #529, #29, #288, .T. ) ;
#1172 = EDGE_CURVE ( 'NONE', #1019, #1611, #1967, .T. ) ;
#1173 = VECTOR ( 'NONE', #403, 1000.000000000000000 ) ;
#1174 = PLANE ( 'NONE',  #1698 ) ;
#1175 = ORIENTED_EDGE ( 'NONE', *, *, #905, .T. ) ;
#1176 = DIRECTION ( 'NONE',  ( 1.000000000000000000, 0.000000000000000000, 0.000000000000000000 ) ) ;
#1177 = ORIENTED_EDGE ( 'NONE', *, *, #1516, .T. ) ;
#1178 =( LENGTH_UNIT ( ) NAMED_UNIT ( * ) SI_UNIT ( .MILLI., .METRE. ) );
#1179 = EDGE_CURVE ( 'NONE', #1633, #1688, #1443, .T. ) ;
#1180 = CARTESIAN_POINT ( 'NONE',  ( -17.00000000000002132, 89.25000000000000000, 2.499999999999999556 ) ) ;
#1181 = VERTEX_POINT ( 'NONE', #829 ) ;
#1182 = AXIS2_PLACEMENT_3D ( 'NONE', #393, #1534, #746 ) ;
#1183 = DIRECTION ( 'NONE',  ( 1.000000000000000000, 0.000000000000000000, 0.000000000000000000 ) ) ;
#1184 = VERTEX_POINT ( 'NONE', #1643 ) ;
#1185 = VERTEX_POINT ( 'NONE', #646 ) ;
#1186 = DIRECTION ( 'NONE',  ( 1.000000000000000000, 0.000000000000000000, 0.000000000000000000 ) ) ;
#1187 = ORIENTED_EDGE ( 'NONE', *, *, #881, .F. ) ;
#1188 = CARTESIAN_POINT ( 'NONE',  ( -65.99999999999998579, 4.000000000000003553, 4.500000000000000000 ) ) ;
#1189 = EDGE_CURVE ( 'NONE', #1460, #560, #1667, .T. ) ;
#1190 = ORIENTED_EDGE ( 'NONE', *, *, #454, .F. ) ;
#1191 = DIRECTION ( 'NONE',  ( -0.000000000000000000, 1.000000000000000000, -0.000000000000000000 ) ) ;
#1192 = FACE_OUTER_BOUND ( 'NONE', #507, .T. ) ;
#1193 = ADVANCED_FACE ( 'NONE', ( #791 ), #311, .F. ) ;
#1194 = EDGE_CURVE ( 'NONE', #985, #242, #598, .T. ) ;
#1195 = ORIENTED_EDGE ( 'NONE', *, *, #1498, .T. ) ;
#1196 = VECTOR ( 'NONE', #1458, 1000.000000000000000 ) ;
#1197 = DIRECTION ( 'NONE',  ( 1.000000000000000000, -1.445602896647339410E-16, 0.000000000000000000 ) ) ;
#1198 = CARTESIAN_POINT ( 'NONE',  ( -17.00000000000002132, 10.74999999999998224, 0.000000000000000000 ) ) ;
#1199 = VECTOR ( 'NONE', #1561, 1000.000000000000000 ) ;
#1200 = AXIS2_PLACEMENT_3D ( 'NONE', #309, #129, #1278 ) ;
#1201 = VERTEX_POINT ( 'NONE', #337 ) ;
#1202 = LINE ( 'NONE', #1328, #1028 ) ;
#1203 = EDGE_CURVE ( 'NONE', #1201, #887, #1311, .T. ) ;
#1204 = CARTESIAN_POINT ( 'NONE',  ( -23.00000000000000711, 135.0000000000000000, 4.500000000000000000 ) ) ;
#1205 = ORIENTED_EDGE ( 'NONE', *, *, #795, .F. ) ;
#1206 = DIRECTION ( 'NONE',  ( 1.000000000000000000, 0.000000000000000000, 0.000000000000000000 ) ) ;
#1207 = EDGE_LOOP ( 'NONE', ( #215, #1159 ) ) ;
#1208 = EDGE_CURVE ( 'NONE', #196, #938, #672, .T. ) ;
#1209 = ORIENTED_EDGE ( 'NONE', *, *, #206, .F. ) ;
#1210 = DIRECTION ( 'NONE',  ( 1.000000000000000000, 0.000000000000000000, 0.000000000000000000 ) ) ;
#1211 = CARTESIAN_POINT ( 'NONE',  ( -10.00000000000000000, 133.0630242644782868, 0.000000000000000000 ) ) ;
#1212 = LINE ( 'NONE', #1889, #84 ) ;
#1213 = ORIENTED_EDGE ( 'NONE', *, *, #1875, .T. ) ;
#1214 = CARTESIAN_POINT ( 'NONE',  ( -12.84999999999999964, 14.75000000000000000, 4.500000000000000000 ) ) ;
#1215 = ORIENTED_EDGE ( 'NONE', *, *, #1208, .T. ) ;
#1216 = DIRECTION ( 'NONE',  ( -0.000000000000000000, -0.000000000000000000, -1.000000000000000000 ) ) ;
#1217 = PRODUCT_DEFINITION_CONTEXT ( 'detailed design', #674, 'design' ) ;
#1218 = FACE_OUTER_BOUND ( 'NONE', #1570, .T. ) ;
#1219 = DIRECTION ( 'NONE',  ( 0.000000000000000000, 0.000000000000000000, 1.000000000000000000 ) ) ;
#1220 = EDGE_LOOP ( 'NONE', ( #1017, #1881 ) ) ;
#1221 = ORIENTED_EDGE ( 'NONE', *, *, #2129, .F. ) ;
#1222 = CARTESIAN_POINT ( 'NONE',  ( 0.000000000000000000, 0.000000000000000000, 4.500000000000000000 ) ) ;
#1223 = AXIS2_PLACEMENT_3D ( 'NONE', #585, #1074, #1807 ) ;
#1224 = DIRECTION ( 'NONE',  ( 0.000000000000000000, 0.000000000000000000, 1.000000000000000000 ) ) ;
#1225 = EDGE_CURVE ( 'NONE', #27, #1872, #1985, .T. ) ;
#1226 = DIRECTION ( 'NONE',  ( 1.000000000000000000, 0.000000000000000000, 0.000000000000000000 ) ) ;
#1227 = VECTOR ( 'NONE', #1781, 1000.000000000000000 ) ;
#1228 = FACE_OUTER_BOUND ( 'NONE', #115, .T. ) ;
#1229 = CARTESIAN_POINT ( 'NONE',  ( -10.00000000000000000, 15.00000000000000000, 0.02500000000000069528 ) ) ;
#1230 = CARTESIAN_POINT ( 'NONE',  ( -70.00000000000000000, 0.000000000000000000, 4.500000000000000000 ) ) ;
#1231 = AXIS2_PLACEMENT_3D ( 'NONE', #251, #737, #902 ) ;
#1232 = EDGE_CURVE ( 'NONE', #1858, #1372, #807, .T. ) ;
#1233 = ORIENTED_EDGE ( 'NONE', *, *, #2107, .T. ) ;
#1234 = STYLED_ITEM ( 'NONE', ( #856 ), #1274 ) ;
#1235 = ORIENTED_EDGE ( 'NONE', *, *, #823, .F. ) ;
#1236 = CARTESIAN_POINT ( 'NONE',  ( -66.00000000000000000, 146.0000000000000000, 2.499999999999999556 ) ) ;
#1237 = DIRECTION ( 'NONE',  ( 1.000000000000000000, 0.000000000000000000, 0.000000000000000000 ) ) ;
#1238 = AXIS2_PLACEMENT_3D ( 'NONE', #1975, #178, #1373 ) ;
#1239 = DIRECTION ( 'NONE',  ( 0.000000000000000000, 0.000000000000000000, -1.000000000000000000 ) ) ;
#1240 = CIRCLE ( 'NONE', #1631, 6.099999999999983658 ) ;
#1241 = DIRECTION ( 'NONE',  ( 1.000000000000000000, 0.000000000000000000, 0.000000000000000000 ) ) ;
#1242 = DIRECTION ( 'NONE',  ( 1.000000000000000000, 0.000000000000000000, 0.000000000000000000 ) ) ;
#1243 = ORIENTED_EDGE ( 'NONE', *, *, #42, .F. ) ;
#1244 = DIRECTION ( 'NONE',  ( 0.000000000000000000, -1.000000000000000000, 0.000000000000000000 ) ) ;
#1245 = CARTESIAN_POINT ( 'NONE',  ( -10.00000000000000000, 15.00000000000000000, 0.02500000000000069528 ) ) ;
#1246 = ADVANCED_FACE ( 'NONE', ( #635 ), #1604, .F. ) ;
#1247 = FACE_BOUND ( 'NONE', #2060, .T. ) ;
#1248 = VERTEX_POINT ( 'NONE', #989 ) ;
#1249 = EDGE_CURVE ( 'NONE', #1185, #1647, #1524, .T. ) ;
#1250 = VERTEX_POINT ( 'NONE', #817 ) ;
#1251 = DIRECTION ( 'NONE',  ( 1.000000000000000000, 0.000000000000000000, 0.000000000000000000 ) ) ;
#1252 = CARTESIAN_POINT ( 'NONE',  ( -44.50000000000000000, 85.24999999999998579, 1.000000000000000000 ) ) ;
#1253 = CARTESIAN_POINT ( 'NONE',  ( -47.68869131004422712, 132.0000000000000000, 0.000000000000000000 ) ) ;
#1254 = ORIENTED_EDGE ( 'NONE', *, *, #1651, .T. ) ;
#1255 = EDGE_CURVE ( 'NONE', #1850, #887, #323, .T. ) ;
#1256 = EDGE_CURVE ( 'NONE', #1154, #1825, #143, .T. ) ;
#1257 = DIRECTION ( 'NONE',  ( -0.000000000000000000, -0.000000000000000000, -1.000000000000000000 ) ) ;
#1258 = LINE ( 'NONE', #125, #1004 ) ;
#1259 = ORIENTED_EDGE ( 'NONE', *, *, #657, .F. ) ;
#1260 = AXIS2_PLACEMENT_3D ( 'NONE', #1692, #839, #1020 ) ;
#1261 = CARTESIAN_POINT ( 'NONE',  ( -59.00000000000000711, 89.25000000000000000, 4.500000000000000000 ) ) ;
#1262 = AXIS2_PLACEMENT_3D ( 'NONE', #380, #1520, #71 ) ;
#1263 = CARTESIAN_POINT ( 'NONE',  ( -14.00000000000002309, 10.74999999999998224, 2.499999999999999556 ) ) ;
#1264 = SURFACE_STYLE_FILL_AREA ( #1616 ) ;
#1265 = AXIS2_PLACEMENT_3D ( 'NONE', #1928, #1773, #940 ) ;
#1266 = ORIENTED_EDGE ( 'NONE', *, *, #2129, .T. ) ;
#1267 = AXIS2_PLACEMENT_3D ( 'NONE', #935, #946, #1237 ) ;
#1268 = LINE ( 'NONE', #1587, #860 ) ;
#1269 = VECTOR ( 'NONE', #1847, 1000.000000000000000 ) ;
#1270 = EDGE_LOOP ( 'NONE', ( #683, #2039, #1748, #1607 ) ) ;
#1271 = FACE_BOUND ( 'NONE', #854, .T. ) ;
#1272 = FACE_OUTER_BOUND ( 'NONE', #166, .T. ) ;
#1273 = VECTOR ( 'NONE', #33, 1000.000000000000000 ) ;
#1274 = MANIFOLD_SOLID_BREP ( 'Cut-Extrude6', #409 ) ;
#1275 = ORIENTED_EDGE ( 'NONE', *, *, #1105, .F. ) ;
#1276 = ADVANCED_FACE ( 'NONE', ( #376 ), #2098, .F. ) ;
#1277 = ORIENTED_EDGE ( 'NONE', *, *, #1814, .T. ) ;
#1278 = DIRECTION ( 'NONE',  ( -1.000000000000000000, 0.000000000000000000, -0.000000000000000000 ) ) ;
#1279 = VECTOR ( 'NONE', #1037, 1000.000000000000000 ) ;
#1280 = CYLINDRICAL_SURFACE ( 'NONE', #1265, 1.649999999999991696 ) ;
#1281 = CARTESIAN_POINT ( 'NONE',  ( -12.84999999999999964, 85.24999999999997158, -0.000000000000000000 ) ) ;
#1282 = CARTESIAN_POINT ( 'NONE',  ( -14.00000000000002309, 89.25000000000000000, 2.499999999999999556 ) ) ;
#1283 = EDGE_CURVE ( 'NONE', #1825, #1019, #392, .T. ) ;
#1284 = ORIENTED_EDGE ( 'NONE', *, *, #571, .F. ) ;
#1285 = CYLINDRICAL_SURFACE ( 'NONE', #708, 2.999999999999999112 ) ;
#1286 = CYLINDRICAL_SURFACE ( 'NONE', #1615, 1.649999999999998579 ) ;
#1287 = ORIENTED_EDGE ( 'NONE', *, *, #1951, .T. ) ;
#1288 = LINE ( 'NONE', #1465, #362 ) ;
#1289 = FACE_BOUND ( 'NONE', #1207, .T. ) ;
#1290 = DIRECTION ( 'NONE',  ( 1.000000000000000000, -0.000000000000000000, -0.000000000000000000 ) ) ;
#1291 = ORIENTED_EDGE ( 'NONE', *, *, #975, .F. ) ;
#1292 = CARTESIAN_POINT ( 'NONE',  ( -17.00000000000002132, 10.74999999999998224, 4.500000000000000000 ) ) ;
#1293 = DIRECTION ( 'NONE',  ( -0.000000000000000000, -0.000000000000000000, 1.000000000000000000 ) ) ;
#1294 = ORIENTED_EDGE ( 'NONE', *, *, #535, .T. ) ;
#1295 = CARTESIAN_POINT ( 'NONE',  ( -17.00000000000002132, 10.74999999999998224, 2.499999999999999556 ) ) ;
#1296 = DIRECTION ( 'NONE',  ( 1.000000000000000000, 0.000000000000000000, 0.000000000000000000 ) ) ;
#1297 = ORIENTED_EDGE ( 'NONE', *, *, #165, .T. ) ;
#1298 = CARTESIAN_POINT ( 'NONE',  ( -64.34999999999999432, 146.0000000000000000, 2.499999999999999556 ) ) ;
#1299 = CIRCLE ( 'NONE', #382, 1.950000000000000400 ) ;
#1300 = CARTESIAN_POINT ( 'NONE',  ( -17.00000000000002132, 89.25000000000000000, 4.500000000000000000 ) ) ;
#1301 = CARTESIAN_POINT ( 'NONE',  ( 0.000000000000000000, 15.00000000000000000, 0.02500000000000069528 ) ) ;
#1302 = VECTOR ( 'NONE', #223, 1000.000000000000000 ) ;
#1303 = EDGE_CURVE ( 'NONE', #579, #97, #57, .T. ) ;
#1304 = EDGE_CURVE ( 'NONE', #529, #1157, #1674, .T. ) ;
#1305 = AXIS2_PLACEMENT_3D ( 'NONE', #619, #1085, #931 ) ;
#1306 = ORIENTED_EDGE ( 'NONE', *, *, #597, .T. ) ;
#1307 = CARTESIAN_POINT ( 'NONE',  ( 0.000000000000000000, 135.0000000000000000, 0.2250000000000003664 ) ) ;
#1308 = VECTOR ( 'NONE', #1718, 1000.000000000000000 ) ;
#1309 = AXIS2_PLACEMENT_3D ( 'NONE', #2, #1622, #314 ) ;
#1310 = ORIENTED_EDGE ( 'NONE', *, *, #1875, .F. ) ;
#1311 = CIRCLE ( 'NONE', #324, 2.999999999999999112 ) ;
#1312 = DIRECTION ( 'NONE',  ( 1.000000000000000000, 0.000000000000000000, 0.000000000000000000 ) ) ;
#1313 = ORIENTED_EDGE ( 'NONE', *, *, #1354, .T. ) ;
#1314 = AXIS2_PLACEMENT_3D ( 'NONE', #1724, #258, #248 ) ;
#1315 = CARTESIAN_POINT ( 'NONE',  ( 0.000000000000000000, 150.0000000000000000, 4.500000000000000000 ) ) ;
#1316 = ORIENTED_EDGE ( 'NONE', *, *, #344, .T. ) ;
#1317 = CARTESIAN_POINT ( 'NONE',  ( -59.00000000000000711, 89.25000000000000000, 0.000000000000000000 ) ) ;
#1318 = DIRECTION ( 'NONE',  ( -0.000000000000000000, -0.000000000000000000, -1.000000000000000000 ) ) ;
#1319 = ORIENTED_EDGE ( 'NONE', *, *, #1678, .T. ) ;
#1320 = DIRECTION ( 'NONE',  ( 0.000000000000000000, 0.000000000000000000, 1.000000000000000000 ) ) ;
#1321 = EDGE_LOOP ( 'NONE', ( #944, #505, #589, #233 ) ) ;
#1322 = CARTESIAN_POINT ( 'NONE',  ( -47.68869131004422002, 102.0000000000000142, 0.000000000000000000 ) ) ;
#1323 = ORIENTED_EDGE ( 'NONE', *, *, #481, .F. ) ;
#1324 = ADVANCED_FACE ( 'NONE', ( #1686, #1859 ), #1866, .T. ) ;
#1325 = DIRECTION ( 'NONE',  ( 0.000000000000000000, 0.000000000000000000, -1.000000000000000000 ) ) ;
#1326 = FACE_OUTER_BOUND ( 'NONE', #1525, .T. ) ;
#1327 = EDGE_LOOP ( 'NONE', ( #230, #844, #1472, #135, #1069, #1988 ) ) ;
#1328 = CARTESIAN_POINT ( 'NONE',  ( -3.999999999999981792, 150.0000000000000000, -4.000000000000000000 ) ) ;
#1329 = VERTEX_POINT ( 'NONE', #1045 ) ;
#1330 = DIRECTION ( 'NONE',  ( -0.000000000000000000, 0.000000000000000000, -1.000000000000000000 ) ) ;
#1331 = EDGE_LOOP ( 'NONE', ( #1090, #893, #96, #695 ) ) ;
#1332 = CYLINDRICAL_SURFACE ( 'NONE', #1378, 2.999999999999999112 ) ;
#1333 = ADVANCED_FACE ( 'NONE', ( #1506 ), #1714, .F. ) ;
#1334 = EDGE_CURVE ( 'NONE', #2018, #339, #727, .T. ) ;
#1335 = ORIENTED_EDGE ( 'NONE', *, *, #355, .T. ) ;
#1336 = EDGE_CURVE ( 'NONE', #729, #191, #219, .T. ) ;
#1337 = FACE_OUTER_BOUND ( 'NONE', #1770, .T. ) ;
#1338 = ORIENTED_EDGE ( 'NONE', *, *, #873, .T. ) ;
#1339 = LINE ( 'NONE', #988, #972 ) ;
#1340 = CARTESIAN_POINT ( 'NONE',  ( -63.14999999999999858, 14.75000000000000711, 0.000000000000000000 ) ) ;
#1341 = VECTOR ( 'NONE', #865, 1000.000000000000000 ) ;
#1342 = DIRECTION ( 'NONE',  ( 1.000000000000000000, 0.000000000000000000, 0.000000000000000000 ) ) ;
#1343 = VERTEX_POINT ( 'NONE', #705 ) ;
#1344 = AXIS2_PLACEMENT_3D ( 'NONE', #1901, #449, #1557 ) ;
#1345 = CIRCLE ( 'NONE', #591, 1.950000000000007283 ) ;
#1346 = CIRCLE ( 'NONE', #1445, 3.000000000000002665 ) ;
#1347 = VECTOR ( 'NONE', #455, 1000.000000000000000 ) ;
#1348 = ORIENTED_EDGE ( 'NONE', *, *, #905, .F. ) ;
#1349 = AXIS2_PLACEMENT_3D ( 'NONE', #821, #1962, #1461 ) ;
#1350 = EDGE_LOOP ( 'NONE', ( #1195, #204 ) ) ;
#1351 = CARTESIAN_POINT ( 'NONE',  ( -44.49999999999998579, 130.2499999999999716, 1.000000000000000000 ) ) ;
#1352 = ORIENTED_EDGE ( 'NONE', *, *, #1895, .F. ) ;
#1353 = CARTESIAN_POINT ( 'NONE',  ( -12.84999999999999964, 85.24999999999997158, 4.500000000000000000 ) ) ;
#1354 = EDGE_CURVE ( 'NONE', #261, #801, #1202, .T. ) ;
#1355 = EDGE_LOOP ( 'NONE', ( #1790, #1635, #1061, #661 ) ) ;
#1356 = EDGE_CURVE ( 'NONE', #1343, #1019, #1497, .T. ) ;
#1357 = VECTOR ( 'NONE', #1942, 1000.000000000000000 ) ;
#1358 = FACE_OUTER_BOUND ( 'NONE', #85, .T. ) ;
#1359 = EDGE_CURVE ( 'NONE', #828, #1329, #30, .T. ) ;
#1360 = VERTEX_POINT ( 'NONE', #2020 ) ;
#1361 = DIRECTION ( 'NONE',  ( 0.000000000000000000, 1.000000000000000000, 0.000000000000000000 ) ) ;
#1362 = ORIENTED_EDGE ( 'NONE', *, *, #1203, .F. ) ;
#1363 = DIRECTION ( 'NONE',  ( 1.000000000000000000, -0.000000000000000000, -0.000000000000000000 ) ) ;
#1364 = DIRECTION ( 'NONE',  ( 0.000000000000000000, 0.000000000000000000, 1.000000000000000000 ) ) ;
#1365 = ORIENTED_EDGE ( 'NONE', *, *, #240, .F. ) ;
#1366 = DIRECTION ( 'NONE',  ( 1.000000000000000000, 0.000000000000000000, -0.000000000000000000 ) ) ;
#1367 = DIRECTION ( 'NONE',  ( -1.000000000000000000, 0.000000000000000000, 0.000000000000000000 ) ) ;
#1368 = ORIENTED_EDGE ( 'NONE', *, *, #105, .T. ) ;
#1369 = AXIS2_PLACEMENT_3D ( 'NONE', #2056, #1216, #421 ) ;
#1370 = ADVANCED_FACE ( 'NONE', ( #542 ), #1526, .F. ) ;
#1371 = CARTESIAN_POINT ( 'NONE',  ( -15.35000000000002096, 89.25000000000000000, 0.000000000000000000 ) ) ;
#1372 = VERTEX_POINT ( 'NONE', #1340 ) ;
#1373 = DIRECTION ( 'NONE',  ( 0.000000000000000000, 0.000000000000000000, 1.000000000000000000 ) ) ;
#1374 = AXIS2_PLACEMENT_3D ( 'NONE', #149, #1623, #798 ) ;
#1375 = VECTOR ( 'NONE', #1128, 1000.000000000000000 ) ;
#1376 = VERTEX_POINT ( 'NONE', #530 ) ;
#1377 = CARTESIAN_POINT ( 'NONE',  ( -31.50000000000000000, 85.24999999999998579, 0.000000000000000000 ) ) ;
#1378 = AXIS2_PLACEMENT_3D ( 'NONE', #1295, #174, #497 ) ;
#1379 = CARTESIAN_POINT ( 'NONE',  ( -70.00000000000000000, 0.000000000000000000, 4.500000000000000000 ) ) ;
#1380 = ORIENTED_EDGE ( 'NONE', *, *, #1822, .F. ) ;
#1381 = FACE_OUTER_BOUND ( 'NONE', #1386, .T. ) ;
#1382 = EDGE_LOOP ( 'NONE', ( #1591, #2068 ) ) ;
#1383 = CARTESIAN_POINT ( 'NONE',  ( 0.000000000000000000, 0.000000000000000000, 4.500000000000000000 ) ) ;
#1384 = CARTESIAN_POINT ( 'NONE',  ( -15.35000000000002096, 89.25000000000000000, 0.000000000000000000 ) ) ;
#1385 = LINE ( 'NONE', #1054, #1408 ) ;
#1386 = EDGE_LOOP ( 'NONE', ( #1558, #280, #545 ) ) ;
#1387 = EDGE_CURVE ( 'NONE', #304, #1181, #553, .T. ) ;
#1388 = FACE_OUTER_BOUND ( 'NONE', #296, .T. ) ;
#1389 = DIRECTION ( 'NONE',  ( 1.000000000000000000, 0.000000000000000000, 0.000000000000000000 ) ) ;
#1390 = DIRECTION ( 'NONE',  ( 0.000000000000000000, 0.000000000000000000, 1.000000000000000000 ) ) ;
#1391 = ORIENTED_EDGE ( 'NONE', *, *, #592, .T. ) ;
#1392 = ADVANCED_FACE ( 'NONE', ( #257 ), #600, .F. ) ;
#1393 = CARTESIAN_POINT ( 'NONE',  ( -64.34999999999999432, 4.000000000000003553, 0.000000000000000000 ) ) ;
#1394 = CARTESIAN_POINT ( 'NONE',  ( -60.65000000000000568, 10.74999999999998224, 0.000000000000000000 ) ) ;
#1395 = LINE ( 'NONE', #1253, #761 ) ;
#1396 = DIRECTION ( 'NONE',  ( -3.083952846180992253E-16, -1.000000000000000000, 0.000000000000000000 ) ) ;
#1397 = EDGE_LOOP ( 'NONE', ( #52, #1766, #2120, #541 ) ) ;
#1398 = ORIENTED_EDGE ( 'NONE', *, *, #571, .T. ) ;
#1399 = DIRECTION ( 'NONE',  ( -1.000000000000000000, 0.000000000000000000, 0.000000000000000000 ) ) ;
#1400 = VECTOR ( 'NONE', #1777, 1000.000000000000000 ) ;
#1401 = DIRECTION ( 'NONE',  ( 0.000000000000000000, 0.000000000000000000, -1.000000000000000000 ) ) ;
#1402 = VECTOR ( 'NONE', #295, 1000.000000000000000 ) ;
#1403 = LINE ( 'NONE', #1051, #406 ) ;
#1404 = CIRCLE ( 'NONE', #1101, 3.000000000000002665 ) ;
#1405 = CARTESIAN_POINT ( 'NONE',  ( -12.84999999999999964, 85.24999999999997158, 4.500000000000000000 ) ) ;
#1406 = EDGE_CURVE ( 'NONE', #1543, #529, #43, .T. ) ;
#1407 = CARTESIAN_POINT ( 'NONE',  ( -59.00000000000000711, 89.25000000000000000, 2.499999999999999556 ) ) ;
#1408 = VECTOR ( 'NONE', #897, 1000.000000000000000 ) ;
#1409 = ORIENTED_EDGE ( 'NONE', *, *, #278, .F. ) ;
#1410 = AXIS2_PLACEMENT_3D ( 'NONE', #953, #1155, #1828 ) ;
#1411 = DIRECTION ( 'NONE',  ( -1.000000000000000000, -0.000000000000000000, -0.000000000000000000 ) ) ;
#1412 = CARTESIAN_POINT ( 'NONE',  ( 0.000000000000000000, 135.0000000000000000, 2.174999999999999822 ) ) ;
#1413 = EDGE_CURVE ( 'NONE', #1633, #1047, #1654, .T. ) ;
#1414 = VECTOR ( 'NONE', #322, 1000.000000000000000 ) ;
#1415 = ORIENTED_EDGE ( 'NONE', *, *, #1575, .T. ) ;
#1416 = ORIENTED_EDGE ( 'NONE', *, *, #1189, .T. ) ;
#1417 = CARTESIAN_POINT ( 'NONE',  ( -62.00000000000000711, 89.25000000000000000, 2.499999999999999556 ) ) ;
#1418 = ADVANCED_FACE ( 'NONE', ( #929 ), #1559, .F. ) ;
#1419 = EDGE_CURVE ( 'NONE', #27, #560, #93, .T. ) ;
#1420 = DIRECTION ( 'NONE',  ( 1.000000000000000000, 1.156482317317875472E-15, 0.000000000000000000 ) ) ;
#1421 = DIRECTION ( 'NONE',  ( 1.000000000000000000, 0.000000000000000000, 0.000000000000000000 ) ) ;
#1422 = EDGE_LOOP ( 'NONE', ( #1432, #1856, #11, #1675 ) ) ;
#1423 = CARTESIAN_POINT ( 'NONE',  ( -17.00000000000002132, 89.25000000000000000, 0.000000000000000000 ) ) ;
#1424 = DIRECTION ( 'NONE',  ( 1.000000000000000000, 0.000000000000000000, 0.000000000000000000 ) ) ;
#1425 = LINE ( 'NONE', #1573, #1402 ) ;
#1426 = LINE ( 'NONE', #6, #1347 ) ;
#1427 = FACE_BOUND ( 'NONE', #781, .T. ) ;
#1428 = CARTESIAN_POINT ( 'NONE',  ( -20.00000000000002132, 89.25000000000000000, 2.499999999999999556 ) ) ;
#1429 = DIRECTION ( 'NONE',  ( -0.000000000000000000, -0.000000000000000000, 1.000000000000000000 ) ) ;
#1430 = VERTEX_POINT ( 'NONE', #1927 ) ;
#1431 = CARTESIAN_POINT ( 'NONE',  ( -10.00000000000000000, 13.05016026299595566, 0.000000000000000000 ) ) ;
#1432 = ORIENTED_EDGE ( 'NONE', *, *, #330, .T. ) ;
#1433 = DIRECTION ( 'NONE',  ( 1.000000000000000000, 0.000000000000000000, -0.000000000000000000 ) ) ;
#1434 = CARTESIAN_POINT ( 'NONE',  ( -63.14999999999999858, 85.24999999999998579, 0.000000000000000000 ) ) ;
#1435 = EDGE_CURVE ( 'NONE', #864, #198, #1166, .T. ) ;
#1436 = VECTOR ( 'NONE', #818, 1000.000000000000000 ) ;
#1437 = ORIENTED_EDGE ( 'NONE', *, *, #1952, .F. ) ;
#1438 = CARTESIAN_POINT ( 'NONE',  ( 0.000000000000000000, 0.000000000000000000, -4.000000000000000000 ) ) ;
#1439 = AXIS2_PLACEMENT_3D ( 'NONE', #1992, #1026, #1186 ) ;
#1440 = PLANE ( 'NONE',  #1630 ) ;
#1441 = CARTESIAN_POINT ( 'NONE',  ( -18.65000000000001990, 89.25000000000000000, 0.000000000000000000 ) ) ;
#1442 = AXIS2_PLACEMENT_3D ( 'NONE', #2002, #999, #1660 ) ;
#1443 = LINE ( 'NONE', #18, #2045 ) ;
#1444 = VERTEX_POINT ( 'NONE', #757 ) ;
#1445 = AXIS2_PLACEMENT_3D ( 'NONE', #1188, #2053, #1892 ) ;
#1446 = CARTESIAN_POINT ( 'NONE',  ( -66.00000000000000000, 146.0000000000000000, 2.499999999999999556 ) ) ;
#1447 = AXIS2_PLACEMENT_3D ( 'NONE', #514, #1006, #1056 ) ;
#1448 = EDGE_LOOP ( 'NONE', ( #1878, #1177, #1003, #1946 ) ) ;
#1449 = CARTESIAN_POINT ( 'NONE',  ( -65.99999999999998579, 4.000000000000003553, 0.000000000000000000 ) ) ;
#1450 = DIRECTION ( 'NONE',  ( -0.000000000000000000, -0.000000000000000000, 1.000000000000000000 ) ) ;
#1451 = AXIS2_PLACEMENT_3D ( 'NONE', #1739, #748, #1396 ) ;
#1452 = ORIENTED_EDGE ( 'NONE', *, *, #891, .F. ) ;
#1453 = DIRECTION ( 'NONE',  ( 1.000000000000000000, 0.000000000000000000, 0.000000000000000000 ) ) ;
#1454 = FACE_BOUND ( 'NONE', #1865, .T. ) ;
#1455 = AXIS2_PLACEMENT_3D ( 'NONE', #2087, #1759, #310 ) ;
#1456 = CARTESIAN_POINT ( 'NONE',  ( -47.68869131004422712, 132.0000000000000000, 4.500000000000000000 ) ) ;
#1457 = DIRECTION ( 'NONE',  ( 1.000000000000000000, -1.445602896647339410E-16, 0.000000000000000000 ) ) ;
#1458 = DIRECTION ( 'NONE',  ( -1.000000000000000000, 0.000000000000000000, 0.000000000000000000 ) ) ;
#1459 = AXIS2_PLACEMENT_3D ( 'NONE', #1737, #587, #1868 ) ;
#1460 = VERTEX_POINT ( 'NONE', #566 ) ;
#1461 = DIRECTION ( 'NONE',  ( 1.000000000000000000, 0.000000000000000000, 0.000000000000000000 ) ) ;
#1462 = CARTESIAN_POINT ( 'NONE',  ( -3.999999999999981792, 150.0000000000000000, -4.000000000000000000 ) ) ;
#1463 = EDGE_CURVE ( 'NONE', #527, #304, #2075, .T. ) ;
#1464 = ORIENTED_EDGE ( 'NONE', *, *, #98, .T. ) ;
#1465 = CARTESIAN_POINT ( 'NONE',  ( -56.00000000000000000, 89.25000000000000000, 2.499999999999999556 ) ) ;
#1466 = EDGE_CURVE ( 'NONE', #756, #846, #1403, .T. ) ;
#1467 = EDGE_CURVE ( 'NONE', #1937, #612, #1934, .T. ) ;
#1468 = DIRECTION ( 'NONE',  ( 0.000000000000000000, 0.000000000000000000, -1.000000000000000000 ) ) ;
#1469 = CARTESIAN_POINT ( 'NONE',  ( -66.00000000000000000, 146.0000000000000000, 4.500000000000000000 ) ) ;
#1470 = DIRECTION ( 'NONE',  ( 0.000000000000000000, 0.000000000000000000, 1.000000000000000000 ) ) ;
#1471 = EDGE_CURVE ( 'NONE', #1136, #347, #699, .T. ) ;
#1472 = ORIENTED_EDGE ( 'NONE', *, *, #733, .T. ) ;
#1473 = CARTESIAN_POINT ( 'NONE',  ( -59.00000000000000711, 89.25000000000000000, 2.499999999999999556 ) ) ;
#1474 = VERTEX_POINT ( 'NONE', #74 ) ;
#1475 = DIRECTION ( 'NONE',  ( 1.000000000000000000, 0.000000000000000000, 0.000000000000000000 ) ) ;
#1476 = ORIENTED_EDGE ( 'NONE', *, *, #131, .T. ) ;
#1477 = PLANE ( 'NONE',  #1200 ) ;
#1478 = AXIS2_PLACEMENT_3D ( 'NONE', #1423, #2082, #281 ) ;
#1479 = CARTESIAN_POINT ( 'NONE',  ( -23.00000000000000711, 105.0000000000000142, 0.000000000000000000 ) ) ;
#1480 = CARTESIAN_POINT ( 'NONE',  ( -59.00000000000000711, 10.74999999999998224, 0.000000000000000000 ) ) ;
#1481 = ORIENTED_EDGE ( 'NONE', *, *, #877, .F. ) ;
#1482 = CARTESIAN_POINT ( 'NONE',  ( 0.000000000000000000, 75.00000000000000000, -1.824999999999998401 ) ) ;
#1483 = VERTEX_POINT ( 'NONE', #1581 ) ;
#1484 = DIRECTION ( 'NONE',  ( 1.000000000000000000, 0.000000000000000000, 0.000000000000000000 ) ) ;
#1485 = EDGE_CURVE ( 'NONE', #1647, #1899, #118, .T. ) ;
#1486 = VECTOR ( 'NONE', #1719, 1000.000000000000000 ) ;
#1487 = EDGE_LOOP ( 'NONE', ( #2089, #1027, #1653, #858 ) ) ;
#1488 = DIRECTION ( 'NONE',  ( 0.000000000000000000, 0.000000000000000000, 1.000000000000000000 ) ) ;
#1489 = AXIS2_PLACEMENT_3D ( 'NONE', #1261, #1940, #1813 ) ;
#1490 = AXIS2_PLACEMENT_3D ( 'NONE', #1978, #1457, #2126 ) ;
#1491 = VERTEX_POINT ( 'NONE', #1377 ) ;
#1492 = ADVANCED_FACE ( 'NONE', ( #740 ), #246, .F. ) ;
#1493 = CARTESIAN_POINT ( 'NONE',  ( -57.35000000000000853, 10.74999999999998224, 0.000000000000000000 ) ) ;
#1494 = ORIENTED_EDGE ( 'NONE', *, *, #203, .T. ) ;
#1495 = EDGE_CURVE ( 'NONE', #1800, #2025, #609, .T. ) ;
#1496 = DIRECTION ( 'NONE',  ( -1.156482317317875472E-15, 1.000000000000000000, -0.000000000000000000 ) ) ;
#1497 = LINE ( 'NONE', #1351, #2104 ) ;
#1498 = EDGE_CURVE ( 'NONE', #1728, #1007, #13, .T. ) ;
#1499 = CARTESIAN_POINT ( 'NONE',  ( -15.35000000000002096, 10.74999999999998224, 0.000000000000000000 ) ) ;
#1500 = EDGE_LOOP ( 'NONE', ( #144, #139 ) ) ;
#1501 = DIRECTION ( 'NONE',  ( 0.000000000000000000, 0.000000000000000000, 1.000000000000000000 ) ) ;
#1502 = EDGE_CURVE ( 'NONE', #690, #809, #2066, .T. ) ;
#1503 = EDGE_LOOP ( 'NONE', ( #1284, #401, #1415, #539, #869, #434 ) ) ;
#1504 = DIRECTION ( 'NONE',  ( 1.000000000000000000, 0.000000000000000000, 0.000000000000000000 ) ) ;
#1505 = ORIENTED_EDGE ( 'NONE', *, *, #1172, .F. ) ;
#1506 = FACE_OUTER_BOUND ( 'NONE', #1327, .T. ) ;
#1507 = APPLICATION_CONTEXT ( 'automotive_design' ) ;
#1508 = CARTESIAN_POINT ( 'NONE',  ( -47.68869131004423423, 137.9999999999999716, 4.500000000000000000 ) ) ;
#1509 = VERTEX_POINT ( 'NONE', #1894 ) ;
#1510 = CARTESIAN_POINT ( 'NONE',  ( -10.00000000000000000, 135.0000000000000000, 0.2250000000000003664 ) ) ;
#1511 = ADVANCED_FACE ( 'NONE', ( #266 ), #408, .F. ) ;
#1512 = ORIENTED_EDGE ( 'NONE', *, *, #1979, .F. ) ;
#1513 = ORIENTED_EDGE ( 'NONE', *, *, #259, .F. ) ;
#1514 = CARTESIAN_POINT ( 'NONE',  ( -65.99999999999998579, 4.000000000000003553, 2.499999999999999556 ) ) ;
#1515 = VECTOR ( 'NONE', #1244, 1000.000000000000000 ) ;
#1516 = EDGE_CURVE ( 'NONE', #326, #1201, #1606, .T. ) ;
#1517 = CARTESIAN_POINT ( 'NONE',  ( -62.99999999999998579, 4.000000000000003553, 2.499999999999999556 ) ) ;
#1518 = ORIENTED_EDGE ( 'NONE', *, *, #911, .F. ) ;
#1519 = AXIS2_PLACEMENT_3D ( 'NONE', #373, #55, #710 ) ;
#1520 = DIRECTION ( 'NONE',  ( 1.000000000000000000, -1.445602896647339410E-16, 0.000000000000000000 ) ) ;
#1521 = ADVANCED_FACE ( 'NONE', ( #605 ), #774, .F. ) ;
#1522 = VECTOR ( 'NONE', #617, 1000.000000000000000 ) ;
#1523 = AXIS2_PLACEMENT_3D ( 'NONE', #969, #1501, #1843 ) ;
#1524 = CIRCLE ( 'NONE', #1410, 3.000000000000002665 ) ;
#1525 = EDGE_LOOP ( 'NONE', ( #162, #1335 ) ) ;
#1526 = PLANE ( 'NONE',  #1544 ) ;
#1527 = LINE ( 'NONE', #68, #167 ) ;
#1528 = EDGE_LOOP ( 'NONE', ( #1555, #386, #995, #1919 ) ) ;
#1529 = ORIENTED_EDGE ( 'NONE', *, *, #130, .F. ) ;
#1530 = DIRECTION ( 'NONE',  ( 0.000000000000000000, 0.000000000000000000, 1.000000000000000000 ) ) ;
#1531 = ORIENTED_EDGE ( 'NONE', *, *, #714, .T. ) ;
#1532 = EDGE_CURVE ( 'NONE', #1860, #1248, #2090, .T. ) ;
#1533 = EDGE_CURVE ( 'NONE', #202, #722, #1932, .T. ) ;
#1534 = DIRECTION ( 'NONE',  ( 0.000000000000000000, 0.000000000000000000, 1.000000000000000000 ) ) ;
#1535 = ORIENTED_EDGE ( 'NONE', *, *, #1533, .T. ) ;
#1536 = ORIENTED_EDGE ( 'NONE', *, *, #498, .F. ) ;
#1537 = CARTESIAN_POINT ( 'NONE',  ( -12.84999999999999964, 85.24999999999997158, 0.000000000000000000 ) ) ;
#1538 = DIRECTION ( 'NONE',  ( 0.000000000000000000, 1.000000000000000000, 0.000000000000000000 ) ) ;
#1539 = DIRECTION ( 'NONE',  ( -0.000000000000000000, -0.000000000000000000, 1.000000000000000000 ) ) ;
#1540 = EDGE_LOOP ( 'NONE', ( #820, #307 ) ) ;
#1541 = CARTESIAN_POINT ( 'NONE',  ( -20.00000000000002132, 10.74999999999998224, 2.499999999999999556 ) ) ;
#1542 = DIRECTION ( 'NONE',  ( 1.000000000000000000, -1.445602896647339410E-16, 0.000000000000000000 ) ) ;
#1543 = VERTEX_POINT ( 'NONE', #325 ) ;
#1544 = AXIS2_PLACEMENT_3D ( 'NONE', #1839, #874, #39 ) ;
#1545 = ORIENTED_EDGE ( 'NONE', *, *, #977, .T. ) ;
#1546 = LINE ( 'NONE', #679, #1173 ) ;
#1547 = AXIS2_PLACEMENT_3D ( 'NONE', #1888, #2036, #1896 ) ;
#1548 = LINE ( 'NONE', #254, #155 ) ;
#1549 = CIRCLE ( 'NONE', #16, 3.000000000000002665 ) ;
#1550 = EDGE_LOOP ( 'NONE', ( #36, #1780, #521, #519, #1348, #954, #445, #1505 ) ) ;
#1551 = DIRECTION ( 'NONE',  ( -0.000000000000000000, -0.000000000000000000, 1.000000000000000000 ) ) ;
#1552 = CIRCLE ( 'NONE', #596, 3.000000000000002665 ) ;
#1553 = EDGE_CURVE ( 'NONE', #470, #1649, #1960, .T. ) ;
#1554 = ADVANCED_FACE ( 'NONE', ( #1634 ), #1122, .F. ) ;
#1555 = ORIENTED_EDGE ( 'NONE', *, *, #528, .F. ) ;
#1556 = FACE_OUTER_BOUND ( 'NONE', #183, .T. ) ;
#1557 = DIRECTION ( 'NONE',  ( 1.000000000000000000, 0.000000000000000000, 0.000000000000000000 ) ) ;
#1558 = ORIENTED_EDGE ( 'NONE', *, *, #927, .T. ) ;
#1559 = CYLINDRICAL_SURFACE ( 'NONE', #524, 3.000000000000002665 ) ;
#1560 = CARTESIAN_POINT ( 'NONE',  ( -17.68869131004420581, 108.0000000000000142, 0.000000000000000000 ) ) ;
#1561 = DIRECTION ( 'NONE',  ( 0.000000000000000000, -1.000000000000000000, 0.000000000000000000 ) ) ;
#1562 = ORIENTED_EDGE ( 'NONE', *, *, #378, .F. ) ;
#1563 = ORIENTED_EDGE ( 'NONE', *, *, #374, .T. ) ;
#1564 = LINE ( 'NONE', #1933, #255 ) ;
#1565 = CARTESIAN_POINT ( 'NONE',  ( -12.84999999999999964, 85.24999999999997158, 4.500000000000000000 ) ) ;
#1566 = CARTESIAN_POINT ( 'NONE',  ( -3.999999999999992450, 75.00000000000000000, 0.1249999999999998612 ) ) ;
#1567 = DIRECTION ( 'NONE',  ( -1.000000000000000000, 0.000000000000000000, -0.000000000000000000 ) ) ;
#1568 = DIRECTION ( 'NONE',  ( -0.000000000000000000, -0.000000000000000000, 1.000000000000000000 ) ) ;
#1569 = EDGE_CURVE ( 'NONE', #97, #202, #1619, .T. ) ;
#1570 = EDGE_LOOP ( 'NONE', ( #1409, #292, #650, #1161, #1830, #760 ) ) ;
#1571 = CYLINDRICAL_SURFACE ( 'NONE', #1701, 1.949999999999999067 ) ;
#1572 = VECTOR ( 'NONE', #730, 1000.000000000000000 ) ;
#1573 = CARTESIAN_POINT ( 'NONE',  ( -4.000000000000003553, 0.000000000000000000, 0.000000000000000000 ) ) ;
#1574 = SHAPE_DEFINITION_REPRESENTATION ( #1612, #1662 ) ;
#1575 = EDGE_CURVE ( 'NONE', #1024, #2019, #1268, .T. ) ;
#1576 = DIRECTION ( 'NONE',  ( 0.000000000000000000, 0.000000000000000000, 1.000000000000000000 ) ) ;
#1577 = EDGE_CURVE ( 'NONE', #985, #932, #1134, .T. ) ;
#1578 = EDGE_LOOP ( 'NONE', ( #32, #14, #1673, #584 ) ) ;
#1579 = AXIS2_PLACEMENT_3D ( 'NONE', #1407, #457, #770 ) ;
#1580 = ORIENTED_EDGE ( 'NONE', *, *, #130, .T. ) ;
#1581 = CARTESIAN_POINT ( 'NONE',  ( -31.50000000000000000, 130.2499999999999716, 1.000000000000000000 ) ) ;
#1582 = CIRCLE ( 'NONE', #1447, 6.099999999999973888 ) ;
#1583 = DIRECTION ( 'NONE',  ( -0.000000000000000000, -0.000000000000000000, 1.000000000000000000 ) ) ;
#1584 = DIRECTION ( 'NONE',  ( 1.000000000000000000, 0.000000000000000000, 0.000000000000000000 ) ) ;
#1585 = VECTOR ( 'NONE', #163, 1000.000000000000000 ) ;
#1586 = EDGE_LOOP ( 'NONE', ( #767, #849 ) ) ;
#1587 = CARTESIAN_POINT ( 'NONE',  ( -10.00000000000000000, 16.94983973700404078, 0.000000000000000000 ) ) ;
#1588 = VECTOR ( 'NONE', #965, 1000.000000000000000 ) ;
#1589 = LINE ( 'NONE', #294, #1945 ) ;
#1590 = FACE_OUTER_BOUND ( 'NONE', #501, .T. ) ;
#1591 = ORIENTED_EDGE ( 'NONE', *, *, #1189, .F. ) ;
#1592 = ORIENTED_EDGE ( 'NONE', *, *, #1577, .F. ) ;
#1593 = LINE ( 'NONE', #1493, #1269 ) ;
#1594 = CARTESIAN_POINT ( 'NONE',  ( -47.68869131004423423, 137.9999999999999716, 0.000000000000000000 ) ) ;
#1595 = CARTESIAN_POINT ( 'NONE',  ( 0.000000000000000000, 135.0000000000000000, 0.2250000000000003664 ) ) ;
#1596 = EDGE_CURVE ( 'NONE', #104, #813, #172, .T. ) ;
#1597 = ORIENTED_EDGE ( 'NONE', *, *, #512, .T. ) ;
#1598 = FACE_OUTER_BOUND ( 'NONE', #1503, .T. ) ;
#1599 = CARTESIAN_POINT ( 'NONE',  ( -4.000000000000001776, 15.00000000000000000, -1.924999999999998268 ) ) ;
#1600 = ORIENTED_EDGE ( 'NONE', *, *, #873, .F. ) ;
#1601 = ORIENTED_EDGE ( 'NONE', *, *, #354, .T. ) ;
#1602 = DIRECTION ( 'NONE',  ( 1.000000000000000000, 0.000000000000000000, 0.000000000000000000 ) ) ;
#1603 = LINE ( 'NONE', #1441, #1733 ) ;
#1604 = CYLINDRICAL_SURFACE ( 'NONE', #868, 1.649999999999991696 ) ;
#1605 = ORIENTED_EDGE ( 'NONE', *, *, #947, .T. ) ;
#1606 = LINE ( 'NONE', #943, #1092 ) ;
#1607 = ORIENTED_EDGE ( 'NONE', *, *, #1179, .F. ) ;
#1608 = PLANE ( 'NONE',  #21 ) ;
#1609 = DIRECTION ( 'NONE',  ( 0.000000000000000000, 0.000000000000000000, 1.000000000000000000 ) ) ;
#1610 = AXIS2_PLACEMENT_3D ( 'NONE', #1916, #431, #86 ) ;
#1611 = VERTEX_POINT ( 'NONE', #436 ) ;
#1612 = PRODUCT_DEFINITION_SHAPE ( 'NONE', 'NONE',  #575 ) ;
#1613 = CARTESIAN_POINT ( 'NONE',  ( -18.65000000000001990, 89.25000000000000000, 2.499999999999999556 ) ) ;
#1614 = FACE_BOUND ( 'NONE', #387, .T. ) ;
#1615 = AXIS2_PLACEMENT_3D ( 'NONE', #472, #463, #959 ) ;
#1616 = FILL_AREA_STYLE ('',( #620 ) ) ;
#1617 = AXIS2_PLACEMENT_3D ( 'NONE', #2122, #643, #1965 ) ;
#1618 = EDGE_CURVE ( 'NONE', #1184, #279, #460, .T. ) ;
#1619 = LINE ( 'NONE', #1921, #1970 ) ;
#1620 = VECTOR ( 'NONE', #1977, 1000.000000000000000 ) ;
#1621 = EDGE_LOOP ( 'NONE', ( #513, #1391 ) ) ;
#1622 = DIRECTION ( 'NONE',  ( 0.000000000000000000, 0.000000000000000000, 1.000000000000000000 ) ) ;
#1623 = DIRECTION ( 'NONE',  ( 0.000000000000000000, 0.000000000000000000, 1.000000000000000000 ) ) ;
#1624 = AXIS2_PLACEMENT_3D ( 'NONE', #843, #677, #1680 ) ;
#1625 = ADVANCED_FACE ( 'NONE', ( #2128 ), #1762, .F. ) ;
#1626 = ORIENTED_EDGE ( 'NONE', *, *, #1909, .F. ) ;
#1627 = ADVANCED_FACE ( 'NONE', ( #622 ), #1114, .F. ) ;
#1628 = CARTESIAN_POINT ( 'NONE',  ( -17.68869131004420225, 102.0000000000000142, 0.000000000000000000 ) ) ;
#1629 = CYLINDRICAL_SURFACE ( 'NONE', #1741, 1.949999999999999512 ) ;
#1630 = AXIS2_PLACEMENT_3D ( 'NONE', #610, #476, #1567 ) ;
#1631 = AXIS2_PLACEMENT_3D ( 'NONE', #1204, #805, #1241 ) ;
#1632 = DIRECTION ( 'NONE',  ( -1.000000000000000000, 1.724377212700604012E-16, 0.000000000000000000 ) ) ;
#1633 = VERTEX_POINT ( 'NONE', #1517 ) ;
#1634 = FACE_OUTER_BOUND ( 'NONE', #1055, .T. ) ;
#1635 = ORIENTED_EDGE ( 'NONE', *, *, #1419, .T. ) ;
#1636 = CARTESIAN_POINT ( 'NONE',  ( -31.50000000000000000, 130.2499999999999716, 1.000000000000000000 ) ) ;
#1637 = ORIENTED_EDGE ( 'NONE', *, *, #1485, .T. ) ;
#1638 = CARTESIAN_POINT ( 'NONE',  ( -10.00000000000000000, 76.94598946554188501, 0.000000000000000000 ) ) ;
#1639 = EDGE_CURVE ( 'NONE', #202, #412, #1840, .T. ) ;
#1640 = FACE_OUTER_BOUND ( 'NONE', #974, .T. ) ;
#1641 = DIRECTION ( 'NONE',  ( -0.000000000000000000, -0.000000000000000000, -1.000000000000000000 ) ) ;
#1642 = ORIENTED_EDGE ( 'NONE', *, *, #1495, .F. ) ;
#1643 = CARTESIAN_POINT ( 'NONE',  ( -4.000000000000001776, 13.05016026299595566, 0.000000000000000000 ) ) ;
#1644 = EDGE_LOOP ( 'NONE', ( #1740, #2033, #1869, #2030, #1834, #1930, #1494, #1722, #1215, #313, #464, #680, #4 ) ) ;
#1645 = DIRECTION ( 'NONE',  ( -0.000000000000000000, -0.000000000000000000, 1.000000000000000000 ) ) ;
#1646 = EDGE_CURVE ( 'NONE', #336, #1649, #1012, .T. ) ;
#1647 = VERTEX_POINT ( 'NONE', #1677 ) ;
#1648 = CARTESIAN_POINT ( 'NONE',  ( 0.000000000000000000, 0.000000000000000000, 0.000000000000000000 ) ) ;
#1649 = VERTEX_POINT ( 'NONE', #1508 ) ;
#1650 = ADVANCED_FACE ( 'NONE', ( #370 ), #2021, .F. ) ;
#1651 = EDGE_CURVE ( 'NONE', #1850, #326, #1060, .T. ) ;
#1652 = DIRECTION ( 'NONE',  ( -0.000000000000000000, -0.000000000000000000, 1.000000000000000000 ) ) ;
#1653 = ORIENTED_EDGE ( 'NONE', *, *, #199, .F. ) ;
#1654 = CIRCLE ( 'NONE', #381, 3.000000000000002665 ) ;
#1655 = CARTESIAN_POINT ( 'NONE',  ( -65.99999999999998579, 4.000000000000003553, 2.499999999999999556 ) ) ;
#1656 = LINE ( 'NONE', #1989, #703 ) ;
#1657 = ORIENTED_EDGE ( 'NONE', *, *, #601, .F. ) ;
#1658 = DIRECTION ( 'NONE',  ( 0.000000000000000000, 0.000000000000000000, 1.000000000000000000 ) ) ;
#1659 = EDGE_LOOP ( 'NONE', ( #110, #1042, #847, #407 ) ) ;
#1660 = DIRECTION ( 'NONE',  ( 1.000000000000000000, 0.000000000000000000, 0.000000000000000000 ) ) ;
#1661 = AXIS2_PLACEMENT_3D ( 'NONE', #885, #58, #384 ) ;
#1662 = ADVANCED_BREP_SHAPE_REPRESENTATION ( 'front-panel-v0', ( #1274, #366 ), #328 ) ;
#1663 = CIRCLE ( 'NONE', #488, 1.949999999999998401 ) ;
#1664 = ORIENTED_EDGE ( 'NONE', *, *, #1467, .T. ) ;
#1665 = FACE_OUTER_BOUND ( 'NONE', #394, .T. ) ;
#1666 = CIRCLE ( 'NONE', #1617, 1.950000000000000400 ) ;
#1667 = CIRCLE ( 'NONE', #1104, 2.999999999999999112 ) ;
#1668 = EDGE_LOOP ( 'NONE', ( #1848, #269, #1243, #2081 ) ) ;
#1669 = DIRECTION ( 'NONE',  ( -1.000000000000000000, 0.000000000000000000, -0.000000000000000000 ) ) ;
#1670 = VERTEX_POINT ( 'NONE', #1861 ) ;
#1671 = AXIS2_PLACEMENT_3D ( 'NONE', #1479, #2044, #978 ) ;
#1672 = CYLINDRICAL_SURFACE ( 'NONE', #19, 1.649999999999998579 ) ;
#1673 = ORIENTED_EDGE ( 'NONE', *, *, #1109, .F. ) ;
#1674 = LINE ( 'NONE', #231, #1867 ) ;
#1675 = ORIENTED_EDGE ( 'NONE', *, *, #753, .T. ) ;
#1676 = AXIS2_PLACEMENT_3D ( 'NONE', #1130, #267, #918 ) ;
#1677 = CARTESIAN_POINT ( 'NONE',  ( -62.00000000000000711, 89.25000000000000000, 2.499999999999999556 ) ) ;
#1678 = EDGE_CURVE ( 'NONE', #347, #1136, #586, .T. ) ;
#1679 = ORIENTED_EDGE ( 'NONE', *, *, #793, .F. ) ;
#1680 = DIRECTION ( 'NONE',  ( 1.000000000000000000, 0.000000000000000000, 0.000000000000000000 ) ) ;
#1681 = DIRECTION ( 'NONE',  ( -0.000000000000000000, -1.000000000000000000, -0.000000000000000000 ) ) ;
#1682 = EDGE_CURVE ( 'NONE', #191, #1248, #214, .T. ) ;
#1683 = ORIENTED_EDGE ( 'NONE', *, *, #723, .T. ) ;
#1684 = PLANE ( 'NONE',  #1941 ) ;
#1685 = ORIENTED_EDGE ( 'NONE', *, *, #332, .T. ) ;
#1686 = FACE_OUTER_BOUND ( 'NONE', #1540, .T. ) ;
#1687 = DIRECTION ( 'NONE',  ( 0.000000000000000000, 0.000000000000000000, -1.000000000000000000 ) ) ;
#1688 = VERTEX_POINT ( 'NONE', #338 ) ;
#1689 = CARTESIAN_POINT ( 'NONE',  ( -59.00000000000000711, 10.74999999999998224, 2.499999999999999556 ) ) ;
#1690 = VERTEX_POINT ( 'NONE', #194 ) ;
#1691 = EDGE_LOOP ( 'NONE', ( #1754, #1886, #1995, #1920 ) ) ;
#1692 = CARTESIAN_POINT ( 'NONE',  ( 0.000000000000000000, 150.0000000000000000, 4.500000000000000000 ) ) ;
#1693 = VECTOR ( 'NONE', #1094, 1000.000000000000000 ) ;
#1694 = CARTESIAN_POINT ( 'NONE',  ( 0.000000000000000000, 75.00000000000000000, 0.1249999999999998612 ) ) ;
#1695 = EDGE_LOOP ( 'NONE', ( #1757, #2110, #1205, #353 ) ) ;
#1696 = VECTOR ( 'NONE', #404, 1000.000000000000000 ) ;
#1697 = VERTEX_POINT ( 'NONE', #377 ) ;
#1698 = AXIS2_PLACEMENT_3D ( 'NONE', #1891, #1160, #1669 ) ;
#1699 = DIRECTION ( 'NONE',  ( 1.000000000000000000, 0.000000000000000000, 0.000000000000000000 ) ) ;
#1700 = EDGE_CURVE ( 'NONE', #1939, #599, #508, .T. ) ;
#1701 = AXIS2_PLACEMENT_3D ( 'NONE', #1245, #1900, #100 ) ;
#1702 = EDGE_CURVE ( 'NONE', #813, #369, #840, .T. ) ;
#1703 = VECTOR ( 'NONE', #1632, 1000.000000000000000 ) ;
#1704 = VERTEX_POINT ( 'NONE', #990 ) ;
#1705 = CARTESIAN_POINT ( 'NONE',  ( -63.14999999999999858, 85.24999999999998579, 4.500000000000000000 ) ) ;
#1706 = CIRCLE ( 'NONE', #1143, 2.999999999999999112 ) ;
#1707 = DIRECTION ( 'NONE',  ( -0.000000000000000000, -0.000000000000000000, 1.000000000000000000 ) ) ;
#1708 = EDGE_LOOP ( 'NONE', ( #1597, #213 ) ) ;
#1709 = EDGE_LOOP ( 'NONE', ( #1115, #1657, #1277, #1352 ) ) ;
#1710 = CARTESIAN_POINT ( 'NONE',  ( -59.00000000000000711, 10.74999999999998224, 4.500000000000000000 ) ) ;
#1711 = DIRECTION ( 'NONE',  ( 0.000000000000000000, 0.000000000000000000, -1.000000000000000000 ) ) ;
#1712 = DIRECTION ( 'NONE',  ( 1.000000000000000000, 0.000000000000000000, 0.000000000000000000 ) ) ;
#1713 = ORIENTED_EDGE ( 'NONE', *, *, #673, .T. ) ;
#1714 = PLANE ( 'NONE',  #1260 ) ;
#1715 = LINE ( 'NONE', #1560, #904 ) ;
#1716 = ORIENTED_EDGE ( 'NONE', *, *, #1336, .T. ) ;
#1717 = EDGE_CURVE ( 'NONE', #2025, #576, #1981, .T. ) ;
#1718 = DIRECTION ( 'NONE',  ( -5.782411586589351722E-16, 1.000000000000000000, -0.000000000000000000 ) ) ;
#1719 = DIRECTION ( 'NONE',  ( 3.083952846180991760E-16, 1.000000000000000000, 0.000000000000000000 ) ) ;
#1720 = EDGE_CURVE ( 'NONE', #1704, #1157, #2106, .T. ) ;
#1721 = ADVANCED_FACE ( 'NONE', ( #686 ), #707, .F. ) ;
#1722 = ORIENTED_EDGE ( 'NONE', *, *, #1822, .T. ) ;
#1723 = CARTESIAN_POINT ( 'NONE',  ( -10.00000000000000000, 135.0000000000000000, 0.2250000000000003664 ) ) ;
#1724 = CARTESIAN_POINT ( 'NONE',  ( -59.00000000000000711, 89.25000000000000000, 4.500000000000000000 ) ) ;
#1725 = VECTOR ( 'NONE', #1318, 1000.000000000000000 ) ;
#1726 = EDGE_CURVE ( 'NONE', #117, #261, #697, .T. ) ;
#1727 = DIRECTION ( 'NONE',  ( -0.000000000000000000, -0.000000000000000000, 1.000000000000000000 ) ) ;
#1728 = VERTEX_POINT ( 'NONE', #830 ) ;
#1729 = CARTESIAN_POINT ( 'NONE',  ( 0.000000000000000000, 150.0000000000000000, -4.000000000000000000 ) ) ;
#1730 = FACE_BOUND ( 'NONE', #25, .T. ) ;
#1731 = DIRECTION ( 'NONE',  ( -0.000000000000000000, -0.000000000000000000, 1.000000000000000000 ) ) ;
#1732 = AXIS2_PLACEMENT_3D ( 'NONE', #112, #101, #439 ) ;
#1733 = VECTOR ( 'NONE', #634, 1000.000000000000000 ) ;
#1734 = ORIENTED_EDGE ( 'NONE', *, *, #2032, .F. ) ;
#1735 = DIRECTION ( 'NONE',  ( -0.000000000000000000, -0.000000000000000000, -1.000000000000000000 ) ) ;
#1736 = AXIS2_PLACEMENT_3D ( 'NONE', #1307, #1475, #483 ) ;
#1737 = CARTESIAN_POINT ( 'NONE',  ( -59.00000000000000711, 10.74999999999998224, 0.000000000000000000 ) ) ;
#1738 = FACE_OUTER_BOUND ( 'NONE', #1528, .T. ) ;
#1739 = CARTESIAN_POINT ( 'NONE',  ( -44.50000000000000000, 85.24999999999998579, 1.000000000000000000 ) ) ;
#1740 = ORIENTED_EDGE ( 'NONE', *, *, #1909, .T. ) ;
#1741 = AXIS2_PLACEMENT_3D ( 'NONE', #503, #1827, #1325 ) ;
#1742 = DIRECTION ( 'NONE',  ( -0.000000000000000000, -0.000000000000000000, 1.000000000000000000 ) ) ;
#1743 = FACE_BOUND ( 'NONE', #1586, .T. ) ;
#1744 = VECTOR ( 'NONE', #1583, 1000.000000000000000 ) ;
#1745 = EDGE_CURVE ( 'NONE', #932, #942, #1767, .T. ) ;
#1746 = ORIENTED_EDGE ( 'NONE', *, *, #1106, .T. ) ;
#1747 = EDGE_CURVE ( 'NONE', #709, #2008, #970, .T. ) ;
#1748 = ORIENTED_EDGE ( 'NONE', *, *, #240, .T. ) ;
#1749 = CARTESIAN_POINT ( 'NONE',  ( -10.00000000000000000, 75.00000000000000000, 0.1249999999999998612 ) ) ;
#1750 = CARTESIAN_POINT ( 'NONE',  ( -12.84999999999999964, 14.75000000000000000, 0.000000000000000000 ) ) ;
#1751 = LINE ( 'NONE', #759, #1199 ) ;
#1752 = ORIENTED_EDGE ( 'NONE', *, *, #772, .F. ) ;
#1753 = EDGE_CURVE ( 'NONE', #560, #1460, #50, .T. ) ;
#1754 = ORIENTED_EDGE ( 'NONE', *, *, #44, .T. ) ;
#1755 = DIRECTION ( 'NONE',  ( -0.000000000000000000, -0.000000000000000000, -1.000000000000000000 ) ) ;
#1756 = DIRECTION ( 'NONE',  ( 1.000000000000000000, 0.000000000000000000, 0.000000000000000000 ) ) ;
#1757 = ORIENTED_EDGE ( 'NONE', *, *, #150, .T. ) ;
#1758 = CARTESIAN_POINT ( 'NONE',  ( -59.00000000000000711, 10.74999999999998224, 2.499999999999999556 ) ) ;
#1759 = DIRECTION ( 'NONE',  ( 0.000000000000000000, 0.000000000000000000, 1.000000000000000000 ) ) ;
#1760 = CARTESIAN_POINT ( 'NONE',  ( -3.999999999999983569, 133.0630242644782868, 0.000000000000000000 ) ) ;
#1761 = VERTEX_POINT ( 'NONE', #1829 ) ;
#1762 = CYLINDRICAL_SURFACE ( 'NONE', #1478, 1.650000000000000355 ) ;
#1763 = CARTESIAN_POINT ( 'NONE',  ( -63.14999999999999858, 85.24999999999998579, 4.500000000000000000 ) ) ;
#1764 = AXIS2_PLACEMENT_3D ( 'NONE', #1514, #48, #1366 ) ;
#1765 = CARTESIAN_POINT ( 'NONE',  ( -4.000000000000003553, 0.000000000000000000, -4.000000000000000000 ) ) ;
#1766 = ORIENTED_EDGE ( 'NONE', *, *, #984, .F. ) ;
#1767 = CIRCLE ( 'NONE', #2040, 1.649999999999991696 ) ;
#1768 = EDGE_CURVE ( 'NONE', #1007, #1728, #2108, .T. ) ;
#1769 = CIRCLE ( 'NONE', #1374, 1.650000000000012568 ) ;
#1770 = EDGE_LOOP ( 'NONE', ( #1221, #1306, #238, #750 ) ) ;
#1771 = LINE ( 'NONE', #176, #898 ) ;
#1772 = CIRCLE ( 'NONE', #1138, 1.649999999999998579 ) ;
#1773 = DIRECTION ( 'NONE',  ( -0.000000000000000000, -0.000000000000000000, 1.000000000000000000 ) ) ;
#1774 = CARTESIAN_POINT ( 'NONE',  ( -10.00000000000000000, 0.000000000000000000, -0.000000000000000000 ) ) ;
#1775 = CIRCLE ( 'NONE', #765, 6.099999999999987210 ) ;
#1776 = ORIENTED_EDGE ( 'NONE', *, *, #535, .F. ) ;
#1777 = DIRECTION ( 'NONE',  ( -0.000000000000000000, -0.000000000000000000, 1.000000000000000000 ) ) ;
#1778 = DIRECTION ( 'NONE',  ( -1.000000000000000000, 0.000000000000000000, 0.000000000000000000 ) ) ;
#1779 = DIRECTION ( 'NONE',  ( -0.000000000000000000, -0.000000000000000000, 1.000000000000000000 ) ) ;
#1780 = ORIENTED_EDGE ( 'NONE', *, *, #1256, .F. ) ;
#1781 = DIRECTION ( 'NONE',  ( -0.000000000000000000, -0.000000000000000000, 1.000000000000000000 ) ) ;
#1782 = FACE_BOUND ( 'NONE', #547, .T. ) ;
#1783 = LINE ( 'NONE', #2097, #250 ) ;
#1784 = DIRECTION ( 'NONE',  ( 1.000000000000000000, 0.000000000000000000, 0.000000000000000000 ) ) ;
#1785 = ORIENTED_EDGE ( 'NONE', *, *, #1575, .F. ) ;
#1786 = ORIENTED_EDGE ( 'NONE', *, *, #1516, .F. ) ;
#1787 = CARTESIAN_POINT ( 'NONE',  ( -12.84999999999999964, 14.75000000000000000, 4.500000000000000000 ) ) ;
#1788 = FACE_OUTER_BOUND ( 'NONE', #1983, .T. ) ;
#1789 = ORIENTED_EDGE ( 'NONE', *, *, #1435, .F. ) ;
#1790 = ORIENTED_EDGE ( 'NONE', *, *, #1225, .F. ) ;
#1791 = DIRECTION ( 'NONE',  ( -0.000000000000000000, -0.000000000000000000, 1.000000000000000000 ) ) ;
#1792 = EDGE_CURVE ( 'NONE', #942, #932, #1870, .T. ) ;
#1793 = LINE ( 'NONE', #1252, #1357 ) ;
#1794 = LINE ( 'NONE', #806, #2112 ) ;
#1795 = CARTESIAN_POINT ( 'NONE',  ( -12.84999999999999964, 85.24999999999997158, 0.000000000000000000 ) ) ;
#1796 = EDGE_CURVE ( 'NONE', #302, #198, #76, .T. ) ;
#1797 = VERTEX_POINT ( 'NONE', #241 ) ;
#1798 = FACE_BOUND ( 'NONE', #549, .T. ) ;
#1799 = FACE_OUTER_BOUND ( 'NONE', #1022, .T. ) ;
#1800 = VERTEX_POINT ( 'NONE', #1379 ) ;
#1801 = FACE_OUTER_BOUND ( 'NONE', #1846, .T. ) ;
#1802 = CARTESIAN_POINT ( 'NONE',  ( -12.84999999999999964, 14.75000000000000000, 4.500000000000000000 ) ) ;
#1803 = CIRCLE ( 'NONE', #1267, 1.650000000000000355 ) ;
#1804 = CARTESIAN_POINT ( 'NONE',  ( -31.50000000000000000, 85.24999999999998579, 1.000000000000000000 ) ) ;
#1805 = DIRECTION ( 'NONE',  ( 1.000000000000000000, 0.000000000000000000, 0.000000000000000000 ) ) ;
#1806 = AXIS2_PLACEMENT_3D ( 'NONE', #632, #825, #1987 ) ;
#1807 = DIRECTION ( 'NONE',  ( 1.000000000000000000, 0.000000000000000000, 0.000000000000000000 ) ) ;
#1808 = ORIENTED_EDGE ( 'NONE', *, *, #1639, .F. ) ;
#1809 = CYLINDRICAL_SURFACE ( 'NONE', #1624, 6.099999999999987210 ) ;
#1810 = AXIS2_PLACEMENT_3D ( 'NONE', #1112, #506, #346 ) ;
#1811 = ADVANCED_FACE ( 'NONE', ( #1192 ), #1880, .F. ) ;
#1812 = ORIENTED_EDGE ( 'NONE', *, *, #1172, .T. ) ;
#1813 = DIRECTION ( 'NONE',  ( 1.000000000000000000, 0.000000000000000000, 0.000000000000000000 ) ) ;
#1814 = EDGE_CURVE ( 'NONE', #783, #1937, #908, .T. ) ;
#1815 = APPLICATION_PROTOCOL_DEFINITION ( 'draft international standard', 'automotive_design', 1998, #1507 ) ;
#1816 = DIRECTION ( 'NONE',  ( -0.000000000000000000, -0.000000000000000000, 1.000000000000000000 ) ) ;
#1817 = ORIENTED_EDGE ( 'NONE', *, *, #1495, .T. ) ;
#1818 = CARTESIAN_POINT ( 'NONE',  ( -70.00000000000000000, 150.0000000000000000, 4.500000000000000000 ) ) ;
#1819 = ORIENTED_EDGE ( 'NONE', *, *, #691, .F. ) ;
#1820 = DIRECTION ( 'NONE',  ( 1.000000000000000000, 0.000000000000000000, -0.000000000000000000 ) ) ;
#1821 = EDGE_CURVE ( 'NONE', #527, #41, #78, .T. ) ;
#1822 = EDGE_CURVE ( 'NONE', #302, #196, #1345, .T. ) ;
#1823 = ORIENTED_EDGE ( 'NONE', *, *, #1792, .F. ) ;
#1824 = DIRECTION ( 'NONE',  ( 1.000000000000000000, 0.000000000000000000, 0.000000000000000000 ) ) ;
#1825 = VERTEX_POINT ( 'NONE', #896 ) ;
#1826 = UNCERTAINTY_MEASURE_WITH_UNIT (LENGTH_MEASURE( 1.000000000000000082E-05 ), #1178, 'distance_accuracy_value', 'NONE');
#1827 = DIRECTION ( 'NONE',  ( 1.000000000000000000, -0.000000000000000000, -0.000000000000000000 ) ) ;
#1828 = DIRECTION ( 'NONE',  ( 1.000000000000000000, 0.000000000000000000, 0.000000000000000000 ) ) ;
#1829 = CARTESIAN_POINT ( 'NONE',  ( -17.68869131004420581, 108.0000000000000142, 4.500000000000000000 ) ) ;
#1830 = ORIENTED_EDGE ( 'NONE', *, *, #1406, .F. ) ;
#1831 = DIRECTION ( 'NONE',  ( -0.000000000000000000, -0.000000000000000000, 1.000000000000000000 ) ) ;
#1832 = VERTEX_POINT ( 'NONE', #731 ) ;
#1833 = CARTESIAN_POINT ( 'NONE',  ( -10.00000000000000000, 135.0000000000000000, 0.2250000000000003664 ) ) ;
#1834 = ORIENTED_EDGE ( 'NONE', *, *, #1406, .T. ) ;
#1835 = AXIS2_PLACEMENT_3D ( 'NONE', #966, #1087, #637 ) ;
#1836 = ADVANCED_FACE ( 'NONE', ( #1218 ), #568, .F. ) ;
#1837 = DIRECTION ( 'NONE',  ( 1.000000000000000000, 0.000000000000000000, 0.000000000000000000 ) ) ;
#1838 = DIRECTION ( 'NONE',  ( -0.000000000000000000, -0.000000000000000000, 1.000000000000000000 ) ) ;
#1839 = CARTESIAN_POINT ( 'NONE',  ( -17.68869131004422712, 138.0000000000000000, 0.000000000000000000 ) ) ;
#1840 = LINE ( 'NONE', #656, #1725 ) ;
#1841 = AXIS2_PLACEMENT_3D ( 'NONE', #1229, #291, #611 ) ;
#1842 = ORIENTED_EDGE ( 'NONE', *, *, #1413, .F. ) ;
#1843 = DIRECTION ( 'NONE',  ( 1.000000000000000000, 0.000000000000000000, 0.000000000000000000 ) ) ;
#1844 = AXIS2_PLACEMENT_3D ( 'NONE', #1710, #235, #1206 ) ;
#1845 = AXIS2_PLACEMENT_3D ( 'NONE', #1763, #1079, #136 ) ;
#1846 = EDGE_LOOP ( 'NONE', ( #525, #1398, #1319, #399, #459, #659 ) ) ;
#1847 = DIRECTION ( 'NONE',  ( -0.000000000000000000, -0.000000000000000000, 1.000000000000000000 ) ) ;
#1848 = ORIENTED_EDGE ( 'NONE', *, *, #793, .T. ) ;
#1849 = LINE ( 'NONE', #212, #1066 ) ;
#1850 = VERTEX_POINT ( 'NONE', #400 ) ;
#1851 = CARTESIAN_POINT ( 'NONE',  ( -65.99999999999998579, 4.000000000000003553, 2.499999999999999556 ) ) ;
#1852 = DIRECTION ( 'NONE',  ( 0.000000000000000000, 0.000000000000000000, 1.000000000000000000 ) ) ;
#1853 = EDGE_LOOP ( 'NONE', ( #1545, #1275, #851, #256, #1642, #287 ) ) ;
#1854 = CARTESIAN_POINT ( 'NONE',  ( -17.68869131004422712, 132.0000000000000000, 0.000000000000000000 ) ) ;
#1855 = ORIENTED_EDGE ( 'NONE', *, *, #1387, .F. ) ;
#1856 = ORIENTED_EDGE ( 'NONE', *, *, #273, .F. ) ;
#1857 = EDGE_CURVE ( 'NONE', #2005, #1899, #486, .T. ) ;
#1858 = VERTEX_POINT ( 'NONE', #1750 ) ;
#1859 = FACE_BOUND ( 'NONE', #1040, .T. ) ;
#1860 = VERTEX_POINT ( 'NONE', #88 ) ;
#1861 = CARTESIAN_POINT ( 'NONE',  ( 0.000000000000000000, 135.0000000000000000, -1.724999999999999201 ) ) ;
#1862 = ORIENTED_EDGE ( 'NONE', *, *, #551, .F. ) ;
#1863 = EDGE_CURVE ( 'NONE', #938, #1860, #410, .T. ) ;
#1864 = CYLINDRICAL_SURFACE ( 'NONE', #1344, 3.000000000000002665 ) ;
#1865 = EDGE_LOOP ( 'NONE', ( #34, #1873 ) ) ;
#1866 = PLANE ( 'NONE',  #1764 ) ;
#1867 = VECTOR ( 'NONE', #2001, 1000.000000000000000 ) ;
#1868 = DIRECTION ( 'NONE',  ( 1.000000000000000000, 0.000000000000000000, 0.000000000000000000 ) ) ;
#1869 = ORIENTED_EDGE ( 'NONE', *, *, #669, .T. ) ;
#1870 = CIRCLE ( 'NONE', #189, 1.649999999999991696 ) ;
#1871 = VECTOR ( 'NONE', #1450, 1000.000000000000000 ) ;
#1872 = VERTEX_POINT ( 'NONE', #1064 ) ;
#1873 = ORIENTED_EDGE ( 'NONE', *, *, #616, .F. ) ;
#1874 = CARTESIAN_POINT ( 'NONE',  ( -10.00000000000000000, 15.00000000000000000, 0.02500000000000069528 ) ) ;
#1875 = EDGE_CURVE ( 'NONE', #1890, #2051, #636, .T. ) ;
#1876 = AXIS2_PLACEMENT_3D ( 'NONE', #614, #1257, #2103 ) ;
#1877 = PRESENTATION_LAYER_ASSIGNMENT (  '', '', ( #1234 ) ) ;
#1878 = ORIENTED_EDGE ( 'NONE', *, *, #1041, .F. ) ;
#1879 = EDGE_CURVE ( 'NONE', #1, #1761, #1715, .T. ) ;
#1880 = PLANE ( 'NONE',  #1661 ) ;
#1881 = ORIENTED_EDGE ( 'NONE', *, *, #42, .T. ) ;
#1882 = EDGE_CURVE ( 'NONE', #864, #188, #232, .T. ) ;
#1883 = FACE_OUTER_BOUND ( 'NONE', #1893, .T. ) ;
#1884 = CARTESIAN_POINT ( 'NONE',  ( -67.64999999999999147, 4.000000000000003553, 0.000000000000000000 ) ) ;
#1885 = EDGE_CURVE ( 'NONE', #1047, #1633, #2049, .T. ) ;
#1886 = ORIENTED_EDGE ( 'NONE', *, *, #881, .T. ) ;
#1887 = DIRECTION ( 'NONE',  ( -0.000000000000000000, -0.000000000000000000, 1.000000000000000000 ) ) ;
#1888 = CARTESIAN_POINT ( 'NONE',  ( -10.00000000000000000, 75.00000000000000000, 0.1249999999999998612 ) ) ;
#1889 = CARTESIAN_POINT ( 'NONE',  ( -4.000000000000003553, 0.000000000000000000, -4.000000000000000000 ) ) ;
#1890 = VERTEX_POINT ( 'NONE', #1394 ) ;
#1891 = CARTESIAN_POINT ( 'NONE',  ( 0.000000000000000000, 0.000000000000000000, -4.000000000000000000 ) ) ;
#1892 = DIRECTION ( 'NONE',  ( 1.000000000000000000, 0.000000000000000000, 0.000000000000000000 ) ) ;
#1893 = EDGE_LOOP ( 'NONE', ( #17, #1291, #883, #77 ) ) ;
#1894 = CARTESIAN_POINT ( 'NONE',  ( -10.00000000000000000, 136.9369757355217416, 0.000000000000000000 ) ) ;
#1895 = EDGE_CURVE ( 'NONE', #612, #1937, #538, .T. ) ;
#1896 = DIRECTION ( 'NONE',  ( 0.000000000000000000, 0.000000000000000000, -1.000000000000000000 ) ) ;
#1897 = VECTOR ( 'NONE', #2101, 1000.000000000000000 ) ;
#1898 = DIRECTION ( 'NONE',  ( 1.000000000000000000, 0.000000000000000000, 0.000000000000000000 ) ) ;
#1899 = VERTEX_POINT ( 'NONE', #558 ) ;
#1900 = DIRECTION ( 'NONE',  ( 1.000000000000000000, -0.000000000000000000, -0.000000000000000000 ) ) ;
#1901 = CARTESIAN_POINT ( 'NONE',  ( -59.00000000000000711, 89.25000000000000000, 2.499999999999999556 ) ) ;
#1902 = ADVANCED_FACE ( 'NONE', ( #1228 ), #422, .F. ) ;
#1903 = VECTOR ( 'NONE', #889, 1000.000000000000000 ) ;
#1904 = CIRCLE ( 'NONE', #1844, 3.000000000000002665 ) ;
#1905 = ORIENTED_EDGE ( 'NONE', *, *, #1304, .T. ) ;
#1906 = AXIS2_PLACEMENT_3D ( 'NONE', #1121, #181, #9 ) ;
#1907 = CARTESIAN_POINT ( 'NONE',  ( 0.000000000000000000, 15.00000000000000000, 0.02500000000000069528 ) ) ;
#1908 = VECTOR ( 'NONE', #522, 1000.000000000000000 ) ;
#1909 = EDGE_CURVE ( 'NONE', #1954, #1184, #1527, .T. ) ;
#1910 = CARTESIAN_POINT ( 'NONE',  ( -17.00000000000002132, 89.25000000000000000, 2.499999999999999556 ) ) ;
#1911 = CARTESIAN_POINT ( 'NONE',  ( -47.68869131004423423, 137.9999999999999716, -0.000000000000000000 ) ) ;
#1912 = ORIENTED_EDGE ( 'NONE', *, *, #1334, .F. ) ;
#1913 = AXIS2_PLACEMENT_3D ( 'NONE', #815, #1530, #880 ) ;
#1914 = CARTESIAN_POINT ( 'NONE',  ( -60.64999999999999858, 89.25000000000000000, 2.499999999999999556 ) ) ;
#1915 = FACE_OUTER_BOUND ( 'NONE', #621, .T. ) ;
#1916 = CARTESIAN_POINT ( 'NONE',  ( -17.00000000000002132, 89.25000000000000000, 2.499999999999999556 ) ) ;
#1917 = FACE_OUTER_BOUND ( 'NONE', #906, .T. ) ;
#1918 = LINE ( 'NONE', #433, #734 ) ;
#1919 = ORIENTED_EDGE ( 'NONE', *, *, #859, .F. ) ;
#1920 = ORIENTED_EDGE ( 'NONE', *, *, #1952, .T. ) ;
#1921 = CARTESIAN_POINT ( 'NONE',  ( -12.84999999999999964, 85.24999999999997158, 4.500000000000000000 ) ) ;
#1922 = CARTESIAN_POINT ( 'NONE',  ( -47.68869131004422002, 108.0000000000000000, -0.000000000000000000 ) ) ;
#1923 = FACE_BOUND ( 'NONE', #685, .T. ) ;
#1924 = EDGE_CURVE ( 'NONE', #369, #38, #1240, .T. ) ;
#1925 = EDGE_LOOP ( 'NONE', ( #842, #899 ) ) ;
#1926 = EDGE_LOOP ( 'NONE', ( #1789, #957, #1563, #1078, #1380, #569 ) ) ;
#1927 = CARTESIAN_POINT ( 'NONE',  ( -47.68869131004422712, 132.0000000000000000, 0.000000000000000000 ) ) ;
#1928 = CARTESIAN_POINT ( 'NONE',  ( -59.00000000000000711, 89.25000000000000000, 0.000000000000000000 ) ) ;
#1929 = LINE ( 'NONE', #1774, #895 ) ;
#1930 = ORIENTED_EDGE ( 'NONE', *, *, #1171, .T. ) ;
#1931 = EDGE_LOOP ( 'NONE', ( #1968, #1338 ) ) ;
#1932 = LINE ( 'NONE', #145, #1515 ) ;
#1933 = CARTESIAN_POINT ( 'NONE',  ( -12.84999999999999964, 85.24999999999997158, 0.000000000000000000 ) ) ;
#1934 = CIRCLE ( 'NONE', #1610, 1.650000000000000355 ) ;
#1935 = CARTESIAN_POINT ( 'NONE',  ( -70.00000000000000000, 0.000000000000000000, 0.000000000000000000 ) ) ;
#1936 = AXIS2_PLACEMENT_3D ( 'NONE', #1301, #1021, #1687 ) ;
#1937 = VERTEX_POINT ( 'NONE', #1956 ) ;
#1938 = AXIS2_PLACEMENT_3D ( 'NONE', #1950, #1963, #3 ) ;
#1939 = VERTEX_POINT ( 'NONE', #769 ) ;
#1940 = DIRECTION ( 'NONE',  ( 0.000000000000000000, 0.000000000000000000, 1.000000000000000000 ) ) ;
#1941 = AXIS2_PLACEMENT_3D ( 'NONE', #923, #1390, #46 ) ;
#1942 = DIRECTION ( 'NONE',  ( -1.000000000000000000, -0.000000000000000000, -0.000000000000000000 ) ) ;
#1943 = LINE ( 'NONE', #1111, #1976 ) ;
#1944 = SURFACE_SIDE_STYLE ('',( #1264 ) ) ;
#1945 = VECTOR ( 'NONE', #1424, 1000.000000000000000 ) ;
#1946 = ORIENTED_EDGE ( 'NONE', *, *, #1255, .F. ) ;
#1947 = CARTESIAN_POINT ( 'NONE',  ( -17.68869131004420581, 108.0000000000000142, 0.000000000000000000 ) ) ;
#1948 = ORIENTED_EDGE ( 'NONE', *, *, #1879, .T. ) ;
#1949 = PLANE ( 'NONE',  #936 ) ;
#1950 = CARTESIAN_POINT ( 'NONE',  ( -59.00000000000000711, 10.74999999999998224, 2.499999999999999556 ) ) ;
#1951 = EDGE_CURVE ( 'NONE', #196, #1670, #298, .T. ) ;
#1952 = EDGE_CURVE ( 'NONE', #831, #2046, #1793, .T. ) ;
#1953 = VERTEX_POINT ( 'NONE', #758 ) ;
#1954 = VERTEX_POINT ( 'NONE', #1095 ) ;
#1955 = DIRECTION ( 'NONE',  ( 0.000000000000000000, 0.000000000000000000, 1.000000000000000000 ) ) ;
#1956 = CARTESIAN_POINT ( 'NONE',  ( -15.35000000000002096, 89.25000000000000000, 2.499999999999999556 ) ) ;
#1957 = FACE_OUTER_BOUND ( 'NONE', #1695, .T. ) ;
#1958 = CARTESIAN_POINT ( 'NONE',  ( 0.000000000000000000, 15.00000000000000000, -1.924999999999998268 ) ) ;
#1959 = PRODUCT ( 'front-panel-v0', 'front-panel-v0', '', ( #1009 ) ) ;
#1960 = LINE ( 'NONE', #794, #658 ) ;
#1961 = ORIENTED_EDGE ( 'NONE', *, *, #1678, .F. ) ;
#1962 = DIRECTION ( 'NONE',  ( 0.000000000000000000, 0.000000000000000000, 1.000000000000000000 ) ) ;
#1963 = DIRECTION ( 'NONE',  ( 0.000000000000000000, 0.000000000000000000, 1.000000000000000000 ) ) ;
#1964 = ORIENTED_EDGE ( 'NONE', *, *, #1387, .T. ) ;
#1965 = DIRECTION ( 'NONE',  ( 0.000000000000000000, 1.000000000000000000, 0.000000000000000000 ) ) ;
#1966 = FACE_OUTER_BOUND ( 'NONE', #359, .T. ) ;
#1967 = LINE ( 'NONE', #478, #837 ) ;
#1968 = ORIENTED_EDGE ( 'NONE', *, *, #1821, .T. ) ;
#1969 = FACE_OUTER_BOUND ( 'NONE', #991, .T. ) ;
#1970 = VECTOR ( 'NONE', #161, 1000.000000000000000 ) ;
#1971 = ORIENTED_EDGE ( 'NONE', *, *, #1149, .F. ) ;
#1972 = ADVANCED_FACE ( 'NONE', ( #456 ), #275, .F. ) ;
#1973 = CARTESIAN_POINT ( 'NONE',  ( -66.00000000000000000, 146.0000000000000000, 0.000000000000000000 ) ) ;
#1974 = AXIS2_PLACEMENT_3D ( 'NONE', #1353, #40, #1330 ) ;
#1975 = CARTESIAN_POINT ( 'NONE',  ( 0.000000000000000000, 0.000000000000000000, 4.500000000000000000 ) ) ;
#1976 = VECTOR ( 'NONE', #299, 1000.000000000000000 ) ;
#1977 = DIRECTION ( 'NONE',  ( -0.000000000000000000, -1.000000000000000000, -0.000000000000000000 ) ) ;
#1978 = CARTESIAN_POINT ( 'NONE',  ( -3.999999999999992450, 75.00000000000000000, 0.1249999999999998612 ) ) ;
#1979 = EDGE_CURVE ( 'NONE', #2019, #1543, #1110, .T. ) ;
#1980 = CIRCLE ( 'NONE', #863, 1.649999999999991696 ) ;
#1981 = LINE ( 'NONE', #675, #554 ) ;
#1982 = CIRCLE ( 'NONE', #1139, 1.949999999999999512 ) ;
#1983 = EDGE_LOOP ( 'NONE', ( #2099, #122, #1531, #910 ) ) ;
#1984 = DIRECTION ( 'NONE',  ( -0.000000000000000000, -0.000000000000000000, 1.000000000000000000 ) ) ;
#1985 = CIRCLE ( 'NONE', #1141, 2.999999999999999112 ) ;
#1986 = EDGE_LOOP ( 'NONE', ( #1437, #1093, #960, #1808, #2023, #1297, #89, #1752 ) ) ;
#1987 = DIRECTION ( 'NONE',  ( 0.000000000000000000, 0.000000000000000000, -1.000000000000000000 ) ) ;
#1988 = ORIENTED_EDGE ( 'NONE', *, *, #1336, .F. ) ;
#1989 = CARTESIAN_POINT ( 'NONE',  ( -63.14999999999999858, 14.75000000000000711, 4.500000000000000000 ) ) ;
#1990 = CARTESIAN_POINT ( 'NONE',  ( -17.00000000000002132, 10.74999999999998224, 2.499999999999999556 ) ) ;
#1991 = ORIENTED_EDGE ( 'NONE', *, *, #1133, .T. ) ;
#1992 = CARTESIAN_POINT ( 'NONE',  ( -65.99999999999998579, 4.000000000000003553, 0.000000000000000000 ) ) ;
#1993 = ORIENTED_EDGE ( 'NONE', *, *, #597, .F. ) ;
#1994 = LINE ( 'NONE', #1124, #1585 ) ;
#1995 = ORIENTED_EDGE ( 'NONE', *, *, #435, .T. ) ;
#1996 = EDGE_CURVE ( 'NONE', #828, #1939, #2121, .T. ) ;
#1997 = DIRECTION ( 'NONE',  ( -0.000000000000000000, -0.000000000000000000, -1.000000000000000000 ) ) ;
#1998 = ORIENTED_EDGE ( 'NONE', *, *, #1466, .T. ) ;
#1999 = DIRECTION ( 'NONE',  ( 1.000000000000000000, 0.000000000000000000, -0.000000000000000000 ) ) ;
#2000 = FACE_OUTER_BOUND ( 'NONE', #687, .T. ) ;
#2001 = DIRECTION ( 'NONE',  ( 1.000000000000000000, -0.000000000000000000, -0.000000000000000000 ) ) ;
#2002 = CARTESIAN_POINT ( 'NONE',  ( -59.00000000000000711, 10.74999999999998224, 2.499999999999999556 ) ) ;
#2003 = ORIENTED_EDGE ( 'NONE', *, *, #1471, .F. ) ;
#2004 = CARTESIAN_POINT ( 'NONE',  ( -17.00000000000002132, 10.74999999999998224, 2.499999999999999556 ) ) ;
#2005 = VERTEX_POINT ( 'NONE', #141 ) ;
#2006 = AXIS2_PLACEMENT_3D ( 'NONE', #1874, #1712, #1468 ) ;
#2007 = CARTESIAN_POINT ( 'NONE',  ( -47.68869131004422002, 102.0000000000000142, 4.500000000000000000 ) ) ;
#2008 = VERTEX_POINT ( 'NONE', #779 ) ;
#2009 = DIRECTION ( 'NONE',  ( 1.000000000000000000, 0.000000000000000000, 0.000000000000000000 ) ) ;
#2010 = DIRECTION ( 'NONE',  ( 1.000000000000000000, 0.000000000000000000, 0.000000000000000000 ) ) ;
#2011 = CARTESIAN_POINT ( 'NONE',  ( -17.00000000000002132, 10.74999999999998224, 4.500000000000000000 ) ) ;
#2012 = CIRCLE ( 'NONE', #1841, 1.949999999999999067 ) ;
#2013 = ORIENTED_EDGE ( 'NONE', *, *, #772, .T. ) ;
#2014 = AXIS2_PLACEMENT_3D ( 'NONE', #335, #1838, #2124 ) ;
#2015 = VECTOR ( 'NONE', #1984, 1000.000000000000000 ) ;
#2016 = DIRECTION ( 'NONE',  ( 0.000000000000000000, 0.000000000000000000, 1.000000000000000000 ) ) ;
#2017 = EDGE_CURVE ( 'NONE', #1690, #2018, #290, .T. ) ;
#2018 = VERTEX_POINT ( 'NONE', #633 ) ;
#2019 = VERTEX_POINT ( 'NONE', #602 ) ;
#2020 = CARTESIAN_POINT ( 'NONE',  ( -18.65000000000001990, 89.25000000000000000, 0.000000000000000000 ) ) ;
#2021 = CYLINDRICAL_SURFACE ( 'NONE', #1439, 1.649999999999998579 ) ;
#2022 = VECTOR ( 'NONE', #442, 1000.000000000000000 ) ;
#2023 = ORIENTED_EDGE ( 'NONE', *, *, #1569, .F. ) ;
#2024 = CARTESIAN_POINT ( 'NONE',  ( -17.68869131004420581, 108.0000000000000142, -0.000000000000000000 ) ) ;
#2025 = VERTEX_POINT ( 'NONE', #951 ) ;
#2026 = CARTESIAN_POINT ( 'NONE',  ( 0.000000000000000000, 150.0000000000000000, 4.500000000000000000 ) ) ;
#2027 = CARTESIAN_POINT ( 'NONE',  ( -3.999999999999983569, 135.0000000000000000, 0.2250000000000003664 ) ) ;
#2028 = ORIENTED_EDGE ( 'NONE', *, *, #714, .F. ) ;
#2029 = ADVANCED_FACE ( 'NONE', ( #1427, #930, #1289, #108, #789, #1454, #963, #119, #1782, #1614, #157, #1966 ), #1440, .F. ) ;
#2030 = ORIENTED_EDGE ( 'NONE', *, *, #1979, .T. ) ;
#2031 =( NAMED_UNIT ( * ) PLANE_ANGLE_UNIT ( ) SI_UNIT ( $, .RADIAN. ) );
#2032 = EDGE_CURVE ( 'NONE', #1157, #1704, #1073, .T. ) ;
#2033 = ORIENTED_EDGE ( 'NONE', *, *, #5, .T. ) ;
#2034 = ORIENTED_EDGE ( 'NONE', *, *, #1639, .T. ) ;
#2035 = DIRECTION ( 'NONE',  ( 0.000000000000000000, 0.000000000000000000, 1.000000000000000000 ) ) ;
#2036 = DIRECTION ( 'NONE',  ( 1.000000000000000000, -0.000000000000000000, -0.000000000000000000 ) ) ;
#2037 = ADVANCED_FACE ( 'NONE', ( #432 ), #132, .F. ) ;
#2038 = ADVANCED_FACE ( 'NONE', ( #1917 ), #1280, .F. ) ;
#2039 = ORIENTED_EDGE ( 'NONE', *, *, #177, .T. ) ;
#2040 = AXIS2_PLACEMENT_3D ( 'NONE', #1473, #348, #1342 ) ;
#2041 = CIRCLE ( 'NONE', #800, 1.949999999999999512 ) ;
#2042 = LINE ( 'NONE', #35, #1308 ) ;
#2043 = VECTOR ( 'NONE', #976, 1000.000000000000000 ) ;
#2044 = DIRECTION ( 'NONE',  ( -0.000000000000000000, -0.000000000000000000, 1.000000000000000000 ) ) ;
#2045 = VECTOR ( 'NONE', #469, 1000.000000000000000 ) ;
#2046 = VERTEX_POINT ( 'NONE', #2096 ) ;
#2047 = DIRECTION ( 'NONE',  ( 0.000000000000000000, 0.000000000000000000, -1.000000000000000000 ) ) ;
#2048 = CARTESIAN_POINT ( 'NONE',  ( -65.99999999999998579, 4.000000000000003553, 0.000000000000000000 ) ) ;
#2049 = CIRCLE ( 'NONE', #1182, 3.000000000000002665 ) ;
#2050 = EDGE_LOOP ( 'NONE', ( #872, #1033, #1099, #2013 ) ) ;
#2051 = VERTEX_POINT ( 'NONE', #618 ) ;
#2052 = DIRECTION ( 'NONE',  ( 1.000000000000000000, 0.000000000000000000, 0.000000000000000000 ) ) ;
#2053 = DIRECTION ( 'NONE',  ( 0.000000000000000000, 0.000000000000000000, 1.000000000000000000 ) ) ;
#2054 = EDGE_CURVE ( 'NONE', #262, #279, #87, .T. ) ;
#2055 = ORIENTED_EDGE ( 'NONE', *, *, #592, .F. ) ;
#2056 = CARTESIAN_POINT ( 'NONE',  ( -59.00000000000000711, 10.74999999999998224, 2.499999999999999556 ) ) ;
#2057 = DIRECTION ( 'NONE',  ( 0.000000000000000000, 0.000000000000000000, 1.000000000000000000 ) ) ;
#2058 = CARTESIAN_POINT ( 'NONE',  ( -53.00000000000000711, 105.0000000000000142, 0.000000000000000000 ) ) ;
#2059 = ADVANCED_FACE ( 'NONE', ( #492 ), #345, .F. ) ;
#2060 = EDGE_LOOP ( 'NONE', ( #570, #1213 ) ) ;
#2061 = PLANE ( 'NONE',  #973 ) ;
#2062 = DIRECTION ( 'NONE',  ( -0.000000000000000000, -0.000000000000000000, -1.000000000000000000 ) ) ;
#2063 = CARTESIAN_POINT ( 'NONE',  ( -53.00000000000000711, 105.0000000000000142, 4.500000000000000000 ) ) ;
#2064 = DIRECTION ( 'NONE',  ( 1.000000000000000000, 0.000000000000000000, 0.000000000000000000 ) ) ;
#2065 = CARTESIAN_POINT ( 'NONE',  ( -70.00000000000000000, 0.000000000000000000, 4.500000000000000000 ) ) ;
#2066 = CIRCLE ( 'NONE', #1057, 6.099999999999987210 ) ;
#2067 = LINE ( 'NONE', #1230, #667 ) ;
#2068 = ORIENTED_EDGE ( 'NONE', *, *, #1753, .F. ) ;
#2069 = VECTOR ( 'NONE', #857, 1000.000000000000000 ) ;
#2070 = DIRECTION ( 'NONE',  ( 1.000000000000000000, 0.000000000000000000, 0.000000000000000000 ) ) ;
#2071 = DIRECTION ( 'NONE',  ( -1.000000000000000000, 0.000000000000000000, -0.000000000000000000 ) ) ;
#2072 = VECTOR ( 'NONE', #1779, 1000.000000000000000 ) ;
#2073 = CIRCLE ( 'NONE', #489, 1.650000000000000355 ) ;
#2074 = ORIENTED_EDGE ( 'NONE', *, *, #1895, .T. ) ;
#2075 = LINE ( 'NONE', #1393, #755 ) ;
#2076 = COLOUR_RGB ( '',0.7921568627450980005, 0.8196078431372548767, 0.9333333333333333481 ) ;
#2077 = DIRECTION ( 'NONE',  ( 2.759003540320966024E-16, 1.000000000000000000, -0.000000000000000000 ) ) ;
#2078 = LINE ( 'NONE', #1263, #1100 ) ;
#2079 = ADVANCED_FACE ( 'NONE', ( #64, #718 ), #997, .T. ) ;
#2080 = ADVANCED_FACE ( 'NONE', ( #668 ), #169, .F. ) ;
#2081 = ORIENTED_EDGE ( 'NONE', *, *, #567, .T. ) ;
#2082 = DIRECTION ( 'NONE',  ( -0.000000000000000000, -0.000000000000000000, 1.000000000000000000 ) ) ;
#2083 = DIRECTION ( 'NONE',  ( 1.000000000000000000, 0.000000000000000000, 0.000000000000000000 ) ) ;
#2084 = FACE_BOUND ( 'NONE', #1550, .T. ) ;
#2085 = ORIENTED_EDGE ( 'NONE', *, *, #355, .F. ) ;
#2086 = CARTESIAN_POINT ( 'NONE',  ( -23.00000000000000711, 135.0000000000000000, 0.000000000000000000 ) ) ;
#2087 = CARTESIAN_POINT ( 'NONE',  ( -17.00000000000002132, 10.74999999999998224, 0.000000000000000000 ) ) ;
#2088 = CARTESIAN_POINT ( 'NONE',  ( -10.00000000000000000, 75.00000000000000000, 0.1249999999999998612 ) ) ;
#2089 = ORIENTED_EDGE ( 'NONE', *, *, #1996, .F. ) ;
#2090 = LINE ( 'NONE', #446, #1897 ) ;
#2091 = CARTESIAN_POINT ( 'NONE',  ( -14.00000000000002309, 89.25000000000000000, 4.500000000000000000 ) ) ;
#2092 = CARTESIAN_POINT ( 'NONE',  ( -10.00000000000000000, 133.0630242644782868, 0.000000000000000000 ) ) ;
#2093 = EDGE_LOOP ( 'NONE', ( #670, #1294, #1683, #924 ) ) ;
#2094 = ADVANCED_FACE ( 'NONE', ( #1162 ), #652, .F. ) ;
#2095 = DIRECTION ( 'NONE',  ( 0.000000000000000000, 0.000000000000000000, 1.000000000000000000 ) ) ;
#2096 = CARTESIAN_POINT ( 'NONE',  ( -44.50000000000000000, 85.24999999999998579, 1.000000000000000000 ) ) ;
#2097 = CARTESIAN_POINT ( 'NONE',  ( -57.35000000000000853, 89.25000000000000000, 0.000000000000000000 ) ) ;
#2098 = CYLINDRICAL_SURFACE ( 'NONE', #962, 2.999999999999999112 ) ;
#2099 = ORIENTED_EDGE ( 'NONE', *, *, #62, .F. ) ;
#2100 = ADVANCED_FACE ( 'NONE', ( #1640 ), #229, .F. ) ;
#2101 = DIRECTION ( 'NONE',  ( -1.000000000000000000, 0.000000000000000000, 0.000000000000000000 ) ) ;
#2102 = ADVANCED_FACE ( 'NONE', ( #726 ), #1629, .F. ) ;
#2103 = DIRECTION ( 'NONE',  ( 1.000000000000000000, 0.000000000000000000, 0.000000000000000000 ) ) ;
#2104 = VECTOR ( 'NONE', #1164, 1000.000000000000000 ) ;
#2105 = CYLINDRICAL_SURFACE ( 'NONE', #1732, 2.999999999999999112 ) ;
#2106 = CIRCLE ( 'NONE', #1169, 1.949999999999998401 ) ;
#2107 = EDGE_CURVE ( 'NONE', #722, #1858, #871, .T. ) ;
#2108 = CIRCLE ( 'NONE', #1442, 1.649999999999998579 ) ;
#2109 = AXIS2_PLACEMENT_3D ( 'NONE', #1510, #1363, #1711 ) ;
#2110 = ORIENTED_EDGE ( 'NONE', *, *, #308, .F. ) ;
#2111 = CARTESIAN_POINT ( 'NONE',  ( -59.00000000000000711, 10.74999999999998224, 0.000000000000000000 ) ) ;
#2112 = VECTOR ( 'NONE', #1496, 1000.000000000000000 ) ;
#2113 = DIRECTION ( 'NONE',  ( -1.000000000000000000, 2.759003540320966024E-16, 0.000000000000000000 ) ) ;
#2114 = DIRECTION ( 'NONE',  ( -0.000000000000000000, -0.000000000000000000, 1.000000000000000000 ) ) ;
#2115 = AXIS2_PLACEMENT_3D ( 'NONE', #1449, #763, #2083 ) ;
#2116 = ORIENTED_EDGE ( 'NONE', *, *, #405, .T. ) ;
#2117 = ORIENTED_EDGE ( 'NONE', *, *, #996, .F. ) ;
#2118 = DIRECTION ( 'NONE',  ( 0.000000000000000000, 0.000000000000000000, 1.000000000000000000 ) ) ;
#2119 = CARTESIAN_POINT ( 'NONE',  ( -47.68869131004422002, 108.0000000000000000, 0.000000000000000000 ) ) ;
#2120 = ORIENTED_EDGE ( 'NONE', *, *, #105, .F. ) ;
#2121 = CIRCLE ( 'NONE', #1455, 1.650000000000000355 ) ;
#2122 = CARTESIAN_POINT ( 'NONE',  ( -4.000000000000001776, 15.00000000000000000, 0.02500000000000069528 ) ) ;
#2123 = CARTESIAN_POINT ( 'NONE',  ( -10.00000000000000000, 135.0000000000000000, -1.724999999999999201 ) ) ;
#2124 = DIRECTION ( 'NONE',  ( 1.000000000000000000, 0.000000000000000000, 0.000000000000000000 ) ) ;
#2125 = ORIENTED_EDGE ( 'NONE', *, *, #1651, .F. ) ;
#2126 = DIRECTION ( 'NONE',  ( 0.000000000000000000, 1.000000000000000000, 0.000000000000000000 ) ) ;
#2127 = EDGE_CURVE ( 'NONE', #887, #1201, #1706, .T. ) ;
#2128 = FACE_OUTER_BOUND ( 'NONE', #391, .T. ) ;
#2129 = EDGE_CURVE ( 'NONE', #151, #1690, #420, .T. ) ;
ENDSEC;
END-ISO-10303-21;
