ISO-10303-21;
HEADER;
FILE_DESCRIPTION (( 'STEP AP214' ),
    '1' );
FILE_NAME ('pcb-holder-v0.STEP',
    '2026-10-03T21:22:04',
    ( '' ),
    ( '' ),
    'SwSTEP 2.0',
    'SolidWorks 2026',
    '' );
FILE_SCHEMA (( 'AUTOMOTIVE_DESIGN' ));
ENDSEC;

DATA;
#1 = CARTESIAN_POINT ( 'NONE',  ( -5.000000000000018652, 52.00000000000000000, 2.000000000000000000 ) ) ;
#2 = LINE ( 'NONE', #337, #1293 ) ;
#3 = VERTEX_POINT ( 'NONE', #320 ) ;
#4 =( LENGTH_UNIT ( ) NAMED_UNIT ( * ) SI_UNIT ( .MILLI., .METRE. ) );
#5 = ORIENTED_EDGE ( 'NONE', *, *, #474, .T. ) ;
#6 = ADVANCED_FACE ( 'NONE', ( #1067 ), #1403, .T. ) ;
#7 = CARTESIAN_POINT ( 'NONE',  ( 0.000000000000000000, 4.999999999999999112, 0.000000000000000000 ) ) ;
#8 = DIRECTION ( 'NONE',  ( -0.000000000000000000, -0.000000000000000000, -1.000000000000000000 ) ) ;
#9 = ORIENTED_EDGE ( 'NONE', *, *, #196, .T. ) ;
#10 = CARTESIAN_POINT ( 'NONE',  ( -5.000000000000018652, 52.00000000000000000, 15.00000000000000000 ) ) ;
#11 = ORIENTED_EDGE ( 'NONE', *, *, #432, .F. ) ;
#12 = AXIS2_PLACEMENT_3D ( 'NONE', #273, #922, #188 ) ;
#13 = DIRECTION ( 'NONE',  ( 0.000000000000000000, 0.000000000000000000, 1.000000000000000000 ) ) ;
#14 = DIRECTION ( 'NONE',  ( 1.000000000000000000, 0.000000000000000000, 0.000000000000000000 ) ) ;
#15 = CARTESIAN_POINT ( 'NONE',  ( -32.00000000000001421, 90.00000000000000000, 2.000000000000000000 ) ) ;
#16 = ORIENTED_EDGE ( 'NONE', *, *, #1164, .T. ) ;
#17 = DIRECTION ( 'NONE',  ( 0.000000000000000000, 0.000000000000000000, 1.000000000000000000 ) ) ;
#18 = EDGE_LOOP ( 'NONE', ( #1150, #711, #369, #195 ) ) ;
#19 = CARTESIAN_POINT ( 'NONE',  ( -5.000000000000018652, 5.000000000000000000, 15.00000000000000000 ) ) ;
#20 = LINE ( 'NONE', #1295, #1036 ) ;
#21 = ORIENTED_EDGE ( 'NONE', *, *, #1097, .F. ) ;
#22 = DIRECTION ( 'NONE',  ( 1.000000000000000000, 0.000000000000000000, 0.000000000000000000 ) ) ;
#23 = ORIENTED_EDGE ( 'NONE', *, *, #499, .F. ) ;
#24 = LINE ( 'NONE', #124, #333 ) ;
#25 = PLANE ( 'NONE',  #501 ) ;
#26 = AXIS2_PLACEMENT_3D ( 'NONE', #721, #315, #89 ) ;
#27 = DIRECTION ( 'NONE',  ( -0.000000000000000000, -0.000000000000000000, -1.000000000000000000 ) ) ;
#28 = CIRCLE ( 'NONE', #952, 1.425000000000000933 ) ;
#29 = EDGE_LOOP ( 'NONE', ( #66, #1112, #1282, #1338 ) ) ;
#30 = ORIENTED_EDGE ( 'NONE', *, *, #843, .F. ) ;
#31 = AXIS2_PLACEMENT_3D ( 'NONE', #1084, #104, #290 ) ;
#32 = DIRECTION ( 'NONE',  ( -0.000000000000000000, -0.000000000000000000, -1.000000000000000000 ) ) ;
#33 = AXIS2_PLACEMENT_3D ( 'NONE', #10, #859, #541 ) ;
#34 = ORIENTED_EDGE ( 'NONE', *, *, #60, .T. ) ;
#35 = ORIENTED_EDGE ( 'NONE', *, *, #1272, .F. ) ;
#36 = DIRECTION ( 'NONE',  ( -0.000000000000000000, -0.000000000000000000, -1.000000000000000000 ) ) ;
#37 = CARTESIAN_POINT ( 'NONE',  ( -9.500000000000019540, 5.000000000000000000, 15.00000000000000000 ) ) ;
#38 = EDGE_CURVE ( 'NONE', #277, #160, #1304, .T. ) ;
#39 = AXIS2_PLACEMENT_3D ( 'NONE', #197, #959, #1401 ) ;
#40 = VECTOR ( 'NONE', #334, 1000.000000000000000 ) ;
#41 = ORIENTED_EDGE ( 'NONE', *, *, #593, .T. ) ;
#42 = VERTEX_POINT ( 'NONE', #1179 ) ;
#43 = CARTESIAN_POINT ( 'NONE',  ( -57.57500000000000995, 5.000000000000000000, 2.000000000000000000 ) ) ;
#44 = DIRECTION ( 'NONE',  ( 0.000000000000000000, 0.000000000000000000, 1.000000000000000000 ) ) ;
#45 = ADVANCED_FACE ( 'NONE', ( #298, #630 ), #217, .T. ) ;
#46 = DIRECTION ( 'NONE',  ( 0.000000000000000000, -0.000000000000000000, 1.000000000000000000 ) ) ;
#47 = ORIENTED_EDGE ( 'NONE', *, *, #1243, .F. ) ;
#48 = CYLINDRICAL_SURFACE ( 'NONE', #1174, 1.425000000000000933 ) ;
#49 = CLOSED_SHELL ( 'NONE', ( #995, #1059, #1202, #1139, #1007, #1014, #86, #164, #1230, #50, #861, #736, #1289, #699, #1222, #1038, #358, #554, #1104, #371, #875, #998, #1157, #800, #207, #649, #883, #1218, #814, #475, #894, #493, #682, #45, #6, #90, #331, #709, #1249, #849, #227, #444, #452, #985, #1298, #350, #336, #935 ) ) ;
#50 = ADVANCED_FACE ( 'NONE', ( #1286 ), #539, .T. ) ;
#51 = VECTOR ( 'NONE', #407, 1000.000000000000000 ) ;
#52 = ORIENTED_EDGE ( 'NONE', *, *, #95, .F. ) ;
#53 = CIRCLE ( 'NONE', #1176, 1.950000000000000400 ) ;
#54 = CARTESIAN_POINT ( 'NONE',  ( -33.95000000000000995, 50.00000000000000000, 7.000000000000000000 ) ) ;
#55 = ORIENTED_EDGE ( 'NONE', *, *, #1214, .T. ) ;
#56 = CIRCLE ( 'NONE', #168, 4.499999999999990230 ) ;
#57 = CARTESIAN_POINT ( 'NONE',  ( -59.00000000000002132, 58.42388884590451426, 0.000000000000000000 ) ) ;
#58 = DIRECTION ( 'NONE',  ( -0.000000000000000000, -0.000000000000000000, -1.000000000000000000 ) ) ;
#59 = AXIS2_PLACEMENT_3D ( 'NONE', #462, #472, #1133 ) ;
#60 = EDGE_CURVE ( 'NONE', #1159, #101, #811, .T. ) ;
#61 = CARTESIAN_POINT ( 'NONE',  ( -5.000000000000018652, 5.000000000000000000, 15.00000000000000000 ) ) ;
#62 = VERTEX_POINT ( 'NONE', #184 ) ;
#63 = CARTESIAN_POINT ( 'NONE',  ( -32.00000000000000711, 50.00000000000000000, 7.000000000000000000 ) ) ;
#64 = FACE_BOUND ( 'NONE', #1268, .T. ) ;
#65 = CARTESIAN_POINT ( 'NONE',  ( -9.500000000000017764, 52.00000000000000000, 2.000000000000000000 ) ) ;
#66 = ORIENTED_EDGE ( 'NONE', *, *, #1360, .F. ) ;
#67 = DIRECTION ( 'NONE',  ( 0.000000000000000000, 0.000000000000000000, 1.000000000000000000 ) ) ;
#68 = VERTEX_POINT ( 'NONE', #977 ) ;
#69 = DIRECTION ( 'NONE',  ( -0.000000000000000000, -0.000000000000000000, -1.000000000000000000 ) ) ;
#70 = CARTESIAN_POINT ( 'NONE',  ( -33.95000000000000995, 50.00000000000000000, 2.000000000000000000 ) ) ;
#71 = CARTESIAN_POINT ( 'NONE',  ( -37.00000000000000711, 50.00000000000000000, 2.000000000000000000 ) ) ;
#72 = AXIS2_PLACEMENT_3D ( 'NONE', #192, #8, #1171 ) ;
#73 = EDGE_LOOP ( 'NONE', ( #52, #793, #1006, #672 ) ) ;
#74 = FACE_OUTER_BOUND ( 'NONE', #930, .T. ) ;
#75 = ORIENTED_EDGE ( 'NONE', *, *, #965, .F. ) ;
#76 = FACE_OUTER_BOUND ( 'NONE', #1237, .T. ) ;
#77 = PLANE ( 'NONE',  #720 ) ;
#78 = CARTESIAN_POINT ( 'NONE',  ( -33.39672219213317561, 99.99999999999998579, 2.000000000000000000 ) ) ;
#79 = EDGE_CURVE ( 'NONE', #1241, #1257, #745, .T. ) ;
#80 = EDGE_CURVE ( 'NONE', #738, #626, #637, .T. ) ;
#81 = DIRECTION ( 'NONE',  ( -0.000000000000000000, -0.000000000000000000, -1.000000000000000000 ) ) ;
#82 = ORIENTED_EDGE ( 'NONE', *, *, #1387, .F. ) ;
#83 = VECTOR ( 'NONE', #1132, 1000.000000000000000 ) ;
#84 = FACE_BOUND ( 'NONE', #1079, .T. ) ;
#85 = LINE ( 'NONE', #654, #300 ) ;
#86 = ADVANCED_FACE ( 'NONE', ( #521 ), #954, .F. ) ;
#87 = DIRECTION ( 'NONE',  ( -1.000000000000000000, 0.000000000000000000, 0.000000000000000000 ) ) ;
#88 = CARTESIAN_POINT ( 'NONE',  ( -0.5000000000000186517, 5.000000000000000888, 15.00000000000000000 ) ) ;
#89 = DIRECTION ( 'NONE',  ( -1.000000000000000000, 0.000000000000000000, 0.000000000000000000 ) ) ;
#90 = ADVANCED_FACE ( 'NONE', ( #527 ), #830, .F. ) ;
#91 = ORIENTED_EDGE ( 'NONE', *, *, #968, .F. ) ;
#92 = DIRECTION ( 'NONE',  ( -1.000000000000000000, 0.000000000000000000, 0.000000000000000000 ) ) ;
#93 = DIRECTION ( 'NONE',  ( -1.000000000000000000, 0.000000000000000000, 0.000000000000000000 ) ) ;
#94 = CIRCLE ( 'NONE', #455, 5.000000000000000888 ) ;
#95 = EDGE_CURVE ( 'NONE', #738, #1205, #623, .T. ) ;
#96 = DIRECTION ( 'NONE',  ( -1.000000000000000000, 0.000000000000000000, 0.000000000000000000 ) ) ;
#97 = ORIENTED_EDGE ( 'NONE', *, *, #458, .T. ) ;
#98 = EDGE_CURVE ( 'NONE', #1087, #429, #1311, .T. ) ;
#99 = VECTOR ( 'NONE', #1382, 1000.000000000000000 ) ;
#100 = DIRECTION ( 'NONE',  ( -0.000000000000000000, -0.000000000000000000, -1.000000000000000000 ) ) ;
#101 = VERTEX_POINT ( 'NONE', #972 ) ;
#102 = DIRECTION ( 'NONE',  ( -1.000000000000000000, 0.000000000000000000, 0.000000000000000000 ) ) ;
#103 = CARTESIAN_POINT ( 'NONE',  ( -33.39672219213317561, 94.99999999999998579, 2.000000000000000000 ) ) ;
#104 = DIRECTION ( 'NONE',  ( -0.000000000000000000, -0.000000000000000000, -1.000000000000000000 ) ) ;
#105 = ORIENTED_EDGE ( 'NONE', *, *, #329, .F. ) ;
#106 = EDGE_CURVE ( 'NONE', #62, #779, #534, .T. ) ;
#107 = CIRCLE ( 'NONE', #670, 4.500000000000000888 ) ;
#108 = DIRECTION ( 'NONE',  ( 0.000000000000000000, 0.000000000000000000, 1.000000000000000000 ) ) ;
#109 = EDGE_LOOP ( 'NONE', ( #990, #1068 ) ) ;
#110 = CARTESIAN_POINT ( 'NONE',  ( -5.000000000000018652, 5.000000000000000000, 15.00000000000000000 ) ) ;
#111 = LINE ( 'NONE', #223, #1400 ) ;
#112 = CARTESIAN_POINT ( 'NONE',  ( -59.00000000000001421, 52.00000000000000000, 15.00000000000000000 ) ) ;
#113 = ORIENTED_EDGE ( 'NONE', *, *, #344, .T. ) ;
#114 = DIRECTION ( 'NONE',  ( 0.000000000000000000, -0.000000000000000000, 1.000000000000000000 ) ) ;
#115 = ORIENTED_EDGE ( 'NONE', *, *, #547, .T. ) ;
#116 = LINE ( 'NONE', #431, #1020 ) ;
#117 = CARTESIAN_POINT ( 'NONE',  ( -30.05000000000001492, 90.00000000000000000, 0.000000000000000000 ) ) ;
#118 = AXIS2_PLACEMENT_3D ( 'NONE', #1270, #287, #1383 ) ;
#119 = CARTESIAN_POINT ( 'NONE',  ( -3.575000000000018385, 5.000000000000000000, 2.000000000000000000 ) ) ;
#120 = ORIENTED_EDGE ( 'NONE', *, *, #903, .F. ) ;
#121 = DIRECTION ( 'NONE',  ( 0.000000000000000000, 0.000000000000000000, 1.000000000000000000 ) ) ;
#122 = ORIENTED_EDGE ( 'NONE', *, *, #127, .F. ) ;
#123 = VECTOR ( 'NONE', #32, 1000.000000000000000 ) ;
#124 = CARTESIAN_POINT ( 'NONE',  ( -30.60327780786684926, 100.0000000000000000, 2.000000000000000000 ) ) ;
#125 = DIRECTION ( 'NONE',  ( -1.000000000000000000, 0.000000000000000000, 0.000000000000000000 ) ) ;
#126 = PRODUCT_DEFINITION_SHAPE ( 'NONE', 'NONE',  #1029 ) ;
#127 = EDGE_CURVE ( 'NONE', #1205, #393, #890, .T. ) ;
#128 = ORIENTED_EDGE ( 'NONE', *, *, #1123, .T. ) ;
#129 = APPLICATION_PROTOCOL_DEFINITION ( 'draft international standard', 'automotive_design', 1998, #813 ) ;
#130 = ORIENTED_EDGE ( 'NONE', *, *, #1232, .T. ) ;
#131 = VECTOR ( 'NONE', #563, 1000.000000000000000 ) ;
#132 = CYLINDRICAL_SURFACE ( 'NONE', #1381, 4.500000000000000888 ) ;
#133 = CARTESIAN_POINT ( 'NONE',  ( -59.00000000000000711, 4.999999999999992895, 0.000000000000000000 ) ) ;
#134 = EDGE_CURVE ( 'NONE', #68, #1339, #387, .T. ) ;
#135 = PLANE ( 'NONE',  #752 ) ;
#136 = VERTEX_POINT ( 'NONE', #1200 ) ;
#137 = UNCERTAINTY_MEASURE_WITH_UNIT (LENGTH_MEASURE( 1.000000000000000082E-05 ), #1217, 'distance_accuracy_value', 'NONE');
#138 = ORIENTED_EDGE ( 'NONE', *, *, #417, .T. ) ;
#139 = CARTESIAN_POINT ( 'NONE',  ( -54.50000000000001421, 52.00000000000000000, 15.00000000000000000 ) ) ;
#140 = DIRECTION ( 'NONE',  ( -1.000000000000000000, 0.000000000000000000, 0.000000000000000000 ) ) ;
#141 = VERTEX_POINT ( 'NONE', #645 ) ;
#142 = EDGE_LOOP ( 'NONE', ( #860, #1004 ) ) ;
#143 = VECTOR ( 'NONE', #597, 1000.000000000000000 ) ;
#144 = EDGE_CURVE ( 'NONE', #149, #686, #1194, .T. ) ;
#145 = AXIS2_PLACEMENT_3D ( 'NONE', #1158, #603, #1048 ) ;
#146 = CARTESIAN_POINT ( 'NONE',  ( 0.000000000000000000, 58.42388884590450715, 2.000000000000000000 ) ) ;
#147 = DIRECTION ( 'NONE',  ( -0.000000000000000000, -0.000000000000000000, -1.000000000000000000 ) ) ;
#148 = VERTEX_POINT ( 'NONE', #764 ) ;
#149 = VERTEX_POINT ( 'NONE', #1208 ) ;
#150 = CYLINDRICAL_SURFACE ( 'NONE', #528, 4.499999999999999112 ) ;
#151 =( NAMED_UNIT ( * ) SI_UNIT ( $, .STERADIAN. ) SOLID_ANGLE_UNIT ( ) );
#152 = AXIS2_PLACEMENT_3D ( 'NONE', #318, #1409, #426 ) ;
#153 = ORIENTED_EDGE ( 'NONE', *, *, #640, .T. ) ;
#154 = DIRECTION ( 'NONE',  ( 0.000000000000000000, 0.000000000000000000, 1.000000000000000000 ) ) ;
#155 = ORIENTED_EDGE ( 'NONE', *, *, #776, .T. ) ;
#156 = DIRECTION ( 'NONE',  ( 0.000000000000000000, 0.000000000000000000, 1.000000000000000000 ) ) ;
#157 = CARTESIAN_POINT ( 'NONE',  ( -4.999999999999999112, -6.123233995736765296E-16, 2.000000000000000000 ) ) ;
#158 = VECTOR ( 'NONE', #483, 1000.000000000000000 ) ;
#159 = CARTESIAN_POINT ( 'NONE',  ( -3.575000000000018385, 5.000000000000000000, 15.00000000000000000 ) ) ;
#160 = VERTEX_POINT ( 'NONE', #119 ) ;
#161 = DIRECTION ( 'NONE',  ( -1.000000000000000000, 0.000000000000000000, 0.000000000000000000 ) ) ;
#162 = CARTESIAN_POINT ( 'NONE',  ( -3.575000000000017497, 52.00000000000000000, 15.00000000000000000 ) ) ;
#163 = AXIS2_PLACEMENT_3D ( 'NONE', #1137, #156, #1027 ) ;
#164 = ADVANCED_FACE ( 'NONE', ( #224 ), #653, .T. ) ;
#165 = VECTOR ( 'NONE', #629, 1000.000000000000000 ) ;
#166 = DIRECTION ( 'NONE',  ( 0.8192319205190403686, -0.5734623443633284356, 0.000000000000000000 ) ) ;
#167 = VERTEX_POINT ( 'NONE', #871 ) ;
#168 = AXIS2_PLACEMENT_3D ( 'NONE', #1161, #280, #93 ) ;
#169 = DIRECTION ( 'NONE',  ( -1.000000000000000000, 0.000000000000000000, 0.000000000000000000 ) ) ;
#170 = VECTOR ( 'NONE', #821, 1000.000000000000114 ) ;
#171 = PLANE ( 'NONE',  #270 ) ;
#172 = CARTESIAN_POINT ( 'NONE',  ( -30.05000000000001492, 90.00000000000000000, 2.000000000000000000 ) ) ;
#173 = VERTEX_POINT ( 'NONE', #1317 ) ;
#174 = DIRECTION ( 'NONE',  ( 0.000000000000000000, 0.000000000000000000, 1.000000000000000000 ) ) ;
#175 = CARTESIAN_POINT ( 'NONE',  ( -60.42500000000001137, 52.00000000000000000, 15.00000000000000000 ) ) ;
#176 = FACE_OUTER_BOUND ( 'NONE', #823, .T. ) ;
#177 = DIRECTION ( 'NONE',  ( -0.000000000000000000, -0.000000000000000000, -1.000000000000000000 ) ) ;
#178 = ORIENTED_EDGE ( 'NONE', *, *, #878, .F. ) ;
#179 = VECTOR ( 'NONE', #826, 1000.000000000000000 ) ;
#180 = EDGE_CURVE ( 'NONE', #581, #406, #271, .T. ) ;
#181 = FACE_BOUND ( 'NONE', #916, .T. ) ;
#182 = CARTESIAN_POINT ( 'NONE',  ( -32.00000000000001421, 90.00000000000000000, 7.000000000000000000 ) ) ;
#183 = DIRECTION ( 'NONE',  ( 1.000000000000000000, 0.000000000000000000, 0.000000000000000000 ) ) ;
#184 = CARTESIAN_POINT ( 'NONE',  ( -26.50711820527164519, 97.86731172181664817, 0.000000000000000000 ) ) ;
#185 = AXIS2_PLACEMENT_3D ( 'NONE', #810, #573, #486 ) ;
#186 = EDGE_LOOP ( 'NONE', ( #225, #365 ) ) ;
#187 = EDGE_CURVE ( 'NONE', #491, #42, #710, .T. ) ;
#188 = DIRECTION ( 'NONE',  ( 1.000000000000000000, 0.000000000000000000, -0.000000000000000000 ) ) ;
#189 = FACE_OUTER_BOUND ( 'NONE', #642, .T. ) ;
#190 = DIRECTION ( 'NONE',  ( -0.8192319205190404796, -0.5734623443633284356, 0.000000000000000000 ) ) ;
#191 = EDGE_CURVE ( 'NONE', #330, #148, #1128, .T. ) ;
#192 = CARTESIAN_POINT ( 'NONE',  ( -59.00000000000001421, 52.00000000000000000, 15.00000000000000000 ) ) ;
#193 = ORIENTED_EDGE ( 'NONE', *, *, #946, .T. ) ;
#194 = FACE_BOUND ( 'NONE', #1031, .T. ) ;
#195 = ORIENTED_EDGE ( 'NONE', *, *, #489, .F. ) ;
#196 = EDGE_CURVE ( 'NONE', #141, #738, #680, .T. ) ;
#197 = CARTESIAN_POINT ( 'NONE',  ( -5.000000000000018652, 52.00000000000000000, 15.00000000000000000 ) ) ;
#198 = CARTESIAN_POINT ( 'NONE',  ( -33.39672219213317561, 99.99999999999998579, 2.000000000000000000 ) ) ;
#199 = DIRECTION ( 'NONE',  ( -1.000000000000000000, 0.000000000000000000, 0.000000000000000000 ) ) ;
#200 = EDGE_CURVE ( 'NONE', #651, #686, #1149, .T. ) ;
#201 = ORIENTED_EDGE ( 'NONE', *, *, #191, .F. ) ;
#202 = DIRECTION ( 'NONE',  ( -0.000000000000000000, -0.000000000000000000, -1.000000000000000000 ) ) ;
#203 = EDGE_LOOP ( 'NONE', ( #1362, #1044 ) ) ;
#204 = LINE ( 'NONE', #1046, #825 ) ;
#205 = CIRCLE ( 'NONE', #382, 4.499999999999997335 ) ;
#206 = DIRECTION ( 'NONE',  ( 0.000000000000000000, 0.000000000000000000, -1.000000000000000000 ) ) ;
#207 = ADVANCED_FACE ( 'NONE', ( #74, #276 ), #1053, .T. ) ;
#208 = CYLINDRICAL_SURFACE ( 'NONE', #815, 5.000000000000000888 ) ;
#209 = AXIS2_PLACEMENT_3D ( 'NONE', #1017, #147, #569 ) ;
#210 = DIRECTION ( 'NONE',  ( 1.000000000000000000, 1.224646799147353207E-16, -0.000000000000000000 ) ) ;
#211 = AXIS2_PLACEMENT_3D ( 'NONE', #1308, #616, #199 ) ;
#212 = CIRCLE ( 'NONE', #566, 1.425000000000000044 ) ;
#213 = EDGE_LOOP ( 'NONE', ( #936, #309 ) ) ;
#214 = ORIENTED_EDGE ( 'NONE', *, *, #584, .T. ) ;
#215 = CARTESIAN_POINT ( 'NONE',  ( -5.000000000000018652, 5.000000000000000000, 15.00000000000000000 ) ) ;
#216 = DIRECTION ( 'NONE',  ( 0.000000000000000000, 0.000000000000000000, 1.000000000000000000 ) ) ;
#217 = PLANE ( 'NONE',  #961 ) ;
#218 = ORIENTED_EDGE ( 'NONE', *, *, #196, .F. ) ;
#219 = AXIS2_PLACEMENT_3D ( 'NONE', #874, #558, #340 ) ;
#220 = DIRECTION ( 'NONE',  ( 1.000000000000000000, 0.000000000000000000, 0.000000000000000000 ) ) ;
#221 = ORIENTED_EDGE ( 'NONE', *, *, #1075, .F. ) ;
#222 = CARTESIAN_POINT ( 'NONE',  ( -64.00000000000000000, 4.999999999999991118, 2.000000000000000000 ) ) ;
#223 = CARTESIAN_POINT ( 'NONE',  ( -36.00000000000002842, 99.99999999999998579, 2.000000000000000000 ) ) ;
#224 = FACE_OUTER_BOUND ( 'NONE', #803, .T. ) ;
#225 = ORIENTED_EDGE ( 'NONE', *, *, #708, .T. ) ;
#226 = DIRECTION ( 'NONE',  ( -1.000000000000000000, -2.168404344971007882E-16, 0.000000000000000000 ) ) ;
#227 = ADVANCED_FACE ( 'NONE', ( #260 ), #1043, .F. ) ;
#228 = EDGE_CURVE ( 'NONE', #588, #1085, #383, .T. ) ;
#229 = CARTESIAN_POINT ( 'NONE',  ( -5.000000000000000000, 58.42388884590450715, 2.000000000000000000 ) ) ;
#230 = DIRECTION ( 'NONE',  ( -0.000000000000000000, -0.000000000000000000, -1.000000000000000000 ) ) ;
#231 = ORIENTED_EDGE ( 'NONE', *, *, #878, .T. ) ;
#232 = EDGE_CURVE ( 'NONE', #598, #408, #1012, .T. ) ;
#233 = ORIENTED_EDGE ( 'NONE', *, *, #1116, .F. ) ;
#234 = VECTOR ( 'NONE', #674, 1000.000000000000000 ) ;
#235 = CYLINDRICAL_SURFACE ( 'NONE', #468, 1.425000000000002709 ) ;
#236 = CARTESIAN_POINT ( 'NONE',  ( 0.000000000000000000, 0.000000000000000000, 0.000000000000000000 ) ) ;
#237 = AXIS2_PLACEMENT_3D ( 'NONE', #1207, #1099, #427 ) ;
#238 = EDGE_CURVE ( 'NONE', #408, #515, #265, .T. ) ;
#239 = MECHANICAL_DESIGN_GEOMETRIC_PRESENTATION_REPRESENTATION (  '', ( #1402 ), #595 ) ;
#240 = EDGE_LOOP ( 'NONE', ( #662, #1405, #851, #557 ) ) ;
#241 = AXIS2_PLACEMENT_3D ( 'NONE', #1163, #268, #1065 ) ;
#242 = ORIENTED_EDGE ( 'NONE', *, *, #856, .F. ) ;
#243 = CIRCLE ( 'NONE', #308, 4.999999999999997335 ) ;
#244 = DIRECTION ( 'NONE',  ( 0.000000000000000000, 0.000000000000000000, 1.000000000000000000 ) ) ;
#245 = FACE_OUTER_BOUND ( 'NONE', #109, .T. ) ;
#246 = EDGE_CURVE ( 'NONE', #277, #425, #212, .T. ) ;
#247 = CARTESIAN_POINT ( 'NONE',  ( -37.00000000000002132, 90.00000000000000000, 2.000000000000000000 ) ) ;
#248 = ORIENTED_EDGE ( 'NONE', *, *, #986, .T. ) ;
#249 = EDGE_CURVE ( 'NONE', #865, #477, #931, .T. ) ;
#250 = ORIENTED_EDGE ( 'NONE', *, *, #283, .T. ) ;
#251 = DIRECTION ( 'NONE',  ( -0.000000000000000000, -0.000000000000000000, -1.000000000000000000 ) ) ;
#252 = CARTESIAN_POINT ( 'NONE',  ( -63.50000000000001421, 5.000000000000000000, 2.000000000000000000 ) ) ;
#253 = EDGE_CURVE ( 'NONE', #774, #740, #322, .T. ) ;
#254 = EDGE_LOOP ( 'NONE', ( #982, #677, #665, #264 ) ) ;
#255 = VERTEX_POINT ( 'NONE', #696 ) ;
#256 = VECTOR ( 'NONE', #177, 1000.000000000000000 ) ;
#257 = DIRECTION ( 'NONE',  ( 0.000000000000000000, 1.000000000000000000, 0.000000000000000000 ) ) ;
#258 = FACE_BOUND ( 'NONE', #560, .T. ) ;
#259 = ORIENTED_EDGE ( 'NONE', *, *, #1119, .F. ) ;
#260 = FACE_OUTER_BOUND ( 'NONE', #254, .T. ) ;
#261 = EDGE_LOOP ( 'NONE', ( #218, #91, #443, #509 ) ) ;
#262 = CYLINDRICAL_SURFACE ( 'NONE', #780, 1.950000000000000400 ) ;
#263 = DIRECTION ( 'NONE',  ( 0.000000000000000000, 0.000000000000000000, -1.000000000000000000 ) ) ;
#264 = ORIENTED_EDGE ( 'NONE', *, *, #1109, .T. ) ;
#265 = LINE ( 'NONE', #172, #388 ) ;
#266 = VERTEX_POINT ( 'NONE', #54 ) ;
#267 = CARTESIAN_POINT ( 'NONE',  ( -5.000000000000018652, 52.00000000000000000, 15.00000000000000000 ) ) ;
#268 = DIRECTION ( 'NONE',  ( 0.000000000000000000, 0.000000000000000000, 1.000000000000000000 ) ) ;
#269 = ORIENTED_EDGE ( 'NONE', *, *, #1096, .F. ) ;
#270 = AXIS2_PLACEMENT_3D ( 'NONE', #403, #812, #1279 ) ;
#271 = LINE ( 'NONE', #364, #456 ) ;
#272 = ORIENTED_EDGE ( 'NONE', *, *, #1123, .F. ) ;
#273 = CARTESIAN_POINT ( 'NONE',  ( -5.000000000000018652, 5.000000000000000000, 15.00000000000000000 ) ) ;
#274 = AXIS2_PLACEMENT_3D ( 'NONE', #580, #1024, #909 ) ;
#275 = CARTESIAN_POINT ( 'NONE',  ( -6.425000000000018474, 5.000000000000000000, 2.000000000000000000 ) ) ;
#276 = FACE_BOUND ( 'NONE', #525, .T. ) ;
#277 = VERTEX_POINT ( 'NONE', #159 ) ;
#278 = CARTESIAN_POINT ( 'NONE',  ( -30.05000000000000782, 50.00000000000000000, 0.000000000000000000 ) ) ;
#279 = CARTESIAN_POINT ( 'NONE',  ( -27.00000000000001421, 90.00000000000000000, 2.000000000000000000 ) ) ;
#280 = DIRECTION ( 'NONE',  ( 0.000000000000000000, -0.000000000000000000, 1.000000000000000000 ) ) ;
#281 = CARTESIAN_POINT ( 'NONE',  ( -60.42500000000001137, 52.00000000000000000, 2.000000000000000000 ) ) ;
#282 = VECTOR ( 'NONE', #202, 1000.000000000000000 ) ;
#283 = EDGE_CURVE ( 'NONE', #1142, #266, #755, .T. ) ;
#284 = DIRECTION ( 'NONE',  ( 0.000000000000000000, 0.000000000000000000, 1.000000000000000000 ) ) ;
#285 = ORIENTED_EDGE ( 'NONE', *, *, #1356, .F. ) ;
#286 = DIRECTION ( 'NONE',  ( -1.000000000000000000, 0.000000000000000000, 0.000000000000000000 ) ) ;
#287 = DIRECTION ( 'NONE',  ( -0.000000000000000000, -0.000000000000000000, -1.000000000000000000 ) ) ;
#288 = FACE_OUTER_BOUND ( 'NONE', #73, .T. ) ;
#289 = LINE ( 'NONE', #622, #1026 ) ;
#290 = DIRECTION ( 'NONE',  ( -1.000000000000000000, 0.000000000000000000, 0.000000000000000000 ) ) ;
#291 = EDGE_LOOP ( 'NONE', ( #759, #214, #1156, #248 ) ) ;
#292 = VECTOR ( 'NONE', #628, 1000.000000000000000 ) ;
#293 = FACE_BOUND ( 'NONE', #484, .T. ) ;
#294 = EDGE_CURVE ( 'NONE', #255, #515, #503, .T. ) ;
#295 = CYLINDRICAL_SURFACE ( 'NONE', #1101, 4.500000000000000888 ) ;
#296 = DIRECTION ( 'NONE',  ( 0.000000000000000000, 0.000000000000000000, 1.000000000000000000 ) ) ;
#297 = DIRECTION ( 'NONE',  ( -1.000000000000000000, 0.000000000000000000, 0.000000000000000000 ) ) ;
#298 = FACE_OUTER_BOUND ( 'NONE', #892, .T. ) ;
#299 = CIRCLE ( 'NONE', #960, 4.500000000000003553 ) ;
#300 = VECTOR ( 'NONE', #1333, 1000.000000000000000 ) ;
#301 = VERTEX_POINT ( 'NONE', #937 ) ;
#302 = EDGE_CURVE ( 'NONE', #1085, #136, #1390, .T. ) ;
#303 = PLANE ( 'NONE',  #893 ) ;
#304 = ORIENTED_EDGE ( 'NONE', *, *, #831, .T. ) ;
#305 = CARTESIAN_POINT ( 'NONE',  ( -5.000000000000018652, 5.000000000000000000, 15.00000000000000000 ) ) ;
#306 = DIRECTION ( 'NONE',  ( -0.000000000000000000, -0.000000000000000000, -1.000000000000000000 ) ) ;
#307 = CARTESIAN_POINT ( 'NONE',  ( -59.00000000000001421, 5.000000000000000000, 15.00000000000000000 ) ) ;
#308 = AXIS2_PLACEMENT_3D ( 'NONE', #103, #970, #1410 ) ;
#309 = ORIENTED_EDGE ( 'NONE', *, *, #838, .F. ) ;
#310 = DIRECTION ( 'NONE',  ( 1.000000000000000000, 0.000000000000000000, 0.000000000000000000 ) ) ;
#311 = ORIENTED_EDGE ( 'NONE', *, *, #238, .T. ) ;
#312 = FACE_OUTER_BOUND ( 'NONE', #905, .T. ) ;
#313 = LINE ( 'NONE', #1189, #671 ) ;
#314 = DIRECTION ( 'NONE',  ( 0.000000000000000000, 0.000000000000000000, 1.000000000000000000 ) ) ;
#315 = DIRECTION ( 'NONE',  ( -0.000000000000000000, -0.000000000000000000, -1.000000000000000000 ) ) ;
#316 = ORIENTED_EDGE ( 'NONE', *, *, #187, .T. ) ;
#317 = DIRECTION ( 'NONE',  ( 1.000000000000000000, 0.000000000000000000, 0.000000000000000000 ) ) ;
#318 = CARTESIAN_POINT ( 'NONE',  ( -64.00000000000000000, -7.837739514543060526E-15, 2.000000000000000000 ) ) ;
#319 = VECTOR ( 'NONE', #795, 1000.000000000000114 ) ;
#320 = CARTESIAN_POINT ( 'NONE',  ( -0.5000000000000195399, 52.00000000000000000, 15.00000000000000000 ) ) ;
#321 = AXIS2_PLACEMENT_3D ( 'NONE', #1092, #1100, #327 ) ;
#322 = CIRCLE ( 'NONE', #1129, 5.000000000000000888 ) ;
#323 = CARTESIAN_POINT ( 'NONE',  ( -5.000000000000018652, 5.000000000000000000, 2.000000000000000000 ) ) ;
#324 = ORIENTED_EDGE ( 'NONE', *, *, #708, .F. ) ;
#325 = ORIENTED_EDGE ( 'NONE', *, *, #253, .F. ) ;
#326 = CYLINDRICAL_SURFACE ( 'NONE', #576, 5.000000000000004441 ) ;
#327 = DIRECTION ( 'NONE',  ( -1.000000000000000000, 0.000000000000000000, 0.000000000000000000 ) ) ;
#328 = DIRECTION ( 'NONE',  ( 0.000000000000000000, 0.000000000000000000, 1.000000000000000000 ) ) ;
#329 = EDGE_CURVE ( 'NONE', #101, #1339, #715, .T. ) ;
#330 = VERTEX_POINT ( 'NONE', #915 ) ;
#331 = ADVANCED_FACE ( 'NONE', ( #1357 ), #377, .F. ) ;
#332 = DIRECTION ( 'NONE',  ( -1.000000000000000000, 0.000000000000000000, 0.000000000000000000 ) ) ;
#333 = VECTOR ( 'NONE', #1088, 1000.000000000000000 ) ;
#334 = DIRECTION ( 'NONE',  ( -0.000000000000000000, -0.000000000000000000, 1.000000000000000000 ) ) ;
#335 = CARTESIAN_POINT ( 'NONE',  ( -9.500000000000019540, 5.000000000000000000, 15.00000000000000000 ) ) ;
#336 = ADVANCED_FACE ( 'NONE', ( #989 ), #661, .T. ) ;
#337 = CARTESIAN_POINT ( 'NONE',  ( -64.00000000000000000, -7.837739514543060526E-15, 0.000000000000000000 ) ) ;
#338 = VERTEX_POINT ( 'NONE', #730 ) ;
#339 = VERTEX_POINT ( 'NONE', #1377 ) ;
#340 = DIRECTION ( 'NONE',  ( 1.000000000000000000, 0.000000000000000000, 0.000000000000000000 ) ) ;
#341 = CARTESIAN_POINT ( 'NONE',  ( -5.000000000000018652, 52.00000000000000000, 15.00000000000000000 ) ) ;
#342 = EDGE_CURVE ( 'NONE', #624, #571, #656, .T. ) ;
#343 = ORIENTED_EDGE ( 'NONE', *, *, #302, .T. ) ;
#344 = EDGE_CURVE ( 'NONE', #702, #413, #289, .T. ) ;
#345 = ORIENTED_EDGE ( 'NONE', *, *, #1253, .F. ) ;
#346 = CIRCLE ( 'NONE', #185, 4.499999999999999112 ) ;
#347 = CARTESIAN_POINT ( 'NONE',  ( -30.60327780786684926, 100.0000000000000000, 0.000000000000000000 ) ) ;
#348 = DIRECTION ( 'NONE',  ( -0.000000000000000000, -0.000000000000000000, -1.000000000000000000 ) ) ;
#349 = VECTOR ( 'NONE', #743, 1000.000000000000000 ) ;
#350 = ADVANCED_FACE ( 'NONE', ( #636 ), #208, .T. ) ;
#351 = FACE_OUTER_BOUND ( 'NONE', #400, .T. ) ;
#352 = ORIENTED_EDGE ( 'NONE', *, *, #953, .T. ) ;
#353 = AXIS2_PLACEMENT_3D ( 'NONE', #1052, #608, #1146 ) ;
#354 = ORIENTED_EDGE ( 'NONE', *, *, #329, .T. ) ;
#355 =( GEOMETRIC_REPRESENTATION_CONTEXT ( 3 ) GLOBAL_UNCERTAINTY_ASSIGNED_CONTEXT ( ( #137 ) ) GLOBAL_UNIT_ASSIGNED_CONTEXT ( ( #1217, #773, #641 ) ) REPRESENTATION_CONTEXT ( 'NONE', 'WORKASPACE' ) );
#356 = CARTESIAN_POINT ( 'NONE',  ( -32.00000000000000711, 50.00000000000000000, 7.000000000000000000 ) ) ;
#357 = CARTESIAN_POINT ( 'NONE',  ( -5.000000000000000000, 58.42388884590450715, 0.000000000000000000 ) ) ;
#358 = ADVANCED_FACE ( 'NONE', ( #288 ), #171, .F. ) ;
#359 = VERTEX_POINT ( 'NONE', #78 ) ;
#360 = ORIENTED_EDGE ( 'NONE', *, *, #621, .T. ) ;
#361 = CARTESIAN_POINT ( 'NONE',  ( -59.00000000000001421, 5.000000000000000000, 15.00000000000000000 ) ) ;
#362 = LINE ( 'NONE', #367, #319 ) ;
#363 = ORIENTED_EDGE ( 'NONE', *, *, #397, .F. ) ;
#364 = CARTESIAN_POINT ( 'NONE',  ( -37.00000000000000711, 50.00000000000000000, 7.000000000000000000 ) ) ;
#365 = ORIENTED_EDGE ( 'NONE', *, *, #1096, .T. ) ;
#366 = DIRECTION ( 'NONE',  ( 0.000000000000000000, 0.000000000000000000, 1.000000000000000000 ) ) ;
#367 = CARTESIAN_POINT ( 'NONE',  ( -36.00000000000002842, 99.99999999999998579, 0.000000000000000000 ) ) ;
#368 = AXIS2_PLACEMENT_3D ( 'NONE', #385, #414, #500 ) ;
#369 = ORIENTED_EDGE ( 'NONE', *, *, #1119, .T. ) ;
#370 = SHAPE_DEFINITION_REPRESENTATION ( #126, #669 ) ;
#371 = ADVANCED_FACE ( 'NONE', ( #934 ), #951, .F. ) ;
#372 = DIRECTION ( 'NONE',  ( 0.000000000000000000, 0.000000000000000000, 1.000000000000000000 ) ) ;
#373 = ORIENTED_EDGE ( 'NONE', *, *, #965, .T. ) ;
#374 = DIRECTION ( 'NONE',  ( 0.000000000000000000, 0.000000000000000000, 1.000000000000000000 ) ) ;
#375 = ORIENTED_EDGE ( 'NONE', *, *, #838, .T. ) ;
#376 = EDGE_CURVE ( 'NONE', #429, #1087, #205, .T. ) ;
#377 = PLANE ( 'NONE',  #772 ) ;
#378 = ORIENTED_EDGE ( 'NONE', *, *, #986, .F. ) ;
#379 = LINE ( 'NONE', #471, #1396 ) ;
#380 = FACE_OUTER_BOUND ( 'NONE', #384, .T. ) ;
#381 = EDGE_LOOP ( 'NONE', ( #345, #378, #579, #964 ) ) ;
#382 = AXIS2_PLACEMENT_3D ( 'NONE', #1261, #1170, #827 ) ;
#383 = LINE ( 'NONE', #822, #635 ) ;
#384 = EDGE_LOOP ( 'NONE', ( #567, #648, #796, #1113 ) ) ;
#385 = CARTESIAN_POINT ( 'NONE',  ( -59.00000000000002132, 58.42388884590451426, 2.000000000000000000 ) ) ;
#386 = AXIS2_PLACEMENT_3D ( 'NONE', #133, #574, #454 ) ;
#387 = CIRCLE ( 'NONE', #754, 1.425000000000000933 ) ;
#388 = VECTOR ( 'NONE', #1351, 1000.000000000000000 ) ;
#389 = CARTESIAN_POINT ( 'NONE',  ( 0.000000000000000000, 0.000000000000000000, 2.000000000000000000 ) ) ;
#390 = DIRECTION ( 'NONE',  ( -0.000000000000000000, -0.000000000000000000, -1.000000000000000000 ) ) ;
#391 = EDGE_CURVE ( 'NONE', #768, #406, #94, .T. ) ;
#392 = DIRECTION ( 'NONE',  ( -1.000000000000000000, 0.000000000000000000, 0.000000000000000000 ) ) ;
#393 = VERTEX_POINT ( 'NONE', #396 ) ;
#394 = DIRECTION ( 'NONE',  ( -1.000000000000000000, 0.000000000000000000, 0.000000000000000000 ) ) ;
#395 = LINE ( 'NONE', #70, #179 ) ;
#396 = CARTESIAN_POINT ( 'NONE',  ( 0.000000000000000000, 4.999999999999999112, 2.000000000000000000 ) ) ;
#397 = EDGE_CURVE ( 'NONE', #588, #913, #887, .T. ) ;
#398 = CIRCLE ( 'NONE', #465, 1.425000000000002709 ) ;
#399 = AXIS2_PLACEMENT_3D ( 'NONE', #57, #1252, #589 ) ;
#400 = EDGE_LOOP ( 'NONE', ( #926, #311, #601, #259 ) ) ;
#401 = CARTESIAN_POINT ( 'NONE',  ( 0.000000000000000000, 0.000000000000000000, 2.000000000000000000 ) ) ;
#402 = FACE_OUTER_BOUND ( 'NONE', #1313, .T. ) ;
#403 = CARTESIAN_POINT ( 'NONE',  ( 0.000000000000000000, 0.000000000000000000, 2.000000000000000000 ) ) ;
#404 = DIRECTION ( 'NONE',  ( 0.000000000000000000, 0.000000000000000000, 1.000000000000000000 ) ) ;
#405 = AXIS2_PLACEMENT_3D ( 'NONE', #1372, #154, #1141 ) ;
#406 = VERTEX_POINT ( 'NONE', #71 ) ;
#407 = DIRECTION ( 'NONE',  ( 2.775557561562891351E-16, -1.000000000000000000, -0.000000000000000000 ) ) ;
#408 = VERTEX_POINT ( 'NONE', #410 ) ;
#409 = CYLINDRICAL_SURFACE ( 'NONE', #416, 4.999999999999997335 ) ;
#410 = CARTESIAN_POINT ( 'NONE',  ( -30.05000000000002203, 90.00000000000000000, 7.000000000000000000 ) ) ;
#411 = CARTESIAN_POINT ( 'NONE',  ( 0.000000000000000000, 0.000000000000000000, 2.000000000000000000 ) ) ;
#412 = CIRCLE ( 'NONE', #1290, 1.425000000000002709 ) ;
#413 = VERTEX_POINT ( 'NONE', #65 ) ;
#414 = DIRECTION ( 'NONE',  ( 0.000000000000000000, -0.000000000000000000, 1.000000000000000000 ) ) ;
#415 = VERTEX_POINT ( 'NONE', #275 ) ;
#416 = AXIS2_PLACEMENT_3D ( 'NONE', #1391, #820, #504 ) ;
#417 = EDGE_CURVE ( 'NONE', #980, #301, #591, .T. ) ;
#418 = CARTESIAN_POINT ( 'NONE',  ( -59.00000000000001421, 52.00000000000000000, 15.00000000000000000 ) ) ;
#419 = DIRECTION ( 'NONE',  ( 0.5734623443633283246, 0.8192319205190403686, -0.000000000000000000 ) ) ;
#420 = CIRCLE ( 'NONE', #941, 5.000000000000000888 ) ;
#421 = DIRECTION ( 'NONE',  ( 0.000000000000000000, 0.000000000000000000, 1.000000000000000000 ) ) ;
#422 = AXIS2_PLACEMENT_3D ( 'NONE', #679, #1122, #1346 ) ;
#423 = EDGE_LOOP ( 'NONE', ( #1305, #97, #11, #105 ) ) ;
#424 = FACE_OUTER_BOUND ( 'NONE', #542, .T. ) ;
#425 = VERTEX_POINT ( 'NONE', #1153 ) ;
#426 = DIRECTION ( 'NONE',  ( -2.775557561562891351E-16, 1.000000000000000000, 0.000000000000000000 ) ) ;
#427 = DIRECTION ( 'NONE',  ( -1.000000000000000000, 0.000000000000000000, 0.000000000000000000 ) ) ;
#428 = DIRECTION ( 'NONE',  ( 0.000000000000000000, 0.000000000000000000, 1.000000000000000000 ) ) ;
#429 = VERTEX_POINT ( 'NONE', #1384 ) ;
#430 = ORIENTED_EDGE ( 'NONE', *, *, #621, .F. ) ;
#431 = CARTESIAN_POINT ( 'NONE',  ( -27.00000000000000711, 50.00000000000000000, 7.000000000000000000 ) ) ;
#432 = EDGE_CURVE ( 'NONE', #1339, #68, #28, .T. ) ;
#433 = DIRECTION ( 'NONE',  ( -1.000000000000000000, 0.000000000000000000, 0.000000000000000000 ) ) ;
#434 = DIRECTION ( 'NONE',  ( 0.000000000000000000, 0.000000000000000000, 1.000000000000000000 ) ) ;
#435 = ORIENTED_EDGE ( 'NONE', *, *, #724, .F. ) ;
#436 = CIRCLE ( 'NONE', #797, 5.000000000000000888 ) ;
#437 = DIRECTION ( 'NONE',  ( -0.000000000000000000, 0.000000000000000000, -1.000000000000000000 ) ) ;
#438 = EDGE_LOOP ( 'NONE', ( #16, #231, #1355, #30 ) ) ;
#439 = PRODUCT ( 'pcb-holder-v0', 'pcb-holder-v0', '', ( #650 ) ) ;
#440 = DIRECTION ( 'NONE',  ( -1.000000000000000000, 0.000000000000000000, 0.000000000000000000 ) ) ;
#441 = EDGE_CURVE ( 'NONE', #581, #921, #852, .T. ) ;
#442 = DIRECTION ( 'NONE',  ( 1.000000000000000000, 0.000000000000000000, 0.000000000000000000 ) ) ;
#443 = ORIENTED_EDGE ( 'NONE', *, *, #701, .F. ) ;
#444 = ADVANCED_FACE ( 'NONE', ( #176 ), #487, .F. ) ;
#445 = LINE ( 'NONE', #1300, #1089 ) ;
#446 = ORIENTED_EDGE ( 'NONE', *, *, #693, .T. ) ;
#447 = CARTESIAN_POINT ( 'NONE',  ( -59.00000000000001421, 52.00000000000000000, 15.00000000000000000 ) ) ;
#448 = CARTESIAN_POINT ( 'NONE',  ( -37.00000000000000711, 50.00000000000000000, 7.000000000000000000 ) ) ;
#449 = EDGE_CURVE ( 'NONE', #160, #415, #1155, .T. ) ;
#450 = ORIENTED_EDGE ( 'NONE', *, *, #575, .F. ) ;
#451 = VERTEX_POINT ( 'NONE', #88 ) ;
#452 = ADVANCED_FACE ( 'NONE', ( #700 ), #1047, .T. ) ;
#453 = CARTESIAN_POINT ( 'NONE',  ( -27.00000000000001421, 90.00000000000000000, 7.000000000000000000 ) ) ;
#454 = DIRECTION ( 'NONE',  ( -1.000000000000000000, 0.000000000000000000, 0.000000000000000000 ) ) ;
#455 = AXIS2_PLACEMENT_3D ( 'NONE', #520, #1037, #183 ) ;
#456 = VECTOR ( 'NONE', #798, 1000.000000000000000 ) ;
#457 = ORIENTED_EDGE ( 'NONE', *, *, #1341, .T. ) ;
#458 = EDGE_CURVE ( 'NONE', #1159, #68, #505, .T. ) ;
#459 = ORIENTED_EDGE ( 'NONE', *, *, #1347, .F. ) ;
#460 = AXIS2_PLACEMENT_3D ( 'NONE', #1095, #114, #767 ) ;
#461 = DIRECTION ( 'NONE',  ( -0.000000000000000000, -0.000000000000000000, -1.000000000000000000 ) ) ;
#462 = CARTESIAN_POINT ( 'NONE',  ( -59.00000000000001421, 5.000000000000000000, 2.000000000000000000 ) ) ;
#463 = VERTEX_POINT ( 'NONE', #495 ) ;
#464 = EDGE_LOOP ( 'NONE', ( #789, #895, #1326, #1061 ) ) ;
#465 = AXIS2_PLACEMENT_3D ( 'NONE', #784, #13, #1322 ) ;
#466 = LINE ( 'NONE', #1016, #706 ) ;
#467 = CYLINDRICAL_SURFACE ( 'NONE', #1127, 1.425000000000000933 ) ;
#468 = AXIS2_PLACEMENT_3D ( 'NONE', #447, #983, #634 ) ;
#469 = ORIENTED_EDGE ( 'NONE', *, *, #294, .T. ) ;
#470 = ORIENTED_EDGE ( 'NONE', *, *, #746, .F. ) ;
#471 = CARTESIAN_POINT ( 'NONE',  ( -37.49288179472838323, 97.86731172181663396, 0.000000000000000000 ) ) ;
#472 = DIRECTION ( 'NONE',  ( 0.000000000000000000, 0.000000000000000000, 1.000000000000000000 ) ) ;
#473 = AXIS2_PLACEMENT_3D ( 'NONE', #835, #1177, #942 ) ;
#474 = EDGE_CURVE ( 'NONE', #523, #167, #918, .T. ) ;
#475 = ADVANCED_FACE ( 'NONE', ( #380 ), #924, .F. ) ;
#476 = CARTESIAN_POINT ( 'NONE',  ( -36.00000000000002842, 99.99999999999998579, 0.000000000000000000 ) ) ;
#477 = VERTEX_POINT ( 'NONE', #281 ) ;
#478 = CARTESIAN_POINT ( 'NONE',  ( -5.000000000000018652, 52.00000000000000000, 15.00000000000000000 ) ) ;
#479 = CIRCLE ( 'NONE', #1332, 4.999999999999997335 ) ;
#480 = AXIS2_PLACEMENT_3D ( 'NONE', #15, #1318, #996 ) ;
#481 = EDGE_CURVE ( 'NONE', #167, #779, #714, .T. ) ;
#482 = ORIENTED_EDGE ( 'NONE', *, *, #60, .F. ) ;
#483 = DIRECTION ( 'NONE',  ( -0.000000000000000000, -0.000000000000000000, -1.000000000000000000 ) ) ;
#484 = EDGE_LOOP ( 'NONE', ( #1120, #1297 ) ) ;
#485 = EDGE_CURVE ( 'NONE', #1087, #571, #868, .T. ) ;
#486 = DIRECTION ( 'NONE',  ( -1.000000000000000000, 0.000000000000000000, 0.000000000000000000 ) ) ;
#487 = PLANE ( 'NONE',  #967 ) ;
#488 = ORIENTED_EDGE ( 'NONE', *, *, #831, .F. ) ;
#489 = EDGE_CURVE ( 'NONE', #515, #255, #1152, .T. ) ;
#490 = DIRECTION ( 'NONE',  ( 0.000000000000000000, 0.000000000000000000, 1.000000000000000000 ) ) ;
#491 = VERTEX_POINT ( 'NONE', #644 ) ;
#492 = FACE_OUTER_BOUND ( 'NONE', #203, .T. ) ;
#493 = ADVANCED_FACE ( 'NONE', ( #1316 ), #762, .T. ) ;
#494 = DIRECTION ( 'NONE',  ( 1.000000000000000000, 0.000000000000000000, -0.000000000000000000 ) ) ;
#495 = CARTESIAN_POINT ( 'NONE',  ( -33.95000000000000995, 50.00000000000000000, 0.000000000000000000 ) ) ;
#496 = ORIENTED_EDGE ( 'NONE', *, *, #843, .T. ) ;
#497 = CARTESIAN_POINT ( 'NONE',  ( -32.00000000000001421, 90.00000000000000000, 2.000000000000000000 ) ) ;
#498 = ORIENTED_EDGE ( 'NONE', *, *, #756, .F. ) ;
#499 = EDGE_CURVE ( 'NONE', #1257, #339, #111, .T. ) ;
#500 = DIRECTION ( 'NONE',  ( -1.000000000000000000, 2.775557561562888984E-15, 0.000000000000000000 ) ) ;
#501 = AXIS2_PLACEMENT_3D ( 'NONE', #236, #263, #1028 ) ;
#502 = AXIS2_PLACEMENT_3D ( 'NONE', #1250, #46, #609 ) ;
#503 = CIRCLE ( 'NONE', #837, 1.950000000000000400 ) ;
#504 = DIRECTION ( 'NONE',  ( -1.000000000000000000, 0.000000000000000000, 0.000000000000000000 ) ) ;
#505 = LINE ( 'NONE', #162, #786 ) ;
#506 = AXIS2_PLACEMENT_3D ( 'NONE', #1103, #121, #310 ) ;
#507 = EDGE_LOOP ( 'NONE', ( #1248, #1173, #992, #1166 ) ) ;
#508 = CARTESIAN_POINT ( 'NONE',  ( -32.00000000000001421, 90.00000000000000000, 0.000000000000000000 ) ) ;
#509 = ORIENTED_EDGE ( 'NONE', *, *, #80, .F. ) ;
#510 = DIRECTION ( 'NONE',  ( -0.000000000000000000, 0.000000000000000000, -1.000000000000000000 ) ) ;
#511 = CYLINDRICAL_SURFACE ( 'NONE', #118, 1.950000000000000400 ) ;
#512 = CARTESIAN_POINT ( 'NONE',  ( 0.000000000000000000, 0.000000000000000000, 0.000000000000000000 ) ) ;
#513 = CARTESIAN_POINT ( 'NONE',  ( -59.00000000000001421, 52.00000000000000000, 15.00000000000000000 ) ) ;
#514 = AXIS2_PLACEMENT_3D ( 'NONE', #19, #751, #1212 ) ;
#515 = VERTEX_POINT ( 'NONE', #117 ) ;
#516 = FACE_OUTER_BOUND ( 'NONE', #783, .T. ) ;
#517 = CYLINDRICAL_SURFACE ( 'NONE', #480, 1.950000000000000400 ) ;
#518 =( NAMED_UNIT ( * ) PLANE_ANGLE_UNIT ( ) SI_UNIT ( $, .RADIAN. ) );
#519 = CARTESIAN_POINT ( 'NONE',  ( -0.5000000000000195399, 52.00000000000000000, 15.00000000000000000 ) ) ;
#520 = CARTESIAN_POINT ( 'NONE',  ( -32.00000000000000711, 50.00000000000000000, 2.000000000000000000 ) ) ;
#521 = FACE_OUTER_BOUND ( 'NONE', #788, .T. ) ;
#522 = PRODUCT_RELATED_PRODUCT_CATEGORY ( 'part', '', ( #439 ) ) ;
#523 = VERTEX_POINT ( 'NONE', #1183 ) ;
#524 = CARTESIAN_POINT ( 'NONE',  ( -32.00000000000001421, 90.00000000000000000, 2.000000000000000000 ) ) ;
#525 = EDGE_LOOP ( 'NONE', ( #760, #363 ) ) ;
#526 = LINE ( 'NONE', #1057, #292 ) ;
#527 = FACE_OUTER_BOUND ( 'NONE', #1388, .T. ) ;
#528 = AXIS2_PLACEMENT_3D ( 'NONE', #1359, #461, #1238 ) ;
#529 = ORIENTED_EDGE ( 'NONE', *, *, #249, .F. ) ;
#530 = AXIS2_PLACEMENT_3D ( 'NONE', #545, #984, #14 ) ;
#531 = CARTESIAN_POINT ( 'NONE',  ( -6.425000000000018474, 5.000000000000000000, 15.00000000000000000 ) ) ;
#532 = ORIENTED_EDGE ( 'NONE', *, *, #187, .F. ) ;
#533 = DIRECTION ( 'NONE',  ( -1.000000000000000000, 0.000000000000000000, 0.000000000000000000 ) ) ;
#534 = LINE ( 'NONE', #1281, #816 ) ;
#535 = ORIENTED_EDGE ( 'NONE', *, *, #584, .F. ) ;
#536 = CARTESIAN_POINT ( 'NONE',  ( -32.00000000000001421, 90.00000000000000000, 7.000000000000000000 ) ) ;
#537 = EDGE_CURVE ( 'NONE', #655, #451, #1224, .T. ) ;
#538 = DIRECTION ( 'NONE',  ( -0.000000000000000000, -0.000000000000000000, -1.000000000000000000 ) ) ;
#539 = CYLINDRICAL_SURFACE ( 'NONE', #26, 5.000000000000004441 ) ;
#540 = ORIENTED_EDGE ( 'NONE', *, *, #489, .T. ) ;
#541 = DIRECTION ( 'NONE',  ( 1.000000000000000000, 0.000000000000000000, 0.000000000000000000 ) ) ;
#542 = EDGE_LOOP ( 'NONE', ( #272, #1094, #684, #535 ) ) ;
#543 = VECTOR ( 'NONE', #1368, 1000.000000000000000 ) ;
#544 = CYLINDRICAL_SURFACE ( 'NONE', #765, 4.499999999999990230 ) ;
#545 = CARTESIAN_POINT ( 'NONE',  ( -5.000000000000018652, 5.000000000000000000, 15.00000000000000000 ) ) ;
#546 = CARTESIAN_POINT ( 'NONE',  ( -59.00000000000001421, 5.000000000000000000, 15.00000000000000000 ) ) ;
#547 = EDGE_CURVE ( 'NONE', #655, #330, #660, .T. ) ;
#548 = DIRECTION ( 'NONE',  ( 1.000000000000000000, 0.000000000000000000, 0.000000000000000000 ) ) ;
#549 = ORIENTED_EDGE ( 'NONE', *, *, #232, .F. ) ;
#550 = COLOUR_RGB ( '',0.7921568627450980005, 0.8196078431372548767, 0.9333333333333333481 ) ;
#551 = DIRECTION ( 'NONE',  ( 1.000000000000000000, 0.000000000000000000, 0.000000000000000000 ) ) ;
#552 = CARTESIAN_POINT ( 'NONE',  ( -60.42500000000001137, 5.000000000000000000, 15.00000000000000000 ) ) ;
#553 = CARTESIAN_POINT ( 'NONE',  ( -54.50000000000001421, 5.000000000000000888, 2.000000000000000000 ) ) ;
#554 = ADVANCED_FACE ( 'NONE', ( #854 ), #770, .F. ) ;
#555 = PRESENTATION_STYLE_ASSIGNMENT (( #577 ) ) ;
#556 = ORIENTED_EDGE ( 'NONE', *, *, #200, .F. ) ;
#557 = ORIENTED_EDGE ( 'NONE', *, *, #1243, .T. ) ;
#558 = DIRECTION ( 'NONE',  ( 0.000000000000000000, 0.000000000000000000, 1.000000000000000000 ) ) ;
#559 = CARTESIAN_POINT ( 'NONE',  ( -32.00000000000001421, 90.00000000000000000, 7.000000000000000000 ) ) ;
#560 = EDGE_LOOP ( 'NONE', ( #1070, #1251 ) ) ;
#561 = ORIENTED_EDGE ( 'NONE', *, *, #283, .F. ) ;
#562 = LINE ( 'NONE', #139, #234 ) ;
#563 = DIRECTION ( 'NONE',  ( -0.000000000000000000, -0.000000000000000000, 1.000000000000000000 ) ) ;
#564 = CIRCLE ( 'NONE', #1370, 4.499999999999999112 ) ;
#565 = EDGE_LOOP ( 'NONE', ( #1273, #1276, #799, #316 ) ) ;
#566 = AXIS2_PLACEMENT_3D ( 'NONE', #61, #490, #920 ) ;
#567 = ORIENTED_EDGE ( 'NONE', *, *, #38, .F. ) ;
#568 = CARTESIAN_POINT ( 'NONE',  ( -33.39672219213317561, 94.99999999999998579, 0.000000000000000000 ) ) ;
#569 = DIRECTION ( 'NONE',  ( -1.000000000000000000, 0.000000000000000000, 0.000000000000000000 ) ) ;
#570 = ORIENTED_EDGE ( 'NONE', *, *, #1154, .T. ) ;
#571 = VERTEX_POINT ( 'NONE', #553 ) ;
#572 = CIRCLE ( 'NONE', #1018, 4.499999999999997335 ) ;
#573 = DIRECTION ( 'NONE',  ( 0.000000000000000000, -0.000000000000000000, 1.000000000000000000 ) ) ;
#574 = DIRECTION ( 'NONE',  ( -0.000000000000000000, 0.000000000000000000, -1.000000000000000000 ) ) ;
#575 = EDGE_CURVE ( 'NONE', #913, #136, #20, .T. ) ;
#576 = AXIS2_PLACEMENT_3D ( 'NONE', #1327, #666, #102 ) ;
#577 = SURFACE_STYLE_USAGE ( .BOTH. , #1287 ) ;
#578 = CARTESIAN_POINT ( 'NONE',  ( -5.000000000000000000, 4.999999999999999112, 2.000000000000000000 ) ) ;
#579 = ORIENTED_EDGE ( 'NONE', *, *, #1263, .F. ) ;
#580 = CARTESIAN_POINT ( 'NONE',  ( -59.00000000000001421, 5.000000000000000000, 15.00000000000000000 ) ) ;
#581 = VERTEX_POINT ( 'NONE', #448 ) ;
#582 = CARTESIAN_POINT ( 'NONE',  ( -33.95000000000001705, 90.00000000000000000, 2.000000000000000000 ) ) ;
#583 = DIRECTION ( 'NONE',  ( -1.000000000000000000, 0.000000000000000000, 0.000000000000000000 ) ) ;
#584 = EDGE_CURVE ( 'NONE', #1216, #359, #1303, .T. ) ;
#585 = AXIS2_PLACEMENT_3D ( 'NONE', #925, #829, #1280 ) ;
#586 = EDGE_CURVE ( 'NONE', #393, #980, #313, .T. ) ;
#587 = CARTESIAN_POINT ( 'NONE',  ( -6.425000000000019362, 52.00000000000000000, 15.00000000000000000 ) ) ;
#588 = VERTEX_POINT ( 'NONE', #1081 ) ;
#589 = DIRECTION ( 'NONE',  ( -1.000000000000000000, 0.000000000000000000, 0.000000000000000000 ) ) ;
#590 = CIRCLE ( 'NONE', #728, 4.999999999999997335 ) ;
#591 = LINE ( 'NONE', #512, #632 ) ;
#592 = AXIS2_PLACEMENT_3D ( 'NONE', #1199, #216, #1323 ) ;
#593 = EDGE_CURVE ( 'NONE', #359, #339, #243, .T. ) ;
#594 = EDGE_LOOP ( 'NONE', ( #1147, #482 ) ) ;
#595 =( GEOMETRIC_REPRESENTATION_CONTEXT ( 3 ) GLOBAL_UNCERTAINTY_ASSIGNED_CONTEXT ( ( #938 ) ) GLOBAL_UNIT_ASSIGNED_CONTEXT ( ( #4, #518, #151 ) ) REPRESENTATION_CONTEXT ( 'NONE', 'WORKASPACE' ) );
#596 = EDGE_CURVE ( 'NONE', #136, #1085, #855, .T. ) ;
#597 = DIRECTION ( 'NONE',  ( -0.000000000000000000, -0.000000000000000000, -1.000000000000000000 ) ) ;
#598 = VERTEX_POINT ( 'NONE', #1337 ) ;
#599 = DIRECTION ( 'NONE',  ( 1.000000000000000000, 0.000000000000000000, 0.000000000000000000 ) ) ;
#600 = DIRECTION ( 'NONE',  ( 0.5734623443633284356, -0.8192319205190404796, 0.000000000000000000 ) ) ;
#601 = ORIENTED_EDGE ( 'NONE', *, *, #294, .F. ) ;
#602 = EDGE_CURVE ( 'NONE', #779, #301, #1042, .T. ) ;
#603 = DIRECTION ( 'NONE',  ( 0.000000000000000000, 0.000000000000000000, 1.000000000000000000 ) ) ;
#604 = ORIENTED_EDGE ( 'NONE', *, *, #481, .F. ) ;
#605 = DIRECTION ( 'NONE',  ( 0.000000000000000000, 0.000000000000000000, 1.000000000000000000 ) ) ;
#606 = FILL_AREA_STYLE ('',( #612 ) ) ;
#607 = DIRECTION ( 'NONE',  ( -0.000000000000000000, -0.000000000000000000, -1.000000000000000000 ) ) ;
#608 = DIRECTION ( 'NONE',  ( 0.000000000000000000, 0.000000000000000000, -1.000000000000000000 ) ) ;
#609 = DIRECTION ( 'NONE',  ( -1.000000000000000000, 0.000000000000000000, 0.000000000000000000 ) ) ;
#610 = ORIENTED_EDGE ( 'NONE', *, *, #106, .F. ) ;
#611 = CARTESIAN_POINT ( 'NONE',  ( -30.60327780786684926, 95.00000000000000000, 0.000000000000000000 ) ) ;
#612 = FILL_AREA_STYLE_COLOUR ( '', #550 ) ;
#613 = DIRECTION ( 'NONE',  ( 0.000000000000000000, 0.000000000000000000, 1.000000000000000000 ) ) ;
#614 = CARTESIAN_POINT ( 'NONE',  ( -59.00000000000001421, 5.000000000000000000, 15.00000000000000000 ) ) ;
#615 = AXIS2_PLACEMENT_3D ( 'NONE', #1175, #174, #599 ) ;
#616 = DIRECTION ( 'NONE',  ( 0.000000000000000000, -0.000000000000000000, 1.000000000000000000 ) ) ;
#617 = ORIENTED_EDGE ( 'NONE', *, *, #537, .F. ) ;
#618 = DIRECTION ( 'NONE',  ( 2.168404344971007882E-16, -1.000000000000000000, 0.000000000000000000 ) ) ;
#619 = FACE_OUTER_BOUND ( 'NONE', #507, .T. ) ;
#620 = DIRECTION ( 'NONE',  ( 1.000000000000000000, 0.000000000000000000, 0.000000000000000000 ) ) ;
#621 = EDGE_CURVE ( 'NONE', #266, #1142, #1117, .T. ) ;
#622 = CARTESIAN_POINT ( 'NONE',  ( -9.500000000000017764, 52.00000000000000000, 15.00000000000000000 ) ) ;
#623 = LINE ( 'NONE', #411, #928 ) ;
#624 = VERTEX_POINT ( 'NONE', #252 ) ;
#625 = FACE_BOUND ( 'NONE', #1019, .T. ) ;
#626 = VERTEX_POINT ( 'NONE', #785 ) ;
#627 = EDGE_CURVE ( 'NONE', #1219, #1205, #882, .T. ) ;
#628 = DIRECTION ( 'NONE',  ( -0.000000000000000000, -0.000000000000000000, -1.000000000000000000 ) ) ;
#629 = DIRECTION ( 'NONE',  ( 0.000000000000000000, 0.000000000000000000, 1.000000000000000000 ) ) ;
#630 = FACE_BOUND ( 'NONE', #213, .T. ) ;
#631 = ORIENTED_EDGE ( 'NONE', *, *, #1242, .F. ) ;
#632 = VECTOR ( 'NONE', #943, 1000.000000000000000 ) ;
#633 = DIRECTION ( 'NONE',  ( 0.000000000000000000, 0.000000000000000000, 1.000000000000000000 ) ) ;
#634 = DIRECTION ( 'NONE',  ( -1.000000000000000000, 0.000000000000000000, 0.000000000000000000 ) ) ;
#635 = VECTOR ( 'NONE', #804, 1000.000000000000000 ) ;
#636 = FACE_OUTER_BOUND ( 'NONE', #381, .T. ) ;
#637 = LINE ( 'NONE', #731, #1005 ) ;
#638 = CIRCLE ( 'NONE', #33, 1.425000000000000933 ) ;
#639 = ORIENTED_EDGE ( 'NONE', *, *, #485, .T. ) ;
#640 = EDGE_CURVE ( 'NONE', #1118, #359, #1221, .T. ) ;
#641 =( NAMED_UNIT ( * ) SI_UNIT ( $, .STERADIAN. ) SOLID_ANGLE_UNIT ( ) );
#642 = EDGE_LOOP ( 'NONE', ( #435, #617, #115, #1358 ) ) ;
#643 = DIRECTION ( 'NONE',  ( 0.000000000000000000, 0.000000000000000000, 1.000000000000000000 ) ) ;
#644 = CARTESIAN_POINT ( 'NONE',  ( -64.00000000000001421, 58.42388884590451426, 2.000000000000000000 ) ) ;
#645 = CARTESIAN_POINT ( 'NONE',  ( -64.00000000000000000, 4.999999999999991118, 2.000000000000000000 ) ) ;
#646 = AXIS2_PLACEMENT_3D ( 'NONE', #1071, #1188, #87 ) ;
#647 = CARTESIAN_POINT ( 'NONE',  ( -0.5000000000000186517, 5.000000000000000888, 15.00000000000000000 ) ) ;
#648 = ORIENTED_EDGE ( 'NONE', *, *, #246, .T. ) ;
#649 = ADVANCED_FACE ( 'NONE', ( #897 ), #1009, .T. ) ;
#650 = PRODUCT_CONTEXT ( 'NONE', #813, 'mechanical' ) ;
#651 = VERTEX_POINT ( 'NONE', #1023 ) ;
#652 = FACE_OUTER_BOUND ( 'NONE', #464, .T. ) ;
#653 = CYLINDRICAL_SURFACE ( 'NONE', #1077, 4.500000000000003553 ) ;
#654 = CARTESIAN_POINT ( 'NONE',  ( -27.00000000000001421, 90.00000000000000000, 7.000000000000000000 ) ) ;
#655 = VERTEX_POINT ( 'NONE', #37 ) ;
#656 = CIRCLE ( 'NONE', #585, 4.500000000000003553 ) ;
#657 = CARTESIAN_POINT ( 'NONE',  ( -6.425000000000019362, 52.00000000000000000, 2.000000000000000000 ) ) ;
#658 = EDGE_LOOP ( 'NONE', ( #1301, #1040, #842, #1349, #446, #128, #880, #1125, #904, #858, #1365, #732 ) ) ;
#659 = CYLINDRICAL_SURFACE ( 'NONE', #219, 5.000000000000000000 ) ;
#660 = LINE ( 'NONE', #335, #962 ) ;
#661 = CYLINDRICAL_SURFACE ( 'NONE', #1215, 5.000000000000000000 ) ;
#662 = ORIENTED_EDGE ( 'NONE', *, *, #733, .F. ) ;
#663 = CIRCLE ( 'NONE', #163, 1.425000000000002709 ) ;
#664 = AXIS2_PLACEMENT_3D ( 'NONE', #864, #1309, #1093 ) ;
#665 = ORIENTED_EDGE ( 'NONE', *, *, #499, .T. ) ;
#666 = DIRECTION ( 'NONE',  ( -0.000000000000000000, -0.000000000000000000, -1.000000000000000000 ) ) ;
#667 = DIRECTION ( 'NONE',  ( 1.000000000000000000, 0.000000000000000000, 0.000000000000000000 ) ) ;
#668 = PRESENTATION_LAYER_ASSIGNMENT (  '', '', ( #1402 ) ) ;
#669 = ADVANCED_BREP_SHAPE_REPRESENTATION ( 'pcb-holder-v0', ( #775, #1407 ), #355 ) ;
#670 = AXIS2_PLACEMENT_3D ( 'NONE', #1312, #1195, #332 ) ;
#671 = VECTOR ( 'NONE', #206, 1000.000000000000000 ) ;
#672 = ORIENTED_EDGE ( 'NONE', *, *, #627, .T. ) ;
#673 = EDGE_LOOP ( 'NONE', ( #360, #1203, #470, #242 ) ) ;
#674 = DIRECTION ( 'NONE',  ( -0.000000000000000000, -0.000000000000000000, -1.000000000000000000 ) ) ;
#675 = LINE ( 'NONE', #647, #1110 ) ;
#676 = EDGE_LOOP ( 'NONE', ( #818, #1310, #866, #1211 ) ) ;
#677 = ORIENTED_EDGE ( 'NONE', *, *, #79, .T. ) ;
#678 = CARTESIAN_POINT ( 'NONE',  ( -30.60327780786684926, 100.0000000000000000, 2.000000000000000000 ) ) ;
#679 = CARTESIAN_POINT ( 'NONE',  ( -32.00000000000000711, 50.00000000000000000, 7.000000000000000000 ) ) ;
#680 = CIRCLE ( 'NONE', #869, 4.999999999999997335 ) ;
#681 = EDGE_LOOP ( 'NONE', ( #1225, #1054 ) ) ;
#682 = ADVANCED_FACE ( 'NONE', ( #889 ), #467, .F. ) ;
#683 = AXIS2_PLACEMENT_3D ( 'NONE', #1086, #633, #879 ) ;
#684 = ORIENTED_EDGE ( 'NONE', *, *, #593, .F. ) ;
#685 = CARTESIAN_POINT ( 'NONE',  ( -59.00000000000001421, 52.00000000000000000, 15.00000000000000000 ) ) ;
#686 = VERTEX_POINT ( 'NONE', #902 ) ;
#687 = EDGE_CURVE ( 'NONE', #694, #1015, #927, .T. ) ;
#688 = DIRECTION ( 'NONE',  ( 0.5734623443633284356, 0.8192319205190403686, 0.000000000000000000 ) ) ;
#689 = ORIENTED_EDGE ( 'NONE', *, *, #1386, .F. ) ;
#690 = CARTESIAN_POINT ( 'NONE',  ( -3.575000000000017497, 52.00000000000000000, 15.00000000000000000 ) ) ;
#691 = CARTESIAN_POINT ( 'NONE',  ( -5.000000000000018652, 52.00000000000000000, 15.00000000000000000 ) ) ;
#692 = CIRCLE ( 'NONE', #876, 4.499999999999999112 ) ;
#693 = EDGE_CURVE ( 'NONE', #1241, #1136, #362, .T. ) ;
#694 = VERTEX_POINT ( 'NONE', #802 ) ;
#695 = APPLICATION_PROTOCOL_DEFINITION ( 'draft international standard', 'automotive_design', 1998, #1264 ) ;
#696 = CARTESIAN_POINT ( 'NONE',  ( -33.95000000000001705, 90.00000000000000000, 0.000000000000000000 ) ) ;
#697 = ORIENTED_EDGE ( 'NONE', *, *, #1002, .F. ) ;
#698 = CARTESIAN_POINT ( 'NONE',  ( -63.50000000000001421, 5.000000000000000000, 15.00000000000000000 ) ) ;
#699 = ADVANCED_FACE ( 'NONE', ( #1239, #258, #1247 ), #25, .T. ) ;
#700 = FACE_OUTER_BOUND ( 'NONE', #261, .T. ) ;
#701 = EDGE_CURVE ( 'NONE', #626, #173, #1010, .T. ) ;
#702 = VERTEX_POINT ( 'NONE', #1228 ) ;
#703 = DIRECTION ( 'NONE',  ( 1.000000000000000000, 0.000000000000000000, 0.000000000000000000 ) ) ;
#704 = EDGE_LOOP ( 'NONE', ( #459, #1398 ) ) ;
#705 = CARTESIAN_POINT ( 'NONE',  ( -4.999999999999999112, -6.123233995736765296E-16, 0.000000000000000000 ) ) ;
#706 = VECTOR ( 'NONE', #257, 1000.000000000000000 ) ;
#707 = CARTESIAN_POINT ( 'NONE',  ( -5.000000000000018652, 52.00000000000000000, 2.000000000000000000 ) ) ;
#708 = EDGE_CURVE ( 'NONE', #702, #3, #564, .T. ) ;
#709 = ADVANCED_FACE ( 'NONE', ( #245 ), #135, .F. ) ;
#710 = LINE ( 'NONE', #1244, #143 ) ;
#711 = ORIENTED_EDGE ( 'NONE', *, *, #1386, .T. ) ;
#712 = CARTESIAN_POINT ( 'NONE',  ( -63.09615960259520762, 61.29120056772116953, 2.000000000000000000 ) ) ;
#713 = DIRECTION ( 'NONE',  ( -1.000000000000000000, 0.000000000000000000, 0.000000000000000000 ) ) ;
#714 = LINE ( 'NONE', #753, #1039 ) ;
#715 = LINE ( 'NONE', #587, #158 ) ;
#716 = ORIENTED_EDGE ( 'NONE', *, *, #1347, .T. ) ;
#717 = CYLINDRICAL_SURFACE ( 'NONE', #987, 4.999999999999997335 ) ;
#718 = FACE_OUTER_BOUND ( 'NONE', #142, .T. ) ;
#719 = DIRECTION ( 'NONE',  ( -1.000000000000000000, 0.000000000000000000, 0.000000000000000000 ) ) ;
#720 = AXIS2_PLACEMENT_3D ( 'NONE', #389, #1284, #1302 ) ;
#721 = CARTESIAN_POINT ( 'NONE',  ( -32.00000000000001421, 90.00000000000000000, 7.000000000000000000 ) ) ;
#722 = ORIENTED_EDGE ( 'NONE', *, *, #441, .T. ) ;
#723 = EDGE_CURVE ( 'NONE', #415, #160, #911, .T. ) ;
#724 = EDGE_CURVE ( 'NONE', #451, #148, #675, .T. ) ;
#725 = FACE_OUTER_BOUND ( 'NONE', #291, .T. ) ;
#726 = DIRECTION ( 'NONE',  ( -0.000000000000000000, -0.000000000000000000, -1.000000000000000000 ) ) ;
#727 = DIRECTION ( 'NONE',  ( 0.000000000000000000, 0.000000000000000000, 1.000000000000000000 ) ) ;
#728 = AXIS2_PLACEMENT_3D ( 'NONE', #1374, #1367, #394 ) ;
#729 = AXIS2_PLACEMENT_3D ( 'NONE', #323, #328, #548 ) ;
#730 = CARTESIAN_POINT ( 'NONE',  ( -54.50000000000001421, 52.00000000000000000, 15.00000000000000000 ) ) ;
#731 = CARTESIAN_POINT ( 'NONE',  ( -59.00000000000000711, -7.225416114969384785E-15, 2.000000000000000000 ) ) ;
#732 = ORIENTED_EDGE ( 'NONE', *, *, #1387, .T. ) ;
#733 = EDGE_CURVE ( 'NONE', #1015, #774, #85, .T. ) ;
#734 = CARTESIAN_POINT ( 'NONE',  ( 0.000000000000000000, 0.000000000000000000, 2.000000000000000000 ) ) ;
#735 = PLANE ( 'NONE',  #39 ) ;
#736 = ADVANCED_FACE ( 'NONE', ( #351 ), #517, .F. ) ;
#737 = DIRECTION ( 'NONE',  ( 0.000000000000000000, 0.000000000000000000, 1.000000000000000000 ) ) ;
#738 = VERTEX_POINT ( 'NONE', #787 ) ;
#739 = CARTESIAN_POINT ( 'NONE',  ( 0.000000000000000000, 100.0000000000000000, 0.000000000000000000 ) ) ;
#740 = VERTEX_POINT ( 'NONE', #247 ) ;
#741 = EDGE_CURVE ( 'NONE', #42, #173, #2, .T. ) ;
#742 = FACE_BOUND ( 'NONE', #594, .T. ) ;
#743 = DIRECTION ( 'NONE',  ( -0.000000000000000000, -0.000000000000000000, -1.000000000000000000 ) ) ;
#744 = DIRECTION ( 'NONE',  ( -0.000000000000000000, -0.000000000000000000, -1.000000000000000000 ) ) ;
#745 = LINE ( 'NONE', #1394, #1363 ) ;
#746 = EDGE_CURVE ( 'NONE', #463, #1245, #1350, .T. ) ;
#747 = AXIS2_PLACEMENT_3D ( 'NONE', #945, #404, #839 ) ;
#748 = EDGE_LOOP ( 'NONE', ( #469, #540 ) ) ;
#749 = CARTESIAN_POINT ( 'NONE',  ( -5.000000000000000000, 4.999999999999999112, 0.000000000000000000 ) ) ;
#750 = ORIENTED_EDGE ( 'NONE', *, *, #1360, .T. ) ;
#751 = DIRECTION ( 'NONE',  ( 0.000000000000000000, 0.000000000000000000, 1.000000000000000000 ) ) ;
#752 = AXIS2_PLACEMENT_3D ( 'NONE', #891, #1111, #1003 ) ;
#753 = CARTESIAN_POINT ( 'NONE',  ( -0.9038403974047983791, 61.29120056772115532, 0.000000000000000000 ) ) ;
#754 = AXIS2_PLACEMENT_3D ( 'NONE', #1, #428, #757 ) ;
#755 = CIRCLE ( 'NONE', #145, 1.950000000000000400 ) ;
#756 = EDGE_CURVE ( 'NONE', #1245, #463, #53, .T. ) ;
#757 = DIRECTION ( 'NONE',  ( 1.000000000000000000, 0.000000000000000000, 0.000000000000000000 ) ) ;
#758 = DIRECTION ( 'NONE',  ( 2.775557561562891351E-16, -1.000000000000000000, -0.000000000000000000 ) ) ;
#759 = ORIENTED_EDGE ( 'NONE', *, *, #1406, .T. ) ;
#760 = ORIENTED_EDGE ( 'NONE', *, *, #1154, .F. ) ;
#761 = CYLINDRICAL_SURFACE ( 'NONE', #1066, 1.425000000000000044 ) ;
#762 = CYLINDRICAL_SURFACE ( 'NONE', #237, 4.499999999999999112 ) ;
#763 = CIRCLE ( 'NONE', #1063, 5.000000000000000000 ) ;
#764 = CARTESIAN_POINT ( 'NONE',  ( -0.5000000000000186517, 5.000000000000000888, 2.000000000000000000 ) ) ;
#765 = AXIS2_PLACEMENT_3D ( 'NONE', #685, #251, #801 ) ;
#766 = ORIENTED_EDGE ( 'NONE', *, *, #1097, .T. ) ;
#767 = DIRECTION ( 'NONE',  ( -1.000000000000000000, 0.000000000000000000, 0.000000000000000000 ) ) ;
#768 = VERTEX_POINT ( 'NONE', #1145 ) ;
#769 = LINE ( 'NONE', #222, #40 ) ;
#770 = PLANE ( 'NONE',  #782 ) ;
#771 = EDGE_LOOP ( 'NONE', ( #269, #304, #1325, #1385 ) ) ;
#772 = AXIS2_PLACEMENT_3D ( 'NONE', #808, #1201, #1172 ) ;
#773 =( NAMED_UNIT ( * ) PLANE_ANGLE_UNIT ( ) SI_UNIT ( $, .RADIAN. ) );
#774 = VERTEX_POINT ( 'NONE', #279 ) ;
#775 = MANIFOLD_SOLID_BREP ( 'Fillet1', #49 ) ;
#776 = EDGE_CURVE ( 'NONE', #686, #149, #56, .T. ) ;
#777 = FACE_OUTER_BOUND ( 'NONE', #1209, .T. ) ;
#778 = CARTESIAN_POINT ( 'NONE',  ( 0.000000000000000000, 100.0000000000000000, 2.000000000000000000 ) ) ;
#779 = VERTEX_POINT ( 'NONE', #950 ) ;
#780 = AXIS2_PLACEMENT_3D ( 'NONE', #901, #36, #1008 ) ;
#781 = AXIS2_PLACEMENT_3D ( 'NONE', #513, #81, #96 ) ;
#782 = AXIS2_PLACEMENT_3D ( 'NONE', #1107, #125, #994 ) ;
#783 = EDGE_LOOP ( 'NONE', ( #877, #9, #807, #1130, #1185, #373, #1000, #1234, #153, #41, #23, #130 ) ) ;
#784 = CARTESIAN_POINT ( 'NONE',  ( -59.00000000000001421, 52.00000000000000000, 2.000000000000000000 ) ) ;
#785 = CARTESIAN_POINT ( 'NONE',  ( -59.00000000000000711, -7.225416114969384785E-15, 0.000000000000000000 ) ) ;
#786 = VECTOR ( 'NONE', #58, 1000.000000000000000 ) ;
#787 = CARTESIAN_POINT ( 'NONE',  ( -59.00000000000000711, -7.225416114969384785E-15, 2.000000000000000000 ) ) ;
#788 = EDGE_LOOP ( 'NONE', ( #570, #1321, #910, #450 ) ) ;
#789 = ORIENTED_EDGE ( 'NONE', *, *, #956, .F. ) ;
#790 = CARTESIAN_POINT ( 'NONE',  ( -0.5000000000000195399, 52.00000000000000000, 2.000000000000000000 ) ) ;
#791 = DIRECTION ( 'NONE',  ( -0.000000000000000000, 0.000000000000000000, -1.000000000000000000 ) ) ;
#792 = ORIENTED_EDGE ( 'NONE', *, *, #586, .F. ) ;
#793 = ORIENTED_EDGE ( 'NONE', *, *, #80, .T. ) ;
#794 = CARTESIAN_POINT ( 'NONE',  ( -54.50000000000001421, 5.000000000000000888, 15.00000000000000000 ) ) ;
#795 = DIRECTION ( 'NONE',  ( 0.5734623443633283246, 0.8192319205190403686, -0.000000000000000000 ) ) ;
#796 = ORIENTED_EDGE ( 'NONE', *, *, #1411, .T. ) ;
#797 = AXIS2_PLACEMENT_3D ( 'NONE', #991, #108, #317 ) ;
#798 = DIRECTION ( 'NONE',  ( -0.000000000000000000, -0.000000000000000000, -1.000000000000000000 ) ) ;
#799 = ORIENTED_EDGE ( 'NONE', *, *, #1259, .F. ) ;
#800 = ADVANCED_FACE ( 'NONE', ( #402 ), #409, .T. ) ;
#801 = DIRECTION ( 'NONE',  ( -1.000000000000000000, 0.000000000000000000, 0.000000000000000000 ) ) ;
#802 = CARTESIAN_POINT ( 'NONE',  ( -37.00000000000002132, 90.00000000000000000, 7.000000000000000000 ) ) ;
#803 = EDGE_LOOP ( 'NONE', ( #886, #639, #55, #21 ) ) ;
#804 = DIRECTION ( 'NONE',  ( -0.000000000000000000, -0.000000000000000000, -1.000000000000000000 ) ) ;
#805 = EDGE_LOOP ( 'NONE', ( #963, #604, #75, #35 ) ) ;
#806 = FACE_OUTER_BOUND ( 'NONE', #18, .T. ) ;
#807 = ORIENTED_EDGE ( 'NONE', *, *, #95, .T. ) ;
#808 = CARTESIAN_POINT ( 'NONE',  ( 0.000000000000000000, 0.000000000000000000, 2.000000000000000000 ) ) ;
#809 = ORIENTED_EDGE ( 'NONE', *, *, #1116, .T. ) ;
#810 = CARTESIAN_POINT ( 'NONE',  ( -5.000000000000018652, 52.00000000000000000, 2.000000000000000000 ) ) ;
#811 = CIRCLE ( 'NONE', #747, 1.425000000000000933 ) ;
#812 = DIRECTION ( 'NONE',  ( -1.224646799147353207E-16, 1.000000000000000000, 0.000000000000000000 ) ) ;
#813 = APPLICATION_CONTEXT ( 'automotive_design' ) ;
#814 = ADVANCED_FACE ( 'NONE', ( #189 ), #295, .T. ) ;
#815 = AXIS2_PLACEMENT_3D ( 'NONE', #1083, #314, #1190 ) ;
#816 = VECTOR ( 'NONE', #847, 1000.000000000000114 ) ;
#817 = DIRECTION ( 'NONE',  ( 0.000000000000000000, 0.000000000000000000, 1.000000000000000000 ) ) ;
#818 = ORIENTED_EDGE ( 'NONE', *, *, #1366, .F. ) ;
#819 = DIRECTION ( 'NONE',  ( 0.000000000000000000, -0.000000000000000000, 1.000000000000000000 ) ) ;
#820 = DIRECTION ( 'NONE',  ( -0.000000000000000000, -0.000000000000000000, -1.000000000000000000 ) ) ;
#821 = DIRECTION ( 'NONE',  ( 0.5734623443633283246, -0.8192319205190404796, -0.000000000000000000 ) ) ;
#822 = CARTESIAN_POINT ( 'NONE',  ( -57.57500000000000995, 5.000000000000000000, 15.00000000000000000 ) ) ;
#823 = EDGE_LOOP ( 'NONE', ( #610, #352, #5, #1192 ) ) ;
#824 = CARTESIAN_POINT ( 'NONE',  ( -60.42500000000001137, 52.00000000000000000, 15.00000000000000000 ) ) ;
#825 = VECTOR ( 'NONE', #538, 1000.000000000000000 ) ;
#826 = DIRECTION ( 'NONE',  ( -0.000000000000000000, -0.000000000000000000, -1.000000000000000000 ) ) ;
#827 = DIRECTION ( 'NONE',  ( 1.000000000000000000, 0.000000000000000000, 0.000000000000000000 ) ) ;
#828 = CIRCLE ( 'NONE', #1091, 5.000000000000000000 ) ;
#829 = DIRECTION ( 'NONE',  ( 0.000000000000000000, -0.000000000000000000, 1.000000000000000000 ) ) ;
#830 = CYLINDRICAL_SURFACE ( 'NONE', #72, 1.425000000000002709 ) ;
#831 = EDGE_CURVE ( 'NONE', #3, #1076, #1162, .T. ) ;
#832 = EDGE_CURVE ( 'NONE', #626, #1219, #1051, .T. ) ;
#833 = ORIENTED_EDGE ( 'NONE', *, *, #1232, .F. ) ;
#834 = PLANE ( 'NONE',  #1148 ) ;
#835 = CARTESIAN_POINT ( 'NONE',  ( -59.00000000000001421, 52.00000000000000000, 15.00000000000000000 ) ) ;
#836 = DIRECTION ( 'NONE',  ( 0.000000000000000000, 0.000000000000000000, 1.000000000000000000 ) ) ;
#837 = AXIS2_PLACEMENT_3D ( 'NONE', #508, #67, #929 ) ;
#838 = EDGE_CURVE ( 'NONE', #1342, #1265, #907, .T. ) ;
#839 = DIRECTION ( 'NONE',  ( 1.000000000000000000, 0.000000000000000000, 0.000000000000000000 ) ) ;
#840 = ORIENTED_EDGE ( 'NONE', *, *, #1140, .F. ) ;
#841 = CARTESIAN_POINT ( 'NONE',  ( 0.000000000000000000, 100.0000000000000000, 2.000000000000000000 ) ) ;
#842 = ORIENTED_EDGE ( 'NONE', *, *, #741, .F. ) ;
#843 = EDGE_CURVE ( 'NONE', #1265, #477, #1375, .T. ) ;
#844 = CARTESIAN_POINT ( 'NONE',  ( 0.000000000000000000, 0.000000000000000000, 0.000000000000000000 ) ) ;
#845 = DIRECTION ( 'NONE',  ( 1.000000000000000000, 0.000000000000000000, 0.000000000000000000 ) ) ;
#846 = AXIS2_PLACEMENT_3D ( 'NONE', #356, #366, #1246 ) ;
#847 = DIRECTION ( 'NONE',  ( 0.5734623443633283246, -0.8192319205190404796, -0.000000000000000000 ) ) ;
#848 = ORIENTED_EDGE ( 'NONE', *, *, #144, .T. ) ;
#849 = ADVANCED_FACE ( 'NONE', ( #312 ), #77, .F. ) ;
#850 = CARTESIAN_POINT ( 'NONE',  ( -33.39672219213317561, 94.99999999999998579, 2.000000000000000000 ) ) ;
#851 = ORIENTED_EDGE ( 'NONE', *, *, #1393, .T. ) ;
#852 = CIRCLE ( 'NONE', #1229, 5.000000000000000888 ) ;
#853 = DIRECTION ( 'NONE',  ( 1.000000000000000000, 0.000000000000000000, 0.000000000000000000 ) ) ;
#854 = FACE_OUTER_BOUND ( 'NONE', #1288, .T. ) ;
#855 = CIRCLE ( 'NONE', #59, 1.425000000000002709 ) ;
#856 = EDGE_CURVE ( 'NONE', #266, #463, #395, .T. ) ;
#857 = DIRECTION ( 'NONE',  ( 1.000000000000000000, 0.000000000000000000, -0.000000000000000000 ) ) ;
#858 = ORIENTED_EDGE ( 'NONE', *, *, #602, .T. ) ;
#859 = DIRECTION ( 'NONE',  ( 0.000000000000000000, 0.000000000000000000, 1.000000000000000000 ) ) ;
#860 = ORIENTED_EDGE ( 'NONE', *, *, #687, .T. ) ;
#861 = ADVANCED_FACE ( 'NONE', ( #1278 ), #511, .F. ) ;
#862 = FACE_OUTER_BOUND ( 'NONE', #1233, .T. ) ;
#863 = DIRECTION ( 'NONE',  ( 1.000000000000000000, 0.000000000000000000, 0.000000000000000000 ) ) ;
#864 = CARTESIAN_POINT ( 'NONE',  ( -32.00000000000000711, 50.00000000000000000, 0.000000000000000000 ) ) ;
#865 = VERTEX_POINT ( 'NONE', #1182 ) ;
#866 = ORIENTED_EDGE ( 'NONE', *, *, #253, .T. ) ;
#867 = LINE ( 'NONE', #993, #1379 ) ;
#868 = LINE ( 'NONE', #1213, #349 ) ;
#869 = AXIS2_PLACEMENT_3D ( 'NONE', #1364, #1165, #392 ) ;
#870 = CIRCLE ( 'NONE', #1348, 5.000000000000000888 ) ;
#871 = CARTESIAN_POINT ( 'NONE',  ( -0.9038403974047991563, 61.29120056772115532, 2.000000000000000000 ) ) ;
#872 = ORIENTED_EDGE ( 'NONE', *, *, #391, .F. ) ;
#873 = DIRECTION ( 'NONE',  ( 0.000000000000000000, 0.000000000000000000, 1.000000000000000000 ) ) ;
#874 = CARTESIAN_POINT ( 'NONE',  ( -5.000000000000000000, 58.42388884590450715, 2.000000000000000000 ) ) ;
#875 = ADVANCED_FACE ( 'NONE', ( #718, #64 ), #1169, .T. ) ;
#876 = AXIS2_PLACEMENT_3D ( 'NONE', #267, #374, #1345 ) ;
#877 = ORIENTED_EDGE ( 'NONE', *, *, #1259, .T. ) ;
#878 = EDGE_CURVE ( 'NONE', #1342, #865, #526, .T. ) ;
#879 = DIRECTION ( 'NONE',  ( 1.000000000000000000, 0.000000000000000000, 0.000000000000000000 ) ) ;
#880 = ORIENTED_EDGE ( 'NONE', *, *, #1406, .F. ) ;
#881 = FACE_OUTER_BOUND ( 'NONE', #240, .T. ) ;
#882 = LINE ( 'NONE', #157, #131 ) ;
#883 = ADVANCED_FACE ( 'NONE', ( #619 ), #1064, .F. ) ;
#884 = ORIENTED_EDGE ( 'NONE', *, *, #898, .F. ) ;
#885 = PRODUCT_DEFINITION_CONTEXT ( 'detailed design', #1264, 'design' ) ;
#886 = ORIENTED_EDGE ( 'NONE', *, *, #98, .F. ) ;
#887 = CIRCLE ( 'NONE', #1260, 1.425000000000002709 ) ;
#888 = FACE_OUTER_BOUND ( 'NONE', #565, .T. ) ;
#889 = FACE_OUTER_BOUND ( 'NONE', #955, .T. ) ;
#890 = CIRCLE ( 'NONE', #211, 5.000000000000000000 ) ;
#891 = CARTESIAN_POINT ( 'NONE',  ( 0.000000000000000000, 0.000000000000000000, 2.000000000000000000 ) ) ;
#892 = EDGE_LOOP ( 'NONE', ( #1395, #939 ) ) ;
#893 = AXIS2_PLACEMENT_3D ( 'NONE', #734, #1181, #92 ) ;
#894 = ADVANCED_FACE ( 'NONE', ( #1294, #742 ), #735, .T. ) ;
#895 = ORIENTED_EDGE ( 'NONE', *, *, #724, .T. ) ;
#896 = DIRECTION ( 'NONE',  ( 1.000000000000000000, 0.000000000000000000, 0.000000000000000000 ) ) ;
#897 = FACE_OUTER_BOUND ( 'NONE', #1255, .T. ) ;
#898 = EDGE_CURVE ( 'NONE', #651, #338, #572, .T. ) ;
#899 = EDGE_LOOP ( 'NONE', ( #1292, #343 ) ) ;
#900 = ORIENTED_EDGE ( 'NONE', *, *, #1399, .F. ) ;
#901 = CARTESIAN_POINT ( 'NONE',  ( -32.00000000000001421, 90.00000000000000000, 2.000000000000000000 ) ) ;
#902 = CARTESIAN_POINT ( 'NONE',  ( -63.50000000000000000, 52.00000000000000000, 2.000000000000000000 ) ) ;
#903 = EDGE_CURVE ( 'NONE', #1142, #1245, #204, .T. ) ;
#904 = ORIENTED_EDGE ( 'NONE', *, *, #106, .T. ) ;
#905 = EDGE_LOOP ( 'NONE', ( #193, #1025 ) ) ;
#906 = FACE_OUTER_BOUND ( 'NONE', #1344, .T. ) ;
#907 = CIRCLE ( 'NONE', #473, 1.425000000000002709 ) ;
#908 = CIRCLE ( 'NONE', #460, 4.499999999999999112 ) ;
#909 = DIRECTION ( 'NONE',  ( 1.000000000000000000, 0.000000000000000000, -0.000000000000000000 ) ) ;
#910 = ORIENTED_EDGE ( 'NONE', *, *, #596, .F. ) ;
#911 = CIRCLE ( 'NONE', #729, 1.425000000000000044 ) ;
#912 = FACE_OUTER_BOUND ( 'NONE', #423, .T. ) ;
#913 = VERTEX_POINT ( 'NONE', #552 ) ;
#914 = VECTOR ( 'NONE', #1328, 1000.000000000000000 ) ;
#915 = CARTESIAN_POINT ( 'NONE',  ( -9.500000000000019540, 5.000000000000000000, 2.000000000000000000 ) ) ;
#916 = EDGE_LOOP ( 'NONE', ( #201, #900 ) ) ;
#917 = CARTESIAN_POINT ( 'NONE',  ( -37.49288179472838323, 97.86731172181663396, 0.000000000000000000 ) ) ;
#918 = LINE ( 'NONE', #1361, #170 ) ;
#919 = ORIENTED_EDGE ( 'NONE', *, *, #458, .F. ) ;
#920 = DIRECTION ( 'NONE',  ( 1.000000000000000000, 0.000000000000000000, 0.000000000000000000 ) ) ;
#921 = VERTEX_POINT ( 'NONE', #1080 ) ;
#922 = DIRECTION ( 'NONE',  ( 0.000000000000000000, 0.000000000000000000, 1.000000000000000000 ) ) ;
#923 = DIRECTION ( 'NONE',  ( 0.000000000000000000, 0.000000000000000000, 1.000000000000000000 ) ) ;
#924 = CYLINDRICAL_SURFACE ( 'NONE', #1404, 1.425000000000000044 ) ;
#925 = CARTESIAN_POINT ( 'NONE',  ( -59.00000000000001421, 5.000000000000000000, 2.000000000000000000 ) ) ;
#926 = ORIENTED_EDGE ( 'NONE', *, *, #232, .T. ) ;
#927 = CIRCLE ( 'NONE', #1193, 5.000000000000000888 ) ;
#928 = VECTOR ( 'NONE', #210, 1000.000000000000000 ) ;
#929 = DIRECTION ( 'NONE',  ( 1.000000000000000000, 0.000000000000000000, 0.000000000000000000 ) ) ;
#930 = EDGE_LOOP ( 'NONE', ( #948, #1034 ) ) ;
#931 = CIRCLE ( 'NONE', #1196, 1.425000000000002709 ) ;
#932 = CARTESIAN_POINT ( 'NONE',  ( -64.00000000000000000, -7.837739514543060526E-15, 2.000000000000000000 ) ) ;
#933 = DIRECTION ( 'NONE',  ( -0.000000000000000000, -0.000000000000000000, -1.000000000000000000 ) ) ;
#934 = FACE_OUTER_BOUND ( 'NONE', #1329, .T. ) ;
#935 = ADVANCED_FACE ( 'NONE', ( #976 ), #659, .T. ) ;
#936 = ORIENTED_EDGE ( 'NONE', *, *, #1164, .F. ) ;
#937 = CARTESIAN_POINT ( 'NONE',  ( 0.000000000000000000, 58.42388884590450715, 0.000000000000000000 ) ) ;
#938 = UNCERTAINTY_MEASURE_WITH_UNIT (LENGTH_MEASURE( 1.000000000000000082E-05 ), #4, 'distance_accuracy_value', 'NONE');
#939 = ORIENTED_EDGE ( 'NONE', *, *, #1356, .T. ) ;
#940 = CARTESIAN_POINT ( 'NONE',  ( -33.39672219213317561, 99.99999999999998579, 0.000000000000000000 ) ) ;
#941 = AXIS2_PLACEMENT_3D ( 'NONE', #1078, #17, #981 ) ;
#942 = DIRECTION ( 'NONE',  ( 1.000000000000000000, 0.000000000000000000, 0.000000000000000000 ) ) ;
#943 = DIRECTION ( 'NONE',  ( 0.000000000000000000, 1.000000000000000000, 0.000000000000000000 ) ) ;
#944 = AXIS2_PLACEMENT_3D ( 'NONE', #1001, #1220, #1307 ) ;
#945 = CARTESIAN_POINT ( 'NONE',  ( -5.000000000000018652, 52.00000000000000000, 15.00000000000000000 ) ) ;
#946 = EDGE_CURVE ( 'NONE', #477, #865, #398, .T. ) ;
#947 = SURFACE_STYLE_FILL_AREA ( #606 ) ;
#948 = ORIENTED_EDGE ( 'NONE', *, *, #376, .T. ) ;
#949 = FACE_BOUND ( 'NONE', #704, .T. ) ;
#950 = CARTESIAN_POINT ( 'NONE',  ( -0.9038403974047991563, 61.29120056772115532, 0.000000000000000000 ) ) ;
#951 = CYLINDRICAL_SURFACE ( 'NONE', #1073, 1.950000000000000400 ) ;
#952 = AXIS2_PLACEMENT_3D ( 'NONE', #707, #836, #845 ) ;
#953 = EDGE_CURVE ( 'NONE', #62, #523, #867, .T. ) ;
#954 = CYLINDRICAL_SURFACE ( 'NONE', #31, 1.425000000000002709 ) ;
#955 = EDGE_LOOP ( 'NONE', ( #919, #34, #354, #1187 ) ) ;
#956 = EDGE_CURVE ( 'NONE', #451, #655, #1090, .T. ) ;
#957 = DIRECTION ( 'NONE',  ( -1.000000000000000000, 0.000000000000000000, 0.000000000000000000 ) ) ;
#958 = EDGE_LOOP ( 'NONE', ( #430, #561 ) ) ;
#959 = DIRECTION ( 'NONE',  ( 0.000000000000000000, 0.000000000000000000, 1.000000000000000000 ) ) ;
#960 = AXIS2_PLACEMENT_3D ( 'NONE', #1291, #819, #1062 ) ;
#961 = AXIS2_PLACEMENT_3D ( 'NONE', #112, #421, #857 ) ;
#962 = VECTOR ( 'NONE', #230, 1000.000000000000000 ) ;
#963 = ORIENTED_EDGE ( 'NONE', *, *, #602, .F. ) ;
#964 = ORIENTED_EDGE ( 'NONE', *, *, #953, .F. ) ;
#965 = EDGE_CURVE ( 'NONE', #1105, #167, #828, .T. ) ;
#966 = EDGE_LOOP ( 'NONE', ( #233, #884, #1197, #155 ) ) ;
#967 = AXIS2_PLACEMENT_3D ( 'NONE', #1178, #190, #600 ) ;
#968 = EDGE_CURVE ( 'NONE', #173, #141, #769, .T. ) ;
#969 = PLANE ( 'NONE',  #152 ) ;
#970 = DIRECTION ( 'NONE',  ( 0.000000000000000000, -0.000000000000000000, 1.000000000000000000 ) ) ;
#971 = CIRCLE ( 'NONE', #1041, 1.949999999999993516 ) ;
#972 = CARTESIAN_POINT ( 'NONE',  ( -6.425000000000019362, 52.00000000000000000, 15.00000000000000000 ) ) ;
#973 = VERTEX_POINT ( 'NONE', #347 ) ;
#974 = LINE ( 'NONE', #531, #282 ) ;
#975 = EDGE_LOOP ( 'NONE', ( #122, #1335, #82, #792 ) ) ;
#976 = FACE_OUTER_BOUND ( 'NONE', #805, .T. ) ;
#977 = CARTESIAN_POINT ( 'NONE',  ( -3.575000000000017497, 52.00000000000000000, 2.000000000000000000 ) ) ;
#978 = VECTOR ( 'NONE', #607, 1000.000000000000000 ) ;
#979 = CARTESIAN_POINT ( 'NONE',  ( -32.00000000000000711, 50.00000000000000000, 0.000000000000000000 ) ) ;
#980 = VERTEX_POINT ( 'NONE', #7 ) ;
#981 = DIRECTION ( 'NONE',  ( 1.000000000000000000, 0.000000000000000000, 0.000000000000000000 ) ) ;
#982 = ORIENTED_EDGE ( 'NONE', *, *, #693, .F. ) ;
#983 = DIRECTION ( 'NONE',  ( -0.000000000000000000, -0.000000000000000000, -1.000000000000000000 ) ) ;
#984 = DIRECTION ( 'NONE',  ( 0.000000000000000000, 0.000000000000000000, 1.000000000000000000 ) ) ;
#985 = ADVANCED_FACE ( 'NONE', ( #777 ), #1106, .T. ) ;
#986 = EDGE_CURVE ( 'NONE', #1118, #973, #24, .T. ) ;
#987 = AXIS2_PLACEMENT_3D ( 'NONE', #63, #69, #286 ) ;
#988 = DIRECTION ( 'NONE',  ( -0.000000000000000000, -0.000000000000000000, -1.000000000000000000 ) ) ;
#989 = FACE_OUTER_BOUND ( 'NONE', #975, .T. ) ;
#990 = ORIENTED_EDGE ( 'NONE', *, *, #723, .T. ) ;
#991 = CARTESIAN_POINT ( 'NONE',  ( -32.00000000000000711, 50.00000000000000000, 7.000000000000000000 ) ) ;
#992 = ORIENTED_EDGE ( 'NONE', *, *, #575, .T. ) ;
#993 = CARTESIAN_POINT ( 'NONE',  ( -26.50711820527164164, 97.86731172181663396, 0.000000000000000000 ) ) ;
#994 = DIRECTION ( 'NONE',  ( 0.000000000000000000, 0.000000000000000000, 1.000000000000000000 ) ) ;
#995 = ADVANCED_FACE ( 'NONE', ( #1198 ), #235, .F. ) ;
#996 = DIRECTION ( 'NONE',  ( -1.000000000000000000, 0.000000000000000000, 0.000000000000000000 ) ) ;
#997 = ORIENTED_EDGE ( 'NONE', *, *, #586, .T. ) ;
#998 = ADVANCED_FACE ( 'NONE', ( #881 ), #326, .T. ) ;
#999 = CARTESIAN_POINT ( 'NONE',  ( 0.000000000000000000, 0.000000000000000000, 0.000000000000000000 ) ) ;
#1000 = ORIENTED_EDGE ( 'NONE', *, *, #474, .F. ) ;
#1001 = CARTESIAN_POINT ( 'NONE',  ( -59.00000000000002132, 58.42388884590451426, 0.000000000000000000 ) ) ;
#1002 = EDGE_CURVE ( 'NONE', #921, #768, #116, .T. ) ;
#1003 = DIRECTION ( 'NONE',  ( -1.000000000000000000, 0.000000000000000000, 0.000000000000000000 ) ) ;
#1004 = ORIENTED_EDGE ( 'NONE', *, *, #1366, .T. ) ;
#1005 = VECTOR ( 'NONE', #1074, 1000.000000000000000 ) ;
#1006 = ORIENTED_EDGE ( 'NONE', *, *, #832, .T. ) ;
#1007 = ADVANCED_FACE ( 'NONE', ( #1114 ), #761, .F. ) ;
#1008 = DIRECTION ( 'NONE',  ( -1.000000000000000000, 0.000000000000000000, 0.000000000000000000 ) ) ;
#1009 = CYLINDRICAL_SURFACE ( 'NONE', #209, 4.500000000000003553 ) ;
#1010 = CIRCLE ( 'NONE', #386, 4.999999999999997335 ) ;
#1011 = AXIS2_PLACEMENT_3D ( 'NONE', #307, #737, #863 ) ;
#1012 = CIRCLE ( 'NONE', #1371, 1.949999999999993516 ) ;
#1013 = ORIENTED_EDGE ( 'NONE', *, *, #38, .T. ) ;
#1014 = ADVANCED_FACE ( 'NONE', ( #652 ), #132, .T. ) ;
#1015 = VERTEX_POINT ( 'NONE', #453 ) ;
#1016 = CARTESIAN_POINT ( 'NONE',  ( 0.000000000000000000, 0.000000000000000000, 2.000000000000000000 ) ) ;
#1017 = CARTESIAN_POINT ( 'NONE',  ( -59.00000000000001421, 5.000000000000000000, 15.00000000000000000 ) ) ;
#1018 = AXIS2_PLACEMENT_3D ( 'NONE', #418, #923, #853 ) ;
#1019 = EDGE_LOOP ( 'NONE', ( #631, #872 ) ) ;
#1020 = VECTOR ( 'NONE', #1315, 1000.000000000000000 ) ;
#1021 = ORIENTED_EDGE ( 'NONE', *, *, #856, .T. ) ;
#1022 = FACE_BOUND ( 'NONE', #958, .T. ) ;
#1023 = CARTESIAN_POINT ( 'NONE',  ( -63.50000000000000000, 52.00000000000000000, 15.00000000000000000 ) ) ;
#1024 = DIRECTION ( 'NONE',  ( 0.000000000000000000, 0.000000000000000000, 1.000000000000000000 ) ) ;
#1025 = ORIENTED_EDGE ( 'NONE', *, *, #249, .T. ) ;
#1026 = VECTOR ( 'NONE', #744, 1000.000000000000000 ) ;
#1027 = DIRECTION ( 'NONE',  ( 1.000000000000000000, 0.000000000000000000, 0.000000000000000000 ) ) ;
#1028 = DIRECTION ( 'NONE',  ( -1.000000000000000000, 0.000000000000000000, 0.000000000000000000 ) ) ;
#1029 = PRODUCT_DEFINITION ( 'UNKNOWN', '', #1274, #885 ) ;
#1030 = VECTOR ( 'NONE', #1191, 1000.000000000000000 ) ;
#1031 = EDGE_LOOP ( 'NONE', ( #1319, #1330 ) ) ;
#1032 = CIRCLE ( 'NONE', #368, 5.000000000000004441 ) ;
#1033 = CARTESIAN_POINT ( 'NONE',  ( -59.00000000000001421, 52.00000000000000000, 2.000000000000000000 ) ) ;
#1034 = ORIENTED_EDGE ( 'NONE', *, *, #98, .T. ) ;
#1035 = CARTESIAN_POINT ( 'NONE',  ( -30.05000000000000782, 50.00000000000000000, 7.000000000000000000 ) ) ;
#1036 = VECTOR ( 'NONE', #306, 1000.000000000000000 ) ;
#1037 = DIRECTION ( 'NONE',  ( 0.000000000000000000, 0.000000000000000000, 1.000000000000000000 ) ) ;
#1038 = ADVANCED_FACE ( 'NONE', ( #888 ), #969, .F. ) ;
#1039 = VECTOR ( 'NONE', #1072, 1000.000000000000000 ) ;
#1040 = ORIENTED_EDGE ( 'NONE', *, *, #701, .T. ) ;
#1041 = AXIS2_PLACEMENT_3D ( 'NONE', #536, #1408, #551 ) ;
#1042 = CIRCLE ( 'NONE', #1299, 5.000000000000000000 ) ;
#1043 = PLANE ( 'NONE',  #1262 ) ;
#1044 = ORIENTED_EDGE ( 'NONE', *, *, #956, .T. ) ;
#1045 = DIRECTION ( 'NONE',  ( 1.000000000000000000, 0.000000000000000000, 0.000000000000000000 ) ) ;
#1046 = CARTESIAN_POINT ( 'NONE',  ( -30.05000000000000782, 50.00000000000000000, 2.000000000000000000 ) ) ;
#1047 = CYLINDRICAL_SURFACE ( 'NONE', #353, 4.999999999999997335 ) ;
#1048 = DIRECTION ( 'NONE',  ( 1.000000000000000000, 0.000000000000000000, 0.000000000000000000 ) ) ;
#1049 = ORIENTED_EDGE ( 'NONE', *, *, #485, .F. ) ;
#1050 = DIRECTION ( 'NONE',  ( 0.000000000000000000, 0.000000000000000000, -1.000000000000000000 ) ) ;
#1051 = LINE ( 'NONE', #844, #543 ) ;
#1052 = CARTESIAN_POINT ( 'NONE',  ( -59.00000000000000711, 4.999999999999992895, 2.000000000000000000 ) ) ;
#1053 = PLANE ( 'NONE',  #274 ) ;
#1054 = ORIENTED_EDGE ( 'NONE', *, *, #1144, .F. ) ;
#1055 = CIRCLE ( 'NONE', #1223, 4.999999999999997335 ) ;
#1056 = DIRECTION ( 'NONE',  ( -1.000000000000000000, 0.000000000000000000, 0.000000000000000000 ) ) ;
#1057 = CARTESIAN_POINT ( 'NONE',  ( -57.57500000000000995, 52.00000000000000000, 15.00000000000000000 ) ) ;
#1058 = DIRECTION ( 'NONE',  ( 1.000000000000000000, 0.000000000000000000, 0.000000000000000000 ) ) ;
#1059 = ADVANCED_FACE ( 'NONE', ( #862 ), #544, .T. ) ;
#1060 = ORIENTED_EDGE ( 'NONE', *, *, #723, .F. ) ;
#1061 = ORIENTED_EDGE ( 'NONE', *, *, #547, .F. ) ;
#1062 = DIRECTION ( 'NONE',  ( -1.000000000000000000, 0.000000000000000000, 0.000000000000000000 ) ) ;
#1063 = AXIS2_PLACEMENT_3D ( 'NONE', #749, #437, #1320 ) ;
#1064 = CYLINDRICAL_SURFACE ( 'NONE', #646, 1.425000000000002709 ) ;
#1065 = DIRECTION ( 'NONE',  ( 1.000000000000000000, 0.000000000000000000, 0.000000000000000000 ) ) ;
#1066 = AXIS2_PLACEMENT_3D ( 'NONE', #215, #1206, #533 ) ;
#1067 = FACE_OUTER_BOUND ( 'NONE', #966, .T. ) ;
#1068 = ORIENTED_EDGE ( 'NONE', *, *, #449, .T. ) ;
#1069 = LINE ( 'NONE', #932, #51 ) ;
#1070 = ORIENTED_EDGE ( 'NONE', *, *, #746, .T. ) ;
#1071 = CARTESIAN_POINT ( 'NONE',  ( -59.00000000000001421, 5.000000000000000000, 15.00000000000000000 ) ) ;
#1072 = DIRECTION ( 'NONE',  ( -0.000000000000000000, -0.000000000000000000, -1.000000000000000000 ) ) ;
#1073 = AXIS2_PLACEMENT_3D ( 'NONE', #1392, #1376, #719 ) ;
#1074 = DIRECTION ( 'NONE',  ( 0.000000000000000000, 0.000000000000000000, -1.000000000000000000 ) ) ;
#1075 = EDGE_CURVE ( 'NONE', #42, #1241, #1324, .T. ) ;
#1076 = VERTEX_POINT ( 'NONE', #790 ) ;
#1077 = AXIS2_PLACEMENT_3D ( 'NONE', #546, #988, #433 ) ;
#1078 = CARTESIAN_POINT ( 'NONE',  ( -32.00000000000001421, 90.00000000000000000, 7.000000000000000000 ) ) ;
#1079 = EDGE_LOOP ( 'NONE', ( #47, #325 ) ) ;
#1080 = CARTESIAN_POINT ( 'NONE',  ( -27.00000000000000711, 50.00000000000000000, 7.000000000000000000 ) ) ;
#1081 = CARTESIAN_POINT ( 'NONE',  ( -57.57500000000000995, 5.000000000000000000, 15.00000000000000000 ) ) ;
#1082 = AXIS2_PLACEMENT_3D ( 'NONE', #850, #873, #22 ) ;
#1083 = CARTESIAN_POINT ( 'NONE',  ( -30.60327780786684926, 95.00000000000000000, 0.000000000000000000 ) ) ;
#1084 = CARTESIAN_POINT ( 'NONE',  ( -59.00000000000001421, 5.000000000000000000, 15.00000000000000000 ) ) ;
#1085 = VERTEX_POINT ( 'NONE', #43 ) ;
#1086 = CARTESIAN_POINT ( 'NONE',  ( -5.000000000000018652, 5.000000000000000000, 15.00000000000000000 ) ) ;
#1087 = VERTEX_POINT ( 'NONE', #794 ) ;
#1088 = DIRECTION ( 'NONE',  ( -0.000000000000000000, -0.000000000000000000, -1.000000000000000000 ) ) ;
#1089 = VECTOR ( 'NONE', #100, 1000.000000000000000 ) ;
#1090 = CIRCLE ( 'NONE', #514, 4.500000000000000000 ) ;
#1091 = AXIS2_PLACEMENT_3D ( 'NONE', #229, #1227, #440 ) ;
#1092 = CARTESIAN_POINT ( 'NONE',  ( -59.00000000000001421, 52.00000000000000000, 2.000000000000000000 ) ) ;
#1093 = DIRECTION ( 'NONE',  ( 1.000000000000000000, 0.000000000000000000, 0.000000000000000000 ) ) ;
#1094 = ORIENTED_EDGE ( 'NONE', *, *, #1109, .F. ) ;
#1095 = CARTESIAN_POINT ( 'NONE',  ( -5.000000000000018652, 52.00000000000000000, 2.000000000000000000 ) ) ;
#1096 = EDGE_CURVE ( 'NONE', #3, #702, #692, .T. ) ;
#1097 = EDGE_CURVE ( 'NONE', #429, #624, #1235, .T. ) ;
#1098 = DIRECTION ( 'NONE',  ( -1.000000000000000000, 0.000000000000000000, 0.000000000000000000 ) ) ;
#1099 = DIRECTION ( 'NONE',  ( -0.000000000000000000, -0.000000000000000000, -1.000000000000000000 ) ) ;
#1100 = DIRECTION ( 'NONE',  ( 0.000000000000000000, -0.000000000000000000, 1.000000000000000000 ) ) ;
#1101 = AXIS2_PLACEMENT_3D ( 'NONE', #305, #933, #713 ) ;
#1102 = ORIENTED_EDGE ( 'NONE', *, *, #180, .T. ) ;
#1103 = CARTESIAN_POINT ( 'NONE',  ( -59.00000000000001421, 52.00000000000000000, 15.00000000000000000 ) ) ;
#1104 = ADVANCED_FACE ( 'NONE', ( #806 ), #262, .F. ) ;
#1105 = VERTEX_POINT ( 'NONE', #146 ) ;
#1106 = CYLINDRICAL_SURFACE ( 'NONE', #944, 4.999999999999997335 ) ;
#1107 = CARTESIAN_POINT ( 'NONE',  ( 0.000000000000000000, 0.000000000000000000, 2.000000000000000000 ) ) ;
#1108 = CIRCLE ( 'NONE', #506, 4.499999999999997335 ) ;
#1109 = EDGE_CURVE ( 'NONE', #339, #1136, #379, .T. ) ;
#1110 = VECTOR ( 'NONE', #27, 1000.000000000000000 ) ;
#1111 = DIRECTION ( 'NONE',  ( 0.000000000000000000, 0.000000000000000000, -1.000000000000000000 ) ) ;
#1112 = ORIENTED_EDGE ( 'NONE', *, *, #1002, .T. ) ;
#1113 = ORIENTED_EDGE ( 'NONE', *, *, #449, .F. ) ;
#1114 = FACE_OUTER_BOUND ( 'NONE', #1226, .T. ) ;
#1115 = DIRECTION ( 'NONE',  ( 0.000000000000000000, 0.000000000000000000, 1.000000000000000000 ) ) ;
#1116 = EDGE_CURVE ( 'NONE', #338, #149, #562, .T. ) ;
#1117 = CIRCLE ( 'NONE', #422, 1.950000000000000400 ) ;
#1118 = VERTEX_POINT ( 'NONE', #678 ) ;
#1119 = EDGE_CURVE ( 'NONE', #598, #255, #1126, .T. ) ;
#1120 = ORIENTED_EDGE ( 'NONE', *, *, #342, .F. ) ;
#1121 = DIRECTION ( 'NONE',  ( -0.000000000000000000, 0.000000000000000000, -1.000000000000000000 ) ) ;
#1122 = DIRECTION ( 'NONE',  ( 0.000000000000000000, 0.000000000000000000, 1.000000000000000000 ) ) ;
#1123 = EDGE_CURVE ( 'NONE', #1136, #1216, #479, .T. ) ;
#1124 = ORIENTED_EDGE ( 'NONE', *, *, #79, .F. ) ;
#1125 = ORIENTED_EDGE ( 'NONE', *, *, #1253, .T. ) ;
#1126 = LINE ( 'NONE', #582, #123 ) ;
#1127 = AXIS2_PLACEMENT_3D ( 'NONE', #341, #348, #583 ) ;
#1128 = CIRCLE ( 'NONE', #502, 4.500000000000000888 ) ;
#1129 = AXIS2_PLACEMENT_3D ( 'NONE', #497, #372, #1267 ) ;
#1130 = ORIENTED_EDGE ( 'NONE', *, *, #127, .T. ) ;
#1131 = ORIENTED_EDGE ( 'NONE', *, *, #1242, .T. ) ;
#1132 = DIRECTION ( 'NONE',  ( -0.000000000000000000, -0.000000000000000000, -1.000000000000000000 ) ) ;
#1133 = DIRECTION ( 'NONE',  ( 1.000000000000000000, 0.000000000000000000, 0.000000000000000000 ) ) ;
#1134 = ORIENTED_EDGE ( 'NONE', *, *, #1272, .T. ) ;
#1135 = DIRECTION ( 'NONE',  ( 1.000000000000000000, 0.000000000000000000, 0.000000000000000000 ) ) ;
#1136 = VERTEX_POINT ( 'NONE', #917 ) ;
#1137 = CARTESIAN_POINT ( 'NONE',  ( -59.00000000000001421, 52.00000000000000000, 15.00000000000000000 ) ) ;
#1138 = DIRECTION ( 'NONE',  ( 1.000000000000000000, 0.000000000000000000, 0.000000000000000000 ) ) ;
#1139 = ADVANCED_FACE ( 'NONE', ( #1340 ), #150, .T. ) ;
#1140 = EDGE_CURVE ( 'NONE', #393, #1105, #466, .T. ) ;
#1141 = DIRECTION ( 'NONE',  ( 1.000000000000000000, 0.000000000000000000, 0.000000000000000000 ) ) ;
#1142 = VERTEX_POINT ( 'NONE', #1035 ) ;
#1143 = DIRECTION ( 'NONE',  ( -0.000000000000000000, -0.000000000000000000, -1.000000000000000000 ) ) ;
#1144 = EDGE_CURVE ( 'NONE', #1076, #413, #346, .T. ) ;
#1145 = CARTESIAN_POINT ( 'NONE',  ( -27.00000000000000711, 50.00000000000000000, 2.000000000000000000 ) ) ;
#1146 = DIRECTION ( 'NONE',  ( -1.000000000000000000, 0.000000000000000000, 0.000000000000000000 ) ) ;
#1147 = ORIENTED_EDGE ( 'NONE', *, *, #1353, .F. ) ;
#1148 = AXIS2_PLACEMENT_3D ( 'NONE', #401, #1050, #1056 ) ;
#1149 = LINE ( 'NONE', #1256, #256 ) ;
#1150 = ORIENTED_EDGE ( 'NONE', *, *, #238, .F. ) ;
#1151 = CARTESIAN_POINT ( 'NONE',  ( -63.09615960259520762, 61.29120056772116953, 0.000000000000000000 ) ) ;
#1152 = CIRCLE ( 'NONE', #592, 1.950000000000000400 ) ;
#1153 = CARTESIAN_POINT ( 'NONE',  ( -6.425000000000018474, 5.000000000000000000, 15.00000000000000000 ) ) ;
#1154 = EDGE_CURVE ( 'NONE', #913, #588, #412, .T. ) ;
#1155 = CIRCLE ( 'NONE', #241, 1.425000000000000044 ) ;
#1156 = ORIENTED_EDGE ( 'NONE', *, *, #640, .F. ) ;
#1157 = ADVANCED_FACE ( 'NONE', ( #906, #1022 ), #1336, .T. ) ;
#1158 = CARTESIAN_POINT ( 'NONE',  ( -32.00000000000000711, 50.00000000000000000, 7.000000000000000000 ) ) ;
#1159 = VERTEX_POINT ( 'NONE', #690 ) ;
#1160 = DIRECTION ( 'NONE',  ( 1.000000000000000000, 2.168404344971007882E-16, 0.000000000000000000 ) ) ;
#1161 = CARTESIAN_POINT ( 'NONE',  ( -59.00000000000001421, 52.00000000000000000, 2.000000000000000000 ) ) ;
#1162 = LINE ( 'NONE', #519, #1168 ) ;
#1163 = CARTESIAN_POINT ( 'NONE',  ( -5.000000000000018652, 5.000000000000000000, 2.000000000000000000 ) ) ;
#1164 = EDGE_CURVE ( 'NONE', #1265, #1342, #663, .T. ) ;
#1165 = DIRECTION ( 'NONE',  ( 0.000000000000000000, -0.000000000000000000, 1.000000000000000000 ) ) ;
#1166 = ORIENTED_EDGE ( 'NONE', *, *, #302, .F. ) ;
#1167 = FACE_BOUND ( 'NONE', #681, .T. ) ;
#1168 = VECTOR ( 'NONE', #726, 1000.000000000000000 ) ;
#1169 = PLANE ( 'NONE',  #1343 ) ;
#1170 = DIRECTION ( 'NONE',  ( 0.000000000000000000, 0.000000000000000000, 1.000000000000000000 ) ) ;
#1171 = DIRECTION ( 'NONE',  ( -1.000000000000000000, 0.000000000000000000, 0.000000000000000000 ) ) ;
#1172 = DIRECTION ( 'NONE',  ( -1.000000000000000000, 0.000000000000000000, 0.000000000000000000 ) ) ;
#1173 = ORIENTED_EDGE ( 'NONE', *, *, #397, .T. ) ;
#1174 = AXIS2_PLACEMENT_3D ( 'NONE', #478, #1354, #169 ) ;
#1175 = CARTESIAN_POINT ( 'NONE',  ( -32.00000000000000711, 50.00000000000000000, 2.000000000000000000 ) ) ;
#1176 = AXIS2_PLACEMENT_3D ( 'NONE', #979, #434, #442 ) ;
#1177 = DIRECTION ( 'NONE',  ( 0.000000000000000000, 0.000000000000000000, 1.000000000000000000 ) ) ;
#1178 = CARTESIAN_POINT ( 'NONE',  ( 3.469446951953614189E-15, 60.00000000000000711, 0.000000000000000000 ) ) ;
#1179 = CARTESIAN_POINT ( 'NONE',  ( -64.00000000000001421, 58.42388884590451426, 0.000000000000000000 ) ) ;
#1180 = ORIENTED_EDGE ( 'NONE', *, *, #376, .F. ) ;
#1181 = DIRECTION ( 'NONE',  ( 0.000000000000000000, 0.000000000000000000, -1.000000000000000000 ) ) ;
#1182 = CARTESIAN_POINT ( 'NONE',  ( -57.57500000000000995, 52.00000000000000000, 2.000000000000000000 ) ) ;
#1183 = CARTESIAN_POINT ( 'NONE',  ( -26.50711820527164519, 97.86731172181664817, 2.000000000000000000 ) ) ;
#1184 = DIRECTION ( 'NONE',  ( 0.000000000000000000, 0.000000000000000000, 1.000000000000000000 ) ) ;
#1185 = ORIENTED_EDGE ( 'NONE', *, *, #1140, .T. ) ;
#1186 = CYLINDRICAL_SURFACE ( 'NONE', #1082, 5.000000000000000888 ) ;
#1187 = ORIENTED_EDGE ( 'NONE', *, *, #134, .F. ) ;
#1188 = DIRECTION ( 'NONE',  ( -0.000000000000000000, -0.000000000000000000, -1.000000000000000000 ) ) ;
#1189 = CARTESIAN_POINT ( 'NONE',  ( 0.000000000000000000, 4.999999999999999112, 2.000000000000000000 ) ) ;
#1190 = DIRECTION ( 'NONE',  ( 1.000000000000000000, 0.000000000000000000, 0.000000000000000000 ) ) ;
#1191 = DIRECTION ( 'NONE',  ( -0.000000000000000000, -0.000000000000000000, -1.000000000000000000 ) ) ;
#1192 = ORIENTED_EDGE ( 'NONE', *, *, #481, .T. ) ;
#1193 = AXIS2_PLACEMENT_3D ( 'NONE', #559, #1115, #667 ) ;
#1194 = CIRCLE ( 'NONE', #321, 4.499999999999990230 ) ;
#1195 = DIRECTION ( 'NONE',  ( 0.000000000000000000, -0.000000000000000000, 1.000000000000000000 ) ) ;
#1196 = AXIS2_PLACEMENT_3D ( 'NONE', #1033, #817, #1135 ) ;
#1197 = ORIENTED_EDGE ( 'NONE', *, *, #200, .T. ) ;
#1198 = FACE_OUTER_BOUND ( 'NONE', #438, .T. ) ;
#1199 = CARTESIAN_POINT ( 'NONE',  ( -32.00000000000001421, 90.00000000000000000, 0.000000000000000000 ) ) ;
#1200 = CARTESIAN_POINT ( 'NONE',  ( -60.42500000000001137, 5.000000000000000000, 2.000000000000000000 ) ) ;
#1201 = DIRECTION ( 'NONE',  ( 0.000000000000000000, 0.000000000000000000, -1.000000000000000000 ) ) ;
#1202 = ADVANCED_FACE ( 'NONE', ( #912 ), #48, .F. ) ;
#1203 = ORIENTED_EDGE ( 'NONE', *, *, #903, .T. ) ;
#1204 = DIRECTION ( 'NONE',  ( 0.000000000000000000, 0.000000000000000000, 1.000000000000000000 ) ) ;
#1205 = VERTEX_POINT ( 'NONE', #1258 ) ;
#1206 = DIRECTION ( 'NONE',  ( -0.000000000000000000, -0.000000000000000000, -1.000000000000000000 ) ) ;
#1207 = CARTESIAN_POINT ( 'NONE',  ( -5.000000000000018652, 52.00000000000000000, 15.00000000000000000 ) ) ;
#1208 = CARTESIAN_POINT ( 'NONE',  ( -54.50000000000001421, 52.00000000000000000, 2.000000000000000000 ) ) ;
#1209 = EDGE_LOOP ( 'NONE', ( #221, #532, #833, #1124 ) ) ;
#1210 = LINE ( 'NONE', #739, #1231 ) ;
#1211 = ORIENTED_EDGE ( 'NONE', *, *, #1393, .F. ) ;
#1212 = DIRECTION ( 'NONE',  ( 1.000000000000000000, 0.000000000000000000, 0.000000000000000000 ) ) ;
#1213 = CARTESIAN_POINT ( 'NONE',  ( -54.50000000000001421, 5.000000000000000888, 15.00000000000000000 ) ) ;
#1214 = EDGE_CURVE ( 'NONE', #571, #624, #299, .T. ) ;
#1215 = AXIS2_PLACEMENT_3D ( 'NONE', #578, #1254, #297 ) ;
#1216 = VERTEX_POINT ( 'NONE', #940 ) ;
#1217 =( LENGTH_UNIT ( ) NAMED_UNIT ( * ) SI_UNIT ( .MILLI., .METRE. ) );
#1218 = ADVANCED_FACE ( 'NONE', ( #492, #949 ), #1269, .T. ) ;
#1219 = VERTEX_POINT ( 'NONE', #705 ) ;
#1220 = DIRECTION ( 'NONE',  ( 0.000000000000000000, 0.000000000000000000, 1.000000000000000000 ) ) ;
#1221 = LINE ( 'NONE', #778, #914 ) ;
#1222 = ADVANCED_FACE ( 'NONE', ( #725 ), #1389, .F. ) ;
#1223 = AXIS2_PLACEMENT_3D ( 'NONE', #611, #510, #957 ) ;
#1224 = CIRCLE ( 'NONE', #530, 4.500000000000000000 ) ;
#1225 = ORIENTED_EDGE ( 'NONE', *, *, #1341, .F. ) ;
#1226 = EDGE_LOOP ( 'NONE', ( #716, #1013, #1060, #1380 ) ) ;
#1227 = DIRECTION ( 'NONE',  ( 0.000000000000000000, -0.000000000000000000, 1.000000000000000000 ) ) ;
#1228 = CARTESIAN_POINT ( 'NONE',  ( -9.500000000000017764, 52.00000000000000000, 15.00000000000000000 ) ) ;
#1229 = AXIS2_PLACEMENT_3D ( 'NONE', #1285, #296, #620 ) ;
#1230 = ADVANCED_FACE ( 'NONE', ( #1397 ), #717, .T. ) ;
#1231 = VECTOR ( 'NONE', #226, 1000.000000000000000 ) ;
#1232 = EDGE_CURVE ( 'NONE', #1257, #491, #1032, .T. ) ;
#1233 = EDGE_LOOP ( 'NONE', ( #285, #809, #848, #556 ) ) ;
#1234 = ORIENTED_EDGE ( 'NONE', *, *, #1263, .T. ) ;
#1235 = LINE ( 'NONE', #698, #83 ) ;
#1236 = EDGE_LOOP ( 'NONE', ( #488, #324, #113, #457 ) ) ;
#1237 = EDGE_LOOP ( 'NONE', ( #1352, #1378 ) ) ;
#1238 = DIRECTION ( 'NONE',  ( -1.000000000000000000, 0.000000000000000000, 0.000000000000000000 ) ) ;
#1239 = FACE_BOUND ( 'NONE', #748, .T. ) ;
#1240 = AXIS2_PLACEMENT_3D ( 'NONE', #841, #618, #1160 ) ;
#1241 = VERTEX_POINT ( 'NONE', #1151 ) ;
#1242 = EDGE_CURVE ( 'NONE', #406, #768, #1314, .T. ) ;
#1243 = EDGE_CURVE ( 'NONE', #740, #774, #870, .T. ) ;
#1244 = CARTESIAN_POINT ( 'NONE',  ( -64.00000000000001421, 58.42388884590451426, 2.000000000000000000 ) ) ;
#1245 = VERTEX_POINT ( 'NONE', #278 ) ;
#1246 = DIRECTION ( 'NONE',  ( 1.000000000000000000, 0.000000000000000000, -0.000000000000000000 ) ) ;
#1247 = FACE_OUTER_BOUND ( 'NONE', #658, .T. ) ;
#1248 = ORIENTED_EDGE ( 'NONE', *, *, #228, .F. ) ;
#1249 = ADVANCED_FACE ( 'NONE', ( #76 ), #834, .F. ) ;
#1250 = CARTESIAN_POINT ( 'NONE',  ( -5.000000000000018652, 5.000000000000000000, 2.000000000000000000 ) ) ;
#1251 = ORIENTED_EDGE ( 'NONE', *, *, #756, .T. ) ;
#1252 = DIRECTION ( 'NONE',  ( -0.000000000000000000, 0.000000000000000000, -1.000000000000000000 ) ) ;
#1253 = EDGE_CURVE ( 'NONE', #973, #62, #1055, .T. ) ;
#1254 = DIRECTION ( 'NONE',  ( 0.000000000000000000, 0.000000000000000000, -1.000000000000000000 ) ) ;
#1255 = EDGE_LOOP ( 'NONE', ( #1049, #1180, #766, #1334 ) ) ;
#1256 = CARTESIAN_POINT ( 'NONE',  ( -63.50000000000000000, 52.00000000000000000, 15.00000000000000000 ) ) ;
#1257 = VERTEX_POINT ( 'NONE', #712 ) ;
#1258 = CARTESIAN_POINT ( 'NONE',  ( -4.999999999999999112, -6.123233995736765296E-16, 2.000000000000000000 ) ) ;
#1259 = EDGE_CURVE ( 'NONE', #491, #141, #1069, .T. ) ;
#1260 = AXIS2_PLACEMENT_3D ( 'NONE', #614, #727, #1058 ) ;
#1261 = CARTESIAN_POINT ( 'NONE',  ( -59.00000000000001421, 5.000000000000000000, 15.00000000000000000 ) ) ;
#1262 = AXIS2_PLACEMENT_3D ( 'NONE', #476, #166, #688 ) ;
#1263 = EDGE_CURVE ( 'NONE', #523, #1118, #590, .T. ) ;
#1264 = APPLICATION_CONTEXT ( 'automotive_design' ) ;
#1265 = VERTEX_POINT ( 'NONE', #824 ) ;
#1266 = CIRCLE ( 'NONE', #683, 1.425000000000000044 ) ;
#1267 = DIRECTION ( 'NONE',  ( 1.000000000000000000, 0.000000000000000000, 0.000000000000000000 ) ) ;
#1268 = EDGE_LOOP ( 'NONE', ( #549, #689 ) ) ;
#1269 = PLANE ( 'NONE',  #12 ) ;
#1270 = CARTESIAN_POINT ( 'NONE',  ( -32.00000000000000711, 50.00000000000000000, 2.000000000000000000 ) ) ;
#1271 = DIRECTION ( 'NONE',  ( -1.000000000000000000, 0.000000000000000000, 0.000000000000000000 ) ) ;
#1272 = EDGE_CURVE ( 'NONE', #301, #1105, #1277, .T. ) ;
#1273 = ORIENTED_EDGE ( 'NONE', *, *, #741, .T. ) ;
#1274 = PRODUCT_DEFINITION_FORMATION_WITH_SPECIFIED_SOURCE ( 'ANY', '', #439, .NOT_KNOWN. ) ;
#1275 = CARTESIAN_POINT ( 'NONE',  ( -32.00000000000001421, 90.00000000000000000, 7.000000000000000000 ) ) ;
#1276 = ORIENTED_EDGE ( 'NONE', *, *, #968, .T. ) ;
#1277 = LINE ( 'NONE', #1283, #99 ) ;
#1278 = FACE_OUTER_BOUND ( 'NONE', #673, .T. ) ;
#1279 = DIRECTION ( 'NONE',  ( -1.000000000000000000, -1.224646799147353207E-16, 0.000000000000000000 ) ) ;
#1280 = DIRECTION ( 'NONE',  ( -1.000000000000000000, 0.000000000000000000, 0.000000000000000000 ) ) ;
#1281 = CARTESIAN_POINT ( 'NONE',  ( 3.469446951953614189E-15, 60.00000000000000711, 0.000000000000000000 ) ) ;
#1282 = ORIENTED_EDGE ( 'NONE', *, *, #391, .T. ) ;
#1283 = CARTESIAN_POINT ( 'NONE',  ( 0.000000000000000000, 58.42388884590450715, 2.000000000000000000 ) ) ;
#1284 = DIRECTION ( 'NONE',  ( 0.000000000000000000, 0.000000000000000000, -1.000000000000000000 ) ) ;
#1285 = CARTESIAN_POINT ( 'NONE',  ( -32.00000000000000711, 50.00000000000000000, 7.000000000000000000 ) ) ;
#1286 = FACE_OUTER_BOUND ( 'NONE', #676, .T. ) ;
#1287 = SURFACE_SIDE_STYLE ('',( #947 ) ) ;
#1288 = EDGE_LOOP ( 'NONE', ( #840, #997, #138, #1134 ) ) ;
#1289 = ADVANCED_FACE ( 'NONE', ( #194, #1167, #181, #293, #625, #84, #516 ), #303, .F. ) ;
#1290 = AXIS2_PLACEMENT_3D ( 'NONE', #361, #244, #896 ) ;
#1291 = CARTESIAN_POINT ( 'NONE',  ( -59.00000000000001421, 5.000000000000000000, 2.000000000000000000 ) ) ;
#1292 = ORIENTED_EDGE ( 'NONE', *, *, #596, .T. ) ;
#1293 = VECTOR ( 'NONE', #758, 1000.000000000000000 ) ;
#1294 = FACE_OUTER_BOUND ( 'NONE', #186, .T. ) ;
#1295 = CARTESIAN_POINT ( 'NONE',  ( -60.42500000000001137, 5.000000000000000000, 15.00000000000000000 ) ) ;
#1296 = CARTESIAN_POINT ( 'NONE',  ( -3.575000000000018385, 5.000000000000000000, 15.00000000000000000 ) ) ;
#1297 = ORIENTED_EDGE ( 'NONE', *, *, #1214, .F. ) ;
#1298 = ADVANCED_FACE ( 'NONE', ( #424 ), #1186, .T. ) ;
#1299 = AXIS2_PLACEMENT_3D ( 'NONE', #357, #791, #140 ) ;
#1300 = CARTESIAN_POINT ( 'NONE',  ( -37.00000000000002132, 90.00000000000000000, 7.000000000000000000 ) ) ;
#1301 = ORIENTED_EDGE ( 'NONE', *, *, #832, .F. ) ;
#1302 = DIRECTION ( 'NONE',  ( -1.000000000000000000, 0.000000000000000000, 0.000000000000000000 ) ) ;
#1303 = LINE ( 'NONE', #198, #165 ) ;
#1304 = LINE ( 'NONE', #1296, #1030 ) ;
#1305 = ORIENTED_EDGE ( 'NONE', *, *, #1353, .T. ) ;
#1306 = CARTESIAN_POINT ( 'NONE',  ( -57.57500000000000995, 52.00000000000000000, 15.00000000000000000 ) ) ;
#1307 = DIRECTION ( 'NONE',  ( 1.000000000000000000, 0.000000000000000000, 0.000000000000000000 ) ) ;
#1308 = CARTESIAN_POINT ( 'NONE',  ( -5.000000000000000000, 4.999999999999999112, 2.000000000000000000 ) ) ;
#1309 = DIRECTION ( 'NONE',  ( 0.000000000000000000, 0.000000000000000000, 1.000000000000000000 ) ) ;
#1310 = ORIENTED_EDGE ( 'NONE', *, *, #733, .T. ) ;
#1311 = CIRCLE ( 'NONE', #1011, 4.499999999999997335 ) ;
#1312 = CARTESIAN_POINT ( 'NONE',  ( -5.000000000000018652, 5.000000000000000000, 2.000000000000000000 ) ) ;
#1313 = EDGE_LOOP ( 'NONE', ( #697, #1373, #1102, #1131 ) ) ;
#1314 = CIRCLE ( 'NONE', #615, 5.000000000000000888 ) ;
#1315 = DIRECTION ( 'NONE',  ( -0.000000000000000000, -0.000000000000000000, -1.000000000000000000 ) ) ;
#1316 = FACE_OUTER_BOUND ( 'NONE', #1236, .T. ) ;
#1317 = CARTESIAN_POINT ( 'NONE',  ( -64.00000000000000000, 4.999999999999991118, 0.000000000000000000 ) ) ;
#1318 = DIRECTION ( 'NONE',  ( -0.000000000000000000, -0.000000000000000000, -1.000000000000000000 ) ) ;
#1319 = ORIENTED_EDGE ( 'NONE', *, *, #776, .F. ) ;
#1320 = DIRECTION ( 'NONE',  ( -1.000000000000000000, 0.000000000000000000, 0.000000000000000000 ) ) ;
#1321 = ORIENTED_EDGE ( 'NONE', *, *, #228, .T. ) ;
#1322 = DIRECTION ( 'NONE',  ( 1.000000000000000000, 0.000000000000000000, 0.000000000000000000 ) ) ;
#1323 = DIRECTION ( 'NONE',  ( 1.000000000000000000, 0.000000000000000000, 0.000000000000000000 ) ) ;
#1324 = CIRCLE ( 'NONE', #399, 5.000000000000004441 ) ;
#1325 = ORIENTED_EDGE ( 'NONE', *, *, #1144, .T. ) ;
#1326 = ORIENTED_EDGE ( 'NONE', *, *, #1399, .T. ) ;
#1327 = CARTESIAN_POINT ( 'NONE',  ( -32.00000000000001421, 90.00000000000000000, 7.000000000000000000 ) ) ;
#1328 = DIRECTION ( 'NONE',  ( -1.000000000000000000, -2.168404344971007882E-16, 0.000000000000000000 ) ) ;
#1329 = EDGE_LOOP ( 'NONE', ( #120, #250, #1021, #498 ) ) ;
#1330 = ORIENTED_EDGE ( 'NONE', *, *, #144, .F. ) ;
#1331 = DIRECTION ( 'NONE',  ( -0.000000000000000000, -0.000000000000000000, -1.000000000000000000 ) ) ;
#1332 = AXIS2_PLACEMENT_3D ( 'NONE', #568, #1121, #161 ) ;
#1333 = DIRECTION ( 'NONE',  ( -0.000000000000000000, -0.000000000000000000, -1.000000000000000000 ) ) ;
#1334 = ORIENTED_EDGE ( 'NONE', *, *, #342, .T. ) ;
#1335 = ORIENTED_EDGE ( 'NONE', *, *, #627, .F. ) ;
#1336 = PLANE ( 'NONE',  #846 ) ;
#1337 = CARTESIAN_POINT ( 'NONE',  ( -33.95000000000000995, 90.00000000000000000, 7.000000000000000000 ) ) ;
#1338 = ORIENTED_EDGE ( 'NONE', *, *, #180, .F. ) ;
#1339 = VERTEX_POINT ( 'NONE', #657 ) ;
#1340 = FACE_OUTER_BOUND ( 'NONE', #771, .T. ) ;
#1341 = EDGE_CURVE ( 'NONE', #413, #1076, #908, .T. ) ;
#1342 = VERTEX_POINT ( 'NONE', #1306 ) ;
#1343 = AXIS2_PLACEMENT_3D ( 'NONE', #182, #613, #494 ) ;
#1344 = EDGE_LOOP ( 'NONE', ( #722, #750 ) ) ;
#1345 = DIRECTION ( 'NONE',  ( 1.000000000000000000, 0.000000000000000000, 0.000000000000000000 ) ) ;
#1346 = DIRECTION ( 'NONE',  ( 1.000000000000000000, 0.000000000000000000, 0.000000000000000000 ) ) ;
#1347 = EDGE_CURVE ( 'NONE', #425, #277, #1266, .T. ) ;
#1348 = AXIS2_PLACEMENT_3D ( 'NONE', #524, #605, #1045 ) ;
#1349 = ORIENTED_EDGE ( 'NONE', *, *, #1075, .T. ) ;
#1350 = CIRCLE ( 'NONE', #664, 1.950000000000000400 ) ;
#1351 = DIRECTION ( 'NONE',  ( -0.000000000000000000, -0.000000000000000000, -1.000000000000000000 ) ) ;
#1352 = ORIENTED_EDGE ( 'NONE', *, *, #432, .T. ) ;
#1353 = EDGE_CURVE ( 'NONE', #101, #1159, #638, .T. ) ;
#1354 = DIRECTION ( 'NONE',  ( -0.000000000000000000, -0.000000000000000000, -1.000000000000000000 ) ) ;
#1355 = ORIENTED_EDGE ( 'NONE', *, *, #946, .F. ) ;
#1356 = EDGE_CURVE ( 'NONE', #338, #651, #1108, .T. ) ;
#1357 = FACE_OUTER_BOUND ( 'NONE', #899, .T. ) ;
#1358 = ORIENTED_EDGE ( 'NONE', *, *, #191, .T. ) ;
#1359 = CARTESIAN_POINT ( 'NONE',  ( -5.000000000000018652, 52.00000000000000000, 15.00000000000000000 ) ) ;
#1360 = EDGE_CURVE ( 'NONE', #921, #581, #436, .T. ) ;
#1361 = CARTESIAN_POINT ( 'NONE',  ( 3.469446951953614189E-15, 60.00000000000000711, 2.000000000000000000 ) ) ;
#1362 = ORIENTED_EDGE ( 'NONE', *, *, #537, .T. ) ;
#1363 = VECTOR ( 'NONE', #1184, 1000.000000000000000 ) ;
#1364 = CARTESIAN_POINT ( 'NONE',  ( -59.00000000000000711, 4.999999999999992895, 2.000000000000000000 ) ) ;
#1365 = ORIENTED_EDGE ( 'NONE', *, *, #417, .F. ) ;
#1366 = EDGE_CURVE ( 'NONE', #1015, #694, #420, .T. ) ;
#1367 = DIRECTION ( 'NONE',  ( 0.000000000000000000, -0.000000000000000000, 1.000000000000000000 ) ) ;
#1368 = DIRECTION ( 'NONE',  ( 1.000000000000000000, 1.224646799147353207E-16, -0.000000000000000000 ) ) ;
#1369 = CARTESIAN_POINT ( 'NONE',  ( -5.000000000000018652, 5.000000000000000000, 15.00000000000000000 ) ) ;
#1370 = AXIS2_PLACEMENT_3D ( 'NONE', #691, #44, #1138 ) ;
#1371 = AXIS2_PLACEMENT_3D ( 'NONE', #1275, #284, #703 ) ;
#1372 = CARTESIAN_POINT ( 'NONE',  ( -59.00000000000001421, 5.000000000000000000, 2.000000000000000000 ) ) ;
#1373 = ORIENTED_EDGE ( 'NONE', *, *, #441, .F. ) ;
#1374 = CARTESIAN_POINT ( 'NONE',  ( -30.60327780786684926, 95.00000000000000000, 2.000000000000000000 ) ) ;
#1375 = LINE ( 'NONE', #175, #978 ) ;
#1376 = DIRECTION ( 'NONE',  ( -0.000000000000000000, -0.000000000000000000, -1.000000000000000000 ) ) ;
#1377 = CARTESIAN_POINT ( 'NONE',  ( -37.49288179472838323, 97.86731172181663396, 2.000000000000000000 ) ) ;
#1378 = ORIENTED_EDGE ( 'NONE', *, *, #134, .T. ) ;
#1379 = VECTOR ( 'NONE', #643, 1000.000000000000000 ) ;
#1380 = ORIENTED_EDGE ( 'NONE', *, *, #1411, .F. ) ;
#1381 = AXIS2_PLACEMENT_3D ( 'NONE', #110, #1331, #1098 ) ;
#1382 = DIRECTION ( 'NONE',  ( 0.000000000000000000, 0.000000000000000000, 1.000000000000000000 ) ) ;
#1383 = DIRECTION ( 'NONE',  ( -1.000000000000000000, 0.000000000000000000, 0.000000000000000000 ) ) ;
#1384 = CARTESIAN_POINT ( 'NONE',  ( -63.50000000000001421, 5.000000000000000000, 15.00000000000000000 ) ) ;
#1385 = ORIENTED_EDGE ( 'NONE', *, *, #344, .F. ) ;
#1386 = EDGE_CURVE ( 'NONE', #408, #598, #971, .T. ) ;
#1387 = EDGE_CURVE ( 'NONE', #980, #1219, #763, .T. ) ;
#1388 = EDGE_LOOP ( 'NONE', ( #178, #375, #496, #529 ) ) ;
#1389 = PLANE ( 'NONE',  #1240 ) ;
#1390 = CIRCLE ( 'NONE', #405, 1.425000000000002709 ) ;
#1391 = CARTESIAN_POINT ( 'NONE',  ( -32.00000000000000711, 50.00000000000000000, 7.000000000000000000 ) ) ;
#1392 = CARTESIAN_POINT ( 'NONE',  ( -32.00000000000000711, 50.00000000000000000, 2.000000000000000000 ) ) ;
#1393 = EDGE_CURVE ( 'NONE', #694, #740, #445, .T. ) ;
#1394 = CARTESIAN_POINT ( 'NONE',  ( -63.09615960259522183, 61.29120056772115532, 0.000000000000000000 ) ) ;
#1395 = ORIENTED_EDGE ( 'NONE', *, *, #898, .T. ) ;
#1396 = VECTOR ( 'NONE', #1143, 1000.000000000000000 ) ;
#1397 = FACE_OUTER_BOUND ( 'NONE', #29, .T. ) ;
#1398 = ORIENTED_EDGE ( 'NONE', *, *, #246, .F. ) ;
#1399 = EDGE_CURVE ( 'NONE', #148, #330, #107, .T. ) ;
#1400 = VECTOR ( 'NONE', #419, 1000.000000000000114 ) ;
#1401 = DIRECTION ( 'NONE',  ( 1.000000000000000000, 0.000000000000000000, -0.000000000000000000 ) ) ;
#1402 = STYLED_ITEM ( 'NONE', ( #555 ), #775 ) ;
#1403 = CYLINDRICAL_SURFACE ( 'NONE', #781, 4.499999999999990230 ) ;
#1404 = AXIS2_PLACEMENT_3D ( 'NONE', #1369, #390, #1271 ) ;
#1405 = ORIENTED_EDGE ( 'NONE', *, *, #687, .F. ) ;
#1406 = EDGE_CURVE ( 'NONE', #973, #1216, #1210, .T. ) ;
#1407 = AXIS2_PLACEMENT_3D ( 'NONE', #999, #1204, #220 ) ;
#1408 = DIRECTION ( 'NONE',  ( 0.000000000000000000, 0.000000000000000000, 1.000000000000000000 ) ) ;
#1409 = DIRECTION ( 'NONE',  ( 1.000000000000000000, 2.775557561562891351E-16, -0.000000000000000000 ) ) ;
#1410 = DIRECTION ( 'NONE',  ( -1.000000000000000000, 8.326672684688678786E-15, 0.000000000000000000 ) ) ;
#1411 = EDGE_CURVE ( 'NONE', #425, #415, #974, .T. ) ;
ENDSEC;
END-ISO-10303-21;
