utc,v_in_v,v_sd_v,samples,tmp275_c
2026-09-27T22:53:00Z,29.0095407,0.0000533,54,24.35
2026-09-27T22:54:00Z,29.009525,0.00006,60,24.375
2026-09-27T22:55:00Z,29.0095,0.0000689,60,24.375
2026-09-27T22:56:00Z,29.0094583,0.0000591,60,24.375
2026-09-27T22:57:00Z,29.0094667,0.000051,60,24.4125
2026-09-27T22:58:00Z,29.0094283,0.0000524,60,24.4375
2026-09-27T22:59:00Z,29.0094117,0.0000666,60,24.4375
2026-09-27T23:00:00Z,29.0093617,0.0000524,60,24.45
2026-09-27T23:01:00Z,29.0093967,0.0000736,60,24.5
2026-09-27T23:02:00Z,29.0093767,0.0000621,60,24.5
2026-09-27T23:03:00Z,29.0093933,0.0000686,60,24.5
2026-09-27T23:04:00Z,29.0093833,0.0000717,60,24.5
2026-09-27T23:05:00Z,29.0093067,0.0000548,60,24.5375
2026-09-27T23:06:00Z,29.009335,0.0000732,60,24.5625
2026-09-27T23:07:00Z,29.00935,0.0000624,60,24.5625
2026-09-27T23:08:00Z,29.0093317,0.0000701,60,24.5625
2026-09-27T23:09:00Z,29.0093117,0.0000666,60,24.5625
2026-09-27T23:10:00Z,29.0093533,0.0000536,60,24.5875
2026-09-27T23:11:00Z,29.00931,0.0000477,60,24.625
2026-09-27T23:12:00Z,29.0092667,0.0000774,60,24.625
2026-09-27T23:13:00Z,29.0093,0.0000611,60,24.625
2026-09-27T23:14:00Z,29.0092627,0.0000522,59,24.625
2026-09-27T23:15:00Z,29.009235,0.0000606,60,24.6375
2026-09-27T23:16:00Z,29.0091717,0.0000715,60,24.6875
2026-09-27T23:17:00Z,29.0091867,0.0000724,60,24.6875
2026-09-27T23:18:00Z,29.0091983,0.0000567,60,24.6875
2026-09-27T23:19:00Z,29.0091733,0.0000548,60,24.7188
2026-09-27T23:20:00Z,29.0091633,0.0000551,60,24.75
2026-09-27T23:21:00Z,29.0091517,0.0000596,60,24.75
2026-09-27T23:22:00Z,29.0091533,0.000065,60,24.75
2026-09-27T23:23:00Z,,,,24.7812
2026-09-27T23:24:00Z,29.0091417,0.0000645,60,24.8125
2026-09-27T23:25:00Z,29.009115,0.0000547,60,24.8125
2026-09-27T23:26:00Z,29.0090417,0.0000645,60,24.875
2026-09-27T23:27:00Z,29.00907,0.0000497,60,24.875
2026-09-27T23:28:00Z,29.0090783,0.0000524,60,24.8875
2026-09-27T23:29:00Z,29.0090983,0.0000701,60,24.9375
2026-09-27T23:30:00Z,29.0091067,0.000066,60,24.9375
2026-09-27T23:31:00Z,29.00903,0.0000696,60,24.975
2026-09-27T23:32:00Z,29.009,0.0000487,60,25.0
2026-09-27T23:33:00Z,29.0089667,0.0000729,60,25.0
2026-09-27T23:34:00Z,29.0089867,0.0000566,60,25.0125
2026-09-27T23:35:00Z,29.0090233,0.00005,60,25.0625
2026-09-27T23:36:00Z,29.0089333,0.0000629,60,25.0625
2026-09-27T23:37:00Z,29.00898,0.0000514,60,25.075
2026-09-27T23:38:00Z,29.0089333,0.0000542,60,25.125
2026-09-27T23:39:00Z,29.00895,0.0000651,60,25.125
2026-09-27T23:40:00Z,29.0089,0.0000664,60,25.125
2026-09-27T23:41:00Z,29.008915,0.0000606,60,25.1875
2026-09-27T23:42:00Z,29.0089067,0.0000446,60,25.1875
2026-09-27T23:43:00Z,29.0088983,0.0000624,60,25.1875
2026-09-27T23:44:00Z,29.0089517,0.0000596,60,25.2375
2026-09-27T23:45:00Z,29.008955,0.0000699,60,25.25
2026-09-27T23:46:00Z,29.0089383,0.0000555,60,25.25
2026-09-27T23:47:00Z,29.0088783,0.0000415,60,25.25
2026-09-27T23:48:00Z,29.0089317,0.0000596,60,25.2875
2026-09-27T23:49:00Z,29.0089217,0.0000613,60,25.3125
2026-09-27T23:50:00Z,29.008855,0.0000594,60,25.3125
2026-09-27T23:51:00Z,29.0088517,0.0000596,60,25.3125
2026-09-27T23:52:00Z,29.00882,0.0000605,60,25.3125
2026-09-27T23:53:00Z,29.0087733,0.0000607,60,25.3375
2026-09-27T23:54:00Z,29.00879,0.0000573,60,25.375
2026-09-27T23:55:00Z,29.0087517,0.0000676,60,25.375
2026-09-27T23:56:00Z,29.00869,0.0000681,60,25.375
2026-09-27T23:57:00Z,29.0087633,0.0000663,60,25.375
2026-09-27T23:58:00Z,29.00879,0.000073,60,25.375
2026-09-27T23:59:00Z,29.0087633,0.000061,60,25.3875
2026-09-28T00:00:00Z,29.0086983,0.0000748,60,25.425
2026-09-28T00:01:00Z,29.0086424,0.0000622,59,25.4375
2026-09-28T00:02:00Z,29.0086983,0.0000596,60,25.4375
2026-09-28T00:03:00Z,29.0087067,0.0000482,60,25.4375
2026-09-28T00:04:00Z,29.0086983,0.0000725,60,25.4375
2026-09-28T00:05:00Z,29.0086333,0.0000705,60,25.4375
2026-09-28T00:06:00Z,29.0086183,0.0000537,60,25.4375
2026-09-28T00:07:00Z,29.0086383,0.0000585,60,25.45
2026-09-28T00:08:00Z,29.008625,0.00006,60,25.5
2026-09-28T00:09:00Z,29.0085483,0.0000537,60,25.5
2026-09-28T00:10:00Z,29.0085233,0.0000722,60,25.5
2026-09-28T00:11:00Z,29.0086067,0.0000756,60,25.5
2026-09-28T00:12:00Z,29.008615,0.0000515,60,25.5
2026-09-28T00:13:00Z,29.0085917,0.000053,60,25.5
2026-09-28T00:14:00Z,29.0085233,0.0000563,60,25.5
2026-09-28T00:15:00Z,29.0085017,0.0000725,60,25.5
2026-09-28T00:16:00Z,29.00852,0.0000546,60,25.5
2026-09-28T00:17:00Z,29.00852,0.0000514,60,25.55
2026-09-28T00:18:00Z,29.00849,0.0000543,60,25.5625
2026-09-28T00:19:00Z,29.0085083,0.0000497,60,25.5625
2026-09-28T00:20:00Z,29.008475,0.0000704,60,25.5625
2026-09-28T00:21:00Z,29.008505,0.0000565,60,25.5625
2026-09-28T00:22:00Z,29.00846,0.0000718,60,25.5625
2026-09-28T00:23:00Z,29.00857,0.0000619,60,25.5625
2026-09-28T00:24:00Z,29.00853,0.0000561,60,25.5625
2026-09-28T00:25:00Z,29.0084867,0.0000623,60,25.5625
2026-09-28T00:26:00Z,29.0084267,0.0000778,60,25.5625
2026-09-28T00:27:00Z,29.0084767,0.0000563,60,25.5625
2026-09-28T00:28:00Z,29.008375,0.00006,60,25.5625
2026-09-28T00:29:00Z,29.0083767,0.0000593,60,25.5625
2026-09-28T00:30:00Z,29.008385,0.0000685,60,25.6
2026-09-28T00:31:00Z,29.0083717,0.000064,60,25.625
2026-09-28T00:32:00Z,29.0084317,0.0000651,60,25.625
2026-09-28T00:33:00Z,29.0083683,0.0000537,60,25.625
2026-09-28T00:34:00Z,29.0083933,0.00008,60,25.625
2026-09-28T00:35:00Z,29.00839,0.0000602,60,25.625
2026-09-28T00:36:00Z,29.0083233,0.0000563,60,25.625
2026-09-28T00:37:00Z,29.00834,0.0000527,60,25.625
2026-09-28T00:38:00Z,29.0082767,0.0000593,60,25.625
2026-09-28T00:39:00Z,29.0082883,0.0000613,60,25.625
2026-09-28T00:40:00Z,29.008285,0.0000515,60,25.625
2026-09-28T00:41:00Z,29.00827,0.0000497,60,25.6375
2026-09-28T00:42:00Z,29.0082617,0.0000715,60,25.6625
2026-09-28T00:43:00Z,29.0083633,0.000061,60,25.6875
2026-09-28T00:44:00Z,29.0083417,0.0000645,60,25.6875
2026-09-28T00:45:00Z,29.00831,0.0000838,60,25.6875
2026-09-28T00:46:00Z,29.0082983,0.0000596,60,25.6875
2026-09-28T00:47:00Z,29.0083133,0.00007,60,25.6875
2026-09-28T00:48:00Z,29.0082383,0.000064,60,25.6875
2026-09-28T00:49:00Z,29.008161,0.0000644,59,25.6875
2026-09-28T00:50:00Z,29.00827,0.000072,60,25.6875
2026-09-28T00:51:00Z,29.0082617,0.0000585,60,25.6875
2026-09-28T00:52:00Z,29.008235,0.0000547,60,25.6875
2026-09-28T00:53:00Z,29.00823,0.0000561,60,25.6875
2026-09-28T00:54:00Z,29.0081883,0.0000715,60,25.6875
2026-09-28T00:55:00Z,29.0082483,0.0000596,60,25.6875
2026-09-28T00:56:00Z,29.008265,0.0000515,60,25.6875
2026-09-28T00:57:00Z,29.0082183,0.0000596,60,25.6875
2026-09-28T00:58:00Z,29.0081833,0.0000493,60,25.6875
2026-09-28T00:59:00Z,29.0081967,0.0000551,60,25.6875
2026-09-28T01:00:00Z,29.0081517,0.0000537,60,25.6875
2026-09-28T01:01:00Z,29.0081617,0.0000666,60,25.6875
2026-09-28T01:02:00Z,29.0081933,0.000071,60,25.6875
2026-09-28T01:03:00Z,29.0081,0.0000803,60,25.6875
2026-09-28T01:04:00Z,29.00808,0.0000605,60,25.6875
2026-09-28T01:05:00Z,29.0081133,0.0000468,60,25.6875
2026-09-28T01:06:00Z,29.0081167,0.0000526,60,25.6875
2026-09-28T01:07:00Z,29.0081167,0.0000587,60,25.6875
2026-09-28T01:08:00Z,29.00813,0.0000696,60,25.6875
2026-09-28T01:09:00Z,29.0081117,0.0000666,60,25.6875
2026-09-28T01:10:00Z,29.00807,0.000053,60,25.6875
2026-09-28T01:11:00Z,29.0080583,0.0000591,60,25.6875
2026-09-28T01:12:00Z,29.0080817,0.0000596,60,25.6875
2026-09-28T01:13:00Z,29.008075,0.0000628,60,25.6875
2026-09-28T01:14:00Z,29.0080967,0.0000688,60,25.6875
2026-09-28T01:15:00Z,29.0080817,0.0000504,60,25.6875
2026-09-28T01:16:00Z,29.008045,0.0000534,60,25.6875
2026-09-28T01:17:00Z,29.0080917,0.0000787,60,25.6875
2026-09-28T01:18:00Z,29.00801,0.0000477,60,25.6875
2026-09-28T01:19:00Z,29.0080683,0.0000469,60,25.6875
2026-09-28T01:20:00Z,29.0080917,0.0000591,60,25.6875
2026-09-28T01:21:00Z,29.0080567,0.0000533,60,25.6875
2026-09-28T01:22:00Z,29.0080583,0.0000671,60,25.6875
2026-09-28T01:23:00Z,29.00803,0.0000591,60,25.6875
2026-09-28T01:24:00Z,29.0080583,0.0000561,60,25.6875
2026-09-28T01:25:00Z,29.008075,0.00006,60,25.6875
2026-09-28T01:26:00Z,29.0080383,0.000064,60,25.6875
2026-09-28T01:27:00Z,29.0080283,0.0000454,60,25.6875
2026-09-28T01:28:00Z,29.0080417,0.0000645,60,25.6875
2026-09-28T01:29:00Z,29.0080483,0.0000596,60,25.6875
2026-09-28T01:30:00Z,29.0080767,0.0000563,60,25.6875
2026-09-28T01:31:00Z,29.00811,0.000044,60,25.6875
2026-09-28T01:32:00Z,29.0081117,0.0000739,60,25.6875
2026-09-28T01:33:00Z,29.0080567,0.0000593,60,25.6875
2026-09-28T01:34:00Z,29.0080967,0.0000663,60,25.6875
2026-09-28T01:35:00Z,29.0081017,0.0000676,60,25.6875
2026-09-28T01:36:00Z,29.008065,0.0000547,60,25.6875
2026-09-28T01:37:00Z,29.0080797,0.0000637,59,25.6875
2026-09-28T01:38:00Z,29.0080783,0.0000691,60,25.6875
2026-09-28T01:39:00Z,29.0081017,0.0000624,60,25.6875
2026-09-28T01:40:00Z,29.00804,0.0000527,60,25.6875
2026-09-28T01:41:00Z,29.0080267,0.0000634,60,25.6875
2026-09-28T01:42:00Z,29.00807,0.0000561,60,25.6875
2026-09-28T01:43:00Z,29.0081133,0.00007,60,25.6875
2026-09-28T01:44:00Z,29.008035,0.0000732,60,25.6875
2026-09-28T01:45:00Z,29.008005,0.0000811,60,25.6875
2026-09-28T01:46:00Z,29.0079967,0.0000688,60,25.6875
2026-09-28T01:47:00Z,29.008045,0.0000594,60,25.6875
2026-09-28T01:48:00Z,29.008065,0.0000633,60,25.6875
2026-09-28T01:49:00Z,29.007965,0.0000606,60,25.6875
2026-09-28T01:50:00Z,29.0079983,0.000077,60,25.6375
2026-09-28T01:51:00Z,29.0080783,0.0000585,60,25.625
2026-09-28T01:52:00Z,29.0080117,0.0000415,60,25.625
2026-09-28T01:53:00Z,29.00801,0.0000477,60,25.625
2026-09-28T01:54:00Z,29.00806,0.0000588,60,25.625
2026-09-28T01:55:00Z,29.00803,0.0000696,60,25.625
2026-09-28T01:56:00Z,29.007975,0.0000654,60,25.625
2026-09-28T01:57:00Z,29.0079783,0.0000555,60,25.625
2026-09-28T01:58:00Z,29.0079517,0.0000567,60,25.625
2026-09-28T01:59:00Z,29.0079567,0.0000593,60,25.625
2026-09-28T02:00:00Z,29.007995,0.0000594,60,25.625
2026-09-28T02:01:00Z,29.0079683,0.0000701,60,25.625
2026-09-28T02:02:00Z,29.00787,0.0000646,60,25.625
2026-09-28T02:03:00Z,29.00795,0.0000567,60,25.5875
2026-09-28T02:04:00Z,29.00792,0.0000684,60,25.575
2026-09-28T02:05:00Z,29.007955,0.0000565,60,25.5625
2026-09-28T02:06:00Z,29.0079333,0.0000681,60,25.5625
2026-09-28T02:07:00Z,29.0079167,0.0000668,60,25.5625
2026-09-28T02:08:00Z,29.0079067,0.0000686,60,25.5625
2026-09-28T02:09:00Z,29.0079267,0.0000607,60,25.5625
2026-09-28T02:10:00Z,29.0079283,0.0000715,60,25.5625
2026-09-28T02:11:00Z,29.0079133,0.00007,60,25.5625
2026-09-28T02:12:00Z,29.0078783,0.000064,60,25.5625
2026-09-28T02:13:00Z,29.007885,0.0000547,60,25.5625
2026-09-28T02:14:00Z,29.0078917,0.0000497,60,25.5625
2026-09-28T02:15:00Z,29.0079067,0.000088,60,25.55
2026-09-28T02:16:00Z,29.0079067,0.0000634,60,25.5125
2026-09-28T02:17:00Z,29.0079,0.0000582,60,25.5
2026-09-28T02:18:00Z,29.0079317,0.0000504,60,25.5
2026-09-28T02:19:00Z,29.0078433,0.0000831,60,25.5
2026-09-28T02:20:00Z,29.00789,0.0000602,60,25.5
2026-09-28T02:21:00Z,29.00785,0.0000854,60,25.5
2026-09-28T02:22:00Z,29.0078533,0.0000747,60,25.5
2026-09-28T02:23:00Z,29.0078217,0.0000666,60,25.5
2026-09-28T02:24:00Z,29.00778,0.0000708,60,25.5
2026-09-28T02:25:00Z,29.00782,0.0000632,60,25.4875
2026-09-28T02:26:00Z,29.0078051,0.000068,59,25.4375
2026-09-28T02:27:00Z,29.0078567,0.0000647,60,25.4375
2026-09-28T02:28:00Z,29.0078433,0.0000533,60,25.4375
2026-09-28T02:29:00Z,29.0079033,0.000052,60,25.4375
2026-09-28T02:30:00Z,29.0078367,0.0000551,60,25.4375
2026-09-28T02:31:00Z,29.0078283,0.0000783,60,25.4375
2026-09-28T02:32:00Z,29.0079033,0.0000581,60,25.4375
2026-09-28T02:33:00Z,29.00791,0.0000573,60,25.4375
2026-09-28T02:34:00Z,29.0078833,0.000074,60,25.425
2026-09-28T02:35:00Z,29.007865,0.0000777,60,25.4
2026-09-28T02:36:00Z,29.0078183,0.0000567,60,25.375
2026-09-28T02:37:00Z,29.0078467,0.0000536,60,25.375
2026-09-28T02:38:00Z,29.0079083,0.0000424,60,25.375
2026-09-28T02:39:00Z,29.0078967,0.0000317,60,25.375
2026-09-28T02:40:00Z,29.0078817,0.0000504,60,25.375
2026-09-28T02:41:00Z,29.0078317,0.0000567,60,25.375
2026-09-28T02:42:00Z,29.0079317,0.0000504,60,25.375
2026-09-28T02:43:00Z,29.00792,0.0000443,60,25.375
2026-09-28T02:44:00Z,29.00788,0.0000514,60,25.375
2026-09-28T02:45:00Z,29.0079517,0.0000651,60,25.35
2026-09-28T02:46:00Z,29.0078617,0.0000524,60,25.3125
2026-09-28T02:47:00Z,29.0079117,0.0000691,60,25.3125
2026-09-28T02:48:00Z,29.0078383,0.0000783,60,25.3125
2026-09-28T02:49:00Z,29.0077767,0.0000745,60,25.3125
2026-09-28T02:50:00Z,29.0077083,0.0000766,60,25.3125
2026-09-28T02:51:00Z,29.0078067,0.000066,60,25.3125
2026-09-28T02:52:00Z,29.0078083,0.000085,60,25.3125
2026-09-28T02:53:00Z,29.00779,0.0000602,60,25.3125
2026-09-28T02:54:00Z,29.0077633,0.0000974,60,25.3125
2026-09-28T02:55:00Z,29.0076667,0.0000795,60,25.3125
2026-09-28T02:56:00Z,29.0077217,0.000049,60,25.25
2026-09-28T02:57:00Z,29.0077017,0.0000504,60,25.25
2026-09-28T02:58:00Z,29.007675,0.0000508,60,25.25
2026-09-28T02:59:00Z,29.0076817,0.0000873,60,25.25
2026-09-28T03:00:00Z,29.0077117,0.0000555,60,25.25
2026-09-28T03:01:00Z,29.007655,0.0000594,60,25.25
2026-09-28T03:02:00Z,29.0076567,0.0000767,60,25.25
2026-09-28T03:03:00Z,29.0076467,0.0000536,60,25.25
2026-09-28T03:04:00Z,29.0076667,0.0000475,60,25.25
2026-09-28T03:05:00Z,29.0076933,0.0000446,60,25.25
2026-09-28T03:06:00Z,29.0076517,0.0000504,60,25.225
2026-09-28T03:07:00Z,29.0076367,0.0000712,60,25.1875
2026-09-28T03:08:00Z,29.00764,0.0000616,60,25.1875
2026-09-28T03:09:00Z,29.00765,0.0000651,60,25.1875
2026-09-28T03:10:00Z,29.0076117,0.0000613,60,25.1875
2026-09-28T03:11:00Z,29.00766,0.0000558,60,25.1875
2026-09-28T03:12:00Z,29.0076367,0.000061,60,25.1875
2026-09-28T03:13:00Z,29.0076117,0.0000691,60,25.1875
2026-09-28T03:14:00Z,29.007661,0.0000558,59,25.1875
2026-09-28T03:15:00Z,29.007655,0.0000534,60,25.1875
2026-09-28T03:16:00Z,29.0076683,0.0000567,60,25.175
2026-09-28T03:17:00Z,29.007635,0.0000633,60,25.125
2026-09-28T03:18:00Z,29.00765,0.0000701,60,25.125
2026-09-28T03:19:00Z,29.007625,0.00006,60,25.125
2026-09-28T03:20:00Z,29.0076567,0.00005,60,25.125
2026-09-28T03:21:00Z,29.0076417,0.0000591,60,25.125
2026-09-28T03:22:00Z,29.0076567,0.0000745,60,25.125
2026-09-28T03:23:00Z,29.0076633,0.0000581,60,25.125
2026-09-28T03:24:00Z,29.0076867,0.0000468,60,25.125
2026-09-28T03:25:00Z,29.0076533,0.0000596,60,25.125
2026-09-28T03:26:00Z,29.00769,0.0000656,60,25.125
2026-09-28T03:27:00Z,29.007655,0.0000699,60,25.0875
2026-09-28T03:28:00Z,29.0076017,0.0000537,60,25.075
2026-09-28T03:29:00Z,29.0076517,0.0000624,60,25.0625
2026-09-28T03:30:00Z,29.007655,0.0000594,60,25.0625
2026-09-28T03:31:00Z,29.0076533,0.0000747,60,25.0625
2026-09-28T03:32:00Z,29.007715,0.0000659,60,25.0625
2026-09-28T03:33:00Z,29.0076367,0.0000581,60,25.0625
2026-09-28T03:34:00Z,29.0075633,0.0000551,60,25.0625
2026-09-28T03:35:00Z,29.0075417,0.000053,60,25.0625
2026-09-28T03:36:00Z,29.0075767,0.0000647,60,25.0625
2026-09-28T03:37:00Z,29.0075417,0.000053,60,25.0625
2026-09-28T03:38:00Z,29.0075717,0.0000613,60,25.0625
2026-09-28T03:39:00Z,29.0076167,0.0000642,60,25.0625
2026-09-28T03:40:00Z,29.007595,0.0000675,60,25.0625
2026-09-28T03:41:00Z,29.0075617,0.0000524,60,25.0375
2026-09-28T03:42:00Z,29.0075467,0.0000566,60,25.0
2026-09-28T03:43:00Z,29.007565,0.0000577,60,25.0
2026-09-28T03:44:00Z,29.00762,0.0000684,60,25.0
2026-09-28T03:45:00Z,29.00756,0.0000527,60,25.0
2026-09-28T03:46:00Z,29.0075733,0.0000516,60,25.0
2026-09-28T03:47:00Z,29.007495,0.0000675,60,25.0
2026-09-28T03:48:00Z,29.0075867,0.0000623,60,25.0
2026-09-28T03:49:00Z,29.0075333,0.0000629,60,25.0
2026-09-28T03:50:00Z,29.0075167,0.0000457,60,25.0
2026-09-28T03:51:00Z,29.0075117,0.000049,60,25.0
2026-09-28T03:52:00Z,29.0075783,0.0000585,60,25.0
2026-09-28T03:53:00Z,29.0075383,0.0000555,60,25.0
2026-09-28T03:54:00Z,29.007515,0.0000606,60,25.0
2026-09-28T03:55:00Z,29.007465,0.0000481,60,25.0
2026-09-28T03:56:00Z,29.0074967,0.0000712,60,25.0
2026-09-28T03:57:00Z,29.007495,0.0000649,60,24.975
2026-09-28T03:58:00Z,29.0075383,0.0000613,60,24.9375
2026-09-28T03:59:00Z,29.00756,0.0000616,60,24.9375
2026-09-28T04:00:00Z,29.0075533,0.0000503,60,24.9375
2026-09-28T04:01:00Z,29.00754,0.0000494,60,24.9375
2026-09-28T04:02:00Z,29.0075383,0.0000691,60,24.9375
2026-09-28T04:03:00Z,29.0075305,0.0000464,59,24.9375
2026-09-28T04:04:00Z,29.0074983,0.0000567,60,24.9375
2026-09-28T04:05:00Z,29.0074483,0.0000567,60,24.9375
2026-09-28T04:06:00Z,29.007435,0.0000685,60,24.9375
2026-09-28T04:07:00Z,29.007415,0.0000659,60,24.9375
2026-09-28T04:08:00Z,29.0074383,0.0000524,60,24.9375
2026-09-28T04:09:00Z,29.007435,0.0000481,60,24.9375
2026-09-28T04:10:00Z,29.0074867,0.0000566,60,24.925
2026-09-28T04:11:00Z,29.0074717,0.0000613,60,24.9125
2026-09-28T04:12:00Z,29.0075317,0.0000504,60,24.875
2026-09-28T04:13:00Z,29.0074767,0.00005,60,24.875
2026-09-28T04:14:00Z,29.0075067,0.0000578,60,24.875
2026-09-28T04:15:00Z,29.0074717,0.0000715,60,24.875
2026-09-28T04:16:00Z,29.00739,0.0000511,60,24.875
2026-09-28T04:17:00Z,29.0074167,0.0000717,60,24.875
2026-09-28T04:18:00Z,29.00742,0.0000732,60,24.875
2026-09-28T04:19:00Z,29.0074033,0.0000637,60,24.875
2026-09-28T04:20:00Z,29.0074917,0.0000645,60,24.875
2026-09-28T04:21:00Z,29.0074883,0.0000804,60,24.875
2026-09-28T04:22:00Z,29.007425,0.0000541,60,24.875
2026-09-28T04:23:00Z,29.007415,0.0000685,60,24.8125
2026-09-28T04:24:00Z,29.007425,0.0000628,60,24.8125
2026-09-28T04:25:00Z,29.0074567,0.0000621,60,24.8125
2026-09-28T04:26:00Z,29.0074667,0.0000475,60,24.8125
2026-09-28T04:27:00Z,29.007435,0.0000659,60,24.8125
2026-09-28T04:28:00Z,29.0074683,0.0000892,60,24.8125
2026-09-28T04:29:00Z,29.0074783,0.0000691,60,24.8125
2026-09-28T04:30:00Z,29.0074217,0.0000454,60,24.8125
2026-09-28T04:31:00Z,29.0074167,0.0000615,60,24.8125
2026-09-28T04:32:00Z,29.0074233,0.0000621,60,24.8125
2026-09-28T04:33:00Z,29.007415,0.0000606,60,24.8125
2026-09-28T04:34:00Z,29.0074133,0.0000623,60,24.7875
2026-09-28T04:35:00Z,29.007375,0.0000541,60,24.75
2026-09-28T04:36:00Z,29.0074067,0.0000607,60,24.75
2026-09-28T04:37:00Z,29.007365,0.0000659,60,24.75
2026-09-28T04:38:00Z,29.0074033,0.0000663,60,24.75
2026-09-28T04:39:00Z,29.0074333,0.0000542,60,24.75
2026-09-28T04:40:00Z,29.0074233,0.0000533,60,24.75
2026-09-28T04:41:00Z,29.0074,0.0000552,60,24.75
2026-09-28T04:42:00Z,29.007395,0.0000594,60,24.75
2026-09-28T04:43:00Z,29.007365,0.0000685,60,24.75
2026-09-28T04:44:00Z,29.0074717,0.0000739,60,24.75
2026-09-28T04:45:00Z,29.007405,0.0000534,60,24.7125
2026-09-28T04:46:00Z,29.00739,0.0000477,60,24.6875
2026-09-28T04:47:00Z,29.0073433,0.0000621,60,24.6875
2026-09-28T04:48:00Z,29.0072967,0.000061,60,24.6875
2026-09-28T04:49:00Z,29.00736,0.0000643,60,24.6875
2026-09-28T04:50:00Z,29.0073317,0.0000469,60,24.6875
2026-09-28T04:51:00Z,29.0073967,0.000052,60,24.6875
2026-09-28T04:52:00Z,29.0073167,0.0000493,60,24.6875
2026-09-28T04:53:00Z,29.0073356,0.000055,59,24.6875
2026-09-28T04:54:00Z,29.0073517,0.0000596,60,24.6875
2026-09-28T04:55:00Z,29.0073033,0.000045,60,24.675
2026-09-28T04:56:00Z,29.0072967,0.0000486,60,24.6375
2026-09-28T04:57:00Z,29.0072933,0.0000516,60,24.625
2026-09-28T04:58:00Z,29.0072833,0.0000587,60,24.625
2026-09-28T04:59:00Z,29.0073467,0.00007,60,24.625
2026-09-28T05:00:00Z,29.0073283,0.0000524,60,24.625
2026-09-28T05:01:00Z,29.007315,0.000082,60,24.625
2026-09-28T05:02:00Z,29.0073567,0.0000563,60,24.625
2026-09-28T05:03:00Z,29.0073383,0.000064,60,24.625
2026-09-28T05:04:00Z,29.0073617,0.0000555,60,24.625
2026-09-28T05:05:00Z,29.007365,0.0000515,60,24.625
2026-09-28T05:06:00Z,29.0073133,0.0000596,60,24.575
2026-09-28T05:07:00Z,29.0072933,0.0000516,60,24.5625
2026-09-28T05:08:00Z,29.0073017,0.0000701,60,24.5625
2026-09-28T05:09:00Z,29.0072917,0.0000671,60,24.5625
2026-09-28T05:10:00Z,29.0073583,0.0000591,60,24.5625
2026-09-28T05:11:00Z,29.0073867,0.0000566,60,24.5625
2026-09-28T05:12:00Z,29.00735,0.0000597,60,24.5625
2026-09-28T05:13:00Z,29.0073317,0.0000567,60,24.5625
2026-09-28T05:14:00Z,29.0073633,0.0000688,60,24.5625
2026-09-28T05:15:00Z,29.007355,0.0000622,60,24.5625
2026-09-28T05:16:00Z,29.0073183,0.000077,60,24.525
2026-09-28T05:17:00Z,29.0072933,0.0000482,60,24.5
2026-09-28T05:18:00Z,29.00729,0.0000511,60,24.5
2026-09-28T05:19:00Z,29.0073217,0.0000454,60,24.5
2026-09-28T05:20:00Z,29.0073183,0.0000567,60,24.5
2026-09-28T05:21:00Z,29.0073517,0.0000624,60,24.5
2026-09-28T05:22:00Z,29.00728,0.0000576,60,24.5
2026-09-28T05:23:00Z,29.0073717,0.0000524,60,24.5
2026-09-28T05:24:00Z,29.0073283,0.0000666,60,24.5
2026-09-28T05:25:00Z,29.007365,0.0000547,60,24.4875
2026-09-28T05:26:00Z,29.0073717,0.0000585,60,24.45
2026-09-28T05:27:00Z,29.0073717,0.0000555,60,24.4375
2026-09-28T05:28:00Z,29.0072867,0.0000566,60,24.4375
2026-09-28T05:29:00Z,29.0073617,0.0000524,60,24.4375
2026-09-28T05:30:00Z,29.007395,0.0000675,60,24.4375
2026-09-28T05:31:00Z,29.0073533,0.0000596,60,24.4375
2026-09-28T05:32:00Z,29.0073583,0.0000829,60,24.4375
2026-09-28T05:33:00Z,29.0074067,0.0000733,60,24.4375
2026-09-28T05:34:00Z,29.0073883,0.0000555,60,24.4375
2026-09-28T05:35:00Z,29.007355,0.0000502,60,24.425
2026-09-28T05:36:00Z,29.0073283,0.0000524,60,24.375
2026-09-28T05:37:00Z,29.00739,0.0000656,60,24.375
2026-09-28T05:38:00Z,29.00736,0.0000616,60,24.375
2026-09-28T05:39:00Z,29.0073267,0.0000482,60,24.375
2026-09-28T05:40:00Z,29.0073867,0.0000596,60,24.375
2026-09-28T05:41:00Z,29.0073317,0.0000596,60,24.375
2026-09-28T05:42:00Z,29.0073271,0.0000582,59,24.375
2026-09-28T05:43:00Z,29.0073283,0.0000715,60,24.375
2026-09-28T05:44:00Z,29.0072533,0.0000536,60,24.375
2026-09-28T05:45:00Z,29.0073067,0.0000548,60,24.3625
2026-09-28T05:46:00Z,29.0073017,0.0000567,60,24.3375
2026-09-28T05:47:00Z,29.0073133,0.0000536,60,24.3125
2026-09-28T05:48:00Z,29.00728,0.0000659,60,24.3125
2026-09-28T05:49:00Z,29.0073817,0.0000567,60,24.3125
2026-09-28T05:50:00Z,29.0073183,0.0000504,60,24.3125
2026-09-28T05:51:00Z,29.0072567,0.0000563,60,24.3125
2026-09-28T05:52:00Z,29.0073567,0.0000851,60,24.3125
2026-09-28T05:53:00Z,29.007305,0.0000649,60,24.3125
2026-09-28T05:54:00Z,29.0072417,0.0000497,60,24.3125
2026-09-28T05:55:00Z,29.007295,0.0000467,60,24.275
2026-09-28T05:56:00Z,29.0072917,0.000053,60,24.25
2026-09-28T05:57:00Z,29.0072667,0.0000572,60,24.25
2026-09-28T05:58:00Z,29.0073067,0.0000446,60,24.25
2026-09-28T05:59:00Z,29.0073133,0.0000468,60,24.25
2026-09-28T06:00:00Z,29.0073333,0.0000752,60,24.25
2026-09-28T06:01:00Z,29.007285,0.0000685,60,24.25
2026-09-28T06:02:00Z,29.00731,0.000044,60,24.25
2026-09-28T06:03:00Z,29.00732,0.0000546,60,24.25
2026-09-28T06:04:00Z,29.00738,0.0000684,60,24.25
2026-09-28T06:05:00Z,29.0073133,0.0000623,60,24.2125
2026-09-28T06:06:00Z,29.0072483,0.0000537,60,24.1875
2026-09-28T06:07:00Z,29.0072417,0.0000561,60,24.1875
2026-09-28T06:08:00Z,29.0072517,0.0000537,60,24.1875
2026-09-28T06:09:00Z,29.0072733,0.0000482,60,24.1875
2026-09-28T06:10:00Z,29.0073017,0.0000624,60,24.1875
2026-09-28T06:11:00Z,29.0073033,0.0000736,60,24.1875
2026-09-28T06:12:00Z,29.0073033,0.0000637,60,24.1875
2026-09-28T06:13:00Z,29.0072567,0.0000533,60,24.1875
2026-09-28T06:14:00Z,29.00719,0.0000681,60,24.1875
2026-09-28T06:15:00Z,29.0072133,0.0000676,60,24.15
2026-09-28T06:16:00Z,29.0073317,0.0000624,60,24.125
2026-09-28T06:17:00Z,29.0073333,0.0000572,60,24.125
2026-09-28T06:18:00Z,29.0072617,0.0000555,60,24.125
2026-09-28T06:19:00Z,29.0072283,0.000049,60,24.125
2026-09-28T06:20:00Z,29.007295,0.0000594,60,24.125
2026-09-28T06:21:00Z,29.0073283,0.0000555,60,24.125
2026-09-28T06:22:00Z,29.0072983,0.0000537,60,24.125
2026-09-28T06:23:00Z,29.0073,0.0000664,60,24.125
2026-09-28T06:24:00Z,29.0072417,0.000053,60,24.125
2026-09-28T06:25:00Z,29.0072733,0.0000516,60,24.0875
2026-09-28T06:26:00Z,29.0072683,0.0000624,60,24.0625
2026-09-28T06:27:00Z,29.007325,0.0000437,60,24.0625
2026-09-28T06:28:00Z,29.007285,0.0000515,60,24.0625
2026-09-28T06:29:00Z,29.007215,0.0000444,60,24.0625
2026-09-28T06:30:00Z,29.0072333,0.0000705,60,24.0625
2026-09-28T06:31:00Z,29.0071881,0.0000618,59,24.0625
2026-09-28T06:32:00Z,29.0071917,0.0000497,60,24.0625
2026-09-28T06:33:00Z,29.0072417,0.0000561,60,24.0625
2026-09-28T06:34:00Z,29.00723,0.0000646,60,24.0625
2026-09-28T06:35:00Z,29.0073,0.0000638,60,24.0125
2026-09-28T06:36:00Z,29.0072783,0.000049,60,24.0
2026-09-28T06:37:00Z,29.007285,0.0000547,60,24.0
2026-09-28T06:38:00Z,29.0072783,0.0000613,60,24.0
2026-09-28T06:39:00Z,29.0072683,0.0000567,60,24.0
2026-09-28T06:40:00Z,29.0073017,0.0000792,60,24.0
2026-09-28T06:41:00Z,29.0073017,0.0000431,60,24.0
2026-09-28T06:42:00Z,29.0072633,0.0000486,60,24.0
2026-09-28T06:43:00Z,29.0073133,0.0000873,60,24.0
2026-09-28T06:44:00Z,29.0073067,0.000066,60,24.0
2026-09-28T06:45:00Z,29.007335,0.0000606,60,23.9625
2026-09-28T06:46:00Z,29.0073533,0.0000623,60,23.9375
2026-09-28T06:47:00Z,29.00734,0.0000527,60,23.9375
2026-09-28T06:48:00Z,29.0073533,0.0000536,60,23.9375
2026-09-28T06:49:00Z,29.007305,0.0000534,60,23.9375
2026-09-28T06:50:00Z,29.0073083,0.0000671,60,23.9375
2026-09-28T06:51:00Z,29.0073283,0.0000524,60,23.9375
2026-09-28T06:52:00Z,29.0073083,0.0000462,60,23.9375
2026-09-28T06:53:00Z,29.0073283,0.0000555,60,23.9375
2026-09-28T06:54:00Z,29.0073033,0.0000637,60,23.925
2026-09-28T06:55:00Z,29.0072917,0.000053,60,23.8875
2026-09-28T06:56:00Z,29.007255,0.0000565,60,23.875
2026-09-28T06:57:00Z,29.0072667,0.0000475,60,23.875
2026-09-28T06:58:00Z,29.0072933,0.0000578,60,23.875
2026-09-28T06:59:00Z,29.007315,0.0000633,60,23.875
2026-09-28T07:00:00Z,29.0073417,0.0000619,60,23.875
2026-09-28T07:01:00Z,29.0073283,0.0000524,60,23.875
2026-09-28T07:02:00Z,29.007275,0.0000571,60,23.875
2026-09-28T07:03:00Z,29.0072667,0.0000542,60,23.875
2026-09-28T07:04:00Z,29.0072817,0.0000469,60,23.85
2026-09-28T07:05:00Z,29.0072783,0.0000555,60,23.8125
2026-09-28T07:06:00Z,29.0072417,0.0000591,60,23.8125
2026-09-28T07:07:00Z,29.0072967,0.000061,60,23.8125
2026-09-28T07:08:00Z,29.0072567,0.0000621,60,23.8125
2026-09-28T07:09:00Z,29.00725,0.0000537,60,23.8125
2026-09-28T07:10:00Z,29.0073017,0.0000537,60,23.8125
2026-09-28T07:11:00Z,29.0073133,0.0000566,60,23.8125
2026-09-28T07:12:00Z,29.0072533,0.0000623,60,23.8125
2026-09-28T07:13:00Z,29.007275,0.0000571,60,23.8125
2026-09-28T07:14:00Z,29.0072817,0.0000504,60,23.775
2026-09-28T07:15:00Z,29.0072317,0.0000567,60,23.7625
2026-09-28T07:16:00Z,29.007235,0.0000659,60,23.75
2026-09-28T07:17:00Z,29.00725,0.0000504,60,23.75
2026-09-28T07:18:00Z,29.0072383,0.0000555,60,23.75
2026-09-28T07:19:00Z,29.0072133,0.0000503,60,23.75
2026-09-28T07:20:00Z,29.0072712,0.0000645,59,23.75
2026-09-28T07:21:00Z,29.0072967,0.000052,60,23.75
2026-09-28T07:22:00Z,29.00731,0.0000602,60,23.75
2026-09-28T07:23:00Z,29.0072783,0.0000454,60,23.75
2026-09-28T07:24:00Z,29.0072667,0.0000572,60,23.7375
2026-09-28T07:25:00Z,29.00728,0.0000576,60,23.7
2026-09-28T07:26:00Z,29.0073133,0.000043,60,23.6875
2026-09-28T07:27:00Z,29.0073133,0.0000596,60,23.6875
2026-09-28T07:28:00Z,29.0072533,0.0000623,60,23.6875
2026-09-28T07:29:00Z,29.0072983,0.0000537,60,23.6875
2026-09-28T07:30:00Z,29.0073217,0.0000454,60,23.6875
2026-09-28T07:31:00Z,29.00738,0.0000684,60,23.6875
2026-09-28T07:32:00Z,29.0073217,0.000064,60,23.6875
2026-09-28T07:33:00Z,29.0073383,0.0000666,60,23.6875
2026-09-28T07:34:00Z,29.0073483,0.0000567,60,23.6625
2026-09-28T07:35:00Z,29.0073483,0.0000567,60,23.625
2026-09-28T07:36:00Z,29.007315,0.0000481,60,23.625
2026-09-28T07:37:00Z,29.0072867,0.0000676,60,23.625
2026-09-28T07:38:00Z,29.0072717,0.0000555,60,23.625
2026-09-28T07:39:00Z,29.007305,0.0000467,60,23.625
2026-09-28T07:40:00Z,29.0073717,0.0000555,60,23.625
2026-09-28T07:41:00Z,29.0073133,0.0000566,60,23.625
2026-09-28T07:42:00Z,29.0072983,0.0000504,60,23.625
2026-09-28T07:43:00Z,29.0073017,0.0000676,60,23.625
2026-09-28T07:44:00Z,29.0073033,0.000052,60,23.5875
2026-09-28T07:45:00Z,29.007305,0.0000675,60,23.5625
2026-09-28T07:46:00Z,29.0072517,0.0000567,60,23.5625
2026-09-28T07:47:00Z,29.0073417,0.000072,60,23.5625
2026-09-28T07:48:00Z,29.0073317,0.0000873,60,23.5625
2026-09-28T07:49:00Z,29.007385,0.0000659,60,23.5625
2026-09-28T07:50:00Z,29.007385,0.0000577,60,23.5625
2026-09-28T07:51:00Z,29.0073567,0.0000647,60,23.5625
2026-09-28T07:52:00Z,29.0074033,0.0000637,60,23.5625
2026-09-28T07:53:00Z,29.007355,0.0000565,60,23.5625
2026-09-28T07:54:00Z,29.00737,0.0000646,60,23.5125
2026-09-28T07:55:00Z,29.00736,0.0000588,60,23.5
2026-09-28T07:56:00Z,29.007395,0.0000675,60,23.5
2026-09-28T07:57:00Z,29.007345,0.0000565,60,23.5
2026-09-28T07:58:00Z,29.0073367,0.0000581,60,23.5
2026-09-28T07:59:00Z,29.007305,0.0000534,60,23.5
2026-09-28T08:00:00Z,29.0072833,0.0000557,60,23.5
2026-09-28T08:01:00Z,29.0073733,0.0000607,60,23.5
2026-09-28T08:02:00Z,29.0073883,0.0000613,60,23.5
2026-09-28T08:03:00Z,29.0073367,0.0000637,60,23.475
2026-09-28T08:04:00Z,29.007355,0.0000594,60,23.4375
2026-09-28T08:05:00Z,29.0073883,0.0000666,60,23.4375
2026-09-28T08:06:00Z,29.0072933,0.000066,60,23.4375
2026-09-28T08:07:00Z,29.0073667,0.0000681,60,23.4375
2026-09-28T08:08:00Z,29.0073183,0.0000504,60,23.4375
2026-09-28T08:09:00Z,29.0073183,0.0000854,60,23.4375
2026-09-28T08:10:00Z,29.0073254,0.0000659,59,23.4375
2026-09-28T08:11:00Z,29.0072967,0.000061,60,23.4375
2026-09-28T08:12:00Z,29.00732,0.0000514,60,23.4375
2026-09-28T08:13:00Z,29.0072867,0.0000468,60,23.4375
2026-09-28T08:14:00Z,29.007325,0.0000571,60,23.4125
2026-09-28T08:15:00Z,29.007355,0.0000565,60,23.375
2026-09-28T08:16:00Z,29.007295,0.0000467,60,23.375
2026-09-28T08:17:00Z,29.007255,0.0000622,60,23.375
2026-09-28T08:18:00Z,29.007255,0.0000565,60,23.375
2026-09-28T08:19:00Z,29.0072083,0.0000497,60,23.375
2026-09-28T08:20:00Z,29.00722,0.0000514,60,23.375
2026-09-28T08:21:00Z,29.0072117,0.000049,60,23.375
2026-09-28T08:22:00Z,29.007255,0.0000534,60,23.375
2026-09-28T08:23:00Z,29.0072667,0.0000572,60,23.3625
2026-09-28T08:24:00Z,29.0072867,0.0000833,60,23.325
2026-09-28T08:25:00Z,29.007225,0.0000508,60,23.3125
2026-09-28T08:26:00Z,29.0072467,0.0000503,60,23.3125
2026-09-28T08:27:00Z,29.00725,0.0000567,60,23.3125
2026-09-28T08:28:00Z,29.0072383,0.0000585,60,23.3125
2026-09-28T08:29:00Z,29.0072567,0.0000593,60,23.3125
2026-09-28T08:30:00Z,29.0072483,0.0000676,60,23.3125
2026-09-28T08:31:00Z,29.0072317,0.0000504,60,23.3125
2026-09-28T08:32:00Z,29.00729,0.0000511,60,23.3125
2026-09-28T08:33:00Z,29.0073167,0.0000526,60,23.2875
2026-09-28T08:34:00Z,29.0073533,0.0000503,60,23.275
2026-09-28T08:35:00Z,29.0072967,0.0000581,60,23.25
2026-09-28T08:36:00Z,29.0073467,0.0000623,60,23.25
2026-09-28T08:37:00Z,29.00731,0.0000681,60,23.25
2026-09-28T08:38:00Z,29.00727,0.0000619,60,23.25
2026-09-28T08:39:00Z,29.0073167,0.0000557,60,23.25
2026-09-28T08:40:00Z,29.0072617,0.0000613,60,23.25
2026-09-28T08:41:00Z,29.0072667,0.0000601,60,23.25
2026-09-28T08:42:00Z,29.0072567,0.0000593,60,23.25
2026-09-28T08:43:00Z,29.007325,0.0000541,60,23.2
2026-09-28T08:44:00Z,29.0073683,0.0000504,60,23.2
2026-09-28T08:45:00Z,29.0073883,0.0000585,60,23.1875
2026-09-28T08:46:00Z,29.007335,0.0000547,60,23.1875
2026-09-28T08:47:00Z,29.0073383,0.0000555,60,23.1875
2026-09-28T08:48:00Z,29.0073333,0.0000601,60,23.1875
2026-09-28T08:49:00Z,29.0073383,0.0000555,60,23.1875
2026-09-28T08:50:00Z,29.0073717,0.0000613,60,23.1875
2026-09-28T08:51:00Z,29.00727,0.0000591,60,23.1875
2026-09-28T08:52:00Z,29.00733,0.0000591,60,23.175
2026-09-28T08:53:00Z,29.0073433,0.0000593,60,23.15
2026-09-28T08:54:00Z,29.00732,0.0000605,60,23.125
2026-09-28T08:55:00Z,29.0073167,0.0000526,60,23.125
2026-09-28T08:56:00Z,29.0073417,0.000053,60,23.125
2026-09-28T08:57:00Z,29.0073033,0.000041,60,23.125
2026-09-28T08:58:00Z,29.0073525,0.0000728,59,23.125
2026-09-28T08:59:00Z,29.0073967,0.0000637,60,23.125
2026-09-28T09:00:00Z,29.007425,0.00006,60,23.125
2026-09-28T09:01:00Z,29.0073717,0.0000585,60,23.125
2026-09-28T09:02:00Z,29.007335,0.0000515,60,23.1
2026-09-28T09:03:00Z,29.0073483,0.0000567,60,23.0625
2026-09-28T09:04:00Z,29.007375,0.0000571,60,23.0625
2026-09-28T09:05:00Z,29.0073683,0.0000537,60,23.0625
2026-09-28T09:06:00Z,29.0073967,0.0000688,60,23.0625
2026-09-28T09:07:00Z,29.007355,0.0000649,60,23.0625
2026-09-28T09:08:00Z,29.0074483,0.0000624,60,23.0625
2026-09-28T09:09:00Z,29.0073667,0.0000542,60,23.0625
2026-09-28T09:10:00Z,29.0072883,0.0000613,60,23.0625
2026-09-28T09:11:00Z,29.0073617,0.0000666,60,23.0625
2026-09-28T09:12:00Z,29.0074,0.0000638,60,23.05
2026-09-28T09:13:00Z,29.00739,0.0000602,60,23.0125
2026-09-28T09:14:00Z,29.00741,0.0000477,60,23.0
2026-09-28T09:15:00Z,29.0073733,0.0000578,60,23.0
2026-09-28T09:16:00Z,29.0073233,0.00005,60,23.0
2026-09-28T09:17:00Z,29.0073517,0.0000504,60,23.0
2026-09-28T09:18:00Z,29.0073717,0.0000585,60,23.0
2026-09-28T09:19:00Z,29.00734,0.0000494,60,23.0
2026-09-28T09:20:00Z,29.0073567,0.00005,60,23.0
2026-09-28T09:21:00Z,29.00728,0.0000632,60,23.0
2026-09-28T09:22:00Z,29.0073267,0.0000578,60,22.9875
2026-09-28T09:23:00Z,29.0073233,0.0000563,60,22.9375
2026-09-28T09:24:00Z,29.0073867,0.000065,60,22.9375
2026-09-28T09:25:00Z,29.0073433,0.00005,60,22.9375
2026-09-28T09:26:00Z,29.00735,0.0000624,60,22.9375
2026-09-28T09:27:00Z,29.0073667,0.000102,60,22.9375
2026-09-28T09:28:00Z,29.0074317,0.0000624,60,22.9375
2026-09-28T09:29:00Z,29.00737,0.000053,60,22.9375
2026-09-28T09:30:00Z,29.007375,0.000068,60,22.9375
2026-09-28T09:31:00Z,29.0074233,0.0000647,60,22.925
2026-09-28T09:32:00Z,29.0074467,0.0000503,60,22.925
2026-09-28T09:33:00Z,29.007425,0.0000628,60,22.875
2026-09-28T09:34:00Z,29.00742,0.0000659,60,22.875
2026-09-28T09:35:00Z,29.0074767,0.0000698,60,22.875
2026-09-28T09:36:00Z,29.0074617,0.0000585,60,22.875
2026-09-28T09:37:00Z,29.00741,0.0000656,60,22.875
2026-09-28T09:38:00Z,29.0074017,0.0000676,60,22.875
2026-09-28T09:39:00Z,29.007405,0.0000502,60,22.875
2026-09-28T09:40:00Z,29.0073883,0.0000613,60,22.875
2026-09-28T09:41:00Z,29.0074083,0.0000829,60,22.875
2026-09-28T09:42:00Z,29.0074117,0.000049,60,22.8625
2026-09-28T09:43:00Z,29.00748,0.0000632,60,22.825
2026-09-28T09:44:00Z,29.0074883,0.0000524,60,22.8125
2026-09-28T09:45:00Z,29.00747,0.0000591,60,22.8125
2026-09-28T09:46:00Z,29.0075033,0.0000551,60,22.8125
2026-09-28T09:47:00Z,29.007425,0.00006,60,22.8125
2026-09-28T09:48:00Z,29.0074712,0.0000527,59,22.8125
2026-09-28T09:49:00Z,29.007535,0.0000755,60,22.8125
2026-09-28T09:50:00Z,29.007505,0.0000649,60,22.8125
2026-09-28T09:51:00Z,29.0074633,0.0000581,60,22.8125
2026-09-28T09:52:00Z,29.0074617,0.0000666,60,22.8
2026-09-28T09:53:00Z,29.007405,0.0000565,60,22.75
2026-09-28T09:54:00Z,29.0074233,0.00005,60,22.75
2026-09-28T09:55:00Z,29.007415,0.0000633,60,22.75
2026-09-28T09:56:00Z,29.0073867,0.0000623,60,22.75
2026-09-28T09:57:00Z,29.007375,0.00006,60,22.75
2026-09-28T09:58:00Z,29.0074133,0.0000623,60,22.75
2026-09-28T09:59:00Z,29.0073917,0.0000645,60,22.75
2026-09-28T10:00:00Z,29.0073733,0.0000686,60,22.75
2026-09-28T10:01:00Z,29.0073817,0.0000651,60,22.75
2026-09-28T10:02:00Z,29.0074667,0.000051,60,22.75
2026-09-28T10:03:00Z,29.0074683,0.0000651,60,22.7
2026-09-28T10:04:00Z,29.0074867,0.0000623,60,22.6875
2026-09-28T10:05:00Z,29.0074067,0.0000686,60,22.6875
2026-09-28T10:06:00Z,29.0074417,0.0000645,60,22.6875
2026-09-28T10:07:00Z,29.0073933,0.0000607,60,22.6875
2026-09-28T10:08:00Z,29.0074533,0.000065,60,22.6875
2026-09-28T10:09:00Z,29.0075183,0.0000596,60,22.6875
2026-09-28T10:10:00Z,29.007475,0.0000541,60,22.675
2026-09-28T10:11:00Z,29.00744,0.0000588,60,22.625
2026-09-28T10:12:00Z,29.0074383,0.0000555,60,22.625
2026-09-28T10:13:00Z,29.0074033,0.0000663,60,22.625
2026-09-28T10:14:00Z,29.00744,0.0000669,60,22.625
2026-09-28T10:15:00Z,29.007415,0.0000577,60,22.625
2026-09-28T10:16:00Z,29.0074467,0.0000724,60,22.625
2026-09-28T10:17:00Z,29.0074917,0.0000497,60,22.625
2026-09-28T10:18:00Z,29.0075333,0.0000629,60,22.625
2026-09-28T10:19:00Z,29.0074367,0.0000663,60,22.6125
2026-09-28T10:20:00Z,29.0074517,0.0000624,60,22.5625
2026-09-28T10:21:00Z,29.007405,0.000079,60,22.5625
2026-09-28T10:22:00Z,29.0074233,0.0000909,60,22.5625
2026-09-28T10:23:00Z,29.0074667,0.0000601,60,22.5625
2026-09-28T10:24:00Z,29.0074083,0.0000619,60,22.5625
2026-09-28T10:25:00Z,29.007425,0.0000628,60,22.5625
2026-09-28T10:26:00Z,29.0074317,0.0000567,60,22.5625
2026-09-28T10:27:00Z,29.007365,0.0000685,60,22.5625
2026-09-28T10:28:00Z,29.0074233,0.0000533,60,22.5625
2026-09-28T10:29:00Z,29.0073383,0.0000613,60,22.5625
2026-09-28T10:30:00Z,29.0074333,0.0000601,60,22.5
2026-09-28T10:31:00Z,29.0073833,0.0000587,60,22.5
2026-09-28T10:32:00Z,29.0073833,0.0000717,60,22.5
2026-09-28T10:33:00Z,29.0074383,0.0000804,60,22.5
2026-09-28T10:34:00Z,29.0074267,0.0000634,60,22.5
2026-09-28T10:35:00Z,29.007355,0.0000622,60,22.5
2026-09-28T10:36:00Z,29.007365,0.0000577,60,22.5
2026-09-28T10:37:00Z,29.0073525,0.0000598,59,22.5
2026-09-28T10:38:00Z,29.0073367,0.0000712,60,22.5
2026-09-28T10:39:00Z,29.007365,0.000086,60,22.5
2026-09-28T10:40:00Z,29.00742,0.0000576,60,22.5
2026-09-28T10:41:00Z,29.0074083,0.0000645,60,22.5
2026-09-28T10:42:00Z,29.0073467,0.0000566,60,22.5
2026-09-28T10:43:00Z,29.0073633,0.000052,60,22.475
2026-09-28T10:44:00Z,29.007375,0.000068,60,22.45
2026-09-28T10:45:00Z,29.0073517,0.0000624,60,22.4375
2026-09-28T10:46:00Z,29.0074233,0.0000722,60,22.4375
2026-09-28T10:47:00Z,29.007465,0.0000577,60,22.4375
2026-09-28T10:48:00Z,29.0074433,0.0000563,60,22.4375
2026-09-28T10:49:00Z,29.007495,0.0000649,60,22.4375
2026-09-28T10:50:00Z,29.0074517,0.0000567,60,22.4375
2026-09-28T10:51:00Z,29.0074183,0.0000651,60,22.4375
2026-09-28T10:52:00Z,29.00745,0.0000748,60,22.4375
2026-09-28T10:53:00Z,29.0074083,0.0000619,60,22.4375
2026-09-28T10:54:00Z,29.0073917,0.0000645,60,22.4375
2026-09-28T10:55:00Z,29.00744,0.0000558,60,22.4375
2026-09-28T10:56:00Z,29.0074333,0.0000629,60,22.4375
2026-09-28T10:57:00Z,29.0074083,0.0000619,60,22.4125
2026-09-28T10:58:00Z,29.0074167,0.0000587,60,22.375
2026-09-28T10:59:00Z,29.0074183,0.0000596,60,22.375
2026-09-28T11:00:00Z,29.0074167,0.0000763,60,22.375
2026-09-28T11:01:00Z,29.007365,0.0000515,60,22.375
2026-09-28T11:02:00Z,29.007345,0.0000565,60,22.375
2026-09-28T11:03:00Z,29.0074117,0.0000666,60,22.375
2026-09-28T11:04:00Z,29.0073817,0.0000596,60,22.375
2026-09-28T11:05:00Z,29.0074067,0.0000686,60,22.375
2026-09-28T11:06:00Z,29.0074033,0.0000712,60,22.375
2026-09-28T11:07:00Z,29.0073733,0.0000548,60,22.375
2026-09-28T11:08:00Z,29.00734,0.0000527,60,22.375
2026-09-28T11:09:00Z,29.0073767,0.00005,60,22.375
2026-09-28T11:10:00Z,29.0074367,0.0000581,60,22.3375
2026-09-28T11:11:00Z,29.007305,0.0000502,60,22.3125
2026-09-28T11:12:00Z,29.0072933,0.0000578,60,22.3125
2026-09-28T11:13:00Z,29.007375,0.0000773,60,22.3125
2026-09-28T11:14:00Z,29.00737,0.0000809,60,22.3125
2026-09-28T11:15:00Z,29.007425,0.0000628,60,22.3125
2026-09-28T11:16:00Z,29.0073967,0.000052,60,22.3125
2026-09-28T11:17:00Z,29.0074033,0.0000637,60,22.3125
2026-09-28T11:18:00Z,29.007415,0.0000732,60,22.3125
2026-09-28T11:19:00Z,29.007315,0.0000606,60,22.3125
2026-09-28T11:20:00Z,29.0073367,0.0000581,60,22.3
2026-09-28T11:21:00Z,29.0073833,0.0000806,60,22.25
2026-09-28T11:22:00Z,29.0074717,0.0000691,60,22.25
2026-09-28T11:23:00Z,29.0074767,0.00005,60,22.25
2026-09-28T11:24:00Z,29.0073733,0.0000516,60,22.25
2026-09-28T11:25:00Z,29.0075217,0.0000524,60,22.25
2026-09-28T11:26:00Z,29.0074339,0.0000512,59,22.25
2026-09-28T11:27:00Z,29.00742,0.0000514,60,22.25
2026-09-28T11:28:00Z,29.0074867,0.0000536,60,22.25
2026-09-28T11:29:00Z,29.007475,0.00006,60,22.25
2026-09-28T11:30:00Z,29.0074817,0.0000676,60,22.25
2026-09-28T11:31:00Z,29.0074767,0.0000698,60,22.25
2026-09-28T11:32:00Z,29.007435,0.0000547,60,22.2125
2026-09-28T11:33:00Z,29.0075117,0.0000613,60,22.1875
2026-09-28T11:34:00Z,29.0074417,0.0000561,60,22.1875
2026-09-28T11:35:00Z,29.0074683,0.0000567,60,22.1875
2026-09-28T11:36:00Z,29.0074667,0.0000542,60,22.1875
2026-09-28T11:37:00Z,29.0074783,0.0000524,60,22.1875
2026-09-28T11:38:00Z,29.0074833,0.0000642,60,22.1875
2026-09-28T11:39:00Z,29.0074183,0.0000469,60,22.1875
2026-09-28T11:40:00Z,29.007415,0.0000606,60,22.1875
2026-09-28T11:41:00Z,29.0073967,0.0000551,60,22.1875
2026-09-28T11:42:00Z,29.0074367,0.0000551,60,22.1875
2026-09-28T11:43:00Z,29.007395,0.0000649,60,22.1875
2026-09-28T11:44:00Z,29.0074917,0.0000497,60,22.1875
2026-09-28T11:45:00Z,29.00745,0.0000567,60,22.1875
2026-09-28T11:46:00Z,29.0074833,0.0000418,60,22.1875
2026-09-28T11:47:00Z,29.007445,0.0000594,60,22.175
2026-09-28T11:48:00Z,29.0074733,0.0000482,60,22.175
2026-09-28T11:49:00Z,29.0074383,0.0000555,60,22.125
2026-09-28T11:50:00Z,29.007415,0.0000606,60,22.125
2026-09-28T11:51:00Z,29.0073867,0.0000566,60,22.125
2026-09-28T11:52:00Z,29.0074217,0.0000585,60,22.125
2026-09-28T11:53:00Z,29.0074067,0.0000516,60,22.125
2026-09-28T11:54:00Z,29.0074567,0.0000593,60,22.125
2026-09-28T11:55:00Z,29.0075233,0.0000673,60,22.125
2026-09-28T11:56:00Z,29.0075317,0.0000504,60,22.125
2026-09-28T11:57:00Z,29.0075017,0.0000624,60,22.125
2026-09-28T11:58:00Z,29.0074817,0.0000567,60,22.125
2026-09-28T11:59:00Z,29.0074433,0.0000593,60,22.125
2026-09-28T12:00:00Z,29.0074833,0.0000717,60,22.125
2026-09-28T12:01:00Z,29.0074833,0.0000615,60,22.125
2026-09-28T12:02:00Z,29.0075333,0.0000542,60,22.125
2026-09-28T12:03:00Z,29.0075233,0.0000563,60,22.125
2026-09-28T12:04:00Z,29.007525,0.0000654,60,22.125
2026-09-28T12:05:00Z,29.0074683,0.0000537,60,22.125
2026-09-28T12:06:00Z,29.007505,0.0000467,60,22.1
2026-09-28T12:07:00Z,29.0074983,0.0000567,60,22.075
2026-09-28T12:08:00Z,29.00747,0.000083,60,22.0625
2026-09-28T12:09:00Z,29.0074117,0.000064,60,22.0625
2026-09-28T12:10:00Z,29.0074783,0.0000585,60,22.0625
2026-09-28T12:11:00Z,29.007435,0.0000633,60,22.0625
2026-09-28T12:12:00Z,29.0074683,0.0000567,60,22.0625
2026-09-28T12:13:00Z,29.0075183,0.0000504,60,22.0625
2026-09-28T12:14:00Z,29.0075525,0.0000537,59,22.0625
2026-09-28T12:15:00Z,29.0075283,0.0000585,60,22.0625
2026-09-28T12:16:00Z,29.0075533,0.0000596,60,22.0625
2026-09-28T12:17:00Z,29.0075067,0.0000607,60,22.0625
2026-09-28T12:18:00Z,29.007515,0.0000515,60,22.0625
2026-09-28T12:19:00Z,29.0075567,0.0000533,60,22.0625
2026-09-28T12:20:00Z,29.00755,0.0000597,60,22.0625
2026-09-28T12:21:00Z,29.007555,0.0000622,60,22.0625
2026-09-28T12:22:00Z,29.0075167,0.0000717,60,22.0625
2026-09-28T12:23:00Z,29.0074967,0.0000551,60,22.05
2026-09-28T12:24:00Z,29.0074917,0.0000591,60,22.0
2026-09-28T12:25:00Z,29.0075117,0.0000613,60,22.0
2026-09-28T12:26:00Z,29.0074983,0.0000624,60,22.0
2026-09-28T12:27:00Z,29.0075283,0.0000585,60,22.0
2026-09-28T12:28:00Z,29.00756,0.0000558,60,22.0
2026-09-28T12:29:00Z,29.00753,0.0000561,60,22.0
2026-09-28T12:30:00Z,29.0075467,0.0000536,60,22.0
2026-09-28T12:31:00Z,29.0075183,0.0000596,60,22.0
2026-09-28T12:32:00Z,29.0075117,0.0000585,60,22.0
2026-09-28T12:33:00Z,29.0075333,0.0000601,60,22.0
2026-09-28T12:34:00Z,29.0075483,0.0000504,60,22.0
2026-09-28T12:35:00Z,29.0075683,0.0000624,60,22.0
2026-09-28T12:36:00Z,29.007595,0.0000467,60,22.0
2026-09-28T12:37:00Z,29.0075083,0.0000645,60,22.0
2026-09-28T12:38:00Z,29.00752,0.000048,60,21.95
2026-09-28T12:39:00Z,29.0075267,0.0000607,60,21.9375
2026-09-28T12:40:00Z,29.0076067,0.0000686,60,21.9375
2026-09-28T12:41:00Z,29.007595,0.0000534,60,21.9375
2026-09-28T12:42:00Z,29.007575,0.0000474,60,21.9375
2026-09-28T12:43:00Z,29.0075633,0.0000736,60,21.9375
2026-09-28T12:44:00Z,29.0075817,0.0000504,60,21.9375
2026-09-28T12:45:00Z,29.0075183,0.0000567,60,21.9375
2026-09-28T12:46:00Z,29.0074683,0.0000596,60,21.9375
2026-09-28T12:47:00Z,29.0075267,0.0000516,60,21.9375
2026-09-28T12:48:00Z,29.0075733,0.0000686,60,21.925
2026-09-28T12:49:00Z,29.0075817,0.0000596,60,21.9
2026-09-28T12:50:00Z,29.0075717,0.0000524,60,21.875
2026-09-28T12:51:00Z,29.0075933,0.0000578,60,21.875
2026-09-28T12:52:00Z,29.007595,0.0000565,60,21.875
2026-09-28T12:53:00Z,29.0075483,0.0000676,60,21.875
2026-09-28T12:54:00Z,29.0076233,0.0000621,60,21.875
2026-09-28T12:55:00Z,29.00757,0.0000561,60,21.875
2026-09-28T12:56:00Z,29.00754,0.0000588,60,21.875
2026-09-28T12:57:00Z,29.0075567,0.0000789,60,21.875
2026-09-28T12:58:00Z,29.0075867,0.0000343,60,21.875
2026-09-28T12:59:00Z,29.0075633,0.0000551,60,21.875
2026-09-28T13:00:00Z,29.0075617,0.000064,60,21.875
2026-09-28T13:01:00Z,29.0075767,0.0000647,60,21.8125
2026-09-28T13:02:00Z,29.0076083,0.000053,60,21.8125
2026-09-28T13:03:00Z,29.007555,0.0000649,60,21.8125
2026-09-28T13:04:00Z,29.0075,0.0000525,59,21.8125
2026-09-28T13:05:00Z,29.0074933,0.0000482,60,21.8125
2026-09-28T13:06:00Z,29.0076067,0.0000733,60,21.8125
2026-09-28T13:07:00Z,29.007675,0.0000571,60,21.8125
2026-09-28T13:08:00Z,29.00769,0.0000354,60,21.8125
2026-09-28T13:09:00Z,29.0077017,0.0000567,60,21.8125
2026-09-28T13:10:00Z,29.007595,0.0000982,60,21.8125
2026-09-28T13:11:00Z,29.0075233,0.0000465,60,21.8125
2026-09-28T13:12:00Z,29.0076,0.0000713,60,21.8125
2026-09-28T13:13:00Z,29.007625,0.0000654,60,21.8375
2026-09-28T13:14:00Z,29.0076233,0.0000593,60,21.875
2026-09-28T13:15:00Z,29.0076267,0.0000516,60,21.875
2026-09-28T13:16:00Z,29.0075967,0.0000551,60,21.875
2026-09-28T13:17:00Z,29.0075733,0.0000516,60,21.875
2026-09-28T13:18:00Z,29.007615,0.0000577,60,21.875
2026-09-28T13:19:00Z,29.0075833,0.0000557,60,21.9375
2026-09-28T13:20:00Z,29.0075483,0.0000504,60,21.9375
2026-09-28T13:21:00Z,29.0075783,0.000049,60,21.9375
2026-09-28T13:22:00Z,29.0075333,0.0000572,60,21.9375
2026-09-28T13:23:00Z,29.0075233,0.0000621,60,21.95
2026-09-28T13:24:00Z,29.0075217,0.000064,60,22.0
2026-09-28T13:25:00Z,29.0074983,0.0000537,60,22.0
2026-09-28T13:26:00Z,29.0074367,0.0000637,60,22.0
2026-09-28T13:27:00Z,29.0074283,0.0000691,60,22.0
2026-09-28T13:28:00Z,29.0074117,0.0000585,60,22.0625
2026-09-28T13:29:00Z,29.007445,0.0000723,60,22.0625
2026-09-28T13:30:00Z,29.00751,0.0000399,60,22.0625
2026-09-28T13:31:00Z,29.0075567,0.0000563,60,22.0625
2026-09-28T13:32:00Z,29.0074917,0.0000462,60,22.0875
2026-09-28T13:33:00Z,29.0075083,0.000053,60,22.125
2026-09-28T13:34:00Z,29.0075083,0.0000645,60,22.125
2026-09-28T13:35:00Z,29.007495,0.0000746,60,22.125
2026-09-28T13:36:00Z,29.0074683,0.0000624,60,22.1375
2026-09-28T13:37:00Z,29.0075033,0.000052,60,22.1875
2026-09-28T13:38:00Z,29.0074383,0.0000585,60,22.1875
2026-09-28T13:39:00Z,29.007425,0.0000474,60,22.1875
2026-09-28T13:40:00Z,29.0074183,0.0000596,60,22.1875
2026-09-28T13:41:00Z,29.0073983,0.0000504,60,22.2125
2026-09-28T13:42:00Z,29.0074083,0.0000591,60,22.25
2026-09-28T13:43:00Z,29.0073933,0.0000607,60,22.25
2026-09-28T13:44:00Z,29.0074433,0.0000563,60,22.25
2026-09-28T13:45:00Z,29.0074483,0.0000567,60,22.25
2026-09-28T13:46:00Z,29.00742,0.0000514,60,22.25
2026-09-28T13:47:00Z,29.0074567,0.0000593,60,22.2875
2026-09-28T13:48:00Z,29.0073833,0.000074,60,22.3125
2026-09-28T13:49:00Z,29.0074183,0.0000624,60,22.3125
2026-09-28T13:50:00Z,29.0074433,0.0000621,60,22.3125
2026-09-28T13:51:00Z,29.0073483,0.0000504,60,22.3125
2026-09-28T13:52:00Z,29.0074,0.0000638,60,22.3125
2026-09-28T13:53:00Z,29.0073831,0.0000746,59,22.35
2026-09-28T13:54:00Z,29.0073867,0.000043,60,22.375
2026-09-28T13:55:00Z,29.0073667,0.000051,60,22.375
2026-09-28T13:56:00Z,29.0073367,0.0000688,60,22.375
2026-09-28T13:57:00Z,29.00735,0.0000567,60,22.375
2026-09-28T13:58:00Z,29.0073983,0.0000596,60,22.375
2026-09-28T13:59:00Z,29.00741,0.0000681,60,22.375
2026-09-28T14:00:00Z,29.0073217,0.0000454,60,22.4
2026-09-28T14:01:00Z,29.0074383,0.0000691,60,22.4375
2026-09-28T14:02:00Z,29.0074367,0.0000688,60,22.4375
2026-09-28T14:03:00Z,29.0074367,0.000052,60,22.4375
2026-09-28T14:04:00Z,29.0073967,0.0000637,60,22.4375
2026-09-28T14:05:00Z,29.00738,0.0000708,60,22.4375
2026-09-28T14:06:00Z,29.00735,0.0000701,60,22.4375
2026-09-28T14:07:00Z,29.0073533,0.0000676,60,22.475
2026-09-28T14:08:00Z,29.0074133,0.00007,60,22.5
2026-09-28T14:09:00Z,29.0074733,0.0000634,60,22.5
2026-09-28T14:10:00Z,29.0074867,0.000043,60,22.5
2026-09-28T14:11:00Z,29.00738,0.0000514,60,22.5
2026-09-28T14:12:00Z,29.0073333,0.0000601,60,22.5625
2026-09-28T14:13:00Z,29.0073517,0.0000567,60,22.5625
2026-09-28T14:14:00Z,29.0073567,0.0000563,60,22.5625
2026-09-28T14:15:00Z,29.0073583,0.0000671,60,22.5625
2026-09-28T14:16:00Z,29.007305,0.0000502,60,22.5625
2026-09-28T14:17:00Z,29.0072617,0.0000524,60,22.5875
2026-09-28T14:18:00Z,29.0073033,0.000045,60,22.625
2026-09-28T14:19:00Z,29.0072833,0.0000615,60,22.625
2026-09-28T14:20:00Z,29.0072667,0.0000572,60,22.625
2026-09-28T14:21:00Z,29.0072433,0.00005,60,22.625
2026-09-28T14:22:00Z,29.007255,0.0000622,60,22.625
2026-09-28T14:23:00Z,29.0072633,0.0000581,60,22.625
2026-09-28T14:24:00Z,29.0073133,0.0000566,60,22.625
2026-09-28T14:25:00Z,29.0072317,0.0000537,60,22.625
2026-09-28T14:26:00Z,29.0072667,0.0000601,60,22.625
2026-09-28T14:27:00Z,29.0072417,0.000053,60,22.625
2026-09-28T14:28:00Z,29.0072267,0.0000516,60,22.6625
2026-09-28T14:29:00Z,29.00722,0.0000576,60,22.6875
2026-09-28T14:30:00Z,29.0072017,0.0000624,60,22.6875
2026-09-28T14:31:00Z,29.007195,0.0000622,60,22.6875
2026-09-28T14:32:00Z,29.0071717,0.0000691,60,22.6875
2026-09-28T14:33:00Z,29.007215,0.0000481,60,22.6875
2026-09-28T14:34:00Z,29.007245,0.0000723,60,22.6875
2026-09-28T14:35:00Z,29.0072533,0.0000596,60,22.6875
2026-09-28T14:36:00Z,29.0071783,0.0000555,60,22.6875
2026-09-28T14:37:00Z,29.00726,0.0000827,60,22.6875
2026-09-28T14:38:00Z,29.00732,0.0000576,60,22.6875
2026-09-28T14:39:00Z,29.0072533,0.0000503,60,22.6875
2026-09-28T14:40:00Z,29.00724,0.0000643,60,22.6875
2026-09-28T14:41:00Z,29.007305,0.0000594,60,22.7125
2026-09-28T14:42:00Z,29.0072356,0.000055,59,22.75
2026-09-28T14:43:00Z,29.0072633,0.0000486,60,22.75
2026-09-28T14:44:00Z,29.0072633,0.000052,60,22.75
2026-09-28T14:45:00Z,29.007265,0.0000685,60,22.75
2026-09-28T14:46:00Z,29.0072317,0.0000624,60,22.75
2026-09-28T14:47:00Z,29.0072133,0.0000596,60,22.75
2026-09-28T14:48:00Z,29.0072317,0.0000596,60,22.75
2026-09-28T14:49:00Z,29.00727,0.0000561,60,22.75
2026-09-28T14:50:00Z,29.0071983,0.0000431,60,22.75
2026-09-28T14:51:00Z,29.0072733,0.00008,60,22.75
2026-09-28T14:52:00Z,29.0072867,0.0000503,60,22.75
2026-09-28T14:53:00Z,29.0072383,0.0000555,60,22.7625
2026-09-28T14:54:00Z,29.0072067,0.0000312,60,22.7625
2026-09-28T14:55:00Z,29.0072317,0.0000504,60,22.7875
2026-09-28T14:56:00Z,29.0072167,0.0000493,60,22.8125
2026-09-28T14:57:00Z,29.0072133,0.0000536,60,22.8125
2026-09-28T14:58:00Z,29.0072333,0.0000629,60,22.8125
2026-09-28T14:59:00Z,29.0071617,0.0000524,60,22.8125
2026-09-28T15:00:00Z,29.0071417,0.0000561,60,22.8125
2026-09-28T15:01:00Z,29.0071483,0.0000624,60,22.8125
2026-09-28T15:02:00Z,29.0071283,0.0000585,60,22.8125
2026-09-28T15:03:00Z,29.0071017,0.0000676,60,22.8125
2026-09-28T15:04:00Z,29.0071833,0.0000557,60,22.8125
2026-09-28T15:05:00Z,29.0071567,0.0000563,60,22.8125
2026-09-28T15:06:00Z,29.0072,0.0000552,60,22.8125
2026-09-28T15:07:00Z,29.007245,0.0000534,60,22.8125
2026-09-28T15:08:00Z,29.0071683,0.0000651,60,22.8125
2026-09-28T15:09:00Z,29.0071933,0.0000607,60,22.8125
2026-09-28T15:10:00Z,29.0071533,0.0000596,60,22.8125
2026-09-28T15:11:00Z,29.00715,0.0000504,60,22.8125
2026-09-28T15:12:00Z,29.0070783,0.0000585,60,22.8125
2026-09-28T15:13:00Z,29.0071783,0.0000666,60,22.8125
2026-09-28T15:14:00Z,29.0071567,0.0000533,60,22.8125
2026-09-28T15:15:00Z,29.0071417,0.0000645,60,22.8125
2026-09-28T15:16:00Z,29.00708,0.0000514,60,22.8125
2026-09-28T15:17:00Z,29.007105,0.0000467,60,22.8125
2026-09-28T15:18:00Z,29.007175,0.0000508,60,22.8125
2026-09-28T15:19:00Z,29.0071767,0.00005,60,22.8125
2026-09-28T15:20:00Z,29.0071167,0.0000493,60,22.8125
2026-09-28T15:21:00Z,29.007115,0.0000606,60,22.875
2026-09-28T15:22:00Z,29.0071033,0.000045,60,22.875
2026-09-28T15:23:00Z,29.0071417,0.0000561,60,22.875
2026-09-28T15:24:00Z,29.0071483,0.0000537,60,22.875
2026-09-28T15:25:00Z,29.0071133,0.0000536,60,22.875
2026-09-28T15:26:00Z,29.007125,0.0000571,60,22.875
2026-09-28T15:27:00Z,29.0071017,0.0000469,60,22.875
2026-09-28T15:28:00Z,29.0071083,0.0000424,60,22.875
2026-09-28T15:29:00Z,29.0070783,0.000049,60,22.875
2026-09-28T15:30:00Z,29.0071067,0.0000578,60,22.875
2026-09-28T15:31:00Z,29.0070678,0.0000539,59,22.925
2026-09-28T15:32:00Z,29.0070783,0.0000585,60,22.9375
2026-09-28T15:33:00Z,29.0070967,0.0000688,60,22.9375
2026-09-28T15:34:00Z,29.0070733,0.0000634,60,22.9375
2026-09-28T15:35:00Z,29.0070983,0.0000624,60,22.9375
2026-09-28T15:36:00Z,29.007075,0.0000541,60,22.9375
2026-09-28T15:37:00Z,29.0070867,0.0000623,60,22.9375
2026-09-28T15:38:00Z,29.0071533,0.0000566,60,22.9375
2026-09-28T15:39:00Z,29.00714,0.0000494,60,22.95
2026-09-28T15:40:00Z,29.0071083,0.0000829,60,23.0
2026-09-28T15:41:00Z,29.0071183,0.0000624,60,23.0
2026-09-28T15:42:00Z,29.0071383,0.0000524,60,23.0
2026-09-28T15:43:00Z,29.00716,0.0000558,60,23.0
2026-09-28T15:44:00Z,29.0071483,0.0000651,60,23.0
2026-09-28T15:45:00Z,29.0071533,0.0000596,60,23.0
2026-09-28T15:46:00Z,29.007135,0.0000515,60,23.0
2026-09-28T15:47:00Z,29.0071217,0.0000585,60,23.0
2026-09-28T15:48:00Z,29.0070417,0.0000561,60,23.0
2026-09-28T15:49:00Z,29.0070867,0.00007,60,23.05
2026-09-28T15:50:00Z,29.0071233,0.0000647,60,23.0625
2026-09-28T15:51:00Z,29.00707,0.0000462,60,23.0625
2026-09-28T15:52:00Z,29.00714,0.0000694,60,23.0625
2026-09-28T15:53:00Z,29.0071283,0.000049,60,23.0625
2026-09-28T15:54:00Z,29.0071417,0.000053,60,23.0625
2026-09-28T15:55:00Z,29.0071283,0.0000585,60,23.0625
2026-09-28T15:56:00Z,29.0071867,0.0000596,60,23.0625
2026-09-28T15:57:00Z,29.0071117,0.0000666,60,23.0625
2026-09-28T15:58:00Z,29.0070567,0.0000593,60,23.0625
2026-09-28T15:59:00Z,29.0071317,0.0000676,60,23.0625
2026-09-28T16:00:00Z,29.0070533,0.000065,60,23.075
2026-09-28T16:01:00Z,29.00706,0.0000643,60,23.1
2026-09-28T16:02:00Z,29.0071183,0.0000676,60,23.125
2026-09-28T16:03:00Z,29.0070933,0.0000578,60,23.125
2026-09-28T16:04:00Z,29.0071267,0.0000607,60,23.125
2026-09-28T16:05:00Z,29.0071133,0.000043,60,23.125
2026-09-28T16:06:00Z,29.0070683,0.0000537,60,23.125
2026-09-28T16:07:00Z,29.0070867,0.0000566,60,23.125
2026-09-28T16:08:00Z,29.0070233,0.0000563,60,23.125
2026-09-28T16:09:00Z,29.00697,0.0000696,60,23.125
2026-09-28T16:10:00Z,29.0070367,0.0000712,60,23.125
2026-09-28T16:11:00Z,29.0071033,0.0000581,60,23.125
2026-09-28T16:12:00Z,29.007025,0.0000816,60,23.125
2026-09-28T16:13:00Z,29.006985,0.0000755,60,23.125
2026-09-28T16:14:00Z,29.00704,0.0000718,60,23.125
2026-09-28T16:15:00Z,29.0070867,0.0000724,60,23.125
2026-09-28T16:16:00Z,29.0070967,0.0000551,60,23.125
2026-09-28T16:17:00Z,29.007135,0.0000685,60,23.125
2026-09-28T16:18:00Z,29.00708,0.0000755,60,23.125
2026-09-28T16:19:00Z,29.0071783,0.0000555,60,23.125
2026-09-28T16:20:00Z,29.007125,0.0000654,60,23.125
2026-09-28T16:21:00Z,29.0070831,0.000062,59,23.125
2026-09-28T16:22:00Z,29.0070683,0.0000651,60,23.125
2026-09-28T16:23:00Z,29.0070633,0.000061,60,23.125
2026-09-28T16:24:00Z,29.0070717,0.0000524,60,23.125
2026-09-28T16:25:00Z,29.0070633,0.000061,60,23.125
2026-09-28T16:26:00Z,29.0070583,0.0000591,60,23.125
2026-09-28T16:27:00Z,29.0069917,0.0000619,60,23.1625
2026-09-28T16:28:00Z,29.006995,0.0000594,60,23.1875
2026-09-28T16:29:00Z,29.0070567,0.0000563,60,23.1875
2026-09-28T16:30:00Z,29.00704,0.0000494,60,23.1875
2026-09-28T16:31:00Z,29.0070183,0.0000651,60,23.1875
2026-09-28T16:32:00Z,29.007,0.0000611,60,23.1875
2026-09-28T16:33:00Z,29.0069617,0.000064,60,23.1875
2026-09-28T16:34:00Z,29.0069467,0.000065,60,23.1875
2026-09-28T16:35:00Z,29.0070167,0.0000615,60,23.1875
2026-09-28T16:36:00Z,29.0070167,0.0000457,60,23.2
2026-09-28T16:37:00Z,29.0069683,0.0000624,60,23.2375
2026-09-28T16:38:00Z,29.0069867,0.0000566,60,23.25
2026-09-28T16:39:00Z,29.0069883,0.0000761,60,23.25
2026-09-28T16:40:00Z,29.0070083,0.0000645,60,23.25
2026-09-28T16:41:00Z,29.0070483,0.0000624,60,23.25
2026-09-28T16:42:00Z,29.0069933,0.0000607,60,23.25
2026-09-28T16:43:00Z,29.006945,0.0000723,60,23.3125
2026-09-28T16:44:00Z,29.0069517,0.0000537,60,23.3125
2026-09-28T16:45:00Z,29.00691,0.0000573,60,23.3125
2026-09-28T16:46:00Z,29.006935,0.0000577,60,23.3125
2026-09-28T16:47:00Z,29.0069233,0.0000698,60,23.3125
2026-09-28T16:48:00Z,29.00699,0.0000752,60,23.35
2026-09-28T16:49:00Z,29.006945,0.0000594,60,23.375
2026-09-28T16:50:00Z,29.0068933,0.0000634,60,23.375
2026-09-28T16:51:00Z,29.0070383,0.0000825,60,23.375
2026-09-28T16:52:00Z,29.007015,0.0000481,60,23.375
2026-09-28T16:53:00Z,29.0070467,0.0000676,60,23.375
2026-09-28T16:54:00Z,29.0069917,0.0000561,60,23.375
2026-09-28T16:55:00Z,29.0070133,0.0000503,60,23.4
2026-09-28T16:56:00Z,29.0070067,0.0000516,60,23.4375
2026-09-28T16:57:00Z,29.0071117,0.0000585,60,23.4375
2026-09-28T16:58:00Z,29.0071083,0.0000424,60,23.4375
2026-09-28T16:59:00Z,29.0071117,0.0000585,60,23.4375
2026-09-28T17:00:00Z,29.0070683,0.0000504,60,23.4375
2026-09-28T17:01:00Z,29.0070233,0.0000563,60,23.4375
2026-09-28T17:02:00Z,29.007045,0.0000594,60,23.4375
2026-09-28T17:03:00Z,29.0070433,0.0000698,60,23.4375
2026-09-28T17:04:00Z,29.0070333,0.0000655,60,23.4375
2026-09-28T17:05:00Z,29.0070717,0.0000555,60,23.45
2026-09-28T17:06:00Z,29.007035,0.0000659,60,23.5
2026-09-28T17:07:00Z,29.00702,0.0000755,60,23.5
2026-09-28T17:08:00Z,29.0070533,0.0000566,60,23.5
2026-09-28T17:09:00Z,29.007035,0.0000577,60,23.5
2026-09-28T17:10:00Z,29.0069932,0.0000666,59,23.5
2026-09-28T17:11:00Z,29.0070167,0.0000717,60,23.5
2026-09-28T17:12:00Z,29.0069883,0.0000783,60,23.5
2026-09-28T17:13:00Z,29.0070733,0.0000634,60,23.55
2026-09-28T17:14:00Z,29.0070333,0.000051,60,23.5625
2026-09-28T17:15:00Z,29.0070583,0.0000619,60,23.5625
2026-09-28T17:16:00Z,29.00701,0.000063,60,23.5625
2026-09-28T17:17:00Z,29.0069983,0.000077,60,23.5625
2026-09-28T17:18:00Z,29.0069567,0.0000593,60,23.5625
2026-09-28T17:19:00Z,29.0069583,0.0000561,60,23.575
2026-09-28T17:20:00Z,29.006975,0.0000437,60,23.625
2026-09-28T17:21:00Z,29.0069633,0.0000581,60,23.625
2026-09-28T17:22:00Z,29.006955,0.0000565,60,23.625
2026-09-28T17:23:00Z,29.0069833,0.0000642,60,23.625
2026-09-28T17:24:00Z,29.0069583,0.000053,60,23.625
2026-09-28T17:25:00Z,29.0069483,0.0000676,60,23.625
2026-09-28T17:26:00Z,29.0068367,0.000092,60,23.65
2026-09-28T17:27:00Z,29.0068,0.0000582,60,23.6875
2026-09-28T17:28:00Z,29.00682,0.0000632,60,23.6875
2026-09-28T17:29:00Z,29.006825,0.0000508,60,23.6875
2026-09-28T17:30:00Z,29.006785,0.0000577,60,23.6875
2026-09-28T17:31:00Z,29.0068,0.0000736,60,23.6875
2026-09-28T17:32:00Z,29.0067867,0.0000623,60,23.6875
2026-09-28T17:33:00Z,29.006785,0.0000606,60,23.6875
2026-09-28T17:34:00Z,29.0068433,0.0000647,60,23.6875
2026-09-28T17:35:00Z,29.0068567,0.0000673,60,23.6875
2026-09-28T17:36:00Z,29.006915,0.0000633,60,23.6875
2026-09-28T17:37:00Z,29.00691,0.0000511,60,23.6875
2026-09-28T17:38:00Z,29.0068883,0.0000613,60,23.6875
2026-09-28T17:39:00Z,29.00686,0.0000588,60,23.6875
2026-09-28T17:40:00Z,29.006935,0.0000577,60,23.6875
2026-09-28T17:41:00Z,29.0068883,0.000064,60,23.6875
2026-09-28T17:42:00Z,29.00689,0.0000656,60,23.6875
2026-09-28T17:43:00Z,29.0068733,0.0000578,60,23.6875
2026-09-28T17:44:00Z,29.0068883,0.000064,60,23.6875
2026-09-28T17:45:00Z,29.0068667,0.0000572,60,23.6875
2026-09-28T17:46:00Z,29.00692,0.0000576,60,23.6875
2026-09-28T17:47:00Z,29.0069317,0.0000567,60,23.6875
2026-09-28T17:48:00Z,29.00692,0.0000443,60,23.6875
2026-09-28T17:49:00Z,29.0068967,0.000052,60,23.6875
2026-09-28T17:50:00Z,29.0069117,0.000049,60,23.6875
2026-09-28T17:51:00Z,29.006895,0.0000502,60,23.6875
2026-09-28T17:52:00Z,29.0068817,0.0000469,60,23.6875
2026-09-28T17:53:00Z,29.006855,0.0000534,60,23.6875
2026-09-28T17:54:00Z,29.0068183,0.0000504,60,23.6875
2026-09-28T17:55:00Z,29.0068317,0.0000504,60,23.6875
2026-09-28T17:56:00Z,29.0068667,0.000051,60,23.6875
2026-09-28T17:57:00Z,29.0067817,0.000077,60,23.6875
2026-09-28T17:58:00Z,29.0068542,0.0000567,59,23.6875
2026-09-28T17:59:00Z,29.0068617,0.0000739,60,23.6875
2026-09-28T18:00:00Z,29.006855,0.0000622,60,23.6875
2026-09-28T18:01:00Z,29.00686,0.0000494,60,23.6875
2026-09-28T18:02:00Z,29.006865,0.0000577,60,23.6875
2026-09-28T18:03:00Z,29.0068567,0.00005,60,23.6875
2026-09-28T18:04:00Z,29.00683,0.0000462,60,23.6875
2026-09-28T18:05:00Z,29.00682,0.0000659,60,23.6875
2026-09-28T18:06:00Z,29.006845,0.0000502,60,23.6875
2026-09-28T18:07:00Z,29.0068317,0.0000567,60,23.6875
2026-09-28T18:08:00Z,29.0068117,0.0000524,60,23.6875
2026-09-28T18:09:00Z,29.0067867,0.0000503,60,23.6875
2026-09-28T18:10:00Z,29.00679,0.0000543,60,23.6875
2026-09-28T18:11:00Z,29.006805,0.0000565,60,23.6875
2026-09-28T18:12:00Z,29.0068033,0.0000581,60,23.6875
2026-09-28T18:13:00Z,29.0067683,0.0000567,60,23.6875
2026-09-28T18:14:00Z,29.00675,0.0000676,60,23.7
2026-09-28T18:15:00Z,29.0067717,0.0000454,60,23.725
2026-09-28T18:16:00Z,29.00674,0.0000643,60,23.7375
2026-09-28T18:17:00Z,29.0068517,0.0000567,60,23.75
2026-09-28T18:18:00Z,29.006855,0.0000565,60,23.75
2026-09-28T18:19:00Z,29.00689,0.0000656,60,23.75
2026-09-28T18:20:00Z,29.006765,0.0000659,60,23.75
2026-09-28T18:21:00Z,29.00673,0.0000619,60,23.75
2026-09-28T18:22:00Z,29.0067667,0.0000655,60,23.75
2026-09-28T18:23:00Z,29.006745,0.0000502,60,23.75
2026-09-28T18:24:00Z,29.00674,0.0000669,60,23.75
2026-09-28T18:25:00Z,29.0066967,0.0000581,60,23.75
2026-09-28T18:26:00Z,29.0066917,0.0000696,60,23.75
2026-09-28T18:27:00Z,29.0066733,0.0000634,60,23.75
2026-09-28T18:28:00Z,29.0066817,0.0000651,60,23.75
2026-09-28T18:29:00Z,29.0066933,0.0000634,60,23.75
2026-09-28T18:30:00Z,29.00667,0.000053,60,23.75
2026-09-28T18:31:00Z,29.0066733,0.0000733,60,23.75
2026-09-28T18:32:00Z,29.0066867,0.0000769,60,23.75
2026-09-28T18:33:00Z,29.0066767,0.0000621,60,23.775
2026-09-28T18:34:00Z,29.00672,0.0000514,60,23.8125
2026-09-28T18:35:00Z,29.006735,0.0000547,60,23.8125
2026-09-28T18:36:00Z,29.0066617,0.0000524,60,23.8125
2026-09-28T18:37:00Z,29.006705,0.0000699,60,23.8125
2026-09-28T18:38:00Z,29.0066717,0.0000846,60,23.8125
2026-09-28T18:39:00Z,29.0066867,0.0000503,60,23.8125
2026-09-28T18:40:00Z,29.0066283,0.0000715,60,23.8125
2026-09-28T18:41:00Z,29.0066783,0.000064,60,23.8125
2026-09-28T18:42:00Z,29.0067517,0.0000624,60,23.8125
2026-09-28T18:43:00Z,29.0066483,0.0000596,60,23.8125
2026-09-28T18:44:00Z,29.006695,0.0000699,60,23.8125
2026-09-28T18:45:00Z,29.0066817,0.0000748,60,23.8125
2026-09-28T18:46:00Z,29.006685,0.0000606,60,23.8125
2026-09-28T18:47:00Z,29.00676,0.0000669,60,23.825
2026-09-28T18:48:00Z,29.0066864,0.0000973,59,23.8375
2026-09-28T18:49:00Z,29.006685,0.0000481,60,23.875
2026-09-28T18:50:00Z,29.0066817,0.0000748,60,23.875
2026-09-28T18:51:00Z,29.0067117,0.0000524,60,23.875
2026-09-28T18:52:00Z,29.0066633,0.0000551,60,23.875
2026-09-28T18:53:00Z,29.00661,0.0000477,60,23.875
2026-09-28T18:54:00Z,29.0066233,0.0000647,60,23.875
2026-09-28T18:55:00Z,29.0066633,0.0000581,60,23.875
2026-09-28T18:56:00Z,29.0066333,0.000051,60,23.875
2026-09-28T18:57:00Z,29.0066817,0.0000596,60,23.8875
2026-09-28T18:58:00Z,29.006685,0.0000633,60,23.9375
2026-09-28T18:59:00Z,29.0066567,0.0000563,60,23.9375
2026-09-28T19:00:00Z,29.0066183,0.0000504,60,23.9375
2026-09-28T19:01:00Z,29.0066717,0.0000739,60,23.9375
2026-09-28T19:02:00Z,29.0066917,0.0000696,60,23.9375
2026-09-28T19:03:00Z,29.0066733,0.0000756,60,23.9375
2026-09-28T19:04:00Z,29.0066517,0.000077,60,23.9375
2026-09-28T19:05:00Z,29.0065283,0.0000555,60,23.9375
2026-09-28T19:06:00Z,29.00661,0.0000511,60,23.9375
2026-09-28T19:07:00Z,29.00665,0.0000624,60,23.9875
2026-09-28T19:08:00Z,29.0066233,0.0000427,60,24.0
2026-09-28T19:09:00Z,29.0065483,0.0000596,60,24.0
2026-09-28T19:10:00Z,29.0065483,0.0000624,60,24.0
2026-09-28T19:11:00Z,29.0065767,0.0000621,60,24.0
2026-09-28T19:12:00Z,29.0065633,0.0000637,60,24.0
2026-09-28T19:13:00Z,29.0066317,0.0000701,60,24.025
2026-09-28T19:14:00Z,29.00666,0.0000694,60,24.05
2026-09-28T19:15:00Z,29.00662,0.0000514,60,24.0625
2026-09-28T19:16:00Z,29.0066367,0.000061,60,24.0625
2026-09-28T19:17:00Z,29.00659,0.0000681,60,24.0625
2026-09-28T19:18:00Z,29.0065717,0.0000585,60,24.0625
2026-09-28T19:19:00Z,29.0066217,0.0000825,60,24.0625
2026-09-28T19:20:00Z,29.0065833,0.000074,60,24.125
2026-09-28T19:21:00Z,29.00657,0.0000619,60,24.125
2026-09-28T19:22:00Z,29.0066067,0.0000482,60,24.125
2026-09-28T19:23:00Z,29.0066083,0.0000591,60,24.125
2026-09-28T19:24:00Z,29.0065717,0.0000666,60,24.125
2026-09-28T19:25:00Z,29.006615,0.0000444,60,24.125
2026-09-28T19:26:00Z,29.006525,0.00006,60,24.125
2026-09-28T19:27:00Z,29.0064733,0.000066,60,24.125
2026-09-28T19:28:00Z,29.0064767,0.0000533,60,24.175
2026-09-28T19:29:00Z,29.0064533,0.0000503,60,24.1875
2026-09-28T19:30:00Z,29.0065117,0.0000666,60,24.1875
2026-09-28T19:31:00Z,29.0065317,0.0000567,60,24.1875
2026-09-28T19:32:00Z,29.0064967,0.0000637,60,24.1875
2026-09-28T19:33:00Z,29.0064683,0.0000596,60,24.1875
2026-09-28T19:34:00Z,29.0064683,0.0000567,60,24.1875
2026-09-28T19:35:00Z,29.0064783,0.0000691,60,24.1875
2026-09-28T19:36:00Z,29.006525,0.00006,60,24.1875
2026-09-28T19:37:00Z,29.0065593,0.0000646,59,24.2
2026-09-28T19:38:00Z,29.00655,0.0000504,60,24.2375
2026-09-28T19:39:00Z,29.0064567,0.0000563,60,24.25
2026-09-28T19:40:00Z,29.0064667,0.0000655,60,24.25
2026-09-28T19:41:00Z,29.006475,0.0000474,60,24.25
2026-09-28T19:42:00Z,29.0064667,0.000051,60,24.25
2026-09-28T19:43:00Z,29.0064117,0.0000585,60,24.25
2026-09-28T19:44:00Z,29.00642,0.0000659,60,24.25
2026-09-28T19:45:00Z,29.0064383,0.0000846,60,24.25
2026-09-28T19:46:00Z,29.00643,0.0000743,60,24.25
2026-09-28T19:47:00Z,29.0064433,0.0000647,60,24.25
2026-09-28T19:48:00Z,29.00652,0.0000576,60,24.2875
2026-09-28T19:49:00Z,29.0064367,0.0000802,60,24.3125
2026-09-28T19:50:00Z,29.0063883,0.000064,60,24.3125
2026-09-28T19:51:00Z,29.0064567,0.0000673,60,24.3125
2026-09-28T19:52:00Z,29.006485,0.0000515,60,24.3125
2026-09-28T19:53:00Z,29.0064133,0.0000596,60,24.3125
2026-09-28T19:54:00Z,29.0064533,0.0000596,60,24.3125
2026-09-28T19:55:00Z,29.006405,0.0000746,60,24.3125
2026-09-28T19:56:00Z,29.0064183,0.0000596,60,24.3125
2026-09-28T19:57:00Z,29.0064017,0.0000537,60,24.3125
2026-09-28T19:58:00Z,29.0063917,0.0000619,60,24.3125
2026-09-28T19:59:00Z,29.006355,0.0000534,60,24.3125
2026-09-28T20:00:00Z,29.0063883,0.0000783,60,24.3125
2026-09-28T20:01:00Z,29.006345,0.0000699,60,24.3125
2026-09-28T20:02:00Z,29.00632,0.0000708,60,24.3125
2026-09-28T20:03:00Z,29.0064,0.0000664,60,24.3125
2026-09-28T20:04:00Z,29.0064033,0.000052,60,24.3125
2026-09-28T20:05:00Z,29.00639,0.000073,60,24.3125
2026-09-28T20:06:00Z,29.0063333,0.000051,60,24.3125
2026-09-28T20:07:00Z,29.0064567,0.0000673,60,24.3125
2026-09-28T20:08:00Z,29.0063933,0.0000821,60,24.3125
2026-09-28T20:09:00Z,29.0063417,0.0000561,60,24.3125
2026-09-28T20:10:00Z,29.0063583,0.000072,60,24.3125
2026-09-28T20:11:00Z,29.006355,0.0000622,60,24.3125
2026-09-28T20:12:00Z,29.0063567,0.0000563,60,24.325
2026-09-28T20:13:00Z,29.0063683,0.0000701,60,24.3125
2026-09-28T20:14:00Z,29.0063517,0.0000651,60,24.3125
2026-09-28T20:15:00Z,29.0063067,0.0000548,60,24.325
2026-09-28T20:16:00Z,29.0063833,0.0000827,60,24.325
2026-09-28T20:17:00Z,29.0063667,0.0000601,60,24.35
2026-09-28T20:18:00Z,29.0062883,0.0000524,60,24.3375
2026-09-28T20:19:00Z,29.0062967,0.0000486,60,24.3375
2026-09-28T20:20:00Z,29.0063317,0.0000748,60,24.35
2026-09-28T20:21:00Z,29.0063,0.0000713,60,24.325
2026-09-28T20:22:00Z,29.00631,0.0000511,60,24.3375
2026-09-28T20:23:00Z,29.0063533,0.0000566,60,24.325
2026-09-28T20:24:00Z,29.00631,0.0000399,60,24.325
2026-09-28T20:25:00Z,29.0063633,0.000061,60,24.3125
2026-09-28T20:26:00Z,29.0063678,0.0000797,59,24.3125
2026-09-28T20:27:00Z,29.00632,0.0000708,60,24.3125
2026-09-28T20:28:00Z,29.006385,0.0000606,60,24.3125
2026-09-28T20:29:00Z,29.0063483,0.0000651,60,24.3125
2026-09-28T20:30:00Z,29.0062967,0.0000551,60,24.3125
2026-09-28T20:31:00Z,29.0063233,0.0000871,60,24.3125
2026-09-28T20:32:00Z,29.00634,0.0000887,60,24.3125
2026-09-28T20:33:00Z,29.0063567,0.00005,60,24.3125
2026-09-28T20:34:00Z,29.0064233,0.0000909,60,24.3125
2026-09-28T20:35:00Z,29.0064317,0.0000624,60,24.325
2026-09-28T20:36:00Z,29.0064033,0.0000758,60,24.3125
2026-09-28T20:37:00Z,29.0063933,0.0000778,60,24.3125
2026-09-28T20:38:00Z,29.0063717,0.0000739,60,24.3281
2026-09-28T20:39:00Z,29.0063367,0.0000551,60,24.3125
2026-09-28T20:40:00Z,29.0064333,0.0000681,60,24.3125
2026-09-28T20:41:00Z,29.0064617,0.0000739,60,24.3125
2026-09-28T20:42:00Z,29.006345,0.0000622,60,24.3125
2026-09-28T20:43:00Z,29.0062817,0.0000469,60,24.3125
2026-09-28T20:44:00Z,29.0063167,0.0000557,60,24.3125
2026-09-28T20:45:00Z,29.0063267,0.0000686,60,24.3125
2026-09-28T20:46:00Z,29.0063233,0.0000593,60,24.3125
2026-09-28T20:47:00Z,29.0062933,0.000066,60,24.3125
2026-09-28T20:48:00Z,29.00638,0.0000684,60,24.3125
2026-09-28T20:49:00Z,29.0063983,0.0000813,60,24.3125
2026-09-28T20:50:00Z,29.00633,0.0000619,60,24.3125
2026-09-28T20:51:00Z,29.0063133,0.0000468,60,24.3125
2026-09-28T20:52:00Z,29.006345,0.0000565,60,24.3125
2026-09-28T20:53:00Z,29.0063267,0.0000634,60,24.3125
2026-09-28T20:54:00Z,29.00633,0.0000619,60,24.3125
2026-09-28T20:55:00Z,29.00636,0.0000807,60,24.3125
2026-09-28T20:56:00Z,29.006345,0.0000565,60,24.3125
2026-09-28T20:57:00Z,29.0062833,0.0000526,60,24.3125
2026-09-28T20:58:00Z,29.0063283,0.0000715,60,24.3125
2026-09-28T20:59:00Z,29.0062867,0.000065,60,24.2625
2026-09-28T21:00:00Z,29.0062683,0.0000469,60,24.2625
2026-09-28T21:01:00Z,29.006275,0.0000474,60,24.25
2026-09-28T21:02:00Z,29.0062717,0.000049,60,24.25
2026-09-28T21:03:00Z,29.0062483,0.0000596,60,24.25
2026-09-28T21:04:00Z,29.0062283,0.000049,60,24.25
2026-09-28T21:05:00Z,29.0062417,0.0000591,60,24.25
2026-09-28T21:06:00Z,29.0061967,0.000045,60,24.25
2026-09-28T21:07:00Z,29.0063183,0.0000701,60,24.25
2026-09-28T21:08:00Z,29.006305,0.0000502,60,24.25
2026-09-28T21:09:00Z,29.0063117,0.0000666,60,24.2625
2026-09-28T21:10:00Z,29.0062617,0.0000613,60,24.2875
2026-09-28T21:11:00Z,29.0063517,0.0000854,60,24.2875
2026-09-28T21:12:00Z,29.0062817,0.0000567,60,24.3125
2026-09-28T21:13:00Z,29.0062683,0.0000624,60,24.3125
2026-09-28T21:14:00Z,29.0062407,0.0000561,59,24.3125
2026-09-28T21:15:00Z,29.0062417,0.0000671,60,24.3125
2026-09-28T21:16:00Z,29.00624,0.0000494,60,24.3125
2026-09-28T21:17:00Z,29.00622,0.0000546,60,24.3125
2026-09-28T21:18:00Z,29.0061983,0.0000537,60,24.3125
2026-09-28T21:19:00Z,29.0062133,0.0000536,60,24.3125
2026-09-28T21:20:00Z,29.0062117,0.0000613,60,24.3125
2026-09-28T21:21:00Z,29.0062167,0.0000526,60,24.3125
2026-09-28T21:22:00Z,29.0062117,0.0000372,60,24.3125
2026-09-28T21:23:00Z,29.0061867,0.0000623,60,24.3125
2026-09-28T21:24:00Z,29.00617,0.000053,60,24.3125
2026-09-28T21:25:00Z,29.0061667,0.0000629,60,24.3125
2026-09-28T21:26:00Z,29.0061567,0.0000533,60,24.3125
2026-09-28T21:27:00Z,29.006185,0.0000709,60,24.3594
2026-09-28T21:28:00Z,29.0062383,0.0000761,60,24.375
2026-09-28T21:29:00Z,29.0062483,0.0000596,60,24.375
2026-09-28T21:30:00Z,29.0062,0.0000689,60,24.375
2026-09-28T21:31:00Z,29.006205,0.0000502,60,24.375
2026-09-28T21:32:00Z,29.00619,0.0000477,60,24.375
2026-09-28T21:33:00Z,29.00623,0.0000671,60,24.375
2026-09-28T21:34:00Z,29.006165,0.0000732,60,24.375
2026-09-28T21:35:00Z,29.006185,0.0000606,60,24.375
2026-09-28T21:36:00Z,29.0062183,0.0000567,60,24.375
2026-09-28T21:37:00Z,29.0062,0.0000487,60,24.375
2026-09-28T21:38:00Z,29.0062167,0.0000493,60,24.375
2026-09-28T21:39:00Z,29.0061717,0.0000739,60,24.375
2026-09-28T21:40:00Z,29.0061567,0.0000647,60,24.375
2026-09-28T21:41:00Z,29.0061383,0.0000585,60,24.375
2026-09-28T21:42:00Z,29.0060683,0.0000567,60,24.375
2026-09-28T21:43:00Z,29.0061417,0.0000619,60,24.4
2026-09-28T21:44:00Z,29.0061417,0.0000619,60,24.425
2026-09-28T21:45:00Z,29.0061083,0.000053,60,24.4375
2026-09-28T21:46:00Z,29.00616,0.0000718,60,24.4375
2026-09-28T21:47:00Z,29.0061417,0.0000696,60,24.4375
2026-09-28T21:48:00Z,29.0061417,0.0000696,60,24.4375
2026-09-28T21:49:00Z,29.0061,0.0000638,60,24.4375
2026-09-28T21:50:00Z,29.006155,0.0000565,60,24.4375
2026-09-28T21:51:00Z,29.006145,0.0000675,60,24.4375
2026-09-28T21:52:00Z,29.006125,0.000068,60,24.4375
2026-09-28T21:53:00Z,29.0061217,0.0000555,60,24.4375
2026-09-28T21:54:00Z,29.00612,0.0000443,60,24.4688
2026-09-28T21:55:00Z,29.0061033,0.0000581,60,24.5
2026-09-28T21:56:00Z,29.0061217,0.0000555,60,24.5
2026-09-28T21:57:00Z,29.006135,0.0000633,60,24.5
2026-09-28T21:58:00Z,29.00612,0.0000632,60,24.5
2026-09-28T21:59:00Z,29.006125,0.0000474,60,24.5
2026-09-28T22:00:00Z,29.00616,0.0000694,60,24.5
2026-09-28T22:01:00Z,29.0060864,0.0000706,59,24.5
2026-09-28T22:02:00Z,29.006065,0.0000709,60,24.5
2026-09-28T22:03:00Z,29.0061867,0.0000503,60,24.5
2026-09-28T22:04:00Z,29.0060433,0.0000698,60,24.5125
2026-09-28T22:05:00Z,29.0060683,0.0000651,60,24.525
2026-09-28T22:06:00Z,29.0061067,0.00008,60,24.5521
2026-09-28T22:07:00Z,29.0060783,0.0000761,60,24.5625
2026-09-28T22:08:00Z,29.006035,0.0000547,60,24.5625
2026-09-28T22:09:00Z,29.006025,0.0000571,60,24.5625
2026-09-28T22:10:00Z,29.0060533,0.0000596,60,24.5625
2026-09-28T22:11:00Z,29.0060667,0.0000655,60,24.5625
2026-09-28T22:12:00Z,29.006045,0.0000565,60,24.5625
2026-09-28T22:13:00Z,29.0060267,0.0000482,60,24.5625
2026-09-28T22:14:00Z,29.00601,0.0000354,60,24.5625
2026-09-28T22:15:00Z,29.006005,0.0000534,60,24.5625
2026-09-28T22:16:00Z,29.0060033,0.000061,60,24.5625
2026-09-28T22:17:00Z,29.00608,0.0000777,60,24.5625
2026-09-28T22:18:00Z,29.0061033,0.0000581,60,24.5625
2026-09-28T22:19:00Z,29.0061067,0.0000548,60,24.5625
2026-09-28T22:20:00Z,29.0061383,0.0000555,60,24.6042
2026-09-28T22:21:00Z,29.0060783,0.0000555,60,24.625
2026-09-28T22:22:00Z,29.0061117,0.0000555,60,24.625
2026-09-28T22:23:00Z,29.0060867,0.0000596,60,24.625
2026-09-28T22:24:00Z,29.0060333,0.0000629,60,24.625
2026-09-28T22:25:00Z,29.00602,0.0000576,60,24.625
2026-09-28T22:26:00Z,29.0059883,0.0000524,60,24.625
2026-09-28T22:27:00Z,29.0060083,0.0000645,60,24.625
2026-09-28T22:28:00Z,29.006045,0.0000649,60,24.625
2026-09-28T22:29:00Z,29.0060283,0.0000555,60,24.625
2026-09-28T22:30:00Z,29.00604,0.0000588,60,24.625
2026-09-28T22:31:00Z,29.0060583,0.0000497,60,24.625
2026-09-28T22:32:00Z,29.0060067,0.0000516,60,24.625
2026-09-28T22:33:00Z,29.0060283,0.0000524,60,24.625
2026-09-28T22:34:00Z,29.005965,0.0000709,60,24.6875
2026-09-28T22:35:00Z,29.0058833,0.0000668,60,24.6875
2026-09-28T22:36:00Z,29.0059183,0.0000431,60,24.6875
2026-09-28T22:37:00Z,29.0060183,0.0000701,60,24.6875
2026-09-28T22:38:00Z,29.005945,0.0000811,60,24.6875
2026-09-28T22:39:00Z,29.0059417,0.0000645,60,24.6875
2026-09-28T22:40:00Z,29.0059733,0.0000778,60,24.6875
2026-09-28T22:41:00Z,29.00598,0.0000659,60,24.6875
2026-09-28T22:42:00Z,29.00597,0.0000497,60,24.6875
2026-09-28T22:43:00Z,29.0060117,0.0000691,60,24.6875
2026-09-28T22:44:00Z,29.0060583,0.0000591,60,24.6875
2026-09-28T22:45:00Z,29.00603,0.0000696,60,24.6875
2026-09-28T22:46:00Z,29.00603,0.0000619,60,24.6875
2026-09-28T22:47:00Z,29.0061067,0.0000578,60,24.7188
2026-09-28T22:48:00Z,29.00613,0.0000591,60,24.75
2026-09-28T22:49:00Z,29.0061424,0.0000563,59,24.75
2026-09-28T22:50:00Z,29.0061283,0.0000585,60,24.75
2026-09-28T22:51:00Z,29.0061267,0.0000482,60,24.75
2026-09-28T22:52:00Z,29.0060833,0.0000493,60,24.75
2026-09-28T22:53:00Z,29.0060183,0.0000469,60,24.75
2026-09-28T22:54:00Z,29.0059967,0.000052,60,24.75
2026-09-28T22:55:00Z,29.005925,0.0000628,60,24.8
2026-09-28T22:56:00Z,29.0059417,0.0000591,60,24.8125
2026-09-28T22:57:00Z,29.00591,0.0000511,60,24.8125
2026-09-28T22:58:00Z,29.00596,0.0000616,60,24.8125
2026-09-28T22:59:00Z,29.0060083,0.0000671,60,24.8125
2026-09-28T23:00:00Z,29.0059983,0.0000431,60,24.8125
2026-09-28T23:01:00Z,29.00603,0.0000497,60,24.875
2026-09-28T23:02:00Z,29.0060017,0.0000504,60,24.875
2026-09-28T23:03:00Z,29.0059933,0.0000516,60,24.875
2026-09-28T23:04:00Z,29.0059833,0.0000557,60,24.875
2026-09-28T23:05:00Z,29.0058917,0.0000591,60,24.875
2026-09-28T23:06:00Z,29.0059683,0.0000651,60,24.875
2026-09-28T23:07:00Z,29.0060567,0.0000533,60,24.9375
2026-09-28T23:08:00Z,29.0060667,0.0000542,60,24.9375
2026-09-28T23:09:00Z,29.0060533,0.0000536,60,24.9375
2026-09-28T23:10:00Z,29.0059767,0.0000767,60,24.9375
2026-09-28T23:11:00Z,29.0060267,0.0000548,60,24.9375
2026-09-28T23:12:00Z,29.0059933,0.0000634,60,24.9375
2026-09-28T23:13:00Z,29.0060233,0.0000465,60,24.9375
2026-09-28T23:14:00Z,29.00598,0.0000514,60,25.0
2026-09-28T23:15:00Z,29.0059683,0.0000676,60,25.0
2026-09-28T23:16:00Z,29.00591,0.0000681,60,25.0
2026-09-28T23:17:00Z,29.0059583,0.0000591,60,25.0
2026-09-28T23:18:00Z,29.0059,0.0000638,60,25.0
2026-09-28T23:19:00Z,29.0059533,0.0000623,60,25.0
2026-09-28T23:20:00Z,29.005985,0.0000547,60,25.0
2026-09-28T23:21:00Z,29.0058733,0.0000634,60,25.0
2026-09-28T23:22:00Z,29.0059783,0.000064,60,25.05
2026-09-28T23:23:00Z,29.0059967,0.000045,60,25.0625
2026-09-28T23:24:00Z,29.005975,0.0000654,60,25.0625
2026-09-28T23:25:00Z,29.0059583,0.0000591,60,25.0625
2026-09-28T23:26:00Z,29.0059917,0.0000561,60,25.0625
2026-09-28T23:27:00Z,29.0060517,0.0000567,60,25.0625
2026-09-28T23:28:00Z,29.0060083,0.0000381,60,25.0625
2026-09-28T23:29:00Z,29.0059783,0.000049,60,25.0625
2026-09-28T23:30:00Z,29.005895,0.0000746,60,25.0625
2026-09-28T23:31:00Z,29.005935,0.0001005,60,25.0625
2026-09-28T23:32:00Z,29.0060467,0.0000566,60,25.0625
2026-09-28T23:33:00Z,29.0060517,0.0000624,60,25.125
2026-09-28T23:34:00Z,29.0060617,0.0000691,60,25.1125
2026-09-28T23:35:00Z,29.0059492,0.0000972,59,25.125
2026-09-28T23:36:00Z,29.0060117,0.0000783,60,25.125
2026-09-28T23:37:00Z,29.0060417,0.0000743,60,25.125
2026-09-28T23:38:00Z,29.00603,0.0000591,60,25.125
2026-09-28T23:39:00Z,29.0060367,0.000061,60,25.125
2026-09-28T23:40:00Z,29.00597,0.000053,60,25.125
2026-09-28T23:41:00Z,29.0060017,0.0000676,60,25.125
2026-09-28T23:42:00Z,29.0060333,0.0000542,60,25.125
2026-09-28T23:43:00Z,29.00606,0.0000616,60,25.125
2026-09-28T23:44:00Z,29.0060383,0.0001027,60,25.125
2026-09-28T23:45:00Z,29.0060183,0.0000504,60,25.125
2026-09-28T23:46:00Z,29.006065,0.0000515,60,25.125
2026-09-28T23:47:00Z,29.0061,0.0000582,60,25.125
2026-09-28T23:48:00Z,29.0061117,0.0000715,60,25.125
2026-09-28T23:49:00Z,29.0060633,0.0000688,60,25.125
2026-09-28T23:50:00Z,29.0059733,0.0000733,60,25.125
2026-09-28T23:51:00Z,29.0060117,0.000049,60,25.125
2026-09-28T23:52:00Z,29.00599,0.0000543,60,25.125
2026-09-28T23:53:00Z,29.0059933,0.0000482,60,25.125
2026-09-28T23:54:00Z,29.0059117,0.0000976,60,25.125
2026-09-28T23:55:00Z,29.0059517,0.0000833,60,25.125
2026-09-28T23:56:00Z,29.00596,0.0000718,60,25.125
2026-09-28T23:57:00Z,29.0058717,0.0000783,60,25.125
2026-09-28T23:58:00Z,29.0058633,0.000078,60,25.125
2026-09-28T23:59:00Z,29.0057817,0.0000792,60,25.125
2026-09-29T00:00:00Z,29.00582,0.0000798,60,25.125
2026-09-29T00:01:00Z,29.0058633,0.0000882,60,25.125
2026-09-29T00:02:00Z,29.0058833,0.0000693,60,25.125
2026-09-29T00:03:00Z,29.005825,0.000068,60,25.125
2026-09-29T00:04:00Z,29.0058033,0.000078,60,25.1
2026-09-29T00:05:00Z,29.0057583,0.0000561,60,25.0625
2026-09-29T00:06:00Z,29.0058267,0.0000918,60,25.0625
2026-09-29T00:07:00Z,29.005885,0.000086,60,25.0625
2026-09-29T00:08:00Z,29.0057933,0.000071,60,25.0625
2026-09-29T00:09:00Z,29.0058083,0.0000829,60,25.0625
2026-09-29T00:10:00Z,29.0059217,0.0000739,60,25.0625
2026-09-29T00:11:00Z,29.0059667,0.0000572,60,25.0625
2026-09-29T00:12:00Z,29.005875,0.0000795,60,25.0625
2026-09-29T00:13:00Z,29.00588,0.0000684,60,25.0625
2026-09-29T00:14:00Z,29.0058617,0.0000976,60,25.0625
2026-09-29T00:15:00Z,29.0059467,0.0000566,60,25.0625
2026-09-29T00:16:00Z,29.0058767,0.0000767,60,25.0625
2026-09-29T00:17:00Z,29.005865,0.0000732,60,25.0625
2026-09-29T00:18:00Z,29.00586,0.0000807,60,25.025
2026-09-29T00:19:00Z,29.0057933,0.0000578,60,25.0
2026-09-29T00:20:00Z,29.0057949,0.0000729,59,25.0
2026-09-29T00:21:00Z,29.0058283,0.0000715,60,25.0
2026-09-29T00:22:00Z,29.0059133,0.000065,60,25.0
2026-09-29T00:23:00Z,29.0059617,0.0000585,60,25.0
2026-09-29T00:24:00Z,29.0058783,0.000094,60,25.0
2026-09-29T00:25:00Z,29.0058617,0.0000666,60,25.0
2026-09-29T00:26:00Z,29.0058617,0.000064,60,24.95
2026-09-29T00:27:00Z,29.005935,0.0000633,60,24.9375
2026-09-29T00:28:00Z,29.0058333,0.0000572,60,24.9375
2026-09-29T00:29:00Z,29.0058683,0.000077,60,24.9375
2026-09-29T00:30:00Z,29.00591,0.0000602,60,24.9375
2026-09-29T00:31:00Z,29.00587,0.0000619,60,24.9375
2026-09-29T00:32:00Z,29.0058683,0.0000624,60,24.9375
2026-09-29T00:33:00Z,29.005955,0.0000594,60,24.9375
2026-09-29T00:34:00Z,29.005895,0.0000622,60,24.9375
2026-09-29T00:35:00Z,29.00592,0.0000732,60,24.9
2026-09-29T00:36:00Z,29.0059233,0.0000722,60,24.875
2026-09-29T00:37:00Z,29.005985,0.0000606,60,24.875
2026-09-29T00:38:00Z,29.0058833,0.0000867,60,24.875
2026-09-29T00:39:00Z,29.005885,0.0000633,60,24.875
2026-09-29T00:40:00Z,29.0059517,0.0000748,60,24.875
2026-09-29T00:41:00Z,29.0058517,0.0000567,60,24.875
2026-09-29T00:42:00Z,29.0059183,0.0000701,60,24.875
2026-09-29T00:43:00Z,29.0059083,0.0000696,60,24.875
2026-09-29T00:44:00Z,29.00586,0.0000588,60,24.875
2026-09-29T00:45:00Z,29.0059,0.0000638,60,24.875
2026-09-29T00:46:00Z,29.00591,0.000073,60,24.875
2026-09-29T00:47:00Z,29.0059633,0.0000581,60,24.875
2026-09-29T00:48:00Z,29.0058867,0.0000769,60,24.875
2026-09-29T00:49:00Z,29.0059183,0.0000567,60,24.875
2026-09-29T00:50:00Z,29.0058617,0.0000666,60,24.875
2026-09-29T00:51:00Z,29.0058833,0.0000668,60,24.875
2026-09-29T00:52:00Z,29.005815,0.0000606,60,24.875
2026-09-29T00:53:00Z,29.0059083,0.000072,60,24.875
2026-09-29T00:54:00Z,29.0059417,0.000053,60,24.875
2026-09-29T00:55:00Z,29.0059133,0.0000623,60,24.875
2026-09-29T00:56:00Z,29.00584,0.0000527,60,24.875
2026-09-29T00:57:00Z,29.00591,0.0000796,60,24.925
2026-09-29T00:58:00Z,29.0058683,0.0000596,60,24.9375
2026-09-29T00:59:00Z,29.005875,0.0000795,60,24.9375
2026-09-29T01:00:00Z,29.0060133,0.0000468,60,24.9375
2026-09-29T01:01:00Z,29.00594,0.0000764,60,24.9375
2026-09-29T01:02:00Z,29.006005,0.0000594,60,24.9875
2026-09-29T01:03:00Z,29.0059517,0.0000537,60,25.0
2026-09-29T01:04:00Z,29.0060467,0.0000536,60,25.0
2026-09-29T01:05:00Z,29.00604,0.0000669,60,25.0
2026-09-29T01:06:00Z,29.0058867,0.0000833,60,25.0
2026-09-29T01:07:00Z,29.0059183,0.0000651,60,25.0
2026-09-29T01:08:00Z,29.0059966,0.0000586,59,25.0125
2026-09-29T01:09:00Z,29.0060133,0.0000596,60,25.0625
2026-09-29T01:10:00Z,29.0058683,0.0000701,60,25.0625
2026-09-29T01:11:00Z,29.005935,0.0000606,60,25.0625
2026-09-29T01:12:00Z,29.006015,0.0000606,60,25.0625
2026-09-29T01:13:00Z,29.0059833,0.0000557,60,25.0625
2026-09-29T01:14:00Z,29.0058433,0.0000789,60,25.0625
2026-09-29T01:15:00Z,29.0058767,0.0000745,60,25.0625
2026-09-29T01:16:00Z,29.0059567,0.0000533,60,25.0625
2026-09-29T01:17:00Z,29.006005,0.0000534,60,25.0625
2026-09-29T01:18:00Z,29.00595,0.0000651,60,25.0625
2026-09-29T01:19:00Z,29.0059217,0.0000691,60,25.0625
2026-09-29T01:20:00Z,29.00594,0.0000558,60,25.0625
2026-09-29T01:21:00Z,29.00598,0.000048,60,25.0625
2026-09-29T01:22:00Z,29.00594,0.0000643,60,25.0625
2026-09-29T01:23:00Z,29.0058267,0.0000607,60,25.0625
2026-09-29T01:24:00Z,29.00589,0.0000656,60,25.0625
2026-09-29T01:25:00Z,29.0058683,0.0000676,60,25.0625
2026-09-29T01:26:00Z,29.0058417,0.0000645,60,25.0625
2026-09-29T01:27:00Z,29.0059283,0.0000585,60,25.0625
2026-09-29T01:28:00Z,29.0058617,0.0001059,60,25.0625
2026-09-29T01:29:00Z,29.0059183,0.0000651,60,25.0625
2026-09-29T01:30:00Z,29.00595,0.0000537,60,25.0625
2026-09-29T01:31:00Z,29.0059033,0.000078,60,25.0625
2026-09-29T01:32:00Z,29.0058933,0.0000756,60,25.0625
2026-09-29T01:33:00Z,29.0058933,0.000066,60,25.0625
2026-09-29T01:34:00Z,29.005875,0.000068,60,25.0625
2026-09-29T01:35:00Z,29.00599,0.0000543,60,25.0625
2026-09-29T01:36:00Z,29.005905,0.0000534,60,25.0625
2026-09-29T01:37:00Z,29.005885,0.0000547,60,25.0625
2026-09-29T01:38:00Z,29.0059433,0.0000593,60,25.0625
2026-09-29T01:39:00Z,29.0058767,0.0000621,60,25.0625
2026-09-29T01:40:00Z,29.0058217,0.000049,60,25.0625
2026-09-29T01:41:00Z,29.00581,0.0000775,60,25.0625
2026-09-29T01:42:00Z,29.00594,0.0000558,60,25.0625
2026-09-29T01:43:00Z,29.0059283,0.0000613,60,25.0875
2026-09-29T01:44:00Z,29.00595,0.0000597,60,25.125
2026-09-29T01:45:00Z,29.0058817,0.0000748,60,25.125
2026-09-29T01:46:00Z,29.0058183,0.0000624,60,25.125
2026-09-29T01:47:00Z,29.005755,0.0000675,60,25.125
2026-09-29T01:48:00Z,29.0057967,0.0000581,60,25.125
2026-09-29T01:49:00Z,29.005745,0.0000891,60,25.125
2026-09-29T01:50:00Z,29.0057517,0.0000748,60,25.125
2026-09-29T01:51:00Z,29.0058333,0.0000629,60,25.125
2026-09-29T01:52:00Z,29.0057217,0.000049,60,25.125
2026-09-29T01:53:00Z,29.0057817,0.0000676,60,25.125
2026-09-29T01:54:00Z,29.0057867,0.0000676,60,25.125
2026-09-29T01:55:00Z,29.00581,0.0000602,60,25.125
2026-09-29T01:56:00Z,29.0058017,0.0000651,60,25.125
2026-09-29T01:57:00Z,29.0058186,0.0000776,59,25.0625
2026-09-29T01:58:00Z,29.0057783,0.000049,60,25.0625
2026-09-29T01:59:00Z,29.00583,0.0000809,60,25.0625
2026-09-29T02:00:00Z,29.005785,0.000082,60,25.0625
2026-09-29T02:01:00Z,29.0058383,0.0000783,60,25.0625
2026-09-29T02:02:00Z,29.0058983,0.0000792,60,25.0625
2026-09-29T02:03:00Z,29.0058067,0.0000578,60,25.0625
2026-09-29T02:04:00Z,29.0058867,0.0000769,60,25.0625
2026-09-29T02:05:00Z,29.0058267,0.0000756,60,25.0625
2026-09-29T02:06:00Z,29.0057767,0.0000563,60,25.0625
2026-09-29T02:07:00Z,29.00588,0.0001022,60,25.0125
2026-09-29T02:08:00Z,29.005855,0.0000622,60,25.0
2026-09-29T02:09:00Z,29.0058767,0.0000722,60,25.0
2026-09-29T02:10:00Z,29.0058183,0.0000651,60,25.0
2026-09-29T02:11:00Z,29.00585,0.0000537,60,25.0
2026-09-29T02:12:00Z,29.0058483,0.0000537,60,25.0
2026-09-29T02:13:00Z,29.0058067,0.000066,60,25.0
2026-09-29T02:14:00Z,29.0058017,0.0000469,60,25.0
2026-09-29T02:15:00Z,29.005795,0.0000565,60,25.0
2026-09-29T02:16:00Z,29.0057933,0.0000516,60,25.0
2026-09-29T02:17:00Z,29.0058117,0.0000454,60,25.0
2026-09-29T02:18:00Z,29.0058,0.0000611,60,25.0
2026-09-29T02:19:00Z,29.00581,0.0000915,60,25.0
2026-09-29T02:20:00Z,29.005855,0.0000872,60,25.0
2026-09-29T02:21:00Z,29.005775,0.0000704,60,25.0
2026-09-29T02:22:00Z,29.0057483,0.0000596,60,25.0
2026-09-29T02:23:00Z,29.0057583,0.0000671,60,25.0
2026-09-29T02:24:00Z,29.005705,0.0000534,60,24.975
2026-09-29T02:25:00Z,29.005725,0.0000508,60,24.9625
2026-09-29T02:26:00Z,29.0057217,0.0000666,60,24.95
2026-09-29T02:27:00Z,29.0057333,0.0000681,60,24.9375
2026-09-29T02:28:00Z,29.0057617,0.0000691,60,24.9375
2026-09-29T02:29:00Z,29.0057683,0.0000537,60,24.9375
2026-09-29T02:30:00Z,29.0057733,0.000071,60,24.9375
2026-09-29T02:31:00Z,29.0058317,0.0000792,60,24.9375
2026-09-29T02:32:00Z,29.0057683,0.0000596,60,24.9375
2026-09-29T02:33:00Z,29.0057617,0.0000613,60,24.9375
2026-09-29T02:34:00Z,29.0057633,0.0000712,60,24.9375
2026-09-29T02:35:00Z,29.0058083,0.0000645,60,24.9375
2026-09-29T02:36:00Z,29.0057617,0.0000585,60,24.9375
2026-09-29T02:37:00Z,29.0058917,0.0000591,60,24.9375
2026-09-29T02:38:00Z,29.00586,0.0000588,60,24.9375
2026-09-29T02:39:00Z,29.0058933,0.0000607,60,24.9375
2026-09-29T02:40:00Z,29.005815,0.000086,60,24.9375
2026-09-29T02:41:00Z,29.00582,0.0000684,60,24.9375
2026-09-29T02:42:00Z,29.0057967,0.0000938,60,24.9375
2026-09-29T02:43:00Z,29.0057933,0.0000634,60,24.9375
2026-09-29T02:44:00Z,29.0057283,0.0000524,60,24.9375
2026-09-29T02:45:00Z,29.0058267,0.0000548,60,24.9375
2026-09-29T02:46:00Z,29.0058017,0.0000854,60,24.9375
2026-09-29T02:47:00Z,29.0058153,0.0000611,59,24.9125
2026-09-29T02:48:00Z,29.005765,0.0000633,60,24.9375
2026-09-29T02:49:00Z,29.005785,0.0000606,60,24.9375
2026-09-29T02:50:00Z,29.00583,0.0000646,60,24.9375
2026-09-29T02:51:00Z,29.0057883,0.0000691,60,24.9375
2026-09-29T02:52:00Z,29.0058467,0.0000769,60,24.925
2026-09-29T02:53:00Z,29.0058183,0.0000676,60,24.9375
2026-09-29T02:54:00Z,29.0057783,0.0000585,60,24.9375
2026-09-29T02:55:00Z,29.0058533,0.0000724,60,24.9375
2026-09-29T02:56:00Z,29.0058433,0.0000698,60,24.9375
2026-09-29T02:57:00Z,29.0058117,0.0000922,60,24.925
2026-09-29T02:58:00Z,29.0058617,0.0000691,60,24.925
2026-09-29T02:59:00Z,29.0058983,0.0000651,60,24.9
2026-09-29T03:00:00Z,29.005795,0.0000852,60,24.8875
2026-09-29T03:01:00Z,29.0058183,0.0000854,60,24.875
2026-09-29T03:02:00Z,29.0058267,0.0000578,60,24.875
2026-09-29T03:03:00Z,29.0057317,0.0000537,60,24.875
2026-09-29T03:04:00Z,29.0058017,0.0000504,60,24.875
2026-09-29T03:05:00Z,29.005765,0.0000755,60,24.875
2026-09-29T03:06:00Z,29.0058183,0.0000624,60,24.875
2026-09-29T03:07:00Z,29.0057967,0.000078,60,24.875
2026-09-29T03:08:00Z,29.0058067,0.0000634,60,24.875
2026-09-29T03:09:00Z,29.00573,0.0000591,60,24.875
2026-09-29T03:10:00Z,29.0057817,0.0000651,60,24.875
2026-09-29T03:11:00Z,29.0057517,0.0000854,60,24.875
2026-09-29T03:12:00Z,29.0058183,0.0000431,60,24.875
2026-09-29T03:13:00Z,29.005835,0.0000709,60,24.875
2026-09-29T03:14:00Z,29.00575,0.0000567,60,24.875
2026-09-29T03:15:00Z,29.0057667,0.0000601,60,24.875
2026-09-29T03:16:00Z,29.0058283,0.0000691,60,24.875
2026-09-29T03:17:00Z,29.0058417,0.0000809,60,24.875
2026-09-29T03:18:00Z,29.0059617,0.0000613,60,24.875
2026-09-29T03:19:00Z,29.0058867,0.0000566,60,24.875
2026-09-29T03:20:00Z,29.005875,0.0000654,60,24.875
2026-09-29T03:21:00Z,29.005835,0.0000633,60,24.875
2026-09-29T03:22:00Z,29.0058517,0.0000537,60,24.875
2026-09-29T03:23:00Z,29.0058917,0.0000671,60,24.85
2026-09-29T03:24:00Z,29.00582,0.0000514,60,24.8375
2026-09-29T03:25:00Z,29.00589,0.0000681,60,24.8125
2026-09-29T03:26:00Z,29.00588,0.0000777,60,24.8125
2026-09-29T03:27:00Z,29.00593,0.0000591,60,24.8125
2026-09-29T03:28:00Z,29.0059833,0.0000557,60,24.8125
2026-09-29T03:29:00Z,29.0059483,0.0000504,60,24.8125
2026-09-29T03:30:00Z,29.0059633,0.000052,60,24.825
2026-09-29T03:31:00Z,29.005975,0.0000474,60,24.875
2026-09-29T03:32:00Z,29.005985,0.0000481,60,24.875
2026-09-29T03:33:00Z,29.0059617,0.0000555,60,24.875
2026-09-29T03:34:00Z,29.00595,0.0000567,60,24.875
2026-09-29T03:35:00Z,29.005925,0.0000704,60,24.875
2026-09-29T03:36:00Z,29.0059169,0.0000592,59,24.8875
2026-09-29T03:37:00Z,29.0058083,0.000053,60,24.9375
2026-09-29T03:38:00Z,29.0058917,0.0000645,60,24.9375
2026-09-29T03:39:00Z,29.0058683,0.0000725,60,24.9375
2026-09-29T03:40:00Z,29.005825,0.000068,60,24.9375
2026-09-29T03:41:00Z,29.0057617,0.000064,60,24.9875
2026-09-29T03:42:00Z,29.005775,0.0000508,60,25.0
2026-09-29T03:43:00Z,29.0057383,0.0000555,60,25.0
2026-09-29T03:44:00Z,29.0057717,0.0000555,60,25.0
2026-09-29T03:45:00Z,29.0058683,0.0000624,60,25.025
2026-09-29T03:46:00Z,29.0057767,0.0000647,60,25.0625
2026-09-29T03:47:00Z,29.00576,0.0000616,60,25.0625
2026-09-29T03:48:00Z,29.005765,0.0000577,60,25.0625
2026-09-29T03:49:00Z,29.005805,0.0000746,60,25.0625
2026-09-29T03:50:00Z,29.0057933,0.0000686,60,25.0625
2026-09-29T03:51:00Z,29.00581,0.000063,60,25.1
2026-09-29T03:52:00Z,29.005865,0.0000547,60,25.125
2026-09-29T03:53:00Z,29.0058033,0.0000663,60,25.125
2026-09-29T03:54:00Z,29.00581,0.0000511,60,25.125
2026-09-29T03:55:00Z,29.005815,0.0000659,60,25.125
2026-09-29T03:56:00Z,29.0058333,0.0000655,60,25.125
2026-09-29T03:57:00Z,29.0058317,0.000077,60,25.125
2026-09-29T03:58:00Z,29.0057717,0.000049,60,25.15
2026-09-29T03:59:00Z,29.0057867,0.0000536,60,25.175
2026-09-29T04:00:00Z,29.005785,0.0000515,60,25.1875
2026-09-29T04:01:00Z,29.0057467,0.0000596,60,25.1875
2026-09-29T04:02:00Z,29.005755,0.0000565,60,25.1875
2026-09-29T04:03:00Z,29.00575,0.0000624,60,25.1875
2026-09-29T04:04:00Z,29.0057867,0.0000676,60,25.1875
2026-09-29T04:05:00Z,29.005795,0.0000565,60,25.1875
2026-09-29T04:06:00Z,29.0057383,0.0000524,60,25.1875
2026-09-29T04:07:00Z,29.0057183,0.0000469,60,25.225
2026-09-29T04:08:00Z,29.0057283,0.0000613,60,25.2375
2026-09-29T04:09:00Z,29.0057583,0.0000645,60,25.25
2026-09-29T04:10:00Z,29.0057867,0.0000623,60,25.25
2026-09-29T04:11:00Z,29.0057517,0.0000537,60,25.25
2026-09-29T04:12:00Z,29.00568,0.0000403,60,25.25
2026-09-29T04:13:00Z,29.005715,0.0000606,60,25.25
2026-09-29T04:14:00Z,29.0056717,0.0000555,60,25.25
2026-09-29T04:15:00Z,29.0056883,0.0000555,60,25.25
2026-09-29T04:16:00Z,29.0056,0.0000638,60,25.25
2026-09-29T04:17:00Z,29.0056433,0.0000563,60,25.2625
2026-09-29T04:18:00Z,29.00569,0.0000543,60,25.3125
2026-09-29T04:19:00Z,29.0057683,0.0000596,60,25.3125
2026-09-29T04:20:00Z,29.00573,0.000053,60,25.3125
2026-09-29T04:21:00Z,29.0056967,0.000052,60,25.3125
2026-09-29T04:22:00Z,29.0056733,0.0000548,60,25.3125
2026-09-29T04:23:00Z,29.005635,0.0000481,60,25.3125
2026-09-29T04:24:00Z,29.00565,0.0000567,60,25.3125
2026-09-29T04:25:00Z,29.0057407,0.0000646,59,25.3125
2026-09-29T04:26:00Z,29.0056367,0.0000758,60,25.3125
2026-09-29T04:27:00Z,29.00562,0.0000605,60,25.3125
2026-09-29T04:28:00Z,29.00565,0.0000624,60,25.3125
2026-09-29T04:29:00Z,29.0057217,0.000064,60,25.3125
2026-09-29T04:30:00Z,29.0057267,0.0000516,60,25.3125
2026-09-29T04:31:00Z,29.0057267,0.0000634,60,25.3125
2026-09-29T04:32:00Z,29.0057633,0.0000551,60,25.3125
2026-09-29T04:33:00Z,29.0057717,0.0000555,60,25.3125
2026-09-29T04:34:00Z,29.0057167,0.0000642,60,25.3125
2026-09-29T04:35:00Z,29.0057133,0.0000596,60,25.3125
2026-09-29T04:36:00Z,29.0057167,0.0000526,60,25.3125
2026-09-29T04:37:00Z,29.0056783,0.0000715,60,25.3125
2026-09-29T04:38:00Z,29.0057267,0.0000446,60,25.3125
2026-09-29T04:39:00Z,29.0057,0.0000736,60,25.3125
2026-09-29T04:40:00Z,29.0056833,0.0000668,60,25.3
2026-09-29T04:41:00Z,29.00576,0.0000588,60,25.3
2026-09-29T04:42:00Z,29.005725,0.0000508,60,25.25
2026-09-29T04:43:00Z,29.00576,0.0000558,60,25.25
2026-09-29T04:44:00Z,29.0056833,0.0000668,60,25.25
2026-09-29T04:45:00Z,29.0056583,0.0000619,60,25.25
2026-09-29T04:46:00Z,29.0056017,0.0000567,60,25.25
2026-09-29T04:47:00Z,29.0056667,0.0000542,60,25.25
2026-09-29T04:48:00Z,29.0056117,0.0000415,60,25.25
2026-09-29T04:49:00Z,29.0056017,0.0000651,60,25.25
2026-09-29T04:50:00Z,29.0055633,0.0000637,60,25.25
2026-09-29T04:51:00Z,29.0055817,0.0000624,60,25.25
2026-09-29T04:52:00Z,29.0055583,0.0000787,60,25.25
2026-09-29T04:53:00Z,29.00566,0.0000558,60,25.25
2026-09-29T04:54:00Z,29.0055833,0.0000557,60,25.25
2026-09-29T04:55:00Z,29.0056233,0.0000533,60,25.25
2026-09-29T04:56:00Z,29.0055933,0.0000548,60,25.25
2026-09-29T04:57:00Z,29.0056783,0.0000613,60,25.25
2026-09-29T04:58:00Z,29.0056533,0.0000566,60,25.25
2026-09-29T04:59:00Z,29.0056667,0.0000655,60,25.25
2026-09-29T05:00:00Z,29.005675,0.00006,60,25.25
2026-09-29T05:01:00Z,29.0056567,0.0000621,60,25.25
2026-09-29T05:02:00Z,29.0056183,0.0000596,60,25.25
2026-09-29T05:03:00Z,29.005625,0.0000704,60,25.25
2026-09-29T05:04:00Z,29.00557,0.0000462,60,25.25
2026-09-29T05:05:00Z,29.0056167,0.0000493,60,25.25
2026-09-29T05:06:00Z,29.00562,0.0000798,60,25.2375
2026-09-29T05:07:00Z,29.0056217,0.0000666,60,25.2125
2026-09-29T05:08:00Z,29.0055233,0.0000563,60,25.2
2026-09-29T05:09:00Z,29.0055967,0.0000637,60,25.1875
2026-09-29T05:10:00Z,29.0056217,0.0000613,60,25.1875
2026-09-29T05:11:00Z,29.00564,0.0000741,60,25.1875
2026-09-29T05:12:00Z,29.0055867,0.0000536,60,25.1875
2026-09-29T05:13:00Z,29.0055233,0.0000563,60,25.1875
2026-09-29T05:14:00Z,29.0055627,0.0000522,59,25.1875
2026-09-29T05:15:00Z,29.0055883,0.0000613,60,25.1875
2026-09-29T05:16:00Z,29.005575,0.00006,60,25.1875
2026-09-29T05:17:00Z,29.0055467,0.0000769,60,25.1875
2026-09-29T05:18:00Z,29.0055233,0.0000593,60,25.1875
2026-09-29T05:19:00Z,29.0055433,0.0000533,60,25.1875
2026-09-29T05:20:00Z,29.0055617,0.0000691,60,25.1875
2026-09-29T05:21:00Z,29.0055383,0.0000585,60,25.1875
2026-09-29T05:22:00Z,29.0055633,0.0000637,60,25.1875
2026-09-29T05:23:00Z,29.0055867,0.0000536,60,25.1875
2026-09-29T05:24:00Z,29.0056,0.0000521,60,25.1875
2026-09-29T05:25:00Z,29.0055883,0.0000825,60,25.1875
2026-09-29T05:26:00Z,29.0055733,0.000071,60,25.1875
2026-09-29T05:27:00Z,29.0055733,0.0000634,60,25.1875
2026-09-29T05:28:00Z,29.0055883,0.0000613,60,25.1875
2026-09-29T05:29:00Z,29.005605,0.0000675,60,25.1875
2026-09-29T05:30:00Z,29.0056333,0.0000601,60,25.1875
2026-09-29T05:31:00Z,29.0056133,0.0000536,60,25.1875
2026-09-29T05:32:00Z,29.0056283,0.0000555,60,25.1875
2026-09-29T05:33:00Z,29.005605,0.0000429,60,25.1875
2026-09-29T05:34:00Z,29.00563,0.0000497,60,25.1875
2026-09-29T05:35:00Z,29.00561,0.000063,60,25.1875
2026-09-29T05:36:00Z,29.0055783,0.0000585,60,25.1875
2026-09-29T05:37:00Z,29.00557,0.0000671,60,25.1875
2026-09-29T05:38:00Z,29.0055767,0.0000563,60,25.1625
2026-09-29T05:39:00Z,29.005625,0.0000795,60,25.125
2026-09-29T05:40:00Z,29.0056333,0.0000816,60,25.125
2026-09-29T05:41:00Z,29.0056283,0.0000613,60,25.125
2026-09-29T05:42:00Z,29.005615,0.0000577,60,25.125
2026-09-29T05:43:00Z,29.0056483,0.0000567,60,25.125
2026-09-29T05:44:00Z,29.00566,0.0000588,60,25.125
2026-09-29T05:45:00Z,29.0057017,0.0000504,60,25.125
2026-09-29T05:46:00Z,29.00564,0.0000494,60,25.125
2026-09-29T05:47:00Z,29.0056017,0.0000504,60,25.125
2026-09-29T05:48:00Z,29.0056033,0.000061,60,25.125
2026-09-29T05:49:00Z,29.005565,0.0000577,60,25.125
2026-09-29T05:50:00Z,29.0056183,0.0000701,60,25.125
2026-09-29T05:51:00Z,29.005655,0.0000649,60,25.125
2026-09-29T05:52:00Z,29.0055917,0.0000561,60,25.125
2026-09-29T05:53:00Z,29.00565,0.0000624,60,25.125
2026-09-29T05:54:00Z,29.0056483,0.0000624,60,25.125
2026-09-29T05:55:00Z,29.005595,0.0000622,60,25.125
2026-09-29T05:56:00Z,29.0055567,0.0000563,60,25.125
2026-09-29T05:57:00Z,29.00558,0.0000732,60,25.125
2026-09-29T05:58:00Z,29.0055983,0.0000537,60,25.125
2026-09-29T05:59:00Z,29.0055817,0.0000596,60,25.125
2026-09-29T06:00:00Z,29.0056333,0.0000729,60,25.125
2026-09-29T06:01:00Z,29.0055933,0.0000686,60,25.125
2026-09-29T06:02:00Z,29.005655,0.0000534,60,25.125
2026-09-29T06:03:00Z,29.0057051,0.0000506,59,25.125
2026-09-29T06:04:00Z,29.0056017,0.0000725,60,25.125
2026-09-29T06:05:00Z,29.0055583,0.0000591,60,25.125
2026-09-29T06:06:00Z,29.005595,0.0000699,60,25.125
2026-09-29T06:07:00Z,29.0056417,0.0000591,60,25.125
2026-09-29T06:08:00Z,29.005615,0.0000606,60,25.125
2026-09-29T06:09:00Z,29.0056533,0.0000566,60,25.125
2026-09-29T06:10:00Z,29.00569,0.0000477,60,25.125
2026-09-29T06:11:00Z,29.0056417,0.0000561,60,25.125
2026-09-29T06:12:00Z,29.0056767,0.0000563,60,25.125
2026-09-29T06:13:00Z,29.00564,0.0000527,60,25.125
2026-09-29T06:14:00Z,29.0056217,0.0000666,60,25.125
2026-09-29T06:15:00Z,29.0056417,0.0000497,60,25.125
2026-09-29T06:16:00Z,29.005625,0.0000728,60,25.125
2026-09-29T06:17:00Z,29.0055983,0.0000537,60,25.125
2026-09-29T06:18:00Z,29.0056367,0.0000663,60,25.125
2026-09-29T06:19:00Z,29.0056767,0.0000563,60,25.125
2026-09-29T06:20:00Z,29.00573,0.000072,60,25.125
2026-09-29T06:21:00Z,29.005685,0.0000659,60,25.125
2026-09-29T06:22:00Z,29.0055917,0.0000766,60,25.125
2026-09-29T06:23:00Z,29.0056117,0.0000666,60,25.125
2026-09-29T06:24:00Z,29.00563,0.0000591,60,25.125
2026-09-29T06:25:00Z,29.0056083,0.0000743,60,25.125
2026-09-29T06:26:00Z,29.0055817,0.0000725,60,25.125
2026-09-29T06:27:00Z,29.0055383,0.000064,60,25.125
2026-09-29T06:28:00Z,29.0055667,0.0000655,60,25.125
2026-09-29T06:29:00Z,29.00558,0.0000576,60,25.125
2026-09-29T06:30:00Z,29.0056167,0.0000526,60,25.125
2026-09-29T06:31:00Z,29.005655,0.0000649,60,25.125
2026-09-29T06:32:00Z,29.0055933,0.000066,60,25.125
2026-09-29T06:33:00Z,29.005575,0.0000541,60,25.125
2026-09-29T06:34:00Z,29.0055967,0.000061,60,25.125
2026-09-29T06:35:00Z,29.0055817,0.0000469,60,25.125
2026-09-29T06:36:00Z,29.0055667,0.0000705,60,25.125
2026-09-29T06:37:00Z,29.0055783,0.000064,60,25.125
2026-09-29T06:38:00Z,29.0055667,0.0000542,60,25.125
2026-09-29T06:39:00Z,29.005565,0.0000577,60,25.125
2026-09-29T06:40:00Z,29.0055733,0.0000548,60,25.125
2026-09-29T06:41:00Z,29.0055367,0.000052,60,25.125
2026-09-29T06:42:00Z,29.0055717,0.0000613,60,25.125
2026-09-29T06:43:00Z,29.00557,0.000053,60,25.125
2026-09-29T06:44:00Z,29.0055717,0.0000585,60,25.125
2026-09-29T06:45:00Z,29.0055583,0.0000591,60,25.125
2026-09-29T06:46:00Z,29.0054933,0.000071,60,25.125
2026-09-29T06:47:00Z,29.0055233,0.0000593,60,25.125
2026-09-29T06:48:00Z,29.0055483,0.0000725,60,25.125
2026-09-29T06:49:00Z,29.0055567,0.0000563,60,25.125
2026-09-29T06:50:00Z,29.00554,0.0000588,60,25.125
2026-09-29T06:51:00Z,29.00553,0.0000561,60,25.125
2026-09-29T06:52:00Z,29.0055712,0.0000527,59,25.125
2026-09-29T06:53:00Z,29.0056133,0.0000566,60,25.125
2026-09-29T06:54:00Z,29.005575,0.000068,60,25.125
2026-09-29T06:55:00Z,29.005535,0.0000577,60,25.125
2026-09-29T06:56:00Z,29.0055683,0.0000504,60,25.125
2026-09-29T06:57:00Z,29.0055517,0.0000537,60,25.1125
2026-09-29T06:58:00Z,29.00555,0.0000676,60,25.125
2026-09-29T06:59:00Z,29.0056017,0.0000567,60,25.0875
2026-09-29T07:00:00Z,29.0056067,0.0000841,60,25.075
2026-09-29T07:01:00Z,29.0055567,0.0000698,60,25.0625
2026-09-29T07:02:00Z,29.00558,0.0000632,60,25.0625
2026-09-29T07:03:00Z,29.0055517,0.0000596,60,25.0625
2026-09-29T07:04:00Z,29.0055,0.0000521,60,25.0625
2026-09-29T07:05:00Z,29.0055733,0.000071,60,25.0625
2026-09-29T07:06:00Z,29.005675,0.0000474,60,25.0625
2026-09-29T07:07:00Z,29.0056283,0.0000555,60,25.0625
2026-09-29T07:08:00Z,29.00558,0.0000576,60,25.0625
2026-09-29T07:09:00Z,29.0055517,0.0000567,60,25.0625
2026-09-29T07:10:00Z,29.0054967,0.000045,60,25.0625
2026-09-29T07:11:00Z,29.0055033,0.0000486,60,25.0625
2026-09-29T07:12:00Z,29.0055,0.0000664,60,25.0625
2026-09-29T07:13:00Z,29.005485,0.0000577,60,25.0625
2026-09-29T07:14:00Z,29.0055067,0.0000548,60,25.0625
2026-09-29T07:15:00Z,29.0055367,0.0000581,60,25.0625
2026-09-29T07:16:00Z,29.005575,0.000068,60,25.0625
2026-09-29T07:17:00Z,29.0055767,0.0000673,60,25.0625
2026-09-29T07:18:00Z,29.0055633,0.0000736,60,25.0625
2026-09-29T07:19:00Z,29.005605,0.0000594,60,25.0625
2026-09-29T07:20:00Z,29.0056033,0.0000637,60,25.0625
2026-09-29T07:21:00Z,29.00561,0.0000477,60,25.0625
2026-09-29T07:22:00Z,29.005635,0.0000606,60,25.0625
2026-09-29T07:23:00Z,29.00568,0.0000546,60,25.0625
2026-09-29T07:24:00Z,29.0055867,0.0000676,60,25.0625
2026-09-29T07:25:00Z,29.005585,0.0000547,60,25.0625
2026-09-29T07:26:00Z,29.0055833,0.0000587,60,25.0625
2026-09-29T07:27:00Z,29.00555,0.0000624,60,25.0625
2026-09-29T07:28:00Z,29.0056217,0.0000691,60,25.0625
2026-09-29T07:29:00Z,29.0056433,0.0000745,60,25.0625
2026-09-29T07:30:00Z,29.0056217,0.000064,60,25.0625
2026-09-29T07:31:00Z,29.00568,0.0000659,60,25.0625
2026-09-29T07:32:00Z,29.005615,0.0000709,60,25.0625
2026-09-29T07:33:00Z,29.0055867,0.0000536,60,25.0625
2026-09-29T07:34:00Z,29.0056617,0.0000555,60,25.0625
2026-09-29T07:35:00Z,29.00559,0.000063,60,25.0625
2026-09-29T07:36:00Z,29.005595,0.0000565,60,25.0625
2026-09-29T07:37:00Z,29.0056783,0.0000739,60,25.0625
2026-09-29T07:38:00Z,29.0056117,0.000064,60,25.0625
2026-09-29T07:39:00Z,29.0056233,0.0000621,60,25.0625
2026-09-29T07:40:00Z,29.0055933,0.0000607,60,25.0625
2026-09-29T07:41:00Z,29.0056,0.0000587,59,25.0625
2026-09-29T07:42:00Z,29.005625,0.0000541,60,25.0625
2026-09-29T07:43:00Z,29.00565,0.0000624,60,25.0625
2026-09-29T07:44:00Z,29.0056233,0.0000621,60,25.0625
2026-09-29T07:45:00Z,29.0056267,0.000071,60,25.0625
2026-09-29T07:46:00Z,29.0056117,0.0000555,60,25.05
2026-09-29T07:47:00Z,29.0056083,0.000072,60,25.0125
2026-09-29T07:48:00Z,29.005695,0.0000675,60,25.025
2026-09-29T07:49:00Z,29.005675,0.0000541,60,25.0125
2026-09-29T07:50:00Z,29.0055833,0.0000763,60,25.0
2026-09-29T07:51:00Z,29.005645,0.0000594,60,25.0
2026-09-29T07:52:00Z,29.005625,0.0000571,60,25.0
2026-09-29T07:53:00Z,29.0055483,0.0000567,60,25.0
2026-09-29T07:54:00Z,29.0056017,0.0000624,60,25.0
2026-09-29T07:55:00Z,29.0056017,0.0000624,60,25.0
2026-09-29T07:56:00Z,29.0055567,0.0000673,60,25.0
2026-09-29T07:57:00Z,29.0055967,0.0000663,60,25.0
2026-09-29T07:58:00Z,29.0055633,0.0000712,60,25.0
2026-09-29T07:59:00Z,29.0055717,0.0000613,60,25.0
2026-09-29T08:00:00Z,29.0055517,0.0000624,60,25.0
2026-09-29T08:01:00Z,29.00555,0.0000624,60,25.0
2026-09-29T08:02:00Z,29.0055667,0.0000729,60,25.0
2026-09-29T08:03:00Z,29.0055833,0.000074,60,25.0
2026-09-29T08:04:00Z,29.0055817,0.0000567,60,25.0
2026-09-29T08:05:00Z,29.0056333,0.0000816,60,25.0
2026-09-29T08:06:00Z,29.005645,0.0000649,60,25.0
2026-09-29T08:07:00Z,29.00557,0.0000497,60,25.0
2026-09-29T08:08:00Z,29.005565,0.0000606,60,25.0
2026-09-29T08:09:00Z,29.0056233,0.0000563,60,25.0
2026-09-29T08:10:00Z,29.0056083,0.0000671,60,25.0
2026-09-29T08:11:00Z,29.0056333,0.0000475,60,25.0
2026-09-29T08:12:00Z,29.0055933,0.0000686,60,25.0
2026-09-29T08:13:00Z,29.0056267,0.0000634,60,25.0
2026-09-29T08:14:00Z,29.0056117,0.0000555,60,25.0
2026-09-29T08:15:00Z,29.00565,0.0000966,60,25.0
2026-09-29T08:16:00Z,29.0055817,0.0000624,60,25.0
2026-09-29T08:17:00Z,29.0056167,0.0000867,60,25.0
2026-09-29T08:18:00Z,29.0056033,0.0000637,60,25.0
2026-09-29T08:19:00Z,29.0055833,0.0000526,60,25.0
2026-09-29T08:20:00Z,29.00555,0.0000597,60,25.0
2026-09-29T08:21:00Z,29.0055817,0.0000701,60,25.0
2026-09-29T08:22:00Z,29.0056017,0.0000651,60,25.0
2026-09-29T08:23:00Z,29.0055833,0.0000806,60,25.0
2026-09-29T08:24:00Z,29.0055317,0.0000567,60,25.0
2026-09-29T08:25:00Z,29.0055683,0.0000596,60,25.0
2026-09-29T08:26:00Z,29.005555,0.0000649,60,25.0
2026-09-29T08:27:00Z,29.0055917,0.0000671,60,25.0
2026-09-29T08:28:00Z,29.00552,0.0000708,60,25.0
2026-09-29T08:29:00Z,29.0055367,0.0000663,60,25.0
2026-09-29T08:30:00Z,29.0055525,0.0000568,59,24.975
2026-09-29T08:31:00Z,29.0055467,0.00007,60,24.9625
2026-09-29T08:32:00Z,29.0055883,0.0000739,60,25.0
2026-09-29T08:33:00Z,29.0055933,0.0000634,60,24.95
2026-09-29T08:34:00Z,29.005575,0.0000541,60,24.9375
2026-09-29T08:35:00Z,29.005575,0.0000704,60,24.9375
2026-09-29T08:36:00Z,29.0055933,0.0000578,60,24.9375
2026-09-29T08:37:00Z,29.00567,0.0000497,60,24.9375
2026-09-29T08:38:00Z,29.005575,0.00006,60,24.9375
2026-09-29T08:39:00Z,29.005565,0.0000633,60,24.9375
2026-09-29T08:40:00Z,29.0055867,0.000065,60,24.9375
2026-09-29T08:41:00Z,29.0056283,0.0000555,60,24.9375
2026-09-29T08:42:00Z,29.0055867,0.0000724,60,24.9375
2026-09-29T08:43:00Z,29.0055317,0.0000651,60,24.9375
2026-09-29T08:44:00Z,29.0055983,0.0000651,60,24.9375
2026-09-29T08:45:00Z,29.00564,0.0000616,60,24.9375
2026-09-29T08:46:00Z,29.0056233,0.0000533,60,24.9375
2026-09-29T08:47:00Z,29.00556,0.0000694,60,24.9375
2026-09-29T08:48:00Z,29.00564,0.0000616,60,24.9375
2026-09-29T08:49:00Z,29.0056367,0.0000551,60,24.9375
2026-09-29T08:50:00Z,29.0056917,0.0000591,60,24.9375
2026-09-29T08:51:00Z,29.0057933,0.0000607,60,24.9375
2026-09-29T08:52:00Z,29.00571,0.0000706,60,24.9375
2026-09-29T08:53:00Z,29.0056283,0.000049,60,24.9375
2026-09-29T08:54:00Z,29.005615,0.0000633,60,24.9375
2026-09-29T08:55:00Z,29.005635,0.0000577,60,24.9375
2026-09-29T08:56:00Z,29.0055833,0.0000587,60,24.9375
2026-09-29T08:57:00Z,29.0055767,0.00005,60,24.9375
2026-09-29T08:58:00Z,29.00559,0.0000543,60,24.9375
2026-09-29T08:59:00Z,29.0056317,0.0000567,60,24.9375
2026-09-29T09:00:00Z,29.0055633,0.0000581,60,24.9375
2026-09-29T09:01:00Z,29.0056133,0.0000566,60,24.9375
2026-09-29T09:02:00Z,29.0055867,0.0000566,60,24.9375
2026-09-29T09:03:00Z,29.00559,0.0000477,60,24.9375
2026-09-29T09:04:00Z,29.0056217,0.0000613,60,24.9375
2026-09-29T09:05:00Z,29.0055533,0.0000596,60,24.9375
2026-09-29T09:06:00Z,29.00557,0.0000671,60,24.9375
2026-09-29T09:07:00Z,29.0056217,0.000064,60,24.9375
2026-09-29T09:08:00Z,29.005625,0.0000571,60,24.9375
2026-09-29T09:09:00Z,29.0055567,0.0000909,60,24.9375
2026-09-29T09:10:00Z,29.0055333,0.0000681,60,24.9375
2026-09-29T09:11:00Z,29.005515,0.0000481,60,24.9375
2026-09-29T09:12:00Z,29.0055383,0.000064,60,24.9375
2026-09-29T09:13:00Z,29.00557,0.0000646,60,24.9375
2026-09-29T09:14:00Z,29.0055483,0.0000596,60,24.9375
2026-09-29T09:15:00Z,29.0055283,0.0000613,60,24.9375
2026-09-29T09:16:00Z,29.00554,0.0000527,60,24.9375
2026-09-29T09:17:00Z,29.0055683,0.0000624,60,24.9375
2026-09-29T09:18:00Z,29.0054967,0.000052,60,24.9375
2026-09-29T09:19:00Z,29.0055525,0.0000626,59,24.925
2026-09-29T09:20:00Z,29.0055133,0.0000468,60,24.9375
2026-09-29T09:21:00Z,29.005565,0.0000577,60,24.925
2026-09-29T09:22:00Z,29.0056683,0.0000813,60,24.925
2026-09-29T09:23:00Z,29.00564,0.0000643,60,24.9125
2026-09-29T09:24:00Z,29.0056183,0.0000651,60,24.875
2026-09-29T09:25:00Z,29.00567,0.0000561,60,24.875
2026-09-29T09:26:00Z,29.0056533,0.0000536,60,24.875
2026-09-29T09:27:00Z,29.0056533,0.0000503,60,24.875
2026-09-29T09:28:00Z,29.0056017,0.0000537,60,24.875
2026-09-29T09:29:00Z,29.0056283,0.0000555,60,24.875
2026-09-29T09:30:00Z,29.00564,0.0000616,60,24.875
2026-09-29T09:31:00Z,29.0056867,0.0000503,60,24.875
2026-09-29T09:32:00Z,29.0056167,0.000074,60,24.875
2026-09-29T09:33:00Z,29.005665,0.0000515,60,24.875
2026-09-29T09:34:00Z,29.0056217,0.000049,60,24.875
2026-09-29T09:35:00Z,29.0057,0.0000638,60,24.875
2026-09-29T09:36:00Z,29.005635,0.0000577,60,24.875
2026-09-29T09:37:00Z,29.0056583,0.0000619,60,24.875
2026-09-29T09:38:00Z,29.00566,0.0000588,60,24.875
2026-09-29T09:39:00Z,29.0056067,0.000071,60,24.875
2026-09-29T09:40:00Z,29.0056317,0.0000567,60,24.875
2026-09-29T09:41:00Z,29.005635,0.0000515,60,24.875
2026-09-29T09:42:00Z,29.005655,0.0000502,60,24.875
2026-09-29T09:43:00Z,29.00562,0.0000684,60,24.875
2026-09-29T09:44:00Z,29.0055283,0.0000524,60,24.875
2026-09-29T09:45:00Z,29.005575,0.0000751,60,24.875
2026-09-29T09:46:00Z,29.0055517,0.0000701,60,24.875
2026-09-29T09:47:00Z,29.0055133,0.0000468,60,24.875
2026-09-29T09:48:00Z,29.0055983,0.0000854,60,24.875
2026-09-29T09:49:00Z,29.00559,0.000073,60,24.875
2026-09-29T09:50:00Z,29.0056133,0.000065,60,24.875
2026-09-29T09:51:00Z,29.0055667,0.0000681,60,24.875
2026-09-29T09:52:00Z,29.0055817,0.0000725,60,24.875
2026-09-29T09:53:00Z,29.0056517,0.0000567,60,24.875
2026-09-29T09:54:00Z,29.00561,0.0000602,60,24.875
2026-09-29T09:55:00Z,29.0055933,0.0000578,60,24.875
2026-09-29T09:56:00Z,29.0056117,0.000064,60,24.875
2026-09-29T09:57:00Z,29.0055417,0.000053,60,24.875
2026-09-29T09:58:00Z,29.00561,0.0000602,60,24.875
2026-09-29T09:59:00Z,29.005585,0.0000659,60,24.875
2026-09-29T10:00:00Z,29.00561,0.0000706,60,24.875
2026-09-29T10:01:00Z,29.0055333,0.0000681,60,24.875
2026-09-29T10:02:00Z,29.0055133,0.0000503,60,24.875
2026-09-29T10:03:00Z,29.0055533,0.0000724,60,24.875
2026-09-29T10:04:00Z,29.00551,0.0000543,60,24.875
2026-09-29T10:05:00Z,29.0055117,0.0000555,60,24.875
2026-09-29T10:06:00Z,29.0055267,0.0000516,60,24.875
2026-09-29T10:07:00Z,29.0055367,0.000061,60,24.875
2026-09-29T10:08:00Z,29.0054576,0.0000649,59,24.875
2026-09-29T10:09:00Z,29.0055217,0.0000613,60,24.875
2026-09-29T10:10:00Z,29.00551,0.0000543,60,24.875
2026-09-29T10:11:00Z,29.0055283,0.000064,60,24.875
2026-09-29T10:12:00Z,29.0055483,0.0000596,60,24.875
2026-09-29T10:13:00Z,29.00553,0.0000561,60,24.875
2026-09-29T10:14:00Z,29.005515,0.0000633,60,24.875
2026-09-29T10:15:00Z,29.005605,0.0000622,60,24.875
2026-09-29T10:16:00Z,29.00561,0.000044,60,24.875
2026-09-29T10:17:00Z,29.0056217,0.0000585,60,24.875
2026-09-29T10:18:00Z,29.0055867,0.0000536,60,24.875
2026-09-29T10:19:00Z,29.0056367,0.0000581,60,24.875
2026-09-29T10:20:00Z,29.005645,0.0000502,60,24.875
2026-09-29T10:21:00Z,29.005625,0.0000704,60,24.875
2026-09-29T10:22:00Z,29.00563,0.0000561,60,24.875
2026-09-29T10:23:00Z,29.00563,0.0000561,60,24.875
2026-09-29T10:24:00Z,29.005655,0.0000534,60,24.875
2026-09-29T10:25:00Z,29.0056217,0.0000524,60,24.875
2026-09-29T10:26:00Z,29.005635,0.0000633,60,24.875
2026-09-29T10:27:00Z,29.0056533,0.0000596,60,24.875
2026-09-29T10:28:00Z,29.0057117,0.0000613,60,24.875
2026-09-29T10:29:00Z,29.0056683,0.0000469,60,24.875
2026-09-29T10:30:00Z,29.0056783,0.000049,60,24.875
2026-09-29T10:31:00Z,29.0056533,0.0000503,60,24.875
2026-09-29T10:32:00Z,29.0056733,0.000066,60,24.875
2026-09-29T10:33:00Z,29.0056467,0.0000623,60,24.875
2026-09-29T10:34:00Z,29.0056683,0.0000504,60,24.875
2026-09-29T10:35:00Z,29.0057183,0.0000537,60,24.875
2026-09-29T10:36:00Z,29.005655,0.0000769,60,24.875
2026-09-29T10:37:00Z,29.0056967,0.0000486,60,24.875
2026-09-29T10:38:00Z,29.0056683,0.0000748,60,24.875
2026-09-29T10:39:00Z,29.0056717,0.0000613,60,24.875
2026-09-29T10:40:00Z,29.0056317,0.0000624,60,24.875
2026-09-29T10:41:00Z,29.00557,0.0000591,60,24.875
2026-09-29T10:42:00Z,29.00562,0.0000576,60,24.875
2026-09-29T10:43:00Z,29.005605,0.0000675,60,24.875
2026-09-29T10:44:00Z,29.005605,0.0000723,60,24.875
2026-09-29T10:45:00Z,29.0056033,0.0000551,60,24.875
2026-09-29T10:46:00Z,29.0055917,0.0000645,60,24.875
2026-09-29T10:47:00Z,29.0055617,0.0000555,60,24.875
2026-09-29T10:48:00Z,29.00563,0.0000591,60,24.875
2026-09-29T10:49:00Z,29.0056717,0.0000715,60,24.875
2026-09-29T10:50:00Z,29.0056233,0.0000647,60,24.875
2026-09-29T10:51:00Z,29.0056033,0.0000663,60,24.875
2026-09-29T10:52:00Z,29.0056533,0.0000791,60,24.875
2026-09-29T10:53:00Z,29.0056167,0.0000493,60,24.875
2026-09-29T10:54:00Z,29.00557,0.0000646,60,24.875
2026-09-29T10:55:00Z,29.0055667,0.0000655,60,24.875
2026-09-29T10:56:00Z,29.0055533,0.0000747,60,24.875
2026-09-29T10:57:00Z,29.005578,0.0000589,59,24.875
2026-09-29T10:58:00Z,29.0056017,0.0000537,60,24.875
2026-09-29T10:59:00Z,29.005575,0.0000571,60,24.875
2026-09-29T11:00:00Z,29.00558,0.0000514,60,24.875
2026-09-29T11:01:00Z,29.0055817,0.0000651,60,24.875
2026-09-29T11:02:00Z,29.005605,0.0000565,60,24.875
2026-09-29T11:03:00Z,29.0055583,0.0000591,60,24.875
2026-09-29T11:04:00Z,29.005605,0.0000723,60,24.875
2026-09-29T11:05:00Z,29.0055717,0.0000613,60,24.875
2026-09-29T11:06:00Z,29.005635,0.0000547,60,24.875
2026-09-29T11:07:00Z,29.0056167,0.0000557,60,24.875
2026-09-29T11:08:00Z,29.0056267,0.000066,60,24.875
2026-09-29T11:09:00Z,29.0055633,0.0000551,60,24.875
2026-09-29T11:10:00Z,29.0056283,0.0000715,60,24.875
2026-09-29T11:11:00Z,29.0056217,0.000064,60,24.875
2026-09-29T11:12:00Z,29.00563,0.0000561,60,24.875
2026-09-29T11:13:00Z,29.0055667,0.0000629,60,24.875
2026-09-29T11:14:00Z,29.0055917,0.0000766,60,24.875
2026-09-29T11:15:00Z,29.0056517,0.0000567,60,24.875
2026-09-29T11:16:00Z,29.0055683,0.0000701,60,24.875
2026-09-29T11:17:00Z,29.0055467,0.0000596,60,24.875
2026-09-29T11:18:00Z,29.005645,0.0000622,60,24.875
2026-09-29T11:19:00Z,29.00567,0.0000696,60,24.875
2026-09-29T11:20:00Z,29.0057083,0.0000671,60,24.875
2026-09-29T11:21:00Z,29.0056983,0.0000651,60,24.875
2026-09-29T11:22:00Z,29.0057083,0.0000424,60,24.875
2026-09-29T11:23:00Z,29.00569,0.0000543,60,24.875
2026-09-29T11:24:00Z,29.0056833,0.0000668,60,24.8625
2026-09-29T11:25:00Z,29.0056283,0.0000613,60,24.875
2026-09-29T11:26:00Z,29.005645,0.0000502,60,24.875
2026-09-29T11:27:00Z,29.005585,0.0000577,60,24.875
2026-09-29T11:28:00Z,29.0055683,0.0000567,60,24.8625
2026-09-29T11:29:00Z,29.00558,0.0000576,60,24.85
2026-09-29T11:30:00Z,29.0055867,0.00007,60,24.85
2026-09-29T11:31:00Z,29.0057167,0.0000557,60,24.8375
2026-09-29T11:32:00Z,29.00568,0.0000605,60,24.85
2026-09-29T11:33:00Z,29.005645,0.0000502,60,24.8125
2026-09-29T11:34:00Z,29.00558,0.0000605,60,24.8125
2026-09-29T11:35:00Z,29.0055933,0.0000578,60,24.8125
2026-09-29T11:36:00Z,29.0056783,0.000049,60,24.8125
2026-09-29T11:37:00Z,29.0056517,0.0000725,60,24.8125
2026-09-29T11:38:00Z,29.00569,0.0000573,60,24.8125
2026-09-29T11:39:00Z,29.0056917,0.0000424,60,24.8125
2026-09-29T11:40:00Z,29.0056883,0.0000585,60,24.8125
2026-09-29T11:41:00Z,29.0057067,0.000066,60,24.8125
2026-09-29T11:42:00Z,29.0056383,0.0000585,60,24.8125
2026-09-29T11:43:00Z,29.0056867,0.000043,60,24.8125
2026-09-29T11:44:00Z,29.00563,0.0000646,60,24.8125
2026-09-29T11:45:00Z,29.0055167,0.0000587,60,24.8125
2026-09-29T11:46:00Z,29.00559,0.0000896,60,24.8125
2026-09-29T11:47:00Z,29.0057153,0.0000665,59,24.8125
2026-09-29T11:48:00Z,29.00564,0.0000669,60,24.8125
2026-09-29T11:49:00Z,29.00558,0.0000684,60,24.8125
2026-09-29T11:50:00Z,29.0055683,0.0000504,60,24.8125
2026-09-29T11:51:00Z,29.00561,0.000073,60,24.8125
2026-09-29T11:52:00Z,29.005695,0.0000622,60,24.8125
2026-09-29T11:53:00Z,29.0056483,0.0000624,60,24.8125
2026-09-29T11:54:00Z,29.005745,0.0000594,60,24.8125
2026-09-29T11:55:00Z,29.0056683,0.0000725,60,24.7625
2026-09-29T11:56:00Z,29.0056817,0.0000567,60,24.7625
2026-09-29T11:57:00Z,29.0056883,0.0000666,60,24.75
2026-09-29T11:58:00Z,29.005615,0.0000515,60,24.75
2026-09-29T11:59:00Z,29.0056733,0.0000578,60,24.75
2026-09-29T12:00:00Z,29.0057633,0.000052,60,24.75
2026-09-29T12:01:00Z,29.0057383,0.0000904,60,24.75
2026-09-29T12:02:00Z,29.0056883,0.000094,60,24.75
2026-09-29T12:03:00Z,29.005775,0.0000773,60,24.75
2026-09-29T12:04:00Z,29.00565,0.0000651,60,24.75
2026-09-29T12:05:00Z,29.005695,0.0000534,60,24.75
2026-09-29T12:06:00Z,29.0056933,0.000066,60,24.75
2026-09-29T12:07:00Z,29.0056683,0.0000596,60,24.75
2026-09-29T12:08:00Z,29.0056867,0.00007,60,24.75
2026-09-29T12:09:00Z,29.0056617,0.000064,60,24.75
2026-09-29T12:10:00Z,29.0056583,0.0000591,60,24.7375
2026-09-29T12:11:00Z,29.0056467,0.0000566,60,24.7
2026-09-29T12:12:00Z,29.00567,0.0000591,60,24.6875
2026-09-29T12:13:00Z,29.0057167,0.000074,60,24.6875
2026-09-29T12:14:00Z,29.00573,0.0000591,60,24.6875
2026-09-29T12:15:00Z,29.0057433,0.0000673,60,24.6875
2026-09-29T12:16:00Z,29.0056567,0.0000722,60,24.6875
2026-09-29T12:17:00Z,29.00574,0.0000741,60,24.6875
2026-09-29T12:18:00Z,29.0057083,0.0000829,60,24.6875
2026-09-29T12:19:00Z,29.005755,0.0000534,60,24.6875
2026-09-29T12:20:00Z,29.0057433,0.0000621,60,24.6875
2026-09-29T12:21:00Z,29.005685,0.0000633,60,24.6875
2026-09-29T12:22:00Z,29.0057917,0.0000787,60,24.6875
2026-09-29T12:23:00Z,29.0057333,0.0000601,60,24.6875
2026-09-29T12:24:00Z,29.00574,0.0000527,60,24.6875
2026-09-29T12:25:00Z,29.0058167,0.0000642,60,24.675
2026-09-29T12:26:00Z,29.0057883,0.0000524,60,24.6375
2026-09-29T12:27:00Z,29.005775,0.0000571,60,24.65
2026-09-29T12:28:00Z,29.0058067,0.000066,60,24.625
2026-09-29T12:29:00Z,29.00576,0.0000616,60,24.625
2026-09-29T12:30:00Z,29.0057633,0.0000758,60,24.625
2026-09-29T12:31:00Z,29.0058517,0.000077,60,24.625
2026-09-29T12:32:00Z,29.00581,0.0000706,60,24.625
2026-09-29T12:33:00Z,29.0058083,0.000053,60,24.625
2026-09-29T12:34:00Z,29.0057633,0.0000581,60,24.625
2026-09-29T12:35:00Z,29.00581,0.0000602,60,24.625
2026-09-29T12:36:00Z,29.0058746,0.0000659,59,24.625
2026-09-29T12:37:00Z,29.0058617,0.0000666,60,24.625
2026-09-29T12:38:00Z,29.00579,0.0000656,60,24.625
2026-09-29T12:39:00Z,29.005815,0.0000659,60,24.625
2026-09-29T12:40:00Z,29.0057683,0.0000701,60,24.625
2026-09-29T12:41:00Z,29.0058433,0.0000647,60,24.625
2026-09-29T12:42:00Z,29.0058033,0.0000758,60,24.625
2026-09-29T12:43:00Z,29.0057683,0.0000651,60,24.6125
2026-09-29T12:44:00Z,29.0058433,0.0000647,60,24.5875
2026-09-29T12:45:00Z,29.0058767,0.0000563,60,24.5625
2026-09-29T12:46:00Z,29.00585,0.0000813,60,24.5625
2026-09-29T12:47:00Z,29.0057617,0.0000739,60,24.5625
2026-09-29T12:48:00Z,29.0057467,0.0000536,60,24.5625
2026-09-29T12:49:00Z,29.005805,0.0000429,60,24.5625
2026-09-29T12:50:00Z,29.0057733,0.000066,60,24.5625
2026-09-29T12:51:00Z,29.0058617,0.0000555,60,24.5625
2026-09-29T12:52:00Z,29.0058633,0.000061,60,24.5625
2026-09-29T12:53:00Z,29.00582,0.0000605,60,24.5625
2026-09-29T12:54:00Z,29.005885,0.0000659,60,24.5625
2026-09-29T12:55:00Z,29.00587,0.0000809,60,24.5625
2026-09-29T12:56:00Z,29.00587,0.0000743,60,24.5625
2026-09-29T12:57:00Z,29.0058467,0.0000676,60,24.5625
2026-09-29T12:58:00Z,29.005925,0.0000728,60,24.5625
2026-09-29T12:59:00Z,29.0058717,0.0000666,60,24.5625
2026-09-29T13:00:00Z,29.0059067,0.0000686,60,24.55
2026-09-29T13:01:00Z,29.00591,0.0000602,60,24.525
2026-09-29T13:02:00Z,29.00595,0.0000624,60,24.5
2026-09-29T13:03:00Z,29.0058533,0.0000566,60,24.5
2026-09-29T13:04:00Z,29.005875,0.00006,60,24.5
2026-09-29T13:05:00Z,29.0058917,0.0000696,60,24.5
2026-09-29T13:06:00Z,29.0058217,0.0000585,60,24.5
2026-09-29T13:07:00Z,29.005885,0.0000685,60,24.5
2026-09-29T13:08:00Z,29.005835,0.0000732,60,24.5
2026-09-29T13:09:00Z,29.0057683,0.0000504,60,24.5
2026-09-29T13:10:00Z,29.0058217,0.0000555,60,24.5
2026-09-29T13:11:00Z,29.0058467,0.0000566,60,24.5
2026-09-29T13:12:00Z,29.005825,0.0000474,60,24.5
2026-09-29T13:13:00Z,29.0057783,0.0000415,60,24.5
2026-09-29T13:14:00Z,29.00584,0.0000494,60,24.5
2026-09-29T13:15:00Z,29.0058517,0.0000854,60,24.5
2026-09-29T13:16:00Z,29.0058433,0.000081,60,24.5
2026-09-29T13:17:00Z,29.0058167,0.000074,60,24.5
2026-09-29T13:18:00Z,29.0058533,0.0000791,60,24.5
2026-09-29T13:19:00Z,29.0059733,0.0000578,60,24.5
2026-09-29T13:20:00Z,29.00591,0.000073,60,24.5
2026-09-29T13:21:00Z,29.0059433,0.0000563,60,24.5
2026-09-29T13:22:00Z,29.005885,0.0000755,60,24.5
2026-09-29T13:23:00Z,29.0058717,0.0000783,60,24.5
2026-09-29T13:24:00Z,29.0058356,0.0000663,59,24.5
2026-09-29T13:25:00Z,29.0058667,0.0000816,60,24.5
2026-09-29T13:26:00Z,29.0058417,0.000085,60,24.5
2026-09-29T13:27:00Z,29.005815,0.0000633,60,24.5
2026-09-29T13:28:00Z,29.005875,0.0000571,60,24.5
2026-09-29T13:29:00Z,29.0059183,0.0000596,60,24.5
2026-09-29T13:30:00Z,29.00595,0.0000624,60,24.5
2026-09-29T13:31:00Z,29.0059433,0.0000647,60,24.5
2026-09-29T13:32:00Z,29.0058667,0.0000601,60,24.5
2026-09-29T13:33:00Z,29.0059767,0.00005,60,24.5
2026-09-29T13:34:00Z,29.0058933,0.000066,60,24.5
2026-09-29T13:35:00Z,29.0058867,0.0000769,60,24.5
2026-09-29T13:36:00Z,29.0058867,0.0000747,60,24.5
2026-09-29T13:37:00Z,29.00582,0.0000659,60,24.5
2026-09-29T13:38:00Z,29.0059033,0.0000551,60,24.5
2026-09-29T13:39:00Z,29.0058817,0.0000725,60,24.5
2026-09-29T13:40:00Z,29.0058667,0.0000601,60,24.5
2026-09-29T13:41:00Z,29.0058383,0.0000524,60,24.55
2026-09-29T13:42:00Z,29.0058833,0.0000457,60,24.5625
2026-09-29T13:43:00Z,29.00588,0.0000632,60,24.5625
2026-09-29T13:44:00Z,29.0058767,0.0000533,60,24.5625
2026-09-29T13:45:00Z,29.0059167,0.0000493,60,24.5625
2026-09-29T13:46:00Z,29.0058967,0.0000637,60,24.5625
2026-09-29T13:47:00Z,29.0059467,0.0000724,60,24.5625
2026-09-29T13:48:00Z,29.00588,0.0000632,60,24.5625
2026-09-29T13:49:00Z,29.005885,0.0000577,60,24.5875
2026-09-29T13:50:00Z,29.0059133,0.0000536,60,24.625
2026-09-29T13:51:00Z,29.00588,0.0000659,60,24.625
2026-09-29T13:52:00Z,29.00582,0.0000546,60,24.625
2026-09-29T13:53:00Z,29.0058033,0.0000663,60,24.625
2026-09-29T13:54:00Z,29.0059017,0.0000701,60,24.625
2026-09-29T13:55:00Z,29.0058433,0.0000698,60,24.625
2026-09-29T13:56:00Z,29.005855,0.0000675,60,24.625
2026-09-29T13:57:00Z,29.0058267,0.0000578,60,24.625
2026-09-29T13:58:00Z,29.0058317,0.0000854,60,24.625
2026-09-29T13:59:00Z,29.0058433,0.0000647,60,24.625
2026-09-29T14:00:00Z,29.0057733,0.0000634,60,24.6375
2026-09-29T14:01:00Z,29.0057633,0.000061,60,24.6625
2026-09-29T14:02:00Z,29.0057133,0.00007,60,24.6875
2026-09-29T14:03:00Z,29.0056917,0.0000696,60,24.6875
2026-09-29T14:04:00Z,29.005725,0.0000628,60,24.6875
2026-09-29T14:05:00Z,29.0057467,0.0000566,60,24.6875
2026-09-29T14:06:00Z,29.0057783,0.0000922,60,24.6875
2026-09-29T14:07:00Z,29.0057133,0.0000536,60,24.6875
2026-09-29T14:08:00Z,29.0057467,0.0000503,60,24.6875
2026-09-29T14:09:00Z,29.0057633,0.0000581,60,24.6875
2026-09-29T14:10:00Z,29.0058667,0.0000542,60,24.6875
2026-09-29T14:11:00Z,29.0058233,0.0000465,60,24.6875
2026-09-29T14:12:00Z,29.0058283,0.0000524,60,24.6875
2026-09-29T14:13:00Z,29.0058661,0.0000545,59,24.6875
2026-09-29T14:14:00Z,29.0057267,0.000088,60,24.6875
2026-09-29T14:15:00Z,29.0057967,0.0000551,60,24.6875
2026-09-29T14:16:00Z,29.0057817,0.0000624,60,24.6875
2026-09-29T14:17:00Z,29.0058183,0.0000537,60,24.6875
2026-09-29T14:18:00Z,29.0058,0.0000582,60,24.7
2026-09-29T14:19:00Z,29.0057883,0.0000613,60,24.725
2026-09-29T14:20:00Z,29.0058067,0.0000516,60,24.75
2026-09-29T14:21:00Z,29.0057817,0.0000813,60,24.75
2026-09-29T14:22:00Z,29.005865,0.0000547,60,24.75
2026-09-29T14:23:00Z,29.00575,0.0000854,60,24.75
2026-09-29T14:24:00Z,29.005785,0.0000685,60,24.75
2026-09-29T14:25:00Z,29.0058433,0.0000533,60,24.75
2026-09-29T14:26:00Z,29.0058617,0.0000585,60,24.75
2026-09-29T14:27:00Z,29.005825,0.000068,60,24.75
2026-09-29T14:28:00Z,29.0058333,0.0000816,60,24.75
2026-09-29T14:29:00Z,29.005785,0.0000515,60,24.75
2026-09-29T14:30:00Z,29.005775,0.0000654,60,24.775
2026-09-29T14:31:00Z,29.005805,0.0000594,60,24.7969
2026-09-29T14:32:00Z,29.005805,0.0000594,60,24.8125
2026-09-29T14:33:00Z,29.0057283,0.000049,60,24.8125
2026-09-29T14:34:00Z,29.0057417,0.0000645,60,24.8125
2026-09-29T14:35:00Z,29.0057333,0.0000601,60,24.8125
2026-09-29T14:36:00Z,29.0058117,0.0000666,60,24.8125
2026-09-29T14:37:00Z,29.005785,0.0000709,60,24.8125
2026-09-29T14:38:00Z,29.00576,0.0000669,60,24.8125
2026-09-29T14:39:00Z,29.0057283,0.0000666,60,24.8125
2026-09-29T14:40:00Z,29.005725,0.00006,60,24.8125
2026-09-29T14:41:00Z,29.0057583,0.000053,60,24.8125
2026-09-29T14:42:00Z,29.0057767,0.0000745,60,24.8125
2026-09-29T14:43:00Z,29.0057733,0.0000686,60,24.8125
2026-09-29T14:44:00Z,29.0058683,0.0000504,60,24.8125
2026-09-29T14:45:00Z,29.0058533,0.0000536,60,24.8125
2026-09-29T14:46:00Z,29.0058517,0.0000725,60,24.8125
2026-09-29T14:47:00Z,29.005825,0.0000508,60,24.8375
2026-09-29T14:48:00Z,29.0057933,0.0000861,60,24.8594
2026-09-29T14:49:00Z,29.0058183,0.0000701,60,24.875
2026-09-29T14:50:00Z,29.0058383,0.0000585,60,24.875
2026-09-29T14:51:00Z,29.0058567,0.0000673,60,24.875
2026-09-29T14:52:00Z,29.0058533,0.0000566,60,24.875
2026-09-29T14:53:00Z,29.00584,0.0000527,60,24.875
2026-09-29T14:54:00Z,29.0058183,0.0000504,60,24.875
2026-09-29T14:55:00Z,29.00584,0.0000694,60,24.875
2026-09-29T14:56:00Z,29.005805,0.0000622,60,24.875
2026-09-29T14:57:00Z,29.0058217,0.0000524,60,24.875
2026-09-29T14:58:00Z,29.0058283,0.0000555,60,24.875
2026-09-29T14:59:00Z,29.0057883,0.0000613,60,24.875
2026-09-29T15:00:00Z,29.005785,0.0000777,60,24.8625
2026-09-29T15:01:00Z,29.0057867,0.0000503,60,24.8125
2026-09-29T15:02:00Z,29.0058339,0.0000659,59,24.8125
2026-09-29T15:03:00Z,29.0057983,0.0000567,60,24.8125
2026-09-29T15:04:00Z,29.0057733,0.0000634,60,24.8125
2026-09-29T15:05:00Z,29.0057617,0.0000555,60,24.8125
2026-09-29T15:06:00Z,29.0057533,0.0000503,60,24.8125
2026-09-29T15:07:00Z,29.0057817,0.0000676,60,24.8125
2026-09-29T15:08:00Z,29.00578,0.000048,60,24.8125
2026-09-29T15:09:00Z,29.0057433,0.0000563,60,24.8125
2026-09-29T15:10:00Z,29.005765,0.0000547,60,24.8125
2026-09-29T15:11:00Z,29.0057583,0.0000561,60,24.8125
2026-09-29T15:12:00Z,29.0057667,0.0000601,60,24.8125
2026-09-29T15:13:00Z,29.005785,0.0000659,60,24.8125
2026-09-29T15:14:00Z,29.0057767,0.0000673,60,24.8125
2026-09-29T15:15:00Z,29.0057817,0.0000748,60,24.8125
2026-09-29T15:16:00Z,29.0058233,0.0000593,60,24.8125
2026-09-29T15:17:00Z,29.00584,0.0000867,60,24.8125
2026-09-29T15:18:00Z,29.0058467,0.0000596,60,24.8125
2026-09-29T15:19:00Z,29.005885,0.0000685,60,24.775
2026-09-29T15:20:00Z,29.005875,0.000068,60,24.75
2026-09-29T15:21:00Z,29.0059183,0.0000651,60,24.75
2026-09-29T15:22:00Z,29.0058817,0.0000567,60,24.75
2026-09-29T15:23:00Z,29.0058917,0.0000591,60,24.75
2026-09-29T15:24:00Z,29.005865,0.000082,60,24.75
2026-09-29T15:25:00Z,29.0058633,0.0000823,60,24.75
2026-09-29T15:26:00Z,29.0058067,0.000066,60,24.75
2026-09-29T15:27:00Z,29.00581,0.0000656,60,24.75
2026-09-29T15:28:00Z,29.005865,0.0000709,60,24.75
2026-09-29T15:29:00Z,29.00586,0.0000558,60,24.75
2026-09-29T15:30:00Z,29.0058333,0.0000475,60,24.75
2026-09-29T15:31:00Z,29.0058117,0.0000666,60,24.75
2026-09-29T15:32:00Z,29.0057833,0.0000557,60,24.75
2026-09-29T15:33:00Z,29.005815,0.0000685,60,24.75
2026-09-29T15:34:00Z,29.0058383,0.0000585,60,24.75
2026-09-29T15:35:00Z,29.0058167,0.0000615,60,24.75
2026-09-29T15:36:00Z,29.0058183,0.0000469,60,24.75
2026-09-29T15:37:00Z,29.0058733,0.000066,60,24.75
2026-09-29T15:38:00Z,29.005865,0.0000633,60,24.75
2026-09-29T15:39:00Z,29.0059167,0.0000615,60,24.75
2026-09-29T15:40:00Z,29.005905,0.0000565,60,24.75
2026-09-29T15:41:00Z,29.0058717,0.000064,60,24.75
2026-09-29T15:42:00Z,29.005875,0.0000751,60,24.75
2026-09-29T15:43:00Z,29.0058983,0.0000701,60,24.75
2026-09-29T15:44:00Z,29.0058467,0.0000623,60,24.75
2026-09-29T15:45:00Z,29.0058317,0.0000567,60,24.75
2026-09-29T15:46:00Z,29.005865,0.0000633,60,24.75
2026-09-29T15:47:00Z,29.005795,0.0000467,60,24.75
2026-09-29T15:48:00Z,29.005845,0.0000594,60,24.75
2026-09-29T15:49:00Z,29.0057932,0.0000785,59,24.75
2026-09-29T15:50:00Z,29.00571,0.0000477,60,24.75
2026-09-29T15:51:00Z,29.0057917,0.0000619,60,24.75
2026-09-29T15:52:00Z,29.005795,0.0000699,60,24.75
2026-09-29T15:53:00Z,29.0057717,0.000064,60,24.75
2026-09-29T15:54:00Z,29.0056867,0.0000812,60,24.75
2026-09-29T15:55:00Z,29.0057433,0.0000621,60,24.75
2026-09-29T15:56:00Z,29.00575,0.0000537,60,24.75
2026-09-29T15:57:00Z,29.005735,0.0000685,60,24.75
2026-09-29T15:58:00Z,29.0058133,0.0000769,60,24.75
2026-09-29T15:59:00Z,29.0058333,0.0000601,60,24.75
2026-09-29T16:00:00Z,29.0057767,0.0000593,60,24.75
2026-09-29T16:01:00Z,29.005745,0.0000699,60,24.75
2026-09-29T16:02:00Z,29.0058183,0.0000596,60,24.75
2026-09-29T16:03:00Z,29.0058767,0.0000767,60,24.75
2026-09-29T16:04:00Z,29.0058317,0.0000567,60,24.75
2026-09-29T16:05:00Z,29.0058017,0.0000624,60,24.7375
2026-09-29T16:06:00Z,29.0058083,0.000053,60,24.725
2026-09-29T16:07:00Z,29.00576,0.0000588,60,24.7125
2026-09-29T16:08:00Z,29.0058,0.0000611,60,24.6875
2026-09-29T16:09:00Z,29.00583,0.0000671,60,24.6875
2026-09-29T16:10:00Z,29.00584,0.0000558,60,24.6875
2026-09-29T16:11:00Z,29.0058,0.0000611,60,24.6875
2026-09-29T16:12:00Z,29.00574,0.0000558,60,24.6875
2026-09-29T16:13:00Z,29.0058517,0.000077,60,24.6875
2026-09-29T16:14:00Z,29.0058683,0.0000813,60,24.6875
2026-09-29T16:15:00Z,29.0058667,0.0000542,60,24.6875
2026-09-29T16:16:00Z,29.0058733,0.000071,60,24.6875
2026-09-29T16:17:00Z,29.0059183,0.0000596,60,24.6875
2026-09-29T16:18:00Z,29.0058433,0.0000563,60,24.6875
2026-09-29T16:19:00Z,29.0058617,0.0000555,60,24.6875
2026-09-29T16:20:00Z,29.0059567,0.0000722,60,24.6875
2026-09-29T16:21:00Z,29.005935,0.0000777,60,24.6875
2026-09-29T16:22:00Z,29.0059317,0.0000567,60,24.65
2026-09-29T16:23:00Z,29.0059267,0.0000756,60,24.625
2026-09-29T16:24:00Z,29.00588,0.0000576,60,24.625
2026-09-29T16:25:00Z,29.0058417,0.000053,60,24.625
2026-09-29T16:26:00Z,29.0058367,0.0000637,60,24.625
2026-09-29T16:27:00Z,29.005775,0.0000728,60,24.625
2026-09-29T16:28:00Z,29.0057983,0.0000469,60,24.625
2026-09-29T16:29:00Z,29.0057933,0.0000607,60,24.625
2026-09-29T16:30:00Z,29.00584,0.0000694,60,24.625
2026-09-29T16:31:00Z,29.0059267,0.0000686,60,24.625
2026-09-29T16:32:00Z,29.0058667,0.0000729,60,24.625
2026-09-29T16:33:00Z,29.00592,0.0000798,60,24.625
2026-09-29T16:34:00Z,29.00581,0.0000573,60,24.625
2026-09-29T16:35:00Z,29.0057983,0.0000572,59,24.625
2026-09-29T16:36:00Z,29.0058617,0.0000691,60,24.5875
2026-09-29T16:37:00Z,29.0058267,0.0000756,60,24.5875
2026-09-29T16:38:00Z,29.0058417,0.0000743,60,24.6125
2026-09-29T16:39:00Z,29.005865,0.0000709,60,24.6125
2026-09-29T16:40:00Z,29.0058283,0.0000739,60,24.5875
2026-09-29T16:41:00Z,29.0057817,0.0000676,60,24.575
2026-09-29T16:42:00Z,29.0057567,0.0000533,60,24.5875
2026-09-29T16:43:00Z,29.0058233,0.0000621,60,24.6
2026-09-29T16:44:00Z,29.00583,0.0000646,60,24.5625
2026-09-29T16:45:00Z,29.005825,0.0000541,60,24.5625
2026-09-29T16:46:00Z,29.00581,0.0000511,60,24.5625
2026-09-29T16:47:00Z,29.00582,0.0000632,60,24.5625
2026-09-29T16:48:00Z,29.005785,0.0000685,60,24.5625
2026-09-29T16:49:00Z,29.005815,0.0000899,60,24.5625
2026-09-29T16:50:00Z,29.005735,0.0000633,60,24.5625
2026-09-29T16:51:00Z,29.0057833,0.0000587,60,24.5625
2026-09-29T16:52:00Z,29.00587,0.0000671,60,24.5625
2026-09-29T16:53:00Z,29.0059517,0.0000748,60,24.5625
2026-09-29T16:54:00Z,29.005795,0.0000594,60,24.5625
2026-09-29T16:55:00Z,29.0058367,0.0000802,60,24.5625
2026-09-29T16:56:00Z,29.005825,0.0000508,60,24.5625
2026-09-29T16:57:00Z,29.0058433,0.0000767,60,24.5625
2026-09-29T16:58:00Z,29.0058617,0.0000524,60,24.5625
2026-09-29T16:59:00Z,29.005805,0.0000467,60,24.5625
2026-09-29T17:00:00Z,29.0058267,0.000071,60,24.5625
2026-09-29T17:01:00Z,29.0058567,0.0000647,60,24.5625
2026-09-29T17:02:00Z,29.00578,0.000048,60,24.5625
2026-09-29T17:03:00Z,29.0058683,0.0000725,60,24.5625
2026-09-29T17:04:00Z,29.0058717,0.0000715,60,24.5625
2026-09-29T17:05:00Z,29.00594,0.0000527,60,24.5625
2026-09-29T17:06:00Z,29.005985,0.0000709,60,24.5625
2026-09-29T17:07:00Z,29.00591,0.000063,60,24.5625
2026-09-29T17:08:00Z,29.0058933,0.0000548,60,24.5625
2026-09-29T17:09:00Z,29.005875,0.0000751,60,24.5625
2026-09-29T17:10:00Z,29.0057617,0.0000739,60,24.5625
2026-09-29T17:11:00Z,29.005765,0.0000481,60,24.5625
2026-09-29T17:12:00Z,29.0058633,0.000061,60,24.5625
2026-09-29T17:13:00Z,29.0058733,0.0000578,60,24.5625
2026-09-29T17:14:00Z,29.00585,0.0000676,60,24.5625
2026-09-29T17:15:00Z,29.0058583,0.0000591,60,24.5625
2026-09-29T17:16:00Z,29.0058467,0.0000623,60,24.5625
2026-09-29T17:17:00Z,29.0058633,0.0000551,60,24.5625
2026-09-29T17:18:00Z,29.0058033,0.000052,60,24.575
2026-09-29T17:19:00Z,29.005815,0.0000685,60,24.6125
2026-09-29T17:20:00Z,29.005815,0.0000659,60,24.625
2026-09-29T17:21:00Z,29.00578,0.0000659,60,24.625
2026-09-29T17:22:00Z,29.00578,0.0000514,60,24.625
2026-09-29T17:23:00Z,29.0058567,0.0000621,60,24.625
2026-09-29T17:24:00Z,29.0058475,0.0000598,59,24.625
2026-09-29T17:25:00Z,29.0058767,0.0000533,60,24.625
2026-09-29T17:26:00Z,29.005845,0.0000502,60,24.625
2026-09-29T17:27:00Z,29.0058383,0.0000666,60,24.625
2026-09-29T17:28:00Z,29.0058633,0.000078,60,24.625
2026-09-29T17:29:00Z,29.0059067,0.0000756,60,24.625
2026-09-29T17:30:00Z,29.0057817,0.0000537,60,24.65
2026-09-29T17:31:00Z,29.0057617,0.000064,60,24.6875
2026-09-29T17:32:00Z,29.0057767,0.0000621,60,24.675
2026-09-29T17:33:00Z,29.0058383,0.0000691,60,24.675
2026-09-29T17:34:00Z,29.00575,0.0000504,60,24.675
2026-09-29T17:35:00Z,29.00575,0.0000597,60,24.6875
2026-09-29T17:36:00Z,29.0057433,0.0000621,60,24.6875
2026-09-29T17:37:00Z,29.0056717,0.0000524,60,24.65
2026-09-29T17:38:00Z,29.005745,0.0000534,60,24.65
2026-09-29T17:39:00Z,29.00576,0.0000906,60,24.625
2026-09-29T17:40:00Z,29.00576,0.0000588,60,24.625
2026-09-29T17:41:00Z,29.0057183,0.0000504,60,24.625
2026-09-29T17:42:00Z,29.005765,0.0000732,60,24.625
2026-09-29T17:43:00Z,29.0057983,0.0000596,60,24.625
2026-09-29T17:44:00Z,29.00578,0.0000684,60,24.625
2026-09-29T17:45:00Z,29.0057433,0.0000621,60,24.625
2026-09-29T17:46:00Z,29.0057967,0.000045,60,24.625
2026-09-29T17:47:00Z,29.0058217,0.0000454,60,24.625
2026-09-29T17:48:00Z,29.0058083,0.0000591,60,24.625
2026-09-29T17:49:00Z,29.00584,0.0000558,60,24.625
2026-09-29T17:50:00Z,29.005905,0.0000534,60,24.625
2026-09-29T17:51:00Z,29.0058167,0.0000668,60,24.625
2026-09-29T17:52:00Z,29.0059083,0.000053,60,24.625
2026-09-29T17:53:00Z,29.0058883,0.000064,60,24.625
2026-09-29T17:54:00Z,29.0058783,0.000064,60,24.625
2026-09-29T17:55:00Z,29.005915,0.0000515,60,24.625
2026-09-29T17:56:00Z,29.0058433,0.0000745,60,24.625
2026-09-29T17:57:00Z,29.00585,0.0000676,60,24.625
2026-09-29T17:58:00Z,29.0058533,0.0000566,60,24.625
2026-09-29T17:59:00Z,29.0058233,0.0000745,60,24.625
2026-09-29T18:00:00Z,29.0057483,0.0000596,60,24.625
2026-09-29T18:01:00Z,29.00574,0.0000588,60,24.625
2026-09-29T18:02:00Z,29.00579,0.000063,60,24.625
2026-09-29T18:03:00Z,29.00581,0.0000602,60,24.625
2026-09-29T18:04:00Z,29.0057983,0.0000651,60,24.6
2026-09-29T18:05:00Z,29.005805,0.0000502,60,24.6
2026-09-29T18:06:00Z,29.00581,0.0000511,60,24.5625
2026-09-29T18:07:00Z,29.00578,0.0000514,60,24.575
2026-09-29T18:08:00Z,29.0057833,0.0000526,60,24.5625
2026-09-29T18:09:00Z,29.0057567,0.0000593,60,24.5625
2026-09-29T18:10:00Z,29.0057417,0.000053,60,24.5625
2026-09-29T18:11:00Z,29.0057617,0.0000613,60,24.5625
2026-09-29T18:12:00Z,29.0057814,0.0000601,59,24.575
2026-09-29T18:13:00Z,29.005805,0.0001016,60,24.575
2026-09-29T18:14:00Z,29.0057533,0.0000596,60,24.6125
2026-09-29T18:15:00Z,29.0057933,0.0000548,60,24.6125
2026-09-29T18:16:00Z,29.0057683,0.0000537,60,24.625
2026-09-29T18:17:00Z,29.00582,0.0000546,60,24.625
2026-09-29T18:18:00Z,29.0058533,0.0000503,60,24.625
2026-09-29T18:19:00Z,29.0058667,0.0000601,60,24.625
2026-09-29T18:20:00Z,29.0057933,0.0000686,60,24.625
2026-09-29T18:21:00Z,29.0057883,0.0000691,60,24.625
2026-09-29T18:22:00Z,29.0057433,0.0000647,60,24.625
2026-09-29T18:23:00Z,29.0057167,0.0000615,60,24.625
2026-09-29T18:24:00Z,29.0057767,0.0000647,60,24.625
2026-09-29T18:25:00Z,29.0058233,0.0000698,60,24.625
2026-09-29T18:26:00Z,29.005735,0.0000577,60,24.625
2026-09-29T18:27:00Z,29.00582,0.0000708,60,24.625
2026-09-29T18:28:00Z,29.0058817,0.0000748,60,24.625
2026-09-29T18:29:00Z,29.0058817,0.0000596,60,24.625
2026-09-29T18:30:00Z,29.00585,0.0000676,60,24.625
2026-09-29T18:31:00Z,29.005875,0.000068,60,24.625
2026-09-29T18:32:00Z,29.00583,0.0000591,60,24.625
2026-09-29T18:33:00Z,29.0058633,0.0000823,60,24.625
2026-09-29T18:34:00Z,29.005795,0.0000502,60,24.625
2026-09-29T18:35:00Z,29.0057617,0.0000555,60,24.625
2026-09-29T18:36:00Z,29.00568,0.0000514,60,24.625
2026-09-29T18:37:00Z,29.005745,0.0000675,60,24.625
2026-09-29T18:38:00Z,29.005785,0.0000606,60,24.6625
2026-09-29T18:39:00Z,29.00573,0.000053,60,24.6875
2026-09-29T18:40:00Z,29.0058117,0.0000666,60,24.6875
2026-09-29T18:41:00Z,29.0057817,0.0000624,60,24.6875
2026-09-29T18:42:00Z,29.0057167,0.0000668,60,24.6875
2026-09-29T18:43:00Z,29.005715,0.0000659,60,24.6875
2026-09-29T18:44:00Z,29.0056983,0.0000537,60,24.6875
2026-09-29T18:45:00Z,29.005715,0.0000444,60,24.6875
2026-09-29T18:46:00Z,29.0057333,0.0000601,60,24.6875
2026-09-29T18:47:00Z,29.0057217,0.0000613,60,24.6875
2026-09-29T18:48:00Z,29.0057217,0.0000555,60,24.6875
2026-09-29T18:49:00Z,29.0057567,0.0000673,60,24.6875
2026-09-29T18:50:00Z,29.005695,0.0000534,60,24.6875
2026-09-29T18:51:00Z,29.0056767,0.0000465,60,24.6875
2026-09-29T18:52:00Z,29.0057467,0.000065,60,24.6875
2026-09-29T18:53:00Z,29.0056983,0.0000567,60,24.6875
2026-09-29T18:54:00Z,29.0057117,0.0000524,60,24.6875
2026-09-29T18:55:00Z,29.0056633,0.0000551,60,24.6875
2026-09-29T18:56:00Z,29.005755,0.0000502,60,24.6875
2026-09-29T18:57:00Z,29.0057317,0.0000567,60,24.6875
2026-09-29T18:58:00Z,29.005715,0.0000547,60,24.6875
2026-09-29T18:59:00Z,29.00573,0.000053,60,24.6875
2026-09-29T19:00:00Z,29.005725,0.0000654,60,24.6875
2026-09-29T19:01:00Z,29.0057407,0.0000591,59,24.6875
2026-09-29T19:02:00Z,29.00578,0.0000732,60,24.7
2026-09-29T19:03:00Z,29.0057683,0.0000676,60,24.7125
2026-09-29T19:04:00Z,29.0057833,0.0000615,60,24.7375
2026-09-29T19:05:00Z,29.0057983,0.0000596,60,24.75
2026-09-29T19:06:00Z,29.0057083,0.0000591,60,24.75
2026-09-29T19:07:00Z,29.005685,0.0000606,60,24.75
2026-09-29T19:08:00Z,29.0057183,0.0000567,60,24.75
2026-09-29T19:09:00Z,29.0057483,0.0000596,60,24.75
2026-09-29T19:10:00Z,29.0057317,0.0000701,60,24.75
2026-09-29T19:11:00Z,29.00579,0.000073,60,24.75
2026-09-29T19:12:00Z,29.0057967,0.000052,60,24.75
2026-09-29T19:13:00Z,29.0058567,0.0000533,60,24.75
2026-09-29T19:14:00Z,29.00583,0.0000671,60,24.75
2026-09-29T19:15:00Z,29.005835,0.0000577,60,24.75
2026-09-29T19:16:00Z,29.0057883,0.0000524,60,24.75
2026-09-29T19:17:00Z,29.0057767,0.0000533,60,24.75
2026-09-29T19:18:00Z,29.0057583,0.0000591,60,24.75
2026-09-29T19:19:00Z,29.00566,0.0000643,60,24.75
2026-09-29T19:20:00Z,29.0057233,0.0000533,60,24.75
2026-09-29T19:21:00Z,29.0056783,0.000064,60,24.75
2026-09-29T19:22:00Z,29.0057333,0.0000572,60,24.75
2026-09-29T19:23:00Z,29.0057183,0.0000833,60,24.75
2026-09-29T19:24:00Z,29.0057617,0.0000613,60,24.75
2026-09-29T19:25:00Z,29.0057183,0.0000469,60,24.75
2026-09-29T19:26:00Z,29.0057917,0.0000462,60,24.7625
2026-09-29T19:27:00Z,29.0058217,0.0000666,60,24.7875
2026-09-29T19:28:00Z,29.0058017,0.0000537,60,24.8
2026-09-29T19:29:00Z,29.00574,0.0000588,60,24.8125
2026-09-29T19:30:00Z,29.005765,0.0000709,60,24.8125
2026-09-29T19:31:00Z,29.00569,0.000063,60,24.8125
2026-09-29T19:32:00Z,29.0056833,0.0000526,60,24.8125
2026-09-29T19:33:00Z,29.0057333,0.0000655,60,24.8125
2026-09-29T19:34:00Z,29.0057483,0.0000651,60,24.8125
2026-09-29T19:35:00Z,29.0057467,0.0000623,60,24.8125
2026-09-29T19:36:00Z,29.00572,0.0000576,60,24.8125
2026-09-29T19:37:00Z,29.0057233,0.0000673,60,24.8125
2026-09-29T19:38:00Z,29.0057317,0.0000596,60,24.8125
2026-09-29T19:39:00Z,29.0057683,0.0000624,60,24.8125
2026-09-29T19:40:00Z,29.0056867,0.0000468,60,24.8125
2026-09-29T19:41:00Z,29.005665,0.0000577,60,24.8125
2026-09-29T19:42:00Z,29.0057367,0.000052,60,24.8125
2026-09-29T19:43:00Z,29.0057417,0.000053,60,24.8125
2026-09-29T19:44:00Z,29.00569,0.0000477,60,24.8125
2026-09-29T19:45:00Z,29.0057667,0.0000681,60,24.8125
2026-09-29T19:46:00Z,29.005685,0.0000444,60,24.8125
2026-09-29T19:47:00Z,29.0057033,0.000052,60,24.8125
2026-09-29T19:48:00Z,29.0057433,0.0000593,60,24.8125
2026-09-29T19:49:00Z,29.0056933,0.0000516,60,24.8125
2026-09-29T19:50:00Z,29.0056424,0.0000649,59,24.8125
2026-09-29T19:51:00Z,29.0056533,0.0000566,60,24.8125
2026-09-29T19:52:00Z,29.0058067,0.0000516,60,24.8125
2026-09-29T19:53:00Z,29.0057617,0.0000666,60,24.8125
2026-09-29T19:54:00Z,29.0057217,0.000064,60,24.8125
2026-09-29T19:55:00Z,29.005675,0.0000728,60,24.8125
2026-09-29T19:56:00Z,29.0055817,0.0000651,60,24.8125
2026-09-29T19:57:00Z,29.005635,0.0000685,60,24.8125
2026-09-29T19:58:00Z,29.00563,0.0000561,60,24.8375
2026-09-29T19:59:00Z,29.005585,0.0000606,60,24.875
2026-09-29T20:00:00Z,29.00566,0.0000669,60,24.8625
2026-09-29T20:01:00Z,29.0056517,0.0000651,60,24.875
2026-09-29T20:02:00Z,29.0056483,0.0000567,60,24.875
2026-09-29T20:03:00Z,29.005615,0.0000577,60,24.875
2026-09-29T20:04:00Z,29.0057167,0.0000557,60,24.875
2026-09-29T20:05:00Z,29.0057317,0.0000624,60,24.875
2026-09-29T20:06:00Z,29.0056483,0.0000596,60,24.875
2026-09-29T20:07:00Z,29.0057133,0.0000791,60,24.875
2026-09-29T20:08:00Z,29.00574,0.0000558,60,24.875
2026-09-29T20:09:00Z,29.005645,0.0000565,60,24.875
2026-09-29T20:10:00Z,29.0056833,0.0000615,60,24.875
2026-09-29T20:11:00Z,29.0057067,0.0000634,60,24.875
2026-09-29T20:12:00Z,29.0057767,0.0000563,60,24.875
2026-09-29T20:13:00Z,29.0057517,0.0000651,60,24.875
2026-09-29T20:14:00Z,29.00573,0.0000696,60,24.875
2026-09-29T20:15:00Z,29.005675,0.00006,60,24.875
2026-09-29T20:16:00Z,29.0056533,0.0000623,60,24.875
2026-09-29T20:17:00Z,29.0056883,0.0000585,60,24.875
2026-09-29T20:18:00Z,29.005735,0.0000577,60,24.875
2026-09-29T20:19:00Z,29.005705,0.0000675,60,24.875
2026-09-29T20:20:00Z,29.0057883,0.0000585,60,24.875
2026-09-29T20:21:00Z,29.005755,0.0000565,60,24.875
2026-09-29T20:22:00Z,29.0057467,0.0000536,60,24.875
2026-09-29T20:23:00Z,29.0057283,0.0000585,60,24.875
2026-09-29T20:24:00Z,29.0057333,0.000051,60,24.875
2026-09-29T20:25:00Z,29.00577,0.0000619,60,24.875
2026-09-29T20:26:00Z,29.0057483,0.0000504,60,24.875
2026-09-29T20:27:00Z,29.005725,0.0000508,60,24.875
2026-09-29T20:28:00Z,29.0057233,0.0000593,60,24.8875
2026-09-29T20:29:00Z,29.0057167,0.0000526,60,24.925
2026-09-29T20:30:00Z,29.0057633,0.000052,60,24.9375
2026-09-29T20:31:00Z,29.005755,0.0000622,60,24.9375
2026-09-29T20:32:00Z,29.00581,0.0000573,60,24.9375
2026-09-29T20:33:00Z,29.0057883,0.0000585,60,24.9375
2026-09-29T20:34:00Z,29.0058233,0.0000647,60,24.9375
2026-09-29T20:35:00Z,29.00577,0.0000671,60,24.9375
2026-09-29T20:36:00Z,29.0057567,0.0000563,60,24.9375
2026-09-29T20:37:00Z,29.0057533,0.00007,60,24.9375
2026-09-29T20:38:00Z,29.0056966,0.0000642,59,24.9375
2026-09-29T20:39:00Z,29.00579,0.0000681,60,24.9375
2026-09-29T20:40:00Z,29.0057633,0.000061,60,24.9375
2026-09-29T20:41:00Z,29.005855,0.0000723,60,24.9375
2026-09-29T20:42:00Z,29.005755,0.0000534,60,24.9375
2026-09-29T20:43:00Z,29.00574,0.0000527,60,24.9375
2026-09-29T20:44:00Z,29.0057567,0.0000722,60,24.9375
2026-09-29T20:45:00Z,29.0057733,0.000066,60,24.9375
2026-09-29T20:46:00Z,29.0057417,0.0000591,60,24.9375
2026-09-29T20:47:00Z,29.0057517,0.0000596,60,24.9375
2026-09-29T20:48:00Z,29.0057933,0.0000482,60,24.9375
2026-09-29T20:49:00Z,29.00579,0.0000543,60,24.9375
2026-09-29T20:50:00Z,29.005785,0.0000659,60,24.9375
2026-09-29T20:51:00Z,29.0057933,0.0000516,60,24.9375
2026-09-29T20:52:00Z,29.0057217,0.0000613,60,24.9375
2026-09-29T20:53:00Z,29.00579,0.0000656,60,24.9375
2026-09-29T20:54:00Z,29.00573,0.0000591,60,24.9375
2026-09-29T20:55:00Z,29.0057417,0.0000591,60,24.9375
2026-09-29T20:56:00Z,29.0056883,0.0000715,60,24.9625
2026-09-29T20:57:00Z,29.0056617,0.0000555,60,24.975
2026-09-29T20:58:00Z,29.005715,0.0000659,60,24.9875
2026-09-29T20:59:00Z,29.005765,0.0000547,60,25.0
2026-09-29T21:00:00Z,29.0057217,0.000049,60,25.0
2026-09-29T21:01:00Z,29.0057117,0.0000555,60,25.0
2026-09-29T21:02:00Z,29.0056367,0.0000637,60,25.0
2026-09-29T21:03:00Z,29.005715,0.0000481,60,25.0
2026-09-29T21:04:00Z,29.0056467,0.000065,60,25.0
2026-09-29T21:05:00Z,29.0056567,0.0000647,60,25.0
2026-09-29T21:06:00Z,29.0056683,0.0000596,60,25.0
2026-09-29T21:07:00Z,29.005785,0.000084,60,25.0
2026-09-29T21:08:00Z,29.0057617,0.0000691,60,25.0
2026-09-29T21:09:00Z,29.0057333,0.0000705,60,25.0
2026-09-29T21:10:00Z,29.00574,0.0000694,60,25.0
2026-09-29T21:11:00Z,29.0057717,0.0000846,60,25.0
2026-09-29T21:12:00Z,29.005805,0.0000622,60,25.0
2026-09-29T21:13:00Z,29.0057633,0.0000637,60,25.0
2026-09-29T21:14:00Z,29.0057167,0.0000668,60,25.0
2026-09-29T21:15:00Z,29.0058033,0.0000551,60,25.0
2026-09-29T21:16:00Z,29.0057883,0.0000555,60,25.0
2026-09-29T21:17:00Z,29.0057617,0.0000524,60,25.0
2026-09-29T21:18:00Z,29.005755,0.0000565,60,25.0
2026-09-29T21:19:00Z,29.00571,0.000063,60,25.0125
2026-09-29T21:20:00Z,29.0058017,0.0000537,60,25.0375
2026-09-29T21:21:00Z,29.0057483,0.0000504,60,25.0625
2026-09-29T21:22:00Z,29.0057017,0.0000596,60,25.0625
2026-09-29T21:23:00Z,29.00571,0.0000573,60,25.0625
2026-09-29T21:24:00Z,29.0057017,0.0000629,59,25.0625
2026-09-29T21:25:00Z,29.005665,0.0000547,60,25.0625
2026-09-29T21:26:00Z,29.005635,0.0000577,60,25.0625
2026-09-29T21:27:00Z,29.0056317,0.0000725,60,25.0625
2026-09-29T21:28:00Z,29.0056483,0.0000748,60,25.0625
2026-09-29T21:29:00Z,29.0056767,0.0000621,60,25.0625
2026-09-29T21:30:00Z,29.0056433,0.0000698,60,25.0625
2026-09-29T21:31:00Z,29.0056183,0.0000792,60,25.0625
2026-09-29T21:32:00Z,29.005605,0.0000594,60,25.0625
2026-09-29T21:33:00Z,29.0056783,0.0000904,60,25.0625
2026-09-29T21:34:00Z,29.00565,0.0000792,60,25.0625
2026-09-29T21:35:00Z,29.005605,0.0000467,60,25.0625
2026-09-29T21:36:00Z,29.0056,0.0000638,60,25.0625
2026-09-29T21:37:00Z,29.0055867,0.0000724,60,25.0625
2026-09-29T21:38:00Z,29.0056533,0.0000724,60,25.0875
2026-09-29T21:39:00Z,29.00563,0.0000766,60,25.125
2026-09-29T21:40:00Z,29.005585,0.0000606,60,25.125
2026-09-29T21:41:00Z,29.0056517,0.0000596,60,25.125
2026-09-29T21:42:00Z,29.005665,0.0000577,60,25.125
2026-09-29T21:43:00Z,29.0056867,0.0000791,60,25.125
2026-09-29T21:44:00Z,29.00576,0.0000494,60,25.125
2026-09-29T21:45:00Z,29.005725,0.00006,60,25.125
2026-09-29T21:46:00Z,29.0058183,0.0000596,60,25.125
2026-09-29T21:47:00Z,29.0057983,0.0000504,60,25.125
2026-09-29T21:48:00Z,29.0058117,0.000049,60,25.125
2026-09-29T21:49:00Z,29.0058233,0.0000465,60,25.125
2026-09-29T21:50:00Z,29.0058017,0.0000567,60,25.125
2026-09-29T21:51:00Z,29.0058067,0.0000578,60,25.175
2026-09-29T21:52:00Z,29.0057683,0.0000537,60,25.1875
2026-09-29T21:53:00Z,29.005885,0.0000633,60,25.1875
2026-09-29T21:54:00Z,29.0058883,0.0000524,60,25.1875
2026-09-29T21:55:00Z,29.0059317,0.0000567,60,25.1875
2026-09-29T21:56:00Z,29.0058483,0.0000701,60,25.1875
2026-09-29T21:57:00Z,29.0057767,0.0000533,60,25.1875
2026-09-29T21:58:00Z,29.005775,0.00006,60,25.25
2026-09-29T21:59:00Z,29.0058133,0.000043,60,25.25
2026-09-29T22:00:00Z,29.0057717,0.0000715,60,25.25
2026-09-29T22:01:00Z,29.0057567,0.0000563,60,25.25
2026-09-29T22:02:00Z,29.0057233,0.0000621,60,25.25
2026-09-29T22:03:00Z,29.0057533,0.0000536,60,25.25
2026-09-29T22:04:00Z,29.005745,0.0000565,60,25.2875
2026-09-29T22:05:00Z,29.0057817,0.0000567,60,25.3125
2026-09-29T22:06:00Z,29.0057167,0.0000457,60,25.3125
2026-09-29T22:07:00Z,29.0057117,0.0000555,60,25.3125
2026-09-29T22:08:00Z,29.0057567,0.0000593,60,25.3125
2026-09-29T22:09:00Z,29.00575,0.0000624,60,25.3125
2026-09-29T22:10:00Z,29.0057517,0.0000567,60,25.325
2026-09-29T22:11:00Z,29.0057644,0.0000483,59,25.3625
2026-09-29T22:12:00Z,29.0057383,0.000049,60,25.375
2026-09-29T22:13:00Z,29.0057283,0.0000585,60,25.375
2026-09-29T22:14:00Z,29.0057283,0.0000524,60,25.375
2026-09-29T22:15:00Z,29.005705,0.0000502,60,25.375
2026-09-29T22:16:00Z,29.0055733,0.0000733,60,25.375
2026-09-29T22:17:00Z,29.0055117,0.0000555,60,25.3875
2026-09-29T22:18:00Z,29.0055817,0.0000624,60,25.425
2026-09-29T22:19:00Z,29.00554,0.0000616,60,25.4375
2026-09-29T22:20:00Z,29.0056667,0.0000681,60,25.4375
2026-09-29T22:21:00Z,29.0056583,0.0000671,60,25.4375
2026-09-29T22:22:00Z,29.0056767,0.00005,60,25.4375
2026-09-29T22:23:00Z,29.0057133,0.000065,60,25.4875
2026-09-29T22:24:00Z,29.0056033,0.0000551,60,25.5
2026-09-29T22:25:00Z,29.0056417,0.0000645,60,25.5
2026-09-29T22:26:00Z,29.0056933,0.00008,60,25.5
2026-09-29T22:27:00Z,29.0057117,0.0000715,60,25.5
2026-09-29T22:28:00Z,29.0056617,0.0000613,60,25.5
2026-09-29T22:29:00Z,29.005675,0.0000704,60,25.5
2026-09-29T22:30:00Z,29.0057233,0.00005,60,25.525
2026-09-29T22:31:00Z,29.0056383,0.0000613,60,25.5625
2026-09-29T22:32:00Z,29.0055983,0.0000701,60,25.5625
2026-09-29T22:33:00Z,29.0055633,0.0000637,60,25.5625
2026-09-29T22:34:00Z,29.0055933,0.0000516,60,25.5625
2026-09-29T22:35:00Z,29.005585,0.0000547,60,25.5625
2026-09-29T22:36:00Z,29.005595,0.0000622,60,25.5625
2026-09-29T22:37:00Z,29.0056,0.0000582,60,25.575
2026-09-29T22:38:00Z,29.0056083,0.0000671,60,25.625
2026-09-29T22:39:00Z,29.0055583,0.0000561,60,25.625
2026-09-29T22:40:00Z,29.005635,0.0000577,60,25.625
2026-09-29T22:41:00Z,29.005595,0.0000534,60,25.625
2026-09-29T22:42:00Z,29.0056033,0.000061,60,25.625
2026-09-29T22:43:00Z,29.0056317,0.0000624,60,25.625
2026-09-29T22:44:00Z,29.0055933,0.000071,60,25.625
2026-09-29T22:45:00Z,29.0055167,0.0000457,60,25.6625
2026-09-29T22:46:00Z,29.00552,0.0000546,60,25.6875
2026-09-29T22:47:00Z,29.00559,0.0000752,60,25.6875
2026-09-29T22:48:00Z,29.00556,0.0000558,60,25.6875
2026-09-29T22:49:00Z,29.00553,0.0000561,60,25.6875
2026-09-29T22:50:00Z,29.00555,0.0000651,60,25.6875
2026-09-29T22:51:00Z,29.005545,0.0000534,60,25.725
2026-09-29T22:52:00Z,29.0056083,0.000053,60,25.75
2026-09-29T22:53:00Z,29.00565,0.0000537,60,25.75
2026-09-29T22:54:00Z,29.0055967,0.0000551,60,25.75
2026-09-29T22:55:00Z,29.0056117,0.000064,60,25.75
2026-09-29T22:56:00Z,29.0055847,0.0000738,59,25.75
2026-09-29T22:57:00Z,29.0055017,0.0000651,60,25.7656
2026-09-29T22:58:00Z,29.0055117,0.0000524,60,25.7875
2026-09-29T22:59:00Z,29.00551,0.0000573,60,25.8125
2026-09-29T23:00:00Z,29.0055567,0.0000533,60,25.8125
2026-09-29T23:01:00Z,29.0055183,0.0000854,60,25.8125
2026-09-29T23:02:00Z,29.0055033,0.0000637,60,25.8125
2026-09-29T23:03:00Z,29.00545,0.0000567,60,25.8125
2026-09-29T23:04:00Z,29.0054183,0.0000537,60,25.8125
2026-09-29T23:05:00Z,29.005505,0.0000534,60,25.8125
2026-09-29T23:06:00Z,29.0055017,0.0000567,60,25.8125
2026-09-29T23:07:00Z,29.0054583,0.0000645,60,25.8125
2026-09-29T23:08:00Z,29.0055283,0.0000524,60,25.8125
2026-09-29T23:09:00Z,29.0054467,0.000065,60,25.7812
2026-09-29T23:10:00Z,29.0054483,0.0000725,60,25.75
2026-09-29T23:11:00Z,29.005485,0.0000606,60,25.75
2026-09-29T23:12:00Z,29.0054783,0.0000555,60,25.75
2026-09-29T23:13:00Z,29.0054833,0.0000693,60,25.75
2026-09-29T23:14:00Z,29.0055017,0.0000701,60,25.75
2026-09-29T23:15:00Z,29.0054917,0.0000619,60,25.75
2026-09-29T23:16:00Z,29.00545,0.0000597,60,25.75
2026-09-29T23:17:00Z,29.0054133,0.000065,60,25.75
2026-09-29T23:18:00Z,29.00544,0.0000643,60,25.75
2026-09-29T23:19:00Z,29.0054233,0.0000593,60,25.75
2026-09-29T23:20:00Z,29.0053917,0.0000766,60,25.75
2026-09-29T23:21:00Z,29.005435,0.0000633,60,25.75
2026-09-29T23:22:00Z,29.0054267,0.0000548,60,25.75
2026-09-29T23:23:00Z,29.00545,0.0000567,60,25.7188
2026-09-29T23:24:00Z,29.0054483,0.0000676,60,25.6875
2026-09-29T23:25:00Z,29.005405,0.0000594,60,25.6875
2026-09-29T23:26:00Z,29.0054467,0.0000503,60,25.6875
2026-09-29T23:27:00Z,29.0054767,0.0000621,60,25.6875
2026-09-29T23:28:00Z,29.0055267,0.0000607,60,25.6875
2026-09-29T23:29:00Z,29.0055183,0.0000624,60,25.6875
2026-09-29T23:30:00Z,29.0054683,0.0000748,60,25.6875
2026-09-29T23:31:00Z,29.0054967,0.0000581,60,25.6875
2026-09-29T23:32:00Z,29.0055083,0.0000462,60,25.6875
2026-09-29T23:33:00Z,29.0055583,0.0000591,60,25.6875
2026-09-29T23:34:00Z,29.0055617,0.0000555,60,25.6875
2026-09-29T23:35:00Z,29.0055917,0.0000591,60,25.6875
2026-09-29T23:36:00Z,29.0055517,0.000077,60,25.6875
2026-09-29T23:37:00Z,29.0055133,0.0000769,60,25.675
2026-09-29T23:38:00Z,29.005435,0.0000755,60,25.6771
2026-09-29T23:39:00Z,29.0055067,0.0000548,60,25.625
2026-09-29T23:40:00Z,29.0054967,0.0000736,60,25.625
2026-09-29T23:41:00Z,29.0055483,0.0000748,60,25.625
2026-09-29T23:42:00Z,29.0054783,0.0000613,60,25.625
2026-09-29T23:43:00Z,29.0054932,0.0000763,59,25.625
2026-09-29T23:44:00Z,29.0055533,0.000065,60,25.625
2026-09-29T23:45:00Z,29.0055217,0.0000761,60,25.625
2026-09-29T23:46:00Z,29.00548,0.0000632,60,25.625
2026-09-29T23:47:00Z,29.005545,0.0000565,60,25.625
2026-09-29T23:48:00Z,29.005485,0.0000547,60,25.625
2026-09-29T23:49:00Z,29.0055,0.0000521,60,25.625
2026-09-29T23:50:00Z,29.0054933,0.0000578,60,25.625
2026-09-29T23:51:00Z,29.0055283,0.0000825,60,25.625
2026-09-29T23:52:00Z,29.0055767,0.0000647,60,25.625
2026-09-29T23:53:00Z,29.00554,0.0000558,60,25.625
2026-09-29T23:54:00Z,29.005515,0.0000732,60,25.625
2026-09-29T23:55:00Z,29.0054983,0.0000567,60,25.625
2026-09-29T23:56:00Z,29.005475,0.00006,60,25.625
2026-09-29T23:57:00Z,29.00551,0.0000543,60,25.625
2026-09-29T23:58:00Z,29.0054883,0.0000585,60,25.625
2026-09-29T23:59:00Z,29.00548,0.0000546,60,25.625
2026-09-30T00:00:00Z,29.0055167,0.0000587,60,25.625
2026-09-30T00:01:00Z,29.0054883,0.0000739,60,25.625
2026-09-30T00:02:00Z,29.0054817,0.0000676,60,25.625
2026-09-30T00:03:00Z,29.005475,0.0000474,60,25.625
2026-09-30T00:04:00Z,29.005455,0.0000649,60,25.625
2026-09-30T00:05:00Z,29.0054067,0.0000607,60,25.625
2026-09-30T00:06:00Z,29.0054233,0.0000673,60,25.625
2026-09-30T00:07:00Z,29.00547,0.000053,60,25.625
2026-09-30T00:08:00Z,29.0054367,0.0000637,60,25.625
2026-09-30T00:09:00Z,29.0054267,0.0000634,60,25.625
2026-09-30T00:10:00Z,29.00542,0.0000708,60,25.625
2026-09-30T00:11:00Z,29.0054617,0.0000585,60,25.625
2026-09-30T00:12:00Z,29.0054467,0.0000566,60,25.625
2026-09-30T00:13:00Z,29.0054417,0.0000561,60,25.625
2026-09-30T00:14:00Z,29.0054633,0.0000688,60,25.625
2026-09-30T00:15:00Z,29.0054483,0.0000567,60,25.625
2026-09-30T00:16:00Z,29.0055333,0.000051,60,25.625
2026-09-30T00:17:00Z,29.0055083,0.000053,60,25.625
2026-09-30T00:18:00Z,29.0054717,0.0000524,60,25.6125
2026-09-30T00:19:00Z,29.0054867,0.0000536,60,25.5875
2026-09-30T00:20:00Z,29.0054633,0.0000581,60,25.5625
2026-09-30T00:21:00Z,29.0054767,0.00005,60,25.5625
2026-09-30T00:22:00Z,29.0055717,0.0000555,60,25.5625
2026-09-30T00:23:00Z,29.0055733,0.0000578,60,25.5625
2026-09-30T00:24:00Z,29.0054917,0.0000561,60,25.5625
2026-09-30T00:25:00Z,29.005475,0.0000541,60,25.5625
2026-09-30T00:26:00Z,29.0055483,0.0000624,60,25.5625
2026-09-30T00:27:00Z,29.0055367,0.0000551,60,25.5625
2026-09-30T00:28:00Z,29.0055237,0.0000678,59,25.5625
2026-09-30T00:29:00Z,29.005495,0.0000534,60,25.5625
2026-09-30T00:30:00Z,29.005465,0.0000547,60,25.5625
2026-09-30T00:31:00Z,29.005525,0.0000654,60,25.5625
2026-09-30T00:32:00Z,29.0055433,0.0000563,60,25.5625
2026-09-30T00:33:00Z,29.0054967,0.0000802,60,25.5625
2026-09-30T00:34:00Z,29.0054633,0.0000581,60,25.5625
2026-09-30T00:35:00Z,29.0055,0.0000451,60,25.5625
2026-09-30T00:36:00Z,29.005465,0.0000577,60,25.5625
2026-09-30T00:37:00Z,29.005585,0.0000755,60,25.5625
2026-09-30T00:38:00Z,29.0055367,0.0000663,60,25.5625
2026-09-30T00:39:00Z,29.0055,0.0000582,60,25.5625
2026-09-30T00:40:00Z,29.0054617,0.0000585,60,25.5625
2026-09-30T00:41:00Z,29.00544,0.0000588,60,25.5625
2026-09-30T00:42:00Z,29.005505,0.0000467,60,25.5625
2026-09-30T00:43:00Z,29.00553,0.0000561,60,25.5625
2026-09-30T00:44:00Z,29.0055383,0.0000585,60,25.5625
2026-09-30T00:45:00Z,29.005585,0.0000685,60,25.5625
2026-09-30T00:46:00Z,29.0055767,0.0000698,60,25.5625
2026-09-30T00:47:00Z,29.0056133,0.0000596,60,25.5625
2026-09-30T00:48:00Z,29.0055633,0.0000663,60,25.5625
2026-09-30T00:49:00Z,29.0055583,0.000053,60,25.5625
2026-09-30T00:50:00Z,29.0055833,0.0000717,60,25.5625
2026-09-30T00:51:00Z,29.00557,0.000053,60,25.5625
2026-09-30T00:52:00Z,29.0055267,0.0000634,60,25.5625
2026-09-30T00:53:00Z,29.00554,0.0000616,60,25.5625
2026-09-30T00:54:00Z,29.0054083,0.0000424,60,25.5625
2026-09-30T00:55:00Z,29.0054867,0.0000536,60,25.5625
2026-09-30T00:56:00Z,29.0055167,0.0000457,60,25.5625
2026-09-30T00:57:00Z,29.0055167,0.0000642,60,25.5625
2026-09-30T00:58:00Z,29.00557,0.0000497,60,25.5625
2026-09-30T00:59:00Z,29.0055933,0.0000634,60,25.5625
2026-09-30T01:00:00Z,29.0055767,0.0000621,60,25.5625
2026-09-30T01:01:00Z,29.0055433,0.0000563,60,25.5625
2026-09-30T01:02:00Z,29.0056033,0.0000581,60,25.5625
2026-09-30T01:03:00Z,29.0055733,0.0000578,60,25.5625
2026-09-30T01:04:00Z,29.005575,0.000068,60,25.5625
2026-09-30T01:05:00Z,29.00558,0.0000659,60,25.5625
2026-09-30T01:06:00Z,29.0055033,0.0000581,60,25.5625
2026-09-30T01:07:00Z,29.0055317,0.0000567,60,25.5625
2026-09-30T01:08:00Z,29.0055667,0.0000475,60,25.5625
2026-09-30T01:09:00Z,29.005545,0.0000534,60,25.5625
2026-09-30T01:10:00Z,29.005415,0.0000606,60,25.5625
2026-09-30T01:11:00Z,29.005405,0.0000534,60,25.5625
2026-09-30T01:12:00Z,29.005365,0.0000988,60,25.5625
2026-09-30T01:13:00Z,29.005425,0.0000856,60,25.5625
2026-09-30T01:14:00Z,29.005395,0.000079,60,25.5625
2026-09-30T01:15:00Z,29.0053949,0.0000818,59,25.5625
2026-09-30T01:16:00Z,29.0053567,0.0000533,60,25.5625
2026-09-30T01:17:00Z,29.0053533,0.0000536,60,25.5625
2026-09-30T01:18:00Z,29.0053683,0.0000813,60,25.5625
2026-09-30T01:19:00Z,29.00548,0.0000576,60,25.5625
2026-09-30T01:20:00Z,29.0054067,0.000066,60,25.5625
2026-09-30T01:21:00Z,29.0053883,0.0000715,60,25.5625
2026-09-30T01:22:00Z,29.0054883,0.0000865,60,25.5625
2026-09-30T01:23:00Z,29.0054367,0.0000663,60,25.5625
2026-09-30T01:24:00Z,29.0053883,0.0000691,60,25.5625
2026-09-30T01:25:00Z,29.0053983,0.0000676,60,25.5625
2026-09-30T01:26:00Z,29.0053733,0.0000607,60,25.5625
2026-09-30T01:27:00Z,29.005355,0.0000502,60,25.5625
2026-09-30T01:28:00Z,29.005445,0.0000699,60,25.5625
2026-09-30T01:29:00Z,29.005465,0.0000659,60,25.5625
2026-09-30T01:30:00Z,29.0055383,0.0000524,60,25.625
2026-09-30T01:31:00Z,29.0055617,0.0000585,60,25.625
2026-09-30T01:32:00Z,29.0055983,0.0000651,60,25.625
2026-09-30T01:33:00Z,29.0056217,0.0000555,60,25.625
2026-09-30T01:34:00Z,29.0055567,0.0001095,60,25.625
2026-09-30T01:35:00Z,29.0054733,0.0000634,60,25.625
2026-09-30T01:36:00Z,29.00543,0.0000591,60,25.625
2026-09-30T01:37:00Z,29.0054367,0.0000712,60,25.625
2026-09-30T01:38:00Z,29.00546,0.0000643,60,25.625
2026-09-30T01:39:00Z,29.0054133,0.000065,60,25.625
2026-09-30T01:40:00Z,29.00544,0.0000785,60,25.625
2026-09-30T01:41:00Z,29.0054667,0.0000601,60,25.625
2026-09-30T01:42:00Z,29.00538,0.0000632,60,25.625
2026-09-30T01:43:00Z,29.005345,0.0000622,60,25.625
2026-09-30T01:44:00Z,29.0053767,0.0000593,60,25.625
2026-09-30T01:45:00Z,29.00541,0.0000706,60,25.625
2026-09-30T01:46:00Z,29.0054633,0.0000663,60,25.6375
2026-09-30T01:47:00Z,29.005505,0.0000565,60,25.65
2026-09-30T01:48:00Z,29.0054217,0.0000585,60,25.6375
2026-09-30T01:49:00Z,29.00542,0.0000514,60,25.6625
2026-09-30T01:50:00Z,29.00542,0.0000798,60,25.6625
2026-09-30T01:51:00Z,29.0054017,0.0000537,60,25.6375
2026-09-30T01:52:00Z,29.0055367,0.0000551,60,25.6375
2026-09-30T01:53:00Z,29.0054983,0.0000965,60,25.65
2026-09-30T01:54:00Z,29.0054933,0.0000482,60,25.6625
2026-09-30T01:55:00Z,29.00548,0.0000632,60,25.6875
2026-09-30T01:56:00Z,29.0054617,0.0000555,60,25.675
2026-09-30T01:57:00Z,29.005475,0.0000474,60,25.675
2026-09-30T01:58:00Z,29.0054917,0.0000619,60,25.6875
2026-09-30T01:59:00Z,29.005465,0.0000577,60,25.675
2026-09-30T02:00:00Z,29.00549,0.0000706,60,25.6875
2026-09-30T02:01:00Z,29.005545,0.0000675,60,25.65
2026-09-30T02:02:00Z,29.00549,0.0000752,60,25.6625
2026-09-30T02:03:00Z,29.0055068,0.0000691,59,25.6375
2026-09-30T02:04:00Z,29.0054967,0.0000581,60,25.65
2026-09-30T02:05:00Z,29.0054633,0.000061,60,25.675
2026-09-30T02:06:00Z,29.005415,0.0000659,60,25.6625
2026-09-30T02:07:00Z,29.0054433,0.0000621,60,25.6625
2026-09-30T02:08:00Z,29.0055233,0.0000563,60,25.65
2026-09-30T02:09:00Z,29.0054467,0.0000623,60,25.6625
2026-09-30T02:10:00Z,29.0054667,0.000051,60,25.65
2026-09-30T02:11:00Z,29.005525,0.0000628,60,25.625
2026-09-30T02:12:00Z,29.0055417,0.000053,60,25.6625
2026-09-30T02:13:00Z,29.005545,0.0000502,60,25.65
2026-09-30T02:14:00Z,29.0055217,0.0000613,60,25.6625
2026-09-30T02:15:00Z,29.0055033,0.0000551,60,25.6875
2026-09-30T02:16:00Z,29.0054783,0.0000666,60,25.6875
2026-09-30T02:17:00Z,29.00547,0.0000646,60,25.6875
2026-09-30T02:18:00Z,29.0054617,0.0000739,60,25.6875
2026-09-30T02:19:00Z,29.0055,0.0000487,60,25.6875
2026-09-30T02:20:00Z,29.0054783,0.0000555,60,25.6875
2026-09-30T02:21:00Z,29.0054867,0.0000566,60,25.6875
2026-09-30T02:22:00Z,29.00549,0.0000896,60,25.6875
2026-09-30T02:23:00Z,29.0055317,0.0000676,60,25.6875
2026-09-30T02:24:00Z,29.0054767,0.0000533,60,25.6875
2026-09-30T02:25:00Z,29.0054617,0.0000846,60,25.6875
2026-09-30T02:26:00Z,29.005485,0.0000606,60,25.6875
2026-09-30T02:27:00Z,29.005455,0.0000565,60,25.6875
2026-09-30T02:28:00Z,29.0054383,0.0000691,60,25.6875
2026-09-30T02:29:00Z,29.0054533,0.0000812,60,25.6875
2026-09-30T02:30:00Z,29.005525,0.0000728,60,25.6875
2026-09-30T02:31:00Z,29.0054433,0.0000563,60,25.6875
2026-09-30T02:32:00Z,29.0053733,0.0000607,60,25.6875
2026-09-30T02:33:00Z,29.0054133,0.000065,60,25.6875
2026-09-30T02:34:00Z,29.0053883,0.000049,60,25.6875
2026-09-30T02:35:00Z,29.0054317,0.0000651,60,25.6875
2026-09-30T02:36:00Z,29.005465,0.0000547,60,25.6875
2026-09-30T02:37:00Z,29.0055533,0.0000536,60,25.6875
2026-09-30T02:38:00Z,29.0056017,0.0000504,60,25.6875
2026-09-30T02:39:00Z,29.005545,0.0000565,60,25.6875
2026-09-30T02:40:00Z,29.00548,0.0000732,60,25.6875
2026-09-30T02:41:00Z,29.005435,0.0000606,60,25.6875
2026-09-30T02:42:00Z,29.0054433,0.0000533,60,25.6875
2026-09-30T02:43:00Z,29.0054833,0.0000493,60,25.6875
2026-09-30T02:44:00Z,29.00548,0.0000403,60,25.6875
2026-09-30T02:45:00Z,29.00541,0.0000602,60,25.6875
2026-09-30T02:46:00Z,29.0054433,0.0000593,60,25.6875
2026-09-30T02:47:00Z,29.0054433,0.0000647,60,25.6875
2026-09-30T02:48:00Z,29.0054417,0.0000591,60,25.6875
2026-09-30T02:49:00Z,29.0055667,0.0000601,60,25.6875
2026-09-30T02:50:00Z,29.00545,0.0000792,60,25.6875
2026-09-30T02:51:00Z,29.0053933,0.0000578,60,25.6875
2026-09-30T02:52:00Z,29.0054441,0.0000749,59,25.6875
2026-09-30T02:53:00Z,29.0054633,0.0000637,60,25.6875
2026-09-30T02:54:00Z,29.0054767,0.00005,60,25.6875
2026-09-30T02:55:00Z,29.0054967,0.0000688,60,25.6875
2026-09-30T02:56:00Z,29.005365,0.0000709,60,25.6875
2026-09-30T02:57:00Z,29.0054183,0.0000651,60,25.6875
2026-09-30T02:58:00Z,29.005415,0.0000633,60,25.6875
2026-09-30T02:59:00Z,29.0054717,0.0000524,60,25.6875
2026-09-30T03:00:00Z,29.0054433,0.0000593,60,25.6875
2026-09-30T03:01:00Z,29.0054717,0.0000739,60,25.6875
2026-09-30T03:02:00Z,29.005455,0.0000746,60,25.6875
2026-09-30T03:03:00Z,29.0055417,0.0000619,60,25.6875
2026-09-30T03:04:00Z,29.0055183,0.0000596,60,25.6875
2026-09-30T03:05:00Z,29.0055267,0.0000918,60,25.6875
2026-09-30T03:06:00Z,29.00554,0.0000694,60,25.6875
2026-09-30T03:07:00Z,29.0055817,0.0000725,60,25.725
2026-09-30T03:08:00Z,29.0055917,0.0000497,60,25.75
2026-09-30T03:09:00Z,29.005615,0.0000577,60,25.75
2026-09-30T03:10:00Z,29.005585,0.0000577,60,25.75
2026-09-30T03:11:00Z,29.00563,0.0000561,60,25.75
2026-09-30T03:12:00Z,29.005585,0.0000633,60,25.75
2026-09-30T03:13:00Z,29.0055383,0.0000613,60,25.75
2026-09-30T03:14:00Z,29.00556,0.0000558,60,25.75
2026-09-30T03:15:00Z,29.005545,0.0000594,60,25.775
2026-09-30T03:16:00Z,29.0054983,0.0000651,60,25.8125
2026-09-30T03:17:00Z,29.0055033,0.0000581,60,25.8125
2026-09-30T03:18:00Z,29.0055,0.0000713,60,25.8125
2026-09-30T03:19:00Z,29.0054833,0.0000493,60,25.8125
2026-09-30T03:20:00Z,29.0055317,0.0000469,60,25.8125
2026-09-30T03:21:00Z,29.0055367,0.000052,60,25.8125
2026-09-30T03:22:00Z,29.0055233,0.00005,60,25.8125
2026-09-30T03:23:00Z,29.0054883,0.0000585,60,25.8625
2026-09-30T03:24:00Z,29.0054867,0.0000468,60,25.875
2026-09-30T03:25:00Z,29.00553,0.0000561,60,25.875
2026-09-30T03:26:00Z,29.0055267,0.0000548,60,25.875
2026-09-30T03:27:00Z,29.00554,0.0000616,60,25.875
2026-09-30T03:28:00Z,29.0055067,0.0000446,60,25.875
2026-09-30T03:29:00Z,29.0055217,0.0000454,60,25.875
2026-09-30T03:30:00Z,29.00553,0.0000561,60,25.875
2026-09-30T03:31:00Z,29.0054583,0.0000591,60,25.8875
2026-09-30T03:32:00Z,29.0054817,0.0000624,60,25.9
2026-09-30T03:33:00Z,29.00548,0.0000684,60,25.925
2026-09-30T03:34:00Z,29.005565,0.0000606,60,25.9375
2026-09-30T03:35:00Z,29.0055083,0.0000497,60,25.9375
2026-09-30T03:36:00Z,29.0055133,0.0000566,60,25.9375
2026-09-30T03:37:00Z,29.0055367,0.0000581,60,25.9375
2026-09-30T03:38:00Z,29.00554,0.0000527,60,25.9375
2026-09-30T03:39:00Z,29.0055117,0.0000555,60,25.9375
2026-09-30T03:40:00Z,29.00548,0.0000576,60,25.9375
2026-09-30T03:41:00Z,29.0055017,0.0000435,59,25.9375
2026-09-30T03:42:00Z,29.0054583,0.0000696,60,25.9375
2026-09-30T03:43:00Z,29.0054767,0.0000593,60,25.9375
2026-09-30T03:44:00Z,29.0054367,0.0000637,60,25.9375
2026-09-30T03:45:00Z,29.00537,0.0000462,60,25.9375
2026-09-30T03:46:00Z,29.005335,0.0000515,60,25.9375
2026-09-30T03:47:00Z,29.0053633,0.0000581,60,25.975
2026-09-30T03:48:00Z,29.0055183,0.0000651,60,26.0
2026-09-30T03:49:00Z,29.0055433,0.0000533,60,26.0
2026-09-30T03:50:00Z,29.0054967,0.0000551,60,26.0
2026-09-30T03:51:00Z,29.005525,0.0000571,60,26.0
2026-09-30T03:52:00Z,29.0056083,0.000072,60,26.0
2026-09-30T03:53:00Z,29.005465,0.0000606,60,26.0
2026-09-30T03:54:00Z,29.0054967,0.0000486,60,26.0
2026-09-30T03:55:00Z,29.00553,0.0000561,60,26.0
2026-09-30T03:56:00Z,29.0055233,0.00005,60,26.0
2026-09-30T03:57:00Z,29.0055783,0.0000524,60,26.0
2026-09-30T03:58:00Z,29.0054967,0.0000688,60,26.0
2026-09-30T03:59:00Z,29.0054433,0.0000647,60,26.0
2026-09-30T04:00:00Z,29.00554,0.0000588,60,26.0
2026-09-30T04:01:00Z,29.005515,0.0000444,60,26.0
2026-09-30T04:02:00Z,29.0054483,0.0000676,60,26.0
2026-09-30T04:03:00Z,29.0053967,0.0000663,60,26.0125
2026-09-30T04:04:00Z,29.005325,0.0000541,60,26.05
2026-09-30T04:05:00Z,29.005365,0.0000515,60,26.0625
2026-09-30T04:06:00Z,29.0053583,0.0000645,60,26.0625
2026-09-30T04:07:00Z,29.0054217,0.0000585,60,26.0625
2026-09-30T04:08:00Z,29.0053967,0.0000637,60,26.0625
2026-09-30T04:09:00Z,29.0053817,0.0000854,60,26.0625
2026-09-30T04:10:00Z,29.0053583,0.0000591,60,26.0625
2026-09-30T04:11:00Z,29.0053983,0.0000537,60,26.0625
2026-09-30T04:12:00Z,29.00541,0.0000858,60,26.05
2026-09-30T04:13:00Z,29.00536,0.0000527,60,26.0
2026-09-30T04:14:00Z,29.0053483,0.0000596,60,26.0
2026-09-30T04:15:00Z,29.0053567,0.0000533,60,26.0
2026-09-30T04:16:00Z,29.0053067,0.0000446,60,26.0
2026-09-30T04:17:00Z,29.0053,0.0000521,60,26.0
2026-09-30T04:18:00Z,29.0053717,0.0000524,60,26.0
2026-09-30T04:19:00Z,29.00534,0.0000558,60,25.95
2026-09-30T04:20:00Z,29.0053867,0.0000676,60,25.9375
2026-09-30T04:21:00Z,29.005305,0.0000649,60,25.9375
2026-09-30T04:22:00Z,29.0052817,0.0000651,60,25.9375
2026-09-30T04:23:00Z,29.005325,0.0000571,60,25.9375
2026-09-30T04:24:00Z,29.0053033,0.0000637,60,25.9
2026-09-30T04:25:00Z,29.00529,0.0000706,60,25.875
2026-09-30T04:26:00Z,29.0053317,0.0000537,60,25.875
2026-09-30T04:27:00Z,29.0053183,0.0000469,60,25.875
2026-09-30T04:28:00Z,29.0053333,0.0000601,60,25.875
2026-09-30T04:29:00Z,29.0053117,0.0000739,60,25.8625
2026-09-30T04:30:00Z,29.0053288,0.0000559,59,25.8125
2026-09-30T04:31:00Z,29.00538,0.0000576,60,25.8125
2026-09-30T04:32:00Z,29.0053817,0.0000596,60,25.8125
2026-09-30T04:33:00Z,29.005375,0.0000628,60,25.8125
2026-09-30T04:34:00Z,29.0053867,0.0000747,60,25.7875
2026-09-30T04:35:00Z,29.0054533,0.0000566,60,25.75
2026-09-30T04:36:00Z,29.0054267,0.0000578,60,25.75
2026-09-30T04:37:00Z,29.0053833,0.0000587,60,25.75
2026-09-30T04:38:00Z,29.0053833,0.0000526,60,25.75
2026-09-30T04:39:00Z,29.005385,0.0000515,60,25.7375
2026-09-30T04:40:00Z,29.0053467,0.0000566,60,25.6875
2026-09-30T04:41:00Z,29.0053283,0.0000585,60,25.6875
2026-09-30T04:42:00Z,29.0053267,0.0000548,60,25.6875
2026-09-30T04:43:00Z,29.0053933,0.0000516,60,25.6875
2026-09-30T04:44:00Z,29.0053633,0.0000581,60,25.6875
2026-09-30T04:45:00Z,29.00532,0.0000546,60,25.6625
2026-09-30T04:46:00Z,29.0054217,0.0000666,60,25.625
2026-09-30T04:47:00Z,29.0053767,0.0000533,60,25.625
2026-09-30T04:48:00Z,29.0053567,0.0000647,60,25.625
2026-09-30T04:49:00Z,29.0053867,0.0000468,60,25.625
2026-09-30T04:50:00Z,29.0053683,0.0000537,60,25.625
2026-09-30T04:51:00Z,29.00543,0.0000696,60,25.625
2026-09-30T04:52:00Z,29.0054683,0.0000567,60,25.5625
2026-09-30T04:53:00Z,29.00542,0.0000576,60,25.5625
2026-09-30T04:54:00Z,29.005445,0.0000565,60,25.5625
2026-09-30T04:55:00Z,29.0054267,0.0000548,60,25.5625
2026-09-30T04:56:00Z,29.0055033,0.0000758,60,25.5625
2026-09-30T04:57:00Z,29.0054317,0.0000537,60,25.5625
2026-09-30T04:58:00Z,29.0054467,0.0000566,60,25.5625
2026-09-30T04:59:00Z,29.0054367,0.0000758,60,25.525
2026-09-30T05:00:00Z,29.0054017,0.0000651,60,25.5
2026-09-30T05:01:00Z,29.005445,0.0000622,60,25.5
2026-09-30T05:02:00Z,29.0054017,0.0000537,60,25.5
2026-09-30T05:03:00Z,29.00542,0.0000443,60,25.5
2026-09-30T05:04:00Z,29.00537,0.0000591,60,25.5
2026-09-30T05:05:00Z,29.00541,0.0000543,60,25.5
2026-09-30T05:06:00Z,29.0053883,0.0000585,60,25.4875
2026-09-30T05:07:00Z,29.0053883,0.0000666,60,25.475
2026-09-30T05:08:00Z,29.0053767,0.0000673,60,25.4375
2026-09-30T05:09:00Z,29.0053617,0.0000804,60,25.4375
2026-09-30T05:10:00Z,29.0053417,0.0000619,60,25.4375
2026-09-30T05:11:00Z,29.00537,0.0000561,60,25.4375
2026-09-30T05:12:00Z,29.0054233,0.0000465,60,25.4375
2026-09-30T05:13:00Z,29.0054217,0.0000555,60,25.4375
2026-09-30T05:14:00Z,29.005435,0.0000577,60,25.4375
2026-09-30T05:15:00Z,29.0054433,0.0000621,60,25.4375
2026-09-30T05:16:00Z,29.00552,0.0000605,60,25.4
2026-09-30T05:17:00Z,29.0055283,0.0000739,60,25.375
2026-09-30T05:18:00Z,29.0054883,0.0000585,60,25.375
2026-09-30T05:19:00Z,29.0054517,0.0000701,60,25.375
2026-09-30T05:20:00Z,29.0054831,0.0000592,59,25.375
2026-09-30T05:21:00Z,29.005495,0.0000565,60,25.375
2026-09-30T05:22:00Z,29.0055017,0.0000651,60,25.375
2026-09-30T05:23:00Z,29.0054383,0.0000555,60,25.375
2026-09-30T05:24:00Z,29.0054883,0.0000739,60,25.375
2026-09-30T05:25:00Z,29.00547,0.0000497,60,25.375
2026-09-30T05:26:00Z,29.0054467,0.0000566,60,25.325
2026-09-30T05:27:00Z,29.005425,0.0000571,60,25.3125
2026-09-30T05:28:00Z,29.0054483,0.0000567,60,25.3125
2026-09-30T05:29:00Z,29.0054617,0.0000555,60,25.3125
2026-09-30T05:30:00Z,29.00545,0.0000701,60,25.3125
2026-09-30T05:31:00Z,29.0055017,0.0000725,60,25.3125
2026-09-30T05:32:00Z,29.0055383,0.0000524,60,25.3125
2026-09-30T05:33:00Z,29.005505,0.0000622,60,25.3125
2026-09-30T05:34:00Z,29.00555,0.0000676,60,25.3125
2026-09-30T05:35:00Z,29.005565,0.0000685,60,25.3125
2026-09-30T05:36:00Z,29.00553,0.0000809,60,25.3
2026-09-30T05:37:00Z,29.005465,0.0000547,60,25.275
2026-09-30T05:38:00Z,29.0055083,0.0000591,60,25.25
2026-09-30T05:39:00Z,29.0055167,0.0000587,60,25.25
2026-09-30T05:40:00Z,29.0054667,0.0000601,60,25.25
2026-09-30T05:41:00Z,29.0054683,0.0000596,60,25.25
2026-09-30T05:42:00Z,29.0054533,0.0000503,60,25.25
2026-09-30T05:43:00Z,29.0054467,0.0000596,60,25.25
2026-09-30T05:44:00Z,29.0054433,0.00005,60,25.25
2026-09-30T05:45:00Z,29.0054833,0.0000615,60,25.25
2026-09-30T05:46:00Z,29.005415,0.0000633,60,25.25
2026-09-30T05:47:00Z,29.0053917,0.0000591,60,25.25
2026-09-30T05:48:00Z,29.005385,0.0000547,60,25.25
2026-09-30T05:49:00Z,29.00543,0.0000743,60,25.25
2026-09-30T05:50:00Z,29.0054833,0.0000615,60,25.1875
2026-09-30T05:51:00Z,29.00551,0.0000543,60,25.1875
2026-09-30T05:52:00Z,29.005525,0.0000541,60,25.1875
2026-09-30T05:53:00Z,29.0054817,0.0000567,60,25.1875
2026-09-30T05:54:00Z,29.0055083,0.0000462,60,25.1875
2026-09-30T05:55:00Z,29.0055017,0.0000596,60,25.1875
2026-09-30T05:56:00Z,29.0055117,0.0000613,60,25.1875
2026-09-30T05:57:00Z,29.0055167,0.0000615,60,25.1875
2026-09-30T05:58:00Z,29.0055383,0.000064,60,25.1875
2026-09-30T05:59:00Z,29.0055167,0.0000557,60,25.1875
2026-09-30T06:00:00Z,29.0055067,0.0000548,60,25.1875
2026-09-30T06:01:00Z,29.0055467,0.0000676,60,25.1875
2026-09-30T06:02:00Z,29.0055617,0.0000613,60,25.1875
2026-09-30T06:03:00Z,29.0055733,0.0000686,60,25.1875
2026-09-30T06:04:00Z,29.0055467,0.00007,60,25.1875
2026-09-30T06:05:00Z,29.0055417,0.000072,60,25.1375
2026-09-30T06:06:00Z,29.00558,0.0000632,60,25.125
2026-09-30T06:07:00Z,29.0055183,0.0000469,60,25.125
2026-09-30T06:08:00Z,29.00553,0.0000619,60,25.125
2026-09-30T06:09:00Z,29.0055814,0.0000706,59,25.125
2026-09-30T06:10:00Z,29.0055667,0.0000752,60,25.125
2026-09-30T06:11:00Z,29.005495,0.0000622,60,25.125
2026-09-30T06:12:00Z,29.0054517,0.0000676,60,25.125
2026-09-30T06:13:00Z,29.0054417,0.0000497,60,25.125
2026-09-30T06:14:00Z,29.0054983,0.0000537,60,25.125
2026-09-30T06:15:00Z,29.0055483,0.0000504,60,25.125
2026-09-30T06:16:00Z,29.0055167,0.000074,60,25.125
2026-09-30T06:17:00Z,29.0055217,0.0000739,60,25.125
2026-09-30T06:18:00Z,29.0055017,0.0000725,60,25.125
2026-09-30T06:19:00Z,29.0055,0.0000611,60,25.125
2026-09-30T06:20:00Z,29.0055017,0.0000651,60,25.125
2026-09-30T06:21:00Z,29.005475,0.0000541,60,25.125
2026-09-30T06:22:00Z,29.0054717,0.0000585,60,25.0875
2026-09-30T06:23:00Z,29.00551,0.0000656,60,25.0625
2026-09-30T06:24:00Z,29.0054817,0.0000567,60,25.0625
2026-09-30T06:25:00Z,29.0055017,0.0000504,60,25.0625
2026-09-30T06:26:00Z,29.0054667,0.0000542,60,25.0625
2026-09-30T06:27:00Z,29.005455,0.0000534,60,25.0625
2026-09-30T06:28:00Z,29.0054367,0.0000551,60,25.0625
2026-09-30T06:29:00Z,29.0054917,0.0000424,60,25.0625
2026-09-30T06:30:00Z,29.005445,0.0000594,60,25.0625
2026-09-30T06:31:00Z,29.00548,0.0000576,60,25.0625
2026-09-30T06:32:00Z,29.005445,0.0000723,60,25.0625
2026-09-30T06:33:00Z,29.0054733,0.0000607,60,25.0625
2026-09-30T06:34:00Z,29.0055067,0.000071,60,25.0625
2026-09-30T06:35:00Z,29.00553,0.000053,60,25.0625
2026-09-30T06:36:00Z,29.00556,0.0000558,60,25.0625
2026-09-30T06:37:00Z,29.0055083,0.0000591,60,25.0625
2026-09-30T06:38:00Z,29.005475,0.0000654,60,25.0625
2026-09-30T06:39:00Z,29.0055183,0.0000567,60,25.0625
2026-09-30T06:40:00Z,29.00548,0.0000777,60,25.05
2026-09-30T06:41:00Z,29.00545,0.0000567,60,25.0
2026-09-30T06:42:00Z,29.0055133,0.0000596,60,25.0
2026-09-30T06:43:00Z,29.0054767,0.0000533,60,25.0
2026-09-30T06:44:00Z,29.0054783,0.0000585,60,25.0
2026-09-30T06:45:00Z,29.0055033,0.000052,60,25.0
2026-09-30T06:46:00Z,29.0055467,0.0000596,60,25.0
2026-09-30T06:47:00Z,29.0055,0.0000582,60,25.0
2026-09-30T06:48:00Z,29.0054933,0.0000607,60,25.0
2026-09-30T06:49:00Z,29.00545,0.0000567,60,25.0
2026-09-30T06:50:00Z,29.005495,0.0000723,60,25.0
2026-09-30T06:51:00Z,29.0055267,0.0000634,60,25.0
2026-09-30T06:52:00Z,29.0055467,0.0000676,60,25.0
2026-09-30T06:53:00Z,29.0054883,0.000064,60,25.0
2026-09-30T06:54:00Z,29.0054833,0.0000615,60,25.0
2026-09-30T06:55:00Z,29.00548,0.0000514,60,25.0
2026-09-30T06:56:00Z,29.005505,0.0000467,60,25.0
2026-09-30T06:57:00Z,29.0054583,0.0000645,60,25.0
2026-09-30T06:58:00Z,29.0055237,0.0000727,59,25.0
2026-09-30T06:59:00Z,29.0055067,0.0000607,60,25.0
2026-09-30T07:00:00Z,29.005515,0.0000659,60,25.0
2026-09-30T07:01:00Z,29.0055,0.0000736,60,24.975
2026-09-30T07:02:00Z,29.0055683,0.0000701,60,24.95
2026-09-30T07:03:00Z,29.0055333,0.0000572,60,24.9375
2026-09-30T07:04:00Z,29.0055417,0.0000591,60,24.9375
2026-09-30T07:05:00Z,29.00556,0.0000527,60,24.9375
2026-09-30T07:06:00Z,29.0055283,0.0000613,60,24.9375
2026-09-30T07:07:00Z,29.0055017,0.0000567,60,24.9375
2026-09-30T07:08:00Z,29.00552,0.0000576,60,24.9375
2026-09-30T07:09:00Z,29.0055167,0.0000526,60,24.9375
2026-09-30T07:10:00Z,29.0055233,0.0000621,60,24.9375
2026-09-30T07:11:00Z,29.0056217,0.0000666,60,24.9375
2026-09-30T07:12:00Z,29.0054517,0.0000567,60,24.9375
2026-09-30T07:13:00Z,29.0055083,0.000053,60,24.9375
2026-09-30T07:14:00Z,29.005505,0.0000565,60,24.9375
2026-09-30T07:15:00Z,29.0055517,0.0000813,60,24.9375
2026-09-30T07:16:00Z,29.0055217,0.000049,60,24.9375
2026-09-30T07:17:00Z,29.0055717,0.0000585,60,24.9375
2026-09-30T07:18:00Z,29.0054983,0.0000813,60,24.9375
2026-09-30T07:19:00Z,29.0054967,0.0000712,60,24.9375
2026-09-30T07:20:00Z,29.0055617,0.0000585,60,24.9375
2026-09-30T07:21:00Z,29.0055433,0.0000621,60,24.9375
2026-09-30T07:22:00Z,29.0055267,0.0000516,60,24.9375
2026-09-30T07:23:00Z,29.0055217,0.0000524,60,24.9
2026-09-30T07:24:00Z,29.0055067,0.0000516,60,24.9
2026-09-30T07:25:00Z,29.0055367,0.0000581,60,24.8875
2026-09-30T07:26:00Z,29.005625,0.0000628,60,24.875
2026-09-30T07:27:00Z,29.005605,0.0000565,60,24.875
2026-09-30T07:28:00Z,29.00559,0.0000477,60,24.875
2026-09-30T07:29:00Z,29.0055583,0.0000645,60,24.875
2026-09-30T07:30:00Z,29.005605,0.0000811,60,24.875
2026-09-30T07:31:00Z,29.0055983,0.0000624,60,24.875
2026-09-30T07:32:00Z,29.005545,0.0000594,60,24.875
2026-09-30T07:33:00Z,29.0055417,0.0000561,60,24.875
2026-09-30T07:34:00Z,29.00557,0.0000619,60,24.875
2026-09-30T07:35:00Z,29.005565,0.0000606,60,24.875
2026-09-30T07:36:00Z,29.0055833,0.0000526,60,24.875
2026-09-30T07:37:00Z,29.0055467,0.0000623,60,24.875
2026-09-30T07:38:00Z,29.0055817,0.0000567,60,24.875
2026-09-30T07:39:00Z,29.005675,0.0000571,60,24.875
2026-09-30T07:40:00Z,29.0056367,0.0000712,60,24.875
2026-09-30T07:41:00Z,29.00564,0.0000616,60,24.875
2026-09-30T07:42:00Z,29.0056667,0.0000655,60,24.875
2026-09-30T07:43:00Z,29.0056067,0.0000406,60,24.875
2026-09-30T07:44:00Z,29.0056067,0.0000733,60,24.875
2026-09-30T07:45:00Z,29.0056017,0.0000567,60,24.875
2026-09-30T07:46:00Z,29.0055917,0.0000591,60,24.875
2026-09-30T07:47:00Z,29.0055915,0.0000702,59,24.875
2026-09-30T07:48:00Z,29.0056267,0.000071,60,24.85
2026-09-30T07:49:00Z,29.0056283,0.0000585,60,24.8375
2026-09-30T07:50:00Z,29.005615,0.0000755,60,24.825
2026-09-30T07:51:00Z,29.0056067,0.000066,60,24.8125
2026-09-30T07:52:00Z,29.0056233,0.0000621,60,24.8125
2026-09-30T07:53:00Z,29.0056117,0.0000555,60,24.8125
2026-09-30T07:54:00Z,29.0056333,0.0000542,60,24.8125
2026-09-30T07:55:00Z,29.0056167,0.0000668,60,24.8125
2026-09-30T07:56:00Z,29.00563,0.0000619,60,24.8125
2026-09-30T07:57:00Z,29.0056883,0.0000555,60,24.8125
2026-09-30T07:58:00Z,29.0056367,0.0000637,60,24.8125
2026-09-30T07:59:00Z,29.00562,0.0000632,60,24.8125
2026-09-30T08:00:00Z,29.005645,0.0000649,60,24.8125
2026-09-30T08:01:00Z,29.0056517,0.0000624,60,24.8125
2026-09-30T08:02:00Z,29.0056867,0.0000747,60,24.8125
2026-09-30T08:03:00Z,29.0056583,0.0000561,60,24.8125
2026-09-30T08:04:00Z,29.0056617,0.0000555,60,24.8125
2026-09-30T08:05:00Z,29.0056983,0.0000676,60,24.8125
2026-09-30T08:06:00Z,29.0056883,0.0000761,60,24.8125
2026-09-30T08:07:00Z,29.0056483,0.0000567,60,24.8125
2026-09-30T08:08:00Z,29.005695,0.0000429,60,24.8125
2026-09-30T08:09:00Z,29.0056867,0.0000503,60,24.8125
2026-09-30T08:10:00Z,29.005715,0.0000732,60,24.8125
2026-09-30T08:11:00Z,29.00577,0.000053,60,24.8125
2026-09-30T08:12:00Z,29.0057417,0.0000497,60,24.8125
2026-09-30T08:13:00Z,29.0056983,0.0000469,60,24.775
2026-09-30T08:14:00Z,29.0056867,0.0000503,60,24.7625
2026-09-30T08:15:00Z,29.0057033,0.0000663,60,24.7625
2026-09-30T08:16:00Z,29.005635,0.0000633,60,24.75
2026-09-30T08:17:00Z,29.0056667,0.0000655,60,24.75
2026-09-30T08:18:00Z,29.0056767,0.0000871,60,24.75
2026-09-30T08:19:00Z,29.0056633,0.0000802,60,24.75
2026-09-30T08:20:00Z,29.0056833,0.0000668,60,24.75
2026-09-30T08:21:00Z,29.005685,0.000082,60,24.75
2026-09-30T08:22:00Z,29.0055817,0.0000676,60,24.75
2026-09-30T08:23:00Z,29.0056033,0.0000663,60,24.75
2026-09-30T08:24:00Z,29.0056383,0.0000585,60,24.75
2026-09-30T08:25:00Z,29.0056333,0.0000681,60,24.75
2026-09-30T08:26:00Z,29.005615,0.0000633,60,24.75
2026-09-30T08:27:00Z,29.0056283,0.0000524,60,24.75
2026-09-30T08:28:00Z,29.0056317,0.0000596,60,24.75
2026-09-30T08:29:00Z,29.0056,0.0000611,60,24.75
2026-09-30T08:30:00Z,29.0056483,0.0000624,60,24.75
2026-09-30T08:31:00Z,29.0056283,0.0000555,60,24.75
2026-09-30T08:32:00Z,29.005615,0.0000709,60,24.75
2026-09-30T08:33:00Z,29.0056483,0.0000596,60,24.75
2026-09-30T08:34:00Z,29.0055967,0.0000551,60,24.75
2026-09-30T08:35:00Z,29.0056067,0.000066,60,24.75
2026-09-30T08:36:00Z,29.0056492,0.0000653,59,24.75
2026-09-30T08:37:00Z,29.00563,0.0000561,60,24.75
2026-09-30T08:38:00Z,29.0056217,0.000064,60,24.7375
2026-09-30T08:39:00Z,29.0056433,0.0000533,60,24.725
2026-09-30T08:40:00Z,29.0056633,0.0000637,60,24.6875
2026-09-30T08:41:00Z,29.0056667,0.0000601,60,24.6875
2026-09-30T08:42:00Z,29.0056683,0.0000624,60,24.6875
2026-09-30T08:43:00Z,29.0057083,0.0000497,60,24.6875
2026-09-30T08:44:00Z,29.00568,0.0000632,60,24.6875
2026-09-30T08:45:00Z,29.00568,0.0000632,60,24.6875
2026-09-30T08:46:00Z,29.0056983,0.0000624,60,24.6875
2026-09-30T08:47:00Z,29.0056733,0.0000578,60,24.6875
2026-09-30T08:48:00Z,29.0056533,0.0000536,60,24.6875
2026-09-30T08:49:00Z,29.00566,0.0000616,60,24.6875
2026-09-30T08:50:00Z,29.0056633,0.0000581,60,24.6875
2026-09-30T08:51:00Z,29.0056583,0.0000766,60,24.6875
2026-09-30T08:52:00Z,29.0056967,0.0000581,60,24.6875
2026-09-30T08:53:00Z,29.0056767,0.0000593,60,24.6875
2026-09-30T08:54:00Z,29.0056683,0.0000567,60,24.6875
2026-09-30T08:55:00Z,29.005565,0.0000547,60,24.6875
2026-09-30T08:56:00Z,29.0055833,0.0000587,60,24.6875
2026-09-30T08:57:00Z,29.0055917,0.0000645,60,24.6875
2026-09-30T08:58:00Z,29.0056067,0.0000634,60,24.6875
2026-09-30T08:59:00Z,29.00562,0.0000576,60,24.6875
2026-09-30T09:00:00Z,29.005585,0.0000515,60,24.6875
2026-09-30T09:01:00Z,29.0055783,0.0000555,60,24.6875
2026-09-30T09:02:00Z,29.00557,0.0000743,60,24.6875
2026-09-30T09:03:00Z,29.00557,0.0000497,60,24.6875
2026-09-30T09:04:00Z,29.00557,0.0000743,60,24.6875
2026-09-30T09:05:00Z,29.0056733,0.0000634,60,24.675
2026-09-30T09:06:00Z,29.0056317,0.0000983,60,24.6375
2026-09-30T09:07:00Z,29.0055917,0.0000696,60,24.625
2026-09-30T09:08:00Z,29.00559,0.0000477,60,24.625
2026-09-30T09:09:00Z,29.005605,0.0000723,60,24.625
2026-09-30T09:10:00Z,29.0055967,0.0000581,60,24.625
2026-09-30T09:11:00Z,29.0056383,0.0000524,60,24.625
2026-09-30T09:12:00Z,29.0056317,0.0000651,60,24.625
2026-09-30T09:13:00Z,29.0055783,0.0000555,60,24.625
2026-09-30T09:14:00Z,29.0056717,0.0000585,60,24.625
2026-09-30T09:15:00Z,29.0057033,0.0000581,60,24.625
2026-09-30T09:16:00Z,29.0056467,0.0000623,60,24.625
2026-09-30T09:17:00Z,29.005625,0.0000628,60,24.625
2026-09-30T09:18:00Z,29.0055833,0.0000615,60,24.625
2026-09-30T09:19:00Z,29.0056317,0.0000567,60,24.625
2026-09-30T09:20:00Z,29.0056333,0.000051,60,24.625
2026-09-30T09:21:00Z,29.0056567,0.0000533,60,24.625
2026-09-30T09:22:00Z,29.0056067,0.0000686,60,24.625
2026-09-30T09:23:00Z,29.005605,0.0000675,60,24.625
2026-09-30T09:24:00Z,29.0056633,0.0000663,60,24.625
2026-09-30T09:25:00Z,29.0056288,0.0000559,59,24.625
2026-09-30T09:26:00Z,29.0056367,0.0000736,60,24.625
2026-09-30T09:27:00Z,29.00559,0.0000511,60,24.625
2026-09-30T09:28:00Z,29.00559,0.0000706,60,24.6125
2026-09-30T09:29:00Z,29.0056333,0.0000705,60,24.6
2026-09-30T09:30:00Z,29.0056867,0.00007,60,24.6125
2026-09-30T09:31:00Z,29.005735,0.0000755,60,24.5875
2026-09-30T09:32:00Z,29.0056533,0.0000676,60,24.5625
2026-09-30T09:33:00Z,29.0056433,0.0000621,60,24.5625
2026-09-30T09:34:00Z,29.00565,0.0000567,60,24.5625
2026-09-30T09:35:00Z,29.0056467,0.0000566,60,24.5625
2026-09-30T09:36:00Z,29.0056833,0.0000668,60,24.5625
2026-09-30T09:37:00Z,29.0056283,0.0000613,60,24.5625
2026-09-30T09:38:00Z,29.00561,0.0000656,60,24.5625
2026-09-30T09:39:00Z,29.005615,0.0000755,60,24.5625
2026-09-30T09:40:00Z,29.005555,0.0000699,60,24.5625
2026-09-30T09:41:00Z,29.0055883,0.0000666,60,24.5625
2026-09-30T09:42:00Z,29.00565,0.0000567,60,24.5625
2026-09-30T09:43:00Z,29.005625,0.000068,60,24.5625
2026-09-30T09:44:00Z,29.00562,0.0000576,60,24.5625
2026-09-30T09:45:00Z,29.005665,0.0000709,60,24.5625
2026-09-30T09:46:00Z,29.0056317,0.0000596,60,24.5625
2026-09-30T09:47:00Z,29.005675,0.0000654,60,24.5625
2026-09-30T09:48:00Z,29.0057,0.0000582,60,24.5625
2026-09-30T09:49:00Z,29.00569,0.000063,60,24.5625
2026-09-30T09:50:00Z,29.0056767,0.0000698,60,24.5625
2026-09-30T09:51:00Z,29.005645,0.0000622,60,24.5625
2026-09-30T09:52:00Z,29.00565,0.0000701,60,24.5625
2026-09-30T09:53:00Z,29.0056033,0.0000736,60,24.5625
2026-09-30T09:54:00Z,29.00565,0.0000537,60,24.5625
2026-09-30T09:55:00Z,29.0056283,0.000049,60,24.5625
2026-09-30T09:56:00Z,29.0057333,0.0000572,60,24.525
2026-09-30T09:57:00Z,29.00567,0.0000591,60,24.5375
2026-09-30T09:58:00Z,29.005685,0.0000577,60,24.5
2026-09-30T09:59:00Z,29.005665,0.0000577,60,24.5
2026-09-30T10:00:00Z,29.005695,0.0000723,60,24.5
2026-09-30T10:01:00Z,29.0057167,0.0000493,60,24.5
2026-09-30T10:02:00Z,29.0057067,0.000066,60,24.5
2026-09-30T10:03:00Z,29.00573,0.0000591,60,24.5
2026-09-30T10:04:00Z,29.0057033,0.000061,60,24.5
2026-09-30T10:05:00Z,29.0057083,0.000053,60,24.5
2026-09-30T10:06:00Z,29.0056983,0.0000596,60,24.5
2026-09-30T10:07:00Z,29.00572,0.0000632,60,24.5
2026-09-30T10:08:00Z,29.0057467,0.0000566,60,24.5
2026-09-30T10:09:00Z,29.005695,0.0000565,60,24.5
2026-09-30T10:10:00Z,29.005725,0.0000728,60,24.5
2026-09-30T10:11:00Z,29.0057,0.0000552,60,24.5
2026-09-30T10:12:00Z,29.0057,0.0000552,60,24.5
2026-09-30T10:13:00Z,29.0056783,0.000049,60,24.5
2026-09-30T10:14:00Z,29.0056441,0.0000623,59,24.5
2026-09-30T10:15:00Z,29.0057,0.0000487,60,24.5
2026-09-30T10:16:00Z,29.0056517,0.0000651,60,24.5
2026-09-30T10:17:00Z,29.0056733,0.000066,60,24.5
2026-09-30T10:18:00Z,29.0057117,0.000049,60,24.5
2026-09-30T10:19:00Z,29.0057083,0.0000462,60,24.5
2026-09-30T10:20:00Z,29.0057383,0.0000666,60,24.5
2026-09-30T10:21:00Z,29.0057883,0.0000613,60,24.4625
2026-09-30T10:22:00Z,29.005775,0.0000654,60,24.45
2026-09-30T10:23:00Z,29.0057333,0.0000629,60,24.4375
2026-09-30T10:24:00Z,29.0057167,0.0000557,60,24.4375
2026-09-30T10:25:00Z,29.0057433,0.0000621,60,24.4375
2026-09-30T10:26:00Z,29.005735,0.0000515,60,24.4375
2026-09-30T10:27:00Z,29.0057667,0.0000542,60,24.4375
2026-09-30T10:28:00Z,29.005735,0.0000577,60,24.4375
2026-09-30T10:29:00Z,29.0057,0.0000582,60,24.4375
2026-09-30T10:30:00Z,29.0056683,0.0000701,60,24.4375
2026-09-30T10:31:00Z,29.0057683,0.0000676,60,24.4375
2026-09-30T10:32:00Z,29.0057567,0.0000593,60,24.4375
2026-09-30T10:33:00Z,29.0058,0.0000736,60,24.4375
2026-09-30T10:34:00Z,29.0057367,0.0000663,60,24.4375
2026-09-30T10:35:00Z,29.005665,0.0000659,60,24.4375
2026-09-30T10:36:00Z,29.0057383,0.0000524,60,24.4375
2026-09-30T10:37:00Z,29.0057167,0.0000668,60,24.4375
2026-09-30T10:38:00Z,29.0057167,0.0000457,60,24.4375
2026-09-30T10:39:00Z,29.0058017,0.0000504,60,24.4375
2026-09-30T10:40:00Z,29.005785,0.0000481,60,24.4375
2026-09-30T10:41:00Z,29.00574,0.0000494,60,24.4375
2026-09-30T10:42:00Z,29.0057567,0.00005,60,24.4375
2026-09-30T10:43:00Z,29.0057517,0.0000651,60,24.4375
2026-09-30T10:44:00Z,29.0057117,0.0000585,60,24.4375
2026-09-30T10:45:00Z,29.00574,0.0000527,60,24.4
2026-09-30T10:46:00Z,29.0057633,0.000061,60,24.3875
2026-09-30T10:47:00Z,29.0057217,0.0000613,60,24.375
2026-09-30T10:48:00Z,29.00571,0.0000477,60,24.375
2026-09-30T10:49:00Z,29.0057083,0.0000462,60,24.375
2026-09-30T10:50:00Z,29.0057483,0.0000537,60,24.375
2026-09-30T10:51:00Z,29.0057767,0.0000593,60,24.375
2026-09-30T10:52:00Z,29.005755,0.0000565,60,24.375
2026-09-30T10:53:00Z,29.0057517,0.0000567,60,24.375
2026-09-30T10:54:00Z,29.005725,0.0000541,60,24.375
2026-09-30T10:55:00Z,29.0058017,0.0000676,60,24.375
2026-09-30T10:56:00Z,29.0057933,0.0000516,60,24.375
2026-09-30T10:57:00Z,29.005755,0.0000594,60,24.375
2026-09-30T10:58:00Z,29.0057633,0.0000581,60,24.375
2026-09-30T10:59:00Z,29.0057817,0.0000537,60,24.375
2026-09-30T11:00:00Z,29.0057217,0.0000691,60,24.375
2026-09-30T11:01:00Z,29.0056567,0.0000698,60,24.375
2026-09-30T11:02:00Z,29.00567,0.0000646,60,24.375
2026-09-30T11:03:00Z,29.0057102,0.0000548,59,24.375
2026-09-30T11:04:00Z,29.0057467,0.0000503,60,24.375
2026-09-30T11:05:00Z,29.0057567,0.0000673,60,24.375
2026-09-30T11:06:00Z,29.00577,0.0000696,60,24.375
2026-09-30T11:07:00Z,29.00574,0.0000616,60,24.375
2026-09-30T11:08:00Z,29.0057433,0.0000621,60,24.375
2026-09-30T11:09:00Z,29.00568,0.0000514,60,24.375
2026-09-30T11:10:00Z,29.00571,0.0000511,60,24.375
2026-09-30T11:11:00Z,29.005665,0.0000633,60,24.375
2026-09-30T11:12:00Z,29.00569,0.0000602,60,24.375
2026-09-30T11:13:00Z,29.0057083,0.0000671,60,24.375
2026-09-30T11:14:00Z,29.0057217,0.000049,60,24.375
2026-09-30T11:15:00Z,29.0057067,0.0000634,60,24.375
2026-09-30T11:16:00Z,29.0057283,0.0000585,60,24.375
2026-09-30T11:17:00Z,29.005715,0.0000732,60,24.375
2026-09-30T11:18:00Z,29.0056983,0.0000567,60,24.375
2026-09-30T11:19:00Z,29.0056183,0.0000651,60,24.375
2026-09-30T11:20:00Z,29.005695,0.0000467,60,24.375
2026-09-30T11:21:00Z,29.00574,0.0000558,60,24.375
2026-09-30T11:22:00Z,29.005705,0.0000534,60,24.375
2026-09-30T11:23:00Z,29.0056817,0.0000651,60,24.375
2026-09-30T11:24:00Z,29.0057167,0.0000526,60,24.375
2026-09-30T11:25:00Z,29.0057367,0.0000712,60,24.375
2026-09-30T11:26:00Z,29.00572,0.0000605,60,24.375
2026-09-30T11:27:00Z,29.0057167,0.0000557,60,24.375
2026-09-30T11:28:00Z,29.00572,0.0000605,60,24.375
2026-09-30T11:29:00Z,29.00575,0.0000537,60,24.375
2026-09-30T11:30:00Z,29.0057367,0.000061,60,24.375
2026-09-30T11:31:00Z,29.005745,0.0000565,60,24.3625
2026-09-30T11:32:00Z,29.0056783,0.0000613,60,24.375
2026-09-30T11:33:00Z,29.005675,0.0000571,60,24.375
2026-09-30T11:34:00Z,29.0057167,0.0000493,60,24.3625
2026-09-30T11:35:00Z,29.0056767,0.0000647,60,24.35
2026-09-30T11:36:00Z,29.0056983,0.0000596,60,24.3375
2026-09-30T11:37:00Z,29.0056983,0.0000537,60,24.3125
2026-09-30T11:38:00Z,29.0057567,0.0000563,60,24.3125
2026-09-30T11:39:00Z,29.00571,0.000073,60,24.3125
2026-09-30T11:40:00Z,29.0056783,0.0000585,60,24.3125
2026-09-30T11:41:00Z,29.0057183,0.0000537,60,24.3125
2026-09-30T11:42:00Z,29.0057283,0.000064,60,24.3125
2026-09-30T11:43:00Z,29.005725,0.0000628,60,24.3125
2026-09-30T11:44:00Z,29.005685,0.0000444,60,24.3125
2026-09-30T11:45:00Z,29.005685,0.0000515,60,24.3125
2026-09-30T11:46:00Z,29.0057133,0.0000566,60,24.3125
2026-09-30T11:47:00Z,29.0057517,0.0000504,60,24.3125
2026-09-30T11:48:00Z,29.00569,0.0000656,60,24.3125
2026-09-30T11:49:00Z,29.0057217,0.000049,60,24.3125
2026-09-30T11:50:00Z,29.005715,0.0000633,60,24.3125
2026-09-30T11:51:00Z,29.00571,0.0000511,60,24.3125
2026-09-30T11:52:00Z,29.0056797,0.0000446,59,24.3125
2026-09-30T11:53:00Z,29.0056733,0.000071,60,24.3125
2026-09-30T11:54:00Z,29.00572,0.0000605,60,24.3125
2026-09-30T11:55:00Z,29.0057183,0.0000537,60,24.3125
2026-09-30T11:56:00Z,29.0057667,0.000051,60,24.3125
2026-09-30T11:57:00Z,29.0057033,0.000052,60,24.275
2026-09-30T11:58:00Z,29.0056867,0.0000596,60,24.25
2026-09-30T11:59:00Z,29.00577,0.0000497,60,24.25
2026-09-30T12:00:00Z,29.0058017,0.0000504,60,24.25
2026-09-30T12:01:00Z,29.0057367,0.0000712,60,24.25
2026-09-30T12:02:00Z,29.0057883,0.0000715,60,24.25
2026-09-30T12:03:00Z,29.00575,0.0000597,60,24.25
2026-09-30T12:04:00Z,29.0057767,0.0000563,60,24.25
2026-09-30T12:05:00Z,29.005785,0.0000444,60,24.25
2026-09-30T12:06:00Z,29.0058067,0.0000516,60,24.25
2026-09-30T12:07:00Z,29.00575,0.0000676,60,24.25
2026-09-30T12:08:00Z,29.0058333,0.0000601,60,24.25
2026-09-30T12:09:00Z,29.0057983,0.0000651,60,24.25
2026-09-30T12:10:00Z,29.0057633,0.0000974,60,24.25
2026-09-30T12:11:00Z,29.0057217,0.0000454,60,24.25
2026-09-30T12:12:00Z,29.0057217,0.0000555,60,24.25
2026-09-30T12:13:00Z,29.005715,0.0000547,60,24.25
2026-09-30T12:14:00Z,29.00577,0.0000766,60,24.25
2026-09-30T12:15:00Z,29.0057067,0.0000686,60,24.25
2026-09-30T12:16:00Z,29.0057933,0.0000446,60,24.25
2026-09-30T12:17:00Z,29.0058467,0.0000596,60,24.25
2026-09-30T12:18:00Z,29.0058033,0.000045,60,24.25
2026-09-30T12:19:00Z,29.0058083,0.0000619,60,24.25
2026-09-30T12:20:00Z,29.0058383,0.0000666,60,24.25
2026-09-30T12:21:00Z,29.005775,0.000068,60,24.25
2026-09-30T12:22:00Z,29.0058083,0.0000619,60,24.25
2026-09-30T12:23:00Z,29.0057767,0.0000621,60,24.25
2026-09-30T12:24:00Z,29.00576,0.0000494,60,24.25
2026-09-30T12:25:00Z,29.0057967,0.000045,60,24.25
2026-09-30T12:26:00Z,29.005805,0.0000502,60,24.3125
2026-09-30T12:27:00Z,29.0057717,0.0000585,60,24.3125
2026-09-30T12:28:00Z,29.0057933,0.0000548,60,24.3125
2026-09-30T12:29:00Z,29.00582,0.0000659,60,24.3125
2026-09-30T12:30:00Z,29.00584,0.0000718,60,24.3125
2026-09-30T12:31:00Z,29.0058933,0.0000516,60,24.3125
2026-09-30T12:32:00Z,29.0058217,0.0000666,60,24.3125
2026-09-30T12:33:00Z,29.0058383,0.0000524,60,24.375
2026-09-30T12:34:00Z,29.0058333,0.0000542,60,24.375
2026-09-30T12:35:00Z,29.0057667,0.0000681,60,24.375
2026-09-30T12:36:00Z,29.0057833,0.0000493,60,24.375
2026-09-30T12:37:00Z,29.0057483,0.0000676,60,24.375
2026-09-30T12:38:00Z,29.0058083,0.000053,60,24.375
2026-09-30T12:39:00Z,29.0058033,0.0000663,60,24.375
2026-09-30T12:40:00Z,29.0057424,0.0000593,59,24.375
2026-09-30T12:41:00Z,29.0056983,0.0000596,60,24.375
2026-09-30T12:42:00Z,29.0057267,0.0000548,60,24.375
2026-09-30T12:43:00Z,29.00568,0.0000708,60,24.375
2026-09-30T12:44:00Z,29.0057233,0.0000533,60,24.375
2026-09-30T12:45:00Z,29.005665,0.0000515,60,24.375
2026-09-30T12:46:00Z,29.0056883,0.000049,60,24.375
2026-09-30T12:47:00Z,29.0057083,0.0000497,60,24.375
2026-09-30T12:48:00Z,29.005685,0.0000547,60,24.375
2026-09-30T12:49:00Z,29.0057167,0.0000493,60,24.375
2026-09-30T12:50:00Z,29.00576,0.0000527,60,24.375
2026-09-30T12:51:00Z,29.0057733,0.000071,60,24.375
2026-09-30T12:52:00Z,29.005755,0.0000769,60,24.375
2026-09-30T12:53:00Z,29.005785,0.0000577,60,24.375
2026-09-30T12:54:00Z,29.0058033,0.000052,60,24.375
2026-09-30T12:55:00Z,29.0057883,0.000049,60,24.375
2026-09-30T12:56:00Z,29.0058183,0.0000504,60,24.375
2026-09-30T12:57:00Z,29.0058333,0.0000655,60,24.375
2026-09-30T12:58:00Z,29.0057567,0.0000621,60,24.375
2026-09-30T12:59:00Z,29.0057733,0.0000516,60,24.375
2026-09-30T13:00:00Z,29.0058467,0.0000566,60,24.375
2026-09-30T13:01:00Z,29.0058767,0.0000621,60,24.3125
2026-09-30T13:02:00Z,29.005785,0.0000577,60,24.3125
2026-09-30T13:03:00Z,29.0057967,0.000061,60,24.3125
2026-09-30T13:04:00Z,29.00576,0.0000527,60,24.3125
2026-09-30T13:05:00Z,29.0057483,0.0000701,60,24.3125
2026-09-30T13:06:00Z,29.0057733,0.0000607,60,24.3125
2026-09-30T13:07:00Z,29.0058033,0.0000688,60,24.3125
2026-09-30T13:08:00Z,29.0058283,0.0000585,60,24.3125
2026-09-30T13:09:00Z,29.0057767,0.0000647,60,24.3125
2026-09-30T13:10:00Z,29.0057883,0.0000524,60,24.3125
2026-09-30T13:11:00Z,29.005835,0.0000633,60,24.3125
2026-09-30T13:12:00Z,29.0057833,0.000074,60,24.3125
2026-09-30T13:13:00Z,29.0058183,0.0000748,60,24.3125
2026-09-30T13:14:00Z,29.0058283,0.0000846,60,24.3125
2026-09-30T13:15:00Z,29.0057833,0.0000668,60,24.3125
2026-09-30T13:16:00Z,29.0058467,0.0000853,60,24.3
2026-09-30T13:17:00Z,29.0057933,0.0000578,60,24.2625
2026-09-30T13:18:00Z,29.0057817,0.0000504,60,24.25
2026-09-30T13:19:00Z,29.0057233,0.0000533,60,24.25
2026-09-30T13:20:00Z,29.0057783,0.0000691,60,24.25
2026-09-30T13:21:00Z,29.0057833,0.0000615,60,24.25
2026-09-30T13:22:00Z,29.005785,0.0000685,60,24.25
2026-09-30T13:23:00Z,29.0057667,0.0000542,60,24.25
2026-09-30T13:24:00Z,29.005825,0.0000508,60,24.25
2026-09-30T13:25:00Z,29.0058,0.0000713,60,24.25
2026-09-30T13:26:00Z,29.0057917,0.000053,60,24.25
2026-09-30T13:27:00Z,29.0058317,0.0000792,60,24.25
2026-09-30T13:28:00Z,29.00579,0.000073,60,24.25
2026-09-30T13:29:00Z,29.0058136,0.0000507,59,24.25
2026-09-30T13:30:00Z,29.0057733,0.00008,60,24.25
2026-09-30T13:31:00Z,29.0058583,0.0000619,60,24.25
2026-09-30T13:32:00Z,29.0058717,0.0000585,60,24.25
2026-09-30T13:33:00Z,29.00583,0.0000671,60,24.2375
2026-09-30T13:34:00Z,29.005815,0.0000659,60,24.2
2026-09-30T13:35:00Z,29.0058117,0.000064,60,24.2
2026-09-30T13:36:00Z,29.0058967,0.0000486,60,24.1875
2026-09-30T13:37:00Z,29.00589,0.000044,60,24.1875
2026-09-30T13:38:00Z,29.005875,0.0000541,60,24.1875
2026-09-30T13:39:00Z,29.0058383,0.000049,60,24.1875
2026-09-30T13:40:00Z,29.00585,0.0000624,60,24.1875
2026-09-30T13:41:00Z,29.0058983,0.0000567,60,24.1875
2026-09-30T13:42:00Z,29.0058167,0.0000642,60,24.1875
2026-09-30T13:43:00Z,29.0058117,0.0000585,60,24.1875
2026-09-30T13:44:00Z,29.0057733,0.0000686,60,24.1875
2026-09-30T13:45:00Z,29.0058217,0.0000613,60,24.1875
2026-09-30T13:46:00Z,29.0058267,0.0000756,60,24.1875
2026-09-30T13:47:00Z,29.0058283,0.0000555,60,24.1875
2026-09-30T13:48:00Z,29.0058367,0.0000663,60,24.1875
2026-09-30T13:49:00Z,29.0058233,0.0000593,60,24.1875
2026-09-30T13:50:00Z,29.0058133,0.0000536,60,24.1875
2026-09-30T13:51:00Z,29.0058683,0.0000537,60,24.1875
2026-09-30T13:52:00Z,29.0058283,0.0000555,60,24.1875
2026-09-30T13:53:00Z,29.00579,0.0000543,60,24.1875
2026-09-30T13:54:00Z,29.0057833,0.0000668,60,24.1875
2026-09-30T13:55:00Z,29.0057867,0.0000566,60,24.1625
2026-09-30T13:56:00Z,29.0058,0.0000521,60,24.1375
2026-09-30T13:57:00Z,29.0057733,0.0000634,60,24.125
2026-09-30T13:58:00Z,29.00577,0.0000561,60,24.125
2026-09-30T13:59:00Z,29.0057783,0.0000524,60,24.125
2026-09-30T14:00:00Z,29.0058017,0.0000504,60,24.125
2026-09-30T14:01:00Z,29.0058133,0.0000503,60,24.125
2026-09-30T14:02:00Z,29.005835,0.0000547,60,24.125
2026-09-30T14:03:00Z,29.0058117,0.0000555,60,24.125
2026-09-30T14:04:00Z,29.0058083,0.0000619,60,24.125
2026-09-30T14:05:00Z,29.005815,0.0000606,60,24.125
2026-09-30T14:06:00Z,29.0058233,0.0000698,60,24.125
2026-09-30T14:07:00Z,29.0058617,0.0000666,60,24.125
2026-09-30T14:08:00Z,29.0058983,0.0000567,60,24.1125
2026-09-30T14:09:00Z,29.0058533,0.0000676,60,24.125
2026-09-30T14:10:00Z,29.0059283,0.0000783,60,24.125
2026-09-30T14:11:00Z,29.0059533,0.0000536,60,24.125
2026-09-30T14:12:00Z,29.0058833,0.0000642,60,24.125
2026-09-30T14:13:00Z,29.0058533,0.0000747,60,24.125
2026-09-30T14:14:00Z,29.0059017,0.0000567,60,24.125
2026-09-30T14:15:00Z,29.0058783,0.000064,60,24.125
2026-09-30T14:16:00Z,29.00592,0.0000632,60,24.125
2026-09-30T14:17:00Z,29.0058483,0.0000537,60,24.125
2026-09-30T14:18:00Z,29.0058237,0.0000597,59,24.125
2026-09-30T14:19:00Z,29.005855,0.0000622,60,24.125
2026-09-30T14:20:00Z,29.005855,0.0000649,60,24.125
2026-09-30T14:21:00Z,29.005845,0.0000675,60,24.125
2026-09-30T14:22:00Z,29.0058217,0.0000585,60,24.175
2026-09-30T14:23:00Z,29.0058883,0.0000555,60,24.1875
2026-09-30T14:24:00Z,29.00585,0.0000701,60,24.1875
2026-09-30T14:25:00Z,29.0059017,0.0000596,60,24.1875
2026-09-30T14:26:00Z,29.00588,0.0000708,60,24.1875
2026-09-30T14:27:00Z,29.0058917,0.0000645,60,24.1875
2026-09-30T14:28:00Z,29.005875,0.0000751,60,24.1875
2026-09-30T14:29:00Z,29.0058783,0.0000524,60,24.1875
2026-09-30T14:30:00Z,29.0058717,0.0000524,60,24.25
2026-09-30T14:31:00Z,29.005895,0.0000622,60,24.25
2026-09-30T14:32:00Z,29.0058517,0.0000624,60,24.25
2026-09-30T14:33:00Z,29.0059517,0.0000537,60,24.25
2026-09-30T14:34:00Z,29.0059283,0.0000613,60,24.25
2026-09-30T14:35:00Z,29.0059267,0.0000516,60,24.25
2026-09-30T14:36:00Z,29.00595,0.0000597,60,24.25
2026-09-30T14:37:00Z,29.0059233,0.0000533,60,24.25
2026-09-30T14:38:00Z,29.00589,0.0000602,60,24.25
2026-09-30T14:39:00Z,29.005835,0.0000481,60,24.25
2026-09-30T14:40:00Z,29.00584,0.0000643,60,24.25
2026-09-30T14:41:00Z,29.0058267,0.0000516,60,24.25
2026-09-30T14:42:00Z,29.00583,0.000072,60,24.25
2026-09-30T14:43:00Z,29.0058433,0.0000767,60,24.25
2026-09-30T14:44:00Z,29.005845,0.0000502,60,24.25
2026-09-30T14:45:00Z,29.0058333,0.0000705,60,24.25
2026-09-30T14:46:00Z,29.0058417,0.0000696,60,24.25
2026-09-30T14:47:00Z,29.0058983,0.0000725,60,24.25
2026-09-30T14:48:00Z,29.005945,0.0000746,60,24.25
2026-09-30T14:49:00Z,29.0058833,0.0000642,60,24.25
2026-09-30T14:50:00Z,29.00589,0.000063,60,24.25
2026-09-30T14:51:00Z,29.0059067,0.0000634,60,24.25
2026-09-30T14:52:00Z,29.0058767,0.0000722,60,24.25
2026-09-30T14:53:00Z,29.00594,0.0000643,60,24.225
2026-09-30T14:54:00Z,29.0058583,0.0000743,60,24.2
2026-09-30T14:55:00Z,29.0058817,0.0000833,60,24.1875
2026-09-30T14:56:00Z,29.0059267,0.000066,60,24.1875
2026-09-30T14:57:00Z,29.0059617,0.0000715,60,24.1875
2026-09-30T14:58:00Z,29.005925,0.0000571,60,24.25
2026-09-30T14:59:00Z,29.00589,0.0000477,60,24.25
2026-09-30T15:00:00Z,29.0059533,0.0000596,60,24.25
2026-09-30T15:01:00Z,29.0059467,0.0000676,60,24.25
2026-09-30T15:02:00Z,29.005935,0.0000515,60,24.25
2026-09-30T15:03:00Z,29.0059217,0.0000666,60,24.25
2026-09-30T15:04:00Z,29.0058783,0.0000613,60,24.25
2026-09-30T15:05:00Z,29.005855,0.0000565,60,24.3
2026-09-30T15:06:00Z,29.005875,0.0000751,60,24.3125
2026-09-30T15:07:00Z,29.0059203,0.0000664,59,24.3125
2026-09-30T15:08:00Z,29.0058233,0.0000593,60,24.3125
2026-09-30T15:09:00Z,29.0058917,0.0000743,60,24.3125
2026-09-30T15:10:00Z,29.005935,0.0000709,60,24.3125
2026-09-30T15:11:00Z,29.0058817,0.0000725,60,24.3125
2026-09-30T15:12:00Z,29.0058,0.0000823,60,24.375
2026-09-30T15:13:00Z,29.005785,0.0000606,60,24.375
2026-09-30T15:14:00Z,29.0058233,0.00005,60,24.375
2026-09-30T15:15:00Z,29.0058933,0.0000634,60,24.375
2026-09-30T15:16:00Z,29.005845,0.0000534,60,24.375
2026-09-30T15:17:00Z,29.00585,0.0000537,60,24.3875
2026-09-30T15:18:00Z,29.00589,0.0000602,60,24.4375
2026-09-30T15:19:00Z,29.005895,0.0000429,60,24.4375
2026-09-30T15:20:00Z,29.0058667,0.0000655,60,24.4375
2026-09-30T15:21:00Z,29.0058,0.0000521,60,24.4375
2026-09-30T15:22:00Z,29.0058283,0.0000825,60,24.4375
2026-09-30T15:23:00Z,29.0058017,0.0000651,60,24.4375
2026-09-30T15:24:00Z,29.005755,0.0000594,60,24.475
2026-09-30T15:25:00Z,29.0057167,0.0000615,60,24.5
2026-09-30T15:26:00Z,29.0057333,0.0000601,60,24.5
2026-09-30T15:27:00Z,29.0057583,0.0000619,60,24.5
2026-09-30T15:28:00Z,29.0058517,0.0000504,60,24.5
2026-09-30T15:29:00Z,29.0059183,0.0000676,60,24.5
2026-09-30T15:30:00Z,29.0059533,0.0000536,60,24.5
2026-09-30T15:31:00Z,29.0059817,0.0000813,60,24.5625
2026-09-30T15:32:00Z,29.00586,0.0000643,60,24.5625
2026-09-30T15:33:00Z,29.0058167,0.000096,60,24.5625
2026-09-30T15:34:00Z,29.0058067,0.0000686,60,24.5625
2026-09-30T15:35:00Z,29.0058533,0.0000596,60,24.5625
2026-09-30T15:36:00Z,29.0058033,0.0000637,60,24.5625
2026-09-30T15:37:00Z,29.0058083,0.0000561,60,24.5625
2026-09-30T15:38:00Z,29.0058217,0.0000415,60,24.5625
2026-09-30T15:39:00Z,29.0058067,0.0000578,60,24.5625
2026-09-30T15:40:00Z,29.0058283,0.0000666,60,24.5625
2026-09-30T15:41:00Z,29.005825,0.0000751,60,24.5625
2026-09-30T15:42:00Z,29.005765,0.0000577,60,24.625
2026-09-30T15:43:00Z,29.0057833,0.0000615,60,24.625
2026-09-30T15:44:00Z,29.0058433,0.0000593,60,24.625
2026-09-30T15:45:00Z,29.0058417,0.0000619,60,24.625
2026-09-30T15:46:00Z,29.0058283,0.0000585,60,24.625
2026-09-30T15:47:00Z,29.0058817,0.0000701,60,24.625
2026-09-30T15:48:00Z,29.0058317,0.0000651,60,24.625
2026-09-30T15:49:00Z,29.005875,0.000068,60,24.625
2026-09-30T15:50:00Z,29.0058233,0.0000831,60,24.625
2026-09-30T15:51:00Z,29.0058617,0.0000783,60,24.625
2026-09-30T15:52:00Z,29.00575,0.0000567,60,24.625
2026-09-30T15:53:00Z,29.0056967,0.000045,60,24.625
2026-09-30T15:54:00Z,29.005725,0.0000571,60,24.625
2026-09-30T15:55:00Z,29.0057817,0.0000701,60,24.625
2026-09-30T15:56:00Z,29.0058083,0.0000591,60,24.625
2026-09-30T15:57:00Z,29.0058203,0.0000581,59,24.625
2026-09-30T15:58:00Z,29.0058333,0.0000681,60,24.625
2026-09-30T15:59:00Z,29.005795,0.0000502,60,24.625
2026-09-30T16:00:00Z,29.0057667,0.0000601,60,24.625
2026-09-30T16:01:00Z,29.00574,0.0000494,60,24.625
2026-09-30T16:02:00Z,29.0057167,0.0000668,60,24.625
2026-09-30T16:03:00Z,29.005725,0.0000571,60,24.625
2026-09-30T16:04:00Z,29.0057083,0.0000497,60,24.625
2026-09-30T16:05:00Z,29.00565,0.0000597,60,24.625
2026-09-30T16:06:00Z,29.0057167,0.0000418,60,24.625
2026-09-30T16:07:00Z,29.0057,0.0000582,60,24.625
2026-09-30T16:08:00Z,29.005685,0.0000547,60,24.625
2026-09-30T16:09:00Z,29.0057083,0.0000497,60,24.625
2026-09-30T16:10:00Z,29.0057667,0.000051,60,24.625
2026-09-30T16:11:00Z,29.0057367,0.000052,60,24.5875
2026-09-30T16:12:00Z,29.0057767,0.0000563,60,24.5625
2026-09-30T16:13:00Z,29.00577,0.0000561,60,24.5625
2026-09-30T16:14:00Z,29.00573,0.0000561,60,24.5625
2026-09-30T16:15:00Z,29.0057183,0.0000596,60,24.5625
2026-09-30T16:16:00Z,29.0056833,0.0000642,60,24.5625
2026-09-30T16:17:00Z,29.005705,0.0000699,60,24.5625
2026-09-30T16:18:00Z,29.0057383,0.0000585,60,24.5625
2026-09-30T16:19:00Z,29.0057783,0.0000585,60,24.5625
2026-09-30T16:20:00Z,29.0056883,0.0000372,60,24.5625
2026-09-30T16:21:00Z,29.005745,0.0000565,60,24.5625
2026-09-30T16:22:00Z,29.0057367,0.0000581,60,24.5625
2026-09-30T16:23:00Z,29.0057333,0.0000475,60,24.525
2026-09-30T16:24:00Z,29.0057767,0.0000563,60,24.5
2026-09-30T16:25:00Z,29.0057433,0.0000621,60,24.5
2026-09-30T16:26:00Z,29.0057817,0.0000431,60,24.5
2026-09-30T16:27:00Z,29.0057867,0.0000503,60,24.5
2026-09-30T16:28:00Z,29.00575,0.0000504,60,24.5
2026-09-30T16:29:00Z,29.0057717,0.0000613,60,24.5
2026-09-30T16:30:00Z,29.0058083,0.0000561,60,24.5
2026-09-30T16:31:00Z,29.005795,0.0000534,60,24.5
2026-09-30T16:32:00Z,29.005805,0.0000649,60,24.5
2026-09-30T16:33:00Z,29.0058233,0.0000533,60,24.5
2026-09-30T16:34:00Z,29.0057917,0.0000591,60,24.5
2026-09-30T16:35:00Z,29.0057967,0.0000486,60,24.5
2026-09-30T16:36:00Z,29.0057833,0.0000418,60,24.5
2026-09-30T16:37:00Z,29.00576,0.0000616,60,24.5
2026-09-30T16:38:00Z,29.00575,0.0000597,60,24.5
2026-09-30T16:39:00Z,29.0058017,0.0000651,60,24.5
2026-09-30T16:40:00Z,29.00585,0.0000748,60,24.5
2026-09-30T16:41:00Z,29.0057833,0.0000557,60,24.475
2026-09-30T16:42:00Z,29.0057967,0.0000581,60,24.4875
2026-09-30T16:43:00Z,29.0057583,0.0000591,60,24.5
2026-09-30T16:44:00Z,29.0058083,0.0000619,60,24.5
2026-09-30T16:45:00Z,29.00583,0.0000591,60,24.5
2026-09-30T16:46:00Z,29.0058217,0.0000585,60,24.5
2026-09-30T16:47:00Z,29.0058237,0.0000597,59,24.5
2026-09-30T16:48:00Z,29.0057717,0.0000613,60,24.5
2026-09-30T16:49:00Z,29.0058267,0.0000607,60,24.5
2026-09-30T16:50:00Z,29.005825,0.0000571,60,24.5
2026-09-30T16:51:00Z,29.0059317,0.0000651,60,24.5
2026-09-30T16:52:00Z,29.00585,0.0000701,60,24.5
2026-09-30T16:53:00Z,29.0058033,0.0000581,60,24.5
2026-09-30T16:54:00Z,29.0057567,0.00005,60,24.5
2026-09-30T16:55:00Z,29.0057967,0.0000486,60,24.5
2026-09-30T16:56:00Z,29.00584,0.0000616,60,24.5
2026-09-30T16:57:00Z,29.00581,0.0000602,60,24.5
2026-09-30T16:58:00Z,29.0057667,0.0000601,60,24.5
2026-09-30T16:59:00Z,29.0057533,0.0000623,60,24.5
2026-09-30T17:00:00Z,29.00577,0.0000646,60,24.5625
2026-09-30T17:01:00Z,29.0057233,0.0000533,60,24.5625
2026-09-30T17:02:00Z,29.0057733,0.0000482,60,24.5625
2026-09-30T17:03:00Z,29.0057433,0.0000673,60,24.5625
2026-09-30T17:04:00Z,29.005695,0.0000534,60,24.5625
2026-09-30T17:05:00Z,29.0057,0.0000487,60,24.5625
2026-09-30T17:06:00Z,29.00567,0.0000497,60,24.5625
2026-09-30T17:07:00Z,29.0056533,0.0000566,60,24.5625
2026-09-30T17:08:00Z,29.005735,0.0000515,60,24.5625
2026-09-30T17:09:00Z,29.0056783,0.0000715,60,24.5625
2026-09-30T17:10:00Z,29.00567,0.000053,60,24.5625
2026-09-30T17:11:00Z,29.00566,0.0000558,60,24.5625
2026-09-30T17:12:00Z,29.0056583,0.000072,60,24.5625
2026-09-30T17:13:00Z,29.005605,0.0000622,60,24.5625
2026-09-30T17:14:00Z,29.0056717,0.0000585,60,24.5625
2026-09-30T17:15:00Z,29.0056833,0.0000717,60,24.5625
2026-09-30T17:16:00Z,29.005705,0.0000387,60,24.575
2026-09-30T17:17:00Z,29.005655,0.0000811,60,24.625
2026-09-30T17:18:00Z,29.0056517,0.0000567,60,24.625
2026-09-30T17:19:00Z,29.0056383,0.000064,60,24.625
2026-09-30T17:20:00Z,29.0056417,0.0000591,60,24.625
2026-09-30T17:21:00Z,29.0056433,0.0000673,60,24.625
2026-09-30T17:22:00Z,29.0056483,0.0000504,60,24.625
2026-09-30T17:23:00Z,29.0055917,0.0000591,60,24.625
2026-09-30T17:24:00Z,29.0056183,0.0000504,60,24.625
2026-09-30T17:25:00Z,29.0056433,0.0000621,60,24.625
2026-09-30T17:26:00Z,29.0057133,0.0000536,60,24.625
2026-09-30T17:27:00Z,29.0056683,0.0000596,60,24.625
2026-09-30T17:28:00Z,29.005635,0.0000659,60,24.625
2026-09-30T17:29:00Z,29.00563,0.0000619,60,24.625
2026-09-30T17:30:00Z,29.00564,0.0000588,60,24.625
2026-09-30T17:31:00Z,29.00559,0.0000399,60,24.625
2026-09-30T17:32:00Z,29.0055917,0.0000462,60,24.625
2026-09-30T17:33:00Z,29.0056433,0.0000647,60,24.625
2026-09-30T17:34:00Z,29.0056867,0.000043,60,24.625
2026-09-30T17:35:00Z,29.0057333,0.0000475,60,24.625
2026-09-30T17:36:00Z,29.0057271,0.0000552,59,24.625
2026-09-30T17:37:00Z,29.005675,0.0000437,60,24.625
2026-09-30T17:38:00Z,29.0056633,0.000061,60,24.625
2026-09-30T17:39:00Z,29.0056617,0.0000666,60,24.625
2026-09-30T17:40:00Z,29.0055783,0.000049,60,24.625
2026-09-30T17:41:00Z,29.0056017,0.0000651,60,24.625
2026-09-30T17:42:00Z,29.0056717,0.0000524,60,24.625
2026-09-30T17:43:00Z,29.0056583,0.000053,60,24.625
2026-09-30T17:44:00Z,29.0056467,0.0000596,60,24.625
2026-09-30T17:45:00Z,29.0056933,0.000066,60,24.625
2026-09-30T17:46:00Z,29.00575,0.0000504,60,24.625
2026-09-30T17:47:00Z,29.0056533,0.0000623,60,24.625
2026-09-30T17:48:00Z,29.0056683,0.0000504,60,24.625
2026-09-30T17:49:00Z,29.0056283,0.0000613,60,24.625
2026-09-30T17:50:00Z,29.0056783,0.0000454,60,24.625
2026-09-30T17:51:00Z,29.0056867,0.0000536,60,24.625
2026-09-30T17:52:00Z,29.005635,0.0000547,60,24.625
2026-09-30T17:53:00Z,29.0056233,0.00005,60,24.625
2026-09-30T17:54:00Z,29.00558,0.0000605,60,24.625
2026-09-30T17:55:00Z,29.0056617,0.000064,60,24.625
2026-09-30T17:56:00Z,29.0056233,0.0000851,60,24.625
2026-09-30T17:57:00Z,29.0056067,0.000066,60,24.625
2026-09-30T17:58:00Z,29.0057133,0.0000566,60,24.625
2026-09-30T17:59:00Z,29.005725,0.0000508,60,24.625
2026-09-30T18:00:00Z,29.0056883,0.0000666,60,24.625
2026-09-30T18:01:00Z,29.00569,0.000044,60,24.625
2026-09-30T18:02:00Z,29.0056117,0.0000454,60,24.625
2026-09-30T18:03:00Z,29.00565,0.0000792,60,24.6375
2026-09-30T18:04:00Z,29.00572,0.0000632,60,24.625
2026-09-30T18:05:00Z,29.0056867,0.0000536,60,24.6625
2026-09-30T18:06:00Z,29.0056967,0.0000551,60,24.675
2026-09-30T18:07:00Z,29.00566,0.0000558,60,24.675
2026-09-30T18:08:00Z,29.0056633,0.0000581,60,24.6875
2026-09-30T18:09:00Z,29.0056717,0.0000555,60,24.6875
2026-09-30T18:10:00Z,29.0057033,0.0000581,60,24.6875
2026-09-30T18:11:00Z,29.0057,0.0000552,60,24.6875
2026-09-30T18:12:00Z,29.0057117,0.0000555,60,24.6875
2026-09-30T18:13:00Z,29.005745,0.0000502,60,24.6875
2026-09-30T18:14:00Z,29.0057283,0.000049,60,24.6875
2026-09-30T18:15:00Z,29.0057033,0.0000551,60,24.6875
2026-09-30T18:16:00Z,29.0056783,0.0000585,60,24.6875
2026-09-30T18:17:00Z,29.0056933,0.0000446,60,24.6875
2026-09-30T18:18:00Z,29.0056533,0.0000536,60,24.6875
2026-09-30T18:19:00Z,29.0056467,0.0000623,60,24.6875
2026-09-30T18:20:00Z,29.0056867,0.0000536,60,24.6875
2026-09-30T18:21:00Z,29.00565,0.0000537,60,24.6875
2026-09-30T18:22:00Z,29.005625,0.00006,60,24.6875
2026-09-30T18:23:00Z,29.0056533,0.0000536,60,24.6875
2026-09-30T18:24:00Z,29.0056717,0.0000585,60,24.6875
2026-09-30T18:25:00Z,29.0056729,0.0000552,59,24.6875
2026-09-30T18:26:00Z,29.0056583,0.0000561,60,24.6875
2026-09-30T18:27:00Z,29.0056633,0.0000486,60,24.6875
2026-09-30T18:28:00Z,29.005695,0.0000502,60,24.6875
2026-09-30T18:29:00Z,29.0057033,0.0000637,60,24.6875
2026-09-30T18:30:00Z,29.00567,0.000053,60,24.6875
2026-09-30T18:31:00Z,29.0056567,0.0000698,60,24.6875
2026-09-30T18:32:00Z,29.00565,0.0000537,60,24.6875
2026-09-30T18:33:00Z,29.0056483,0.0000624,60,24.6875
2026-09-30T18:34:00Z,29.0056317,0.0000725,60,24.6875
2026-09-30T18:35:00Z,29.00564,0.0000741,60,24.6875
2026-09-30T18:36:00Z,29.0056767,0.0000593,60,24.75
2026-09-30T18:37:00Z,29.0056417,0.0000591,60,24.75
2026-09-30T18:38:00Z,29.005645,0.0000565,60,24.75
2026-09-30T18:39:00Z,29.0056317,0.0000624,60,24.75
2026-09-30T18:40:00Z,29.0056617,0.0000524,60,24.75
2026-09-30T18:41:00Z,29.005715,0.0000404,60,24.75
2026-09-30T18:42:00Z,29.0056833,0.0000457,60,24.75
2026-09-30T18:43:00Z,29.005645,0.0000534,60,24.75
2026-09-30T18:44:00Z,29.0057433,0.00005,60,24.75
2026-09-30T18:45:00Z,29.00576,0.0000527,60,24.75
2026-09-30T18:46:00Z,29.0057067,0.0000482,60,24.75
2026-09-30T18:47:00Z,29.0057183,0.0000651,60,24.75
2026-09-30T18:48:00Z,29.0057183,0.0000651,60,24.75
2026-09-30T18:49:00Z,29.0057,0.0000487,60,24.75
2026-09-30T18:50:00Z,29.0056217,0.000049,60,24.75
2026-09-30T18:51:00Z,29.0056533,0.0000566,60,24.75
2026-09-30T18:52:00Z,29.00569,0.000073,60,24.775
2026-09-30T18:53:00Z,29.00569,0.0000543,60,24.8125
2026-09-30T18:54:00Z,29.0056583,0.0000619,60,24.8125
2026-09-30T18:55:00Z,29.0056433,0.0000563,60,24.8125
2026-09-30T18:56:00Z,29.00564,0.0000494,60,24.8125
2026-09-30T18:57:00Z,29.005635,0.0000515,60,24.8125
2026-09-30T18:58:00Z,29.005605,0.0000534,60,24.8125
2026-09-30T18:59:00Z,29.0056017,0.0000431,60,24.8125
2026-09-30T19:00:00Z,29.0056367,0.000052,60,24.8125
2026-09-30T19:01:00Z,29.0056567,0.0000593,60,24.8125
2026-09-30T19:02:00Z,29.0056117,0.0000613,60,24.8125
2026-09-30T19:03:00Z,29.0056433,0.0000647,60,24.8125
2026-09-30T19:04:00Z,29.0056267,0.0000516,60,24.8125
2026-09-30T19:05:00Z,29.0056833,0.0000457,60,24.8125
2026-09-30T19:06:00Z,29.00566,0.0000588,60,24.8125
2026-09-30T19:07:00Z,29.0056383,0.0000613,60,24.8125
2026-09-30T19:08:00Z,29.005595,0.0000746,60,24.8125
2026-09-30T19:09:00Z,29.00563,0.000053,60,24.8125
2026-09-30T19:10:00Z,29.0055983,0.0000567,60,24.825
2026-09-30T19:11:00Z,29.00565,0.0000597,60,24.85
2026-09-30T19:12:00Z,29.0056583,0.0000497,60,24.875
2026-09-30T19:13:00Z,29.0056783,0.000049,60,24.875
2026-09-30T19:14:00Z,29.00567,0.0000462,60,24.875
2026-09-30T19:15:00Z,29.0056339,0.0000685,59,24.875
2026-09-30T19:16:00Z,29.005685,0.0000606,60,24.875
2026-09-30T19:17:00Z,29.0056217,0.000049,60,24.875
2026-09-30T19:18:00Z,29.005665,0.0000577,60,24.875
2026-09-30T19:19:00Z,29.0056683,0.0000469,60,24.875
2026-09-30T19:20:00Z,29.005685,0.0000547,60,24.875
2026-09-30T19:21:00Z,29.0056333,0.0000542,60,24.875
2026-09-30T19:22:00Z,29.00559,0.0000511,60,24.875
2026-09-30T19:23:00Z,29.0056033,0.0000663,60,24.875
2026-09-30T19:24:00Z,29.005565,0.0000515,60,24.875
2026-09-30T19:25:00Z,29.0055933,0.0000446,60,24.875
2026-09-30T19:26:00Z,29.0056533,0.0000566,60,24.875
2026-09-30T19:27:00Z,29.0056183,0.000039,60,24.875
2026-09-30T19:28:00Z,29.0056167,0.0000615,60,24.875
2026-09-30T19:29:00Z,29.0055733,0.0000516,60,24.875
2026-09-30T19:30:00Z,29.0056033,0.000052,60,24.875
2026-09-30T19:31:00Z,29.0056033,0.0000581,60,24.9
2026-09-30T19:32:00Z,29.0055633,0.000052,60,24.9125
2026-09-30T19:33:00Z,29.00558,0.0000546,60,24.9375
2026-09-30T19:34:00Z,29.0056217,0.0000585,60,24.9375
2026-09-30T19:35:00Z,29.0056167,0.0000587,60,24.9375
2026-09-30T19:36:00Z,29.0056133,0.0000724,60,24.9375
2026-09-30T19:37:00Z,29.005625,0.0000571,60,24.9375
2026-09-30T19:38:00Z,29.0055783,0.000064,60,24.9375
2026-09-30T19:39:00Z,29.0055983,0.0000624,60,24.9375
2026-09-30T19:40:00Z,29.0055567,0.0000593,60,24.9375
2026-09-30T19:41:00Z,29.005585,0.0000659,60,24.9375
2026-09-30T19:42:00Z,29.00557,0.000053,60,24.9375
2026-09-30T19:43:00Z,29.0055217,0.0000524,60,24.9375
2026-09-30T19:44:00Z,29.00557,0.0000561,60,24.9375
2026-09-30T19:45:00Z,29.00554,0.0000616,60,24.9375
2026-09-30T19:46:00Z,29.00559,0.0000573,60,24.9375
2026-09-30T19:47:00Z,29.0055333,0.0000542,60,24.9375
2026-09-30T19:48:00Z,29.0055417,0.0000561,60,24.9375
2026-09-30T19:49:00Z,29.0055383,0.0000555,60,24.9625
2026-09-30T19:50:00Z,29.00557,0.0000591,60,24.9875
2026-09-30T19:51:00Z,29.0055617,0.0000555,60,25.0
2026-09-30T19:52:00Z,29.0055833,0.0000587,60,25.0
2026-09-30T19:53:00Z,29.0055783,0.0000613,60,25.0
2026-09-30T19:54:00Z,29.0055167,0.0000526,60,25.0
2026-09-30T19:55:00Z,29.0055617,0.0000691,60,25.0
2026-09-30T19:56:00Z,29.00554,0.0000669,60,25.0
2026-09-30T19:57:00Z,29.0054933,0.000071,60,25.0
2026-09-30T19:58:00Z,29.00553,0.000053,60,25.0
2026-09-30T19:59:00Z,29.0054917,0.0000497,60,25.0
2026-09-30T20:00:00Z,29.00551,0.000044,60,25.0
2026-09-30T20:01:00Z,29.0054783,0.0000454,60,25.0
2026-09-30T20:02:00Z,29.0055217,0.0000691,60,25.0
2026-09-30T20:03:00Z,29.0055254,0.0000439,59,25.0
2026-09-30T20:04:00Z,29.0055367,0.0000581,60,25.0
2026-09-30T20:05:00Z,29.0055067,0.0000607,60,25.0375
2026-09-30T20:06:00Z,29.0055733,0.0000607,60,25.0625
2026-09-30T20:07:00Z,29.0055717,0.0000715,60,25.0625
2026-09-30T20:08:00Z,29.0054967,0.0000863,60,25.0625
2026-09-30T20:09:00Z,29.0054933,0.000066,60,25.0625
2026-09-30T20:10:00Z,29.0055533,0.0000503,60,25.0625
2026-09-30T20:11:00Z,29.0055233,0.0000533,60,25.0625
2026-09-30T20:12:00Z,29.0055467,0.0000596,60,25.0625
2026-09-30T20:13:00Z,29.005525,0.00006,60,25.0625
2026-09-30T20:14:00Z,29.0054733,0.0000607,60,25.0625
2026-09-30T20:15:00Z,29.0055283,0.0000555,60,25.0625
2026-09-30T20:16:00Z,29.0054867,0.0000536,60,25.0625
2026-09-30T20:17:00Z,29.00548,0.0000403,60,25.0625
2026-09-30T20:18:00Z,29.0055633,0.0000581,60,25.0625
2026-09-30T20:19:00Z,29.005515,0.0000444,60,25.075
2026-09-30T20:20:00Z,29.00553,0.0000591,60,25.0875
2026-09-30T20:21:00Z,29.0055067,0.0000446,60,25.125
2026-09-30T20:22:00Z,29.0055083,0.0000381,60,25.125
2026-09-30T20:23:00Z,29.0054567,0.000081,60,25.125
2026-09-30T20:24:00Z,29.0054117,0.000049,60,25.125
2026-09-30T20:25:00Z,29.0054633,0.0000581,60,25.125
2026-09-30T20:26:00Z,29.0054733,0.0000756,60,25.125
2026-09-30T20:27:00Z,29.0055,0.0000664,60,25.125
2026-09-30T20:28:00Z,29.0054133,0.0000468,60,25.125
2026-09-30T20:29:00Z,29.00546,0.0000764,60,25.125
2026-09-30T20:30:00Z,29.0055133,0.0000623,60,25.125
2026-09-30T20:31:00Z,29.0054917,0.0000561,60,25.125
2026-09-30T20:32:00Z,29.0054917,0.0000497,60,25.125
2026-09-30T20:33:00Z,29.0055117,0.0000372,60,25.125
2026-09-30T20:34:00Z,29.0055033,0.0000551,60,25.125
2026-09-30T20:35:00Z,29.0055417,0.0000591,60,25.15
2026-09-30T20:36:00Z,29.00552,0.0000708,60,25.175
2026-09-30T20:37:00Z,29.0054667,0.0000601,60,25.1875
2026-09-30T20:38:00Z,29.005495,0.0000467,60,25.1875
2026-09-30T20:39:00Z,29.0054917,0.000053,60,25.1875
2026-09-30T20:40:00Z,29.0054883,0.0000524,60,25.1875
2026-09-30T20:41:00Z,29.0054617,0.0000613,60,25.1875
2026-09-30T20:42:00Z,29.0054917,0.0000671,60,25.1875
2026-09-30T20:43:00Z,29.005435,0.0000732,60,25.1875
2026-09-30T20:44:00Z,29.0054,0.0000736,60,25.1875
2026-09-30T20:45:00Z,29.0054767,0.0000563,60,25.1875
2026-09-30T20:46:00Z,29.0054917,0.0000424,60,25.1875
2026-09-30T20:47:00Z,29.0054483,0.0000567,60,25.1875
2026-09-30T20:48:00Z,29.0054067,0.0000446,60,25.1875
2026-09-30T20:49:00Z,29.00545,0.0000701,60,25.1875
2026-09-30T20:50:00Z,29.005425,0.0000508,60,25.2125
2026-09-30T20:51:00Z,29.00541,0.0000511,60,25.25
2026-09-30T20:52:00Z,29.0054417,0.0000497,60,25.25
2026-09-30T20:53:00Z,29.0054508,0.0000537,59,25.25
2026-09-30T20:54:00Z,29.005375,0.0000571,60,25.25
2026-09-30T20:55:00Z,29.005385,0.0000547,60,25.25
2026-09-30T20:56:00Z,29.0053667,0.0000601,60,25.25
2026-09-30T20:57:00Z,29.005345,0.0000594,60,25.25
2026-09-30T20:58:00Z,29.005385,0.0000547,60,25.25
2026-09-30T20:59:00Z,29.0054483,0.0000567,60,25.25
2026-09-30T21:00:00Z,29.0053933,0.0000548,60,25.25
2026-09-30T21:01:00Z,29.0054017,0.0000504,60,25.25
2026-09-30T21:02:00Z,29.0053767,0.0000533,60,25.25
2026-09-30T21:03:00Z,29.0053683,0.0000676,60,25.25
2026-09-30T21:04:00Z,29.0053433,0.00005,60,25.3
2026-09-30T21:05:00Z,29.0053383,0.0000524,60,25.3125
2026-09-30T21:06:00Z,29.0053333,0.0000601,60,25.3125
2026-09-30T21:07:00Z,29.0053533,0.0000503,60,25.3125
2026-09-30T21:08:00Z,29.0053667,0.0000542,60,25.3125
2026-09-30T21:09:00Z,29.0053683,0.0000504,60,25.3125
2026-09-30T21:10:00Z,29.0053833,0.0000493,60,25.3125
2026-09-30T21:11:00Z,29.00537,0.000053,60,25.3125
2026-09-30T21:12:00Z,29.00537,0.0000497,60,25.3125
2026-09-30T21:13:00Z,29.00538,0.0000546,60,25.3125
2026-09-30T21:14:00Z,29.0053367,0.000052,60,25.3125
2026-09-30T21:15:00Z,29.0053733,0.0000607,60,25.3125
2026-09-30T21:16:00Z,29.005335,0.0000577,60,25.3542
2026-09-30T21:17:00Z,29.005325,0.0000571,60,25.375
2026-09-30T21:18:00Z,29.0053617,0.0000555,60,25.375
2026-09-30T21:19:00Z,29.0053833,0.0000457,60,25.375
2026-09-30T21:20:00Z,29.0054117,0.0000585,60,25.375
2026-09-30T21:21:00Z,29.0054017,0.0000596,60,25.375
2026-09-30T21:22:00Z,29.0054083,0.0000381,60,25.375
2026-09-30T21:23:00Z,29.0053583,0.000053,60,25.375
2026-09-30T21:24:00Z,29.0053533,0.0000536,60,25.375
2026-09-30T21:25:00Z,29.005295,0.0000565,60,25.375
2026-09-30T21:26:00Z,29.0053017,0.0000537,60,25.4125
2026-09-30T21:27:00Z,29.0052883,0.000064,60,25.4375
2026-09-30T21:28:00Z,29.005355,0.0000649,60,25.4375
2026-09-30T21:29:00Z,29.0052933,0.0000362,60,25.4375
2026-09-30T21:30:00Z,29.0052517,0.0000537,60,25.4375
2026-09-30T21:31:00Z,29.0053067,0.0000362,60,25.4375
2026-09-30T21:32:00Z,29.0052167,0.0000668,60,25.4375
2026-09-30T21:33:00Z,29.0051917,0.0000743,60,25.4375
2026-09-30T21:34:00Z,29.0052767,0.0000593,60,25.4375
2026-09-30T21:35:00Z,29.0052867,0.0000676,60,25.4875
2026-09-30T21:36:00Z,29.0051783,0.0000739,60,25.5
2026-09-30T21:37:00Z,29.005205,0.0000565,60,25.5
2026-09-30T21:38:00Z,29.0052817,0.0000651,60,25.5
2026-09-30T21:39:00Z,29.0052915,0.0000427,59,25.5
2026-09-30T21:40:00Z,29.0052433,0.00005,60,25.5
2026-09-30T21:41:00Z,29.0052683,0.0000504,60,25.5
2026-09-30T21:42:00Z,29.005205,0.0000594,60,25.55
2026-09-30T21:43:00Z,29.005265,0.0000515,60,25.5625
2026-09-30T21:44:00Z,29.0052583,0.0000561,60,25.5625
2026-09-30T21:45:00Z,29.0052717,0.0000846,60,25.5625
2026-09-30T21:46:00Z,29.005295,0.0000622,60,25.5625
2026-09-30T21:47:00Z,29.00523,0.0000619,60,25.5625
2026-09-30T21:48:00Z,29.0052117,0.0000666,60,25.5781
2026-09-30T21:49:00Z,29.005195,0.0000534,60,25.625
2026-09-30T21:50:00Z,29.0051983,0.0000651,60,25.625
2026-09-30T21:51:00Z,29.0051867,0.0000566,60,25.625
2026-09-30T21:52:00Z,29.0051967,0.0000486,60,25.625
2026-09-30T21:53:00Z,29.005255,0.0000675,60,25.625
2026-09-30T21:54:00Z,29.00517,0.0000591,60,25.675
2026-09-30T21:55:00Z,29.0051,0.0000487,60,25.6875
2026-09-30T21:56:00Z,29.00511,0.0000477,60,25.6875
2026-09-30T21:57:00Z,29.00516,0.0000827,60,25.6875
2026-09-30T21:58:00Z,29.0051283,0.0000922,60,25.6875
2026-09-30T21:59:00Z,29.0051617,0.000064,60,25.75
2026-09-30T22:00:00Z,29.00517,0.0000619,60,25.75
2026-09-30T22:01:00Z,29.00523,0.0000619,60,25.75
2026-09-30T22:02:00Z,29.0051833,0.0000526,60,25.75
2026-09-30T22:03:00Z,29.00518,0.000048,60,25.8021
2026-09-30T22:04:00Z,29.00517,0.000053,60,25.8125
2026-09-30T22:05:00Z,29.0051833,0.0000642,60,25.8125
2026-09-30T22:06:00Z,29.0052817,0.0000537,60,25.8125
2026-09-30T22:07:00Z,29.0052317,0.0000833,60,25.8646
2026-09-30T22:08:00Z,29.0052367,0.0000551,60,25.875
2026-09-30T22:09:00Z,29.0051417,0.0000619,60,25.875
2026-09-30T22:10:00Z,29.005155,0.0000622,60,25.875
2026-09-30T22:11:00Z,29.0051433,0.0000563,60,25.9219
2026-09-30T22:12:00Z,29.0051667,0.0000542,60,25.9375
2026-09-30T22:13:00Z,29.0051467,0.0000676,60,25.9375
2026-09-30T22:14:00Z,29.0051383,0.000049,60,25.9375
2026-09-30T22:15:00Z,29.0051733,0.0000516,60,26.0
2026-09-30T22:16:00Z,29.0051767,0.0000698,60,26.0
2026-09-30T22:17:00Z,29.00515,0.0000624,60,26.0
2026-09-30T22:18:00Z,29.0051067,0.000088,60,26.0
2026-09-30T22:19:00Z,29.00517,0.0000497,60,26.0521
2026-09-30T22:20:00Z,29.0051117,0.0000454,60,26.0625
2026-09-30T22:21:00Z,29.0051183,0.0000431,60,26.0625
2026-09-30T22:22:00Z,29.00519,0.0000656,60,26.0625
2026-09-30T22:23:00Z,29.0051817,0.0000624,60,26.1125
2026-09-30T22:24:00Z,29.005145,0.0000565,60,26.125
2026-09-30T22:25:00Z,29.0051644,0.0000517,59,26.125
2026-09-30T22:26:00Z,29.0051383,0.000049,60,26.125
2026-09-30T22:27:00Z,29.00511,0.0000511,60,26.175
2026-09-30T22:28:00Z,29.0051233,0.0000647,60,26.1875
2026-09-30T22:29:00Z,29.0051667,0.0000681,60,26.1875
2026-09-30T22:30:00Z,29.0051433,0.0000621,60,26.2
2026-09-30T22:31:00Z,29.0050583,0.0000645,60,26.25
2026-09-30T22:32:00Z,29.0050433,0.0000533,60,26.25
2026-09-30T22:33:00Z,29.0050317,0.0000701,60,26.25
2026-09-30T22:34:00Z,29.0051017,0.0000701,60,26.2625
2026-09-30T22:35:00Z,29.0050017,0.0000676,60,26.2875
2026-09-30T22:36:00Z,29.00503,0.000053,60,26.3125
2026-09-30T22:37:00Z,29.0050917,0.0000696,60,26.3125
2026-09-30T22:38:00Z,29.005045,0.0000622,60,26.3125
2026-09-30T22:39:00Z,29.0050083,0.0000591,60,26.3625
2026-09-30T22:40:00Z,29.00497,0.0000591,60,26.375
2026-09-30T22:41:00Z,29.0050067,0.0000607,60,26.375
2026-09-30T22:42:00Z,29.005005,0.0000746,60,26.375
2026-09-30T22:43:00Z,29.0050283,0.0000691,60,26.4219
2026-09-30T22:44:00Z,29.00502,0.0000659,60,26.4375
2026-09-30T22:45:00Z,29.0050633,0.0000486,60,26.4375
2026-09-30T22:46:00Z,29.005005,0.0000649,60,26.4375
2026-09-30T22:47:00Z,29.004985,0.0000659,60,26.475
2026-09-30T22:48:00Z,29.0049617,0.000049,60,26.5
2026-09-30T22:49:00Z,29.004975,0.0000571,60,26.5
2026-09-30T22:50:00Z,29.0049183,0.0000813,60,26.5
2026-09-30T22:51:00Z,29.004875,0.0000654,60,26.5156
2026-09-30T22:52:00Z,29.0049567,0.0000698,60,26.5625
2026-09-30T22:53:00Z,29.0050067,0.0000778,60,26.5625
2026-09-30T22:54:00Z,29.0049883,0.000064,60,26.5625
2026-09-30T22:55:00Z,29.00494,0.0000764,60,26.5625
2026-09-30T22:56:00Z,29.0048717,0.0000613,60,26.6125
2026-09-30T22:57:00Z,29.0049133,0.00007,60,26.625
2026-09-30T22:58:00Z,29.0048883,0.0000783,60,26.625
2026-09-30T22:59:00Z,29.004975,0.0000541,60,26.625
2026-09-30T23:00:00Z,29.0048933,0.0000918,60,26.6667
2026-09-30T23:01:00Z,29.0048733,0.0000778,60,26.6875
2026-09-30T23:02:00Z,29.0048867,0.00007,60,26.6875
2026-09-30T23:03:00Z,29.0048267,0.0000821,60,26.6875
2026-09-30T23:04:00Z,29.0047933,0.0000482,60,26.7
2026-09-30T23:05:00Z,29.0047617,0.0000666,60,26.7375
2026-09-30T23:06:00Z,29.0048067,0.0000733,60,26.75
2026-09-30T23:07:00Z,29.0047483,0.0000504,60,26.75
2026-09-30T23:08:00Z,29.004805,0.0000594,60,26.75
2026-09-30T23:09:00Z,29.004875,0.0000654,60,26.8125
2026-09-30T23:10:00Z,29.0048,0.0000451,60,26.8125
2026-09-30T23:11:00Z,29.0047933,0.0000548,60,26.8125
2026-09-30T23:12:00Z,29.0047661,0.0000734,59,26.8125
2026-09-30T23:13:00Z,29.0047567,0.0000673,60,26.85
2026-09-30T23:14:00Z,29.0047917,0.0000561,60,26.875
2026-09-30T23:15:00Z,29.0047617,0.0000585,60,26.875
2026-09-30T23:16:00Z,29.0047067,0.0000446,60,26.875
2026-09-30T23:17:00Z,29.00473,0.0000591,60,26.9
2026-09-30T23:18:00Z,29.0047483,0.0000651,60,26.9375
2026-09-30T23:19:00Z,29.0047083,0.0000645,60,26.9375
2026-09-30T23:20:00Z,29.0046833,0.0000493,60,26.9375
2026-09-30T23:21:00Z,29.0046917,0.0000591,60,26.95
2026-09-30T23:22:00Z,29.0047033,0.0000637,60,27.0
2026-09-30T23:23:00Z,29.00477,0.0000671,60,27.0
2026-09-30T23:24:00Z,29.004745,0.0000502,60,27.0
2026-09-30T23:25:00Z,29.0047167,0.0000642,60,27.0125
2026-09-30T23:26:00Z,29.0047033,0.0000551,60,27.0625
2026-09-30T23:27:00Z,29.0047383,0.000064,60,27.0625
2026-09-30T23:28:00Z,29.0047,0.0000582,60,27.0625
2026-09-30T23:29:00Z,29.0046817,0.0000813,60,27.075
2026-09-30T23:30:00Z,29.00464,0.0000616,60,27.125
2026-09-30T23:31:00Z,29.00472,0.0000605,60,27.125
2026-09-30T23:32:00Z,29.004705,0.0000502,60,27.125
2026-09-30T23:33:00Z,29.0046817,0.0000567,60,27.1375
2026-09-30T23:34:00Z,29.004695,0.0000649,60,27.1875
2026-09-30T23:35:00Z,29.0047067,0.0000756,60,27.1875
2026-09-30T23:36:00Z,29.00466,0.0000527,60,27.1875
2026-09-30T23:37:00Z,29.0046333,0.000051,60,27.1875
2026-09-30T23:38:00Z,29.00465,0.0000893,60,27.225
2026-09-30T23:39:00Z,29.00469,0.0000543,60,27.25
2026-09-30T23:40:00Z,29.0046467,0.0000596,60,27.25
2026-09-30T23:41:00Z,29.0046883,0.000049,60,27.25
2026-09-30T23:42:00Z,29.0047067,0.0000362,60,27.2625
2026-09-30T23:43:00Z,29.00463,0.0000646,60,27.3125
2026-09-30T23:44:00Z,29.0046283,0.000049,60,27.3125
2026-09-30T23:45:00Z,29.0047,0.0000412,60,27.3125
2026-09-30T23:46:00Z,29.0046567,0.0000698,60,27.3125
2026-09-30T23:47:00Z,29.0045867,0.0000566,60,27.3375
2026-09-30T23:48:00Z,29.00459,0.0000656,60,27.375
2026-09-30T23:49:00Z,29.00463,0.0000561,60,27.375
2026-09-30T23:50:00Z,29.004575,0.0000541,60,27.375
2026-09-30T23:51:00Z,29.0045633,0.0000688,60,27.375
2026-09-30T23:52:00Z,29.0045583,0.0000645,60,27.425
2026-09-30T23:53:00Z,29.0044883,0.000049,60,27.4375
2026-09-30T23:54:00Z,29.0044917,0.0000645,60,27.4375
2026-09-30T23:55:00Z,29.0045033,0.000052,60,27.4375
2026-09-30T23:56:00Z,29.0045717,0.000064,60,27.475
2026-09-30T23:57:00Z,29.0045517,0.0000701,60,27.5
2026-09-30T23:58:00Z,29.0045517,0.0000596,60,27.5
2026-09-30T23:59:00Z,29.0045153,0.000069,59,27.5
2026-10-01T00:00:00Z,29.0045383,0.0000524,60,27.5125
2026-10-01T00:01:00Z,29.00454,0.0000558,60,27.5625
2026-10-01T00:02:00Z,29.004605,0.0000723,60,27.5625
2026-10-01T00:03:00Z,29.0045617,0.0000739,60,27.5625
2026-10-01T00:04:00Z,29.004485,0.0000577,60,27.5625
2026-10-01T00:05:00Z,29.0045067,0.0000548,60,27.6
2026-10-01T00:06:00Z,29.00445,0.000077,60,27.625
2026-10-01T00:07:00Z,29.0043983,0.0000624,60,27.625
2026-10-01T00:08:00Z,29.0044333,0.0000601,60,27.625
2026-10-01T00:09:00Z,29.004425,0.0000654,60,27.6375
2026-10-01T00:10:00Z,29.0044167,0.0000557,60,27.675
2026-10-01T00:11:00Z,29.0043617,0.0000585,60,27.6875
2026-10-01T00:12:00Z,29.004425,0.000068,60,27.6875
2026-10-01T00:13:00Z,29.0044083,0.0000645,60,27.6875
2026-10-01T00:14:00Z,29.0044267,0.0000548,60,27.7125
2026-10-01T00:15:00Z,29.0043333,0.0000681,60,27.75
2026-10-01T00:16:00Z,29.004325,0.0000474,60,27.75
2026-10-01T00:17:00Z,29.00435,0.0000504,60,27.75
2026-10-01T00:18:00Z,29.0043483,0.0000651,60,27.75
2026-10-01T00:19:00Z,29.0042917,0.0000561,60,27.8
2026-10-01T00:20:00Z,29.004325,0.0000704,60,27.8125
2026-10-01T00:21:00Z,29.004335,0.0000685,60,27.8125
2026-10-01T00:22:00Z,29.0043517,0.0000537,60,27.8125
2026-10-01T00:23:00Z,29.004355,0.0000723,60,27.8125
2026-10-01T00:24:00Z,29.0043383,0.000064,60,27.8625
2026-10-01T00:25:00Z,29.004265,0.0000515,60,27.875
2026-10-01T00:26:00Z,29.0042817,0.0000596,60,27.875
2026-10-01T00:27:00Z,29.0042917,0.0000561,60,27.875
2026-10-01T00:28:00Z,29.0042583,0.0000497,60,27.875
2026-10-01T00:29:00Z,29.00419,0.0000511,60,27.9125
2026-10-01T00:30:00Z,29.0042667,0.0000896,60,27.9375
2026-10-01T00:31:00Z,29.0041883,0.000049,60,27.9375
2026-10-01T00:32:00Z,29.0041883,0.0000585,60,27.9375
2026-10-01T00:33:00Z,29.0041633,0.0000663,60,27.9375
2026-10-01T00:34:00Z,29.0041817,0.0000504,60,27.9375
2026-10-01T00:35:00Z,29.0042667,0.0000572,60,27.9625
2026-10-01T00:36:00Z,29.004265,0.0000547,60,28.0
2026-10-01T00:37:00Z,29.004255,0.0000622,60,28.0
2026-10-01T00:38:00Z,29.00423,0.000072,60,28.0
2026-10-01T00:39:00Z,29.0043083,0.0000591,60,28.0
2026-10-01T00:40:00Z,29.004285,0.0000732,60,28.0
2026-10-01T00:41:00Z,29.00428,0.0000605,60,28.0
2026-10-01T00:42:00Z,29.00429,0.0000573,60,28.0
2026-10-01T00:43:00Z,29.0042667,0.0000752,60,28.0
2026-10-01T00:44:00Z,29.0042217,0.0000524,60,28.05
2026-10-01T00:45:00Z,29.0042542,0.0000597,59,28.0625
2026-10-01T00:46:00Z,29.004255,0.0000675,60,28.0625
2026-10-01T00:47:00Z,29.0042283,0.0000666,60,28.0625
2026-10-01T00:48:00Z,29.004275,0.0000571,60,28.0625
2026-10-01T00:49:00Z,29.0042817,0.0000469,60,28.0625
2026-10-01T00:50:00Z,29.00431,0.0000511,60,28.0625
2026-10-01T00:51:00Z,29.00425,0.0000676,60,28.0625
2026-10-01T00:52:00Z,29.0042067,0.0000686,60,28.0625
2026-10-01T00:53:00Z,29.00425,0.0000701,60,28.0625
2026-10-01T00:54:00Z,29.0042617,0.0000585,60,28.0625
2026-10-01T00:55:00Z,29.004325,0.0000508,60,28.0625
2026-10-01T00:56:00Z,29.0042967,0.000045,60,28.0625
2026-10-01T00:57:00Z,29.0042733,0.0000548,60,28.0625
2026-10-01T00:58:00Z,29.0042017,0.0000701,60,28.0625
2026-10-01T00:59:00Z,29.0042017,0.0000431,60,28.0625
2026-10-01T01:00:00Z,29.004205,0.0000565,60,28.0625
2026-10-01T01:01:00Z,29.0042683,0.0000504,60,28.0625
2026-10-01T01:02:00Z,29.004255,0.0000594,60,28.0625
2026-10-01T01:03:00Z,29.0043,0.0000451,60,28.0625
2026-10-01T01:04:00Z,29.004255,0.0000565,60,28.0875
2026-10-01T01:05:00Z,29.004245,0.0000594,60,28.1125
2026-10-01T01:06:00Z,29.0042267,0.0000548,60,28.1125
2026-10-01T01:07:00Z,29.004205,0.0000699,60,28.125
2026-10-01T01:08:00Z,29.0042033,0.0000581,60,28.1125
2026-10-01T01:09:00Z,29.0042783,0.000064,60,28.125
2026-10-01T01:10:00Z,29.004235,0.0000633,60,28.1
2026-10-01T01:11:00Z,29.0042283,0.0000555,60,28.1
2026-10-01T01:12:00Z,29.0042367,0.0000637,60,28.1
2026-10-01T01:13:00Z,29.00426,0.0000527,60,28.1125
2026-10-01T01:14:00Z,29.0042417,0.0000696,60,28.1
2026-10-01T01:15:00Z,29.0041933,0.0000406,60,28.0625
2026-10-01T01:16:00Z,29.0042083,0.0000381,60,28.0625
2026-10-01T01:17:00Z,29.0041833,0.0000457,60,28.0625
2026-10-01T01:18:00Z,29.0042433,0.0000647,60,28.0625
2026-10-01T01:19:00Z,29.0042283,0.000064,60,28.0625
2026-10-01T01:20:00Z,29.0041633,0.000052,60,28.0625
2026-10-01T01:21:00Z,29.0041467,0.0000623,60,28.0625
2026-10-01T01:22:00Z,29.0042,0.0000487,60,28.0625
2026-10-01T01:23:00Z,29.0042167,0.0000668,60,28.0625
2026-10-01T01:24:00Z,29.0042017,0.0000504,60,28.0625
2026-10-01T01:25:00Z,29.0042217,0.0000666,60,28.0625
2026-10-01T01:26:00Z,29.00421,0.0000543,60,28.0625
2026-10-01T01:27:00Z,29.004185,0.0000633,60,28.0625
2026-10-01T01:28:00Z,29.004125,0.00006,60,28.0625
2026-10-01T01:29:00Z,29.0041467,0.0000536,60,28.0625
2026-10-01T01:30:00Z,29.0041817,0.0000651,60,28.0625
2026-10-01T01:31:00Z,29.0041583,0.0000561,60,28.0625
2026-10-01T01:32:00Z,29.0041533,0.0000536,60,28.0625
2026-10-01T01:33:00Z,29.0041424,0.0000532,59,28.0625
2026-10-01T01:34:00Z,29.0041517,0.0000537,60,28.0625
2026-10-01T01:35:00Z,29.004115,0.0000515,60,28.025
2026-10-01T01:36:00Z,29.004135,0.0000547,60,28.0
2026-10-01T01:37:00Z,29.0041067,0.0000482,60,28.0
2026-10-01T01:38:00Z,29.0041367,0.000052,60,28.0
2026-10-01T01:39:00Z,29.0041617,0.0000585,60,28.0
2026-10-01T01:40:00Z,29.0041683,0.0000567,60,28.0
2026-10-01T01:41:00Z,29.0041717,0.0000613,60,28.0
2026-10-01T01:42:00Z,29.0041483,0.0000567,60,28.0
2026-10-01T01:43:00Z,29.0041367,0.0000581,60,28.0
2026-10-01T01:44:00Z,29.0041717,0.0000613,60,28.0
2026-10-01T01:45:00Z,29.00419,0.0000399,60,28.0
2026-10-01T01:46:00Z,29.00418,0.0000605,60,28.0
2026-10-01T01:47:00Z,29.0041967,0.0000551,60,28.0
2026-10-01T01:48:00Z,29.0041683,0.0000651,60,28.0
2026-10-01T01:49:00Z,29.004135,0.0000577,60,27.95
2026-10-01T01:50:00Z,29.0041833,0.0000526,60,27.9375
2026-10-01T01:51:00Z,29.004185,0.0000515,60,27.9375
2026-10-01T01:52:00Z,29.0042,0.0000552,60,27.9375
2026-10-01T01:53:00Z,29.0041483,0.0000537,60,27.9375
2026-10-01T01:54:00Z,29.0041333,0.0000475,60,27.9375
2026-10-01T01:55:00Z,29.0041167,0.0000526,60,27.9375
2026-10-01T01:56:00Z,29.0041633,0.000052,60,27.9375
2026-10-01T01:57:00Z,29.0041933,0.0000548,60,27.9375
2026-10-01T01:58:00Z,29.00421,0.0000543,60,27.9375
2026-10-01T01:59:00Z,29.0042017,0.0000624,60,27.9375
2026-10-01T02:00:00Z,29.0041667,0.0000629,60,27.9375
2026-10-01T02:01:00Z,29.0041617,0.0000555,60,27.875
2026-10-01T02:02:00Z,29.0041767,0.0000647,60,27.875
2026-10-01T02:03:00Z,29.0042433,0.0000621,60,27.875
2026-10-01T02:04:00Z,29.004205,0.0000622,60,27.875
2026-10-01T02:05:00Z,29.0041783,0.000064,60,27.875
2026-10-01T02:06:00Z,29.0042333,0.0000752,60,27.875
2026-10-01T02:07:00Z,29.0042433,0.0000533,60,27.875
2026-10-01T02:08:00Z,29.0042383,0.000049,60,27.875
2026-10-01T02:09:00Z,29.004205,0.0000534,60,27.875
2026-10-01T02:10:00Z,29.004295,0.0000622,60,27.875
2026-10-01T02:11:00Z,29.004265,0.0000577,60,27.8625
2026-10-01T02:12:00Z,29.0041867,0.0000623,60,27.825
2026-10-01T02:13:00Z,29.00422,0.000048,60,27.8125
2026-10-01T02:14:00Z,29.0042583,0.0000591,60,27.8125
2026-10-01T02:15:00Z,29.0043117,0.0000613,60,27.8125
2026-10-01T02:16:00Z,29.004295,0.0000594,60,27.8125
2026-10-01T02:17:00Z,29.00427,0.000053,60,27.8125
2026-10-01T02:18:00Z,29.0043033,0.000052,60,27.8125
2026-10-01T02:19:00Z,29.00434,0.0000558,60,27.8125
2026-10-01T02:20:00Z,29.00426,0.0000588,60,27.8125
2026-10-01T02:21:00Z,29.0043167,0.0000587,60,27.8125
2026-10-01T02:22:00Z,29.0043169,0.0000592,59,27.8125
2026-10-01T02:23:00Z,29.00433,0.0000619,60,27.775
2026-10-01T02:24:00Z,29.004265,0.0000515,60,27.75
2026-10-01T02:25:00Z,29.0042183,0.0000537,60,27.75
2026-10-01T02:26:00Z,29.0042183,0.0000537,60,27.75
2026-10-01T02:27:00Z,29.0042767,0.0000698,60,27.75
2026-10-01T02:28:00Z,29.00424,0.0000643,60,27.75
2026-10-01T02:29:00Z,29.0043333,0.0000729,60,27.75
2026-10-01T02:30:00Z,29.004255,0.0000565,60,27.75
2026-10-01T02:31:00Z,29.0042433,0.00005,60,27.75
2026-10-01T02:32:00Z,29.0042033,0.0000581,60,27.75
2026-10-01T02:33:00Z,29.0042517,0.0000624,60,27.75
2026-10-01T02:34:00Z,29.004245,0.0000723,60,27.75
2026-10-01T02:35:00Z,29.0042267,0.000066,60,27.75
2026-10-01T02:36:00Z,29.0043133,0.0000596,60,27.6875
2026-10-01T02:37:00Z,29.0042967,0.000052,60,27.6875
2026-10-01T02:38:00Z,29.0043317,0.0000537,60,27.6875
2026-10-01T02:39:00Z,29.0043267,0.0000607,60,27.6875
2026-10-01T02:40:00Z,29.004295,0.0000675,60,27.6875
2026-10-01T02:41:00Z,29.0043317,0.0000537,60,27.6875
2026-10-01T02:42:00Z,29.004285,0.0000444,60,27.6875
2026-10-01T02:43:00Z,29.0043,0.0000611,60,27.6875
2026-10-01T02:44:00Z,29.00426,0.0000616,60,27.6875
2026-10-01T02:45:00Z,29.0042867,0.0000724,60,27.6875
2026-10-01T02:46:00Z,29.00427,0.0000619,60,27.6875
2026-10-01T02:47:00Z,29.00433,0.0000696,60,27.6625
2026-10-01T02:48:00Z,29.0043583,0.0000645,60,27.625
2026-10-01T02:49:00Z,29.004265,0.0000633,60,27.625
2026-10-01T02:50:00Z,29.0042667,0.0000681,60,27.625
2026-10-01T02:51:00Z,29.00428,0.0000632,60,27.625
2026-10-01T02:52:00Z,29.0042467,0.0000623,60,27.625
2026-10-01T02:53:00Z,29.0042833,0.0000557,60,27.625
2026-10-01T02:54:00Z,29.0042683,0.0000504,60,27.625
2026-10-01T02:55:00Z,29.0042517,0.0000676,60,27.625
2026-10-01T02:56:00Z,29.0042733,0.0000548,60,27.625
2026-10-01T02:57:00Z,29.004275,0.0000654,60,27.625
2026-10-01T02:58:00Z,29.0042583,0.0000766,60,27.625
2026-10-01T02:59:00Z,29.0042233,0.0000533,60,27.5875
2026-10-01T03:00:00Z,29.0042333,0.0000572,60,27.5625
2026-10-01T03:01:00Z,29.0042267,0.0000548,60,27.5625
2026-10-01T03:02:00Z,29.0042833,0.0000615,60,27.5625
2026-10-01T03:03:00Z,29.004275,0.0000541,60,27.5625
2026-10-01T03:04:00Z,29.0042533,0.00007,60,27.5625
2026-10-01T03:05:00Z,29.004285,0.0000685,60,27.5625
2026-10-01T03:06:00Z,29.0043033,0.000052,60,27.5625
2026-10-01T03:07:00Z,29.0042833,0.0000557,60,27.5625
2026-10-01T03:08:00Z,29.0042933,0.0000516,60,27.5625
2026-10-01T03:09:00Z,29.0043067,0.0000548,60,27.5625
2026-10-01T03:10:00Z,29.0043283,0.0000524,60,27.5625
2026-10-01T03:11:00Z,29.0042424,0.0000498,59,27.5625
2026-10-01T03:12:00Z,29.004265,0.0000633,60,27.5
2026-10-01T03:13:00Z,29.0042833,0.0000668,60,27.5
2026-10-01T03:14:00Z,29.0043317,0.0000651,60,27.5
2026-10-01T03:15:00Z,29.0042583,0.0000645,60,27.5
2026-10-01T03:16:00Z,29.004285,0.0000755,60,27.5
2026-10-01T03:17:00Z,29.0042433,0.0000673,60,27.5
2026-10-01T03:18:00Z,29.0043083,0.0000645,60,27.5
2026-10-01T03:19:00Z,29.0042717,0.0000804,60,27.5
2026-10-01T03:20:00Z,29.0042633,0.0000551,60,27.5
2026-10-01T03:21:00Z,29.0042867,0.0000566,60,27.5
2026-10-01T03:22:00Z,29.004275,0.0000571,60,27.5
2026-10-01T03:23:00Z,29.0042483,0.0000537,60,27.5
2026-10-01T03:24:00Z,29.0042067,0.0000578,60,27.5
2026-10-01T03:25:00Z,29.004235,0.0000799,60,27.4625
2026-10-01T03:26:00Z,29.004235,0.0000633,60,27.4375
2026-10-01T03:27:00Z,29.00424,0.0000494,60,27.4375
2026-10-01T03:28:00Z,29.0042217,0.000049,60,27.4375
2026-10-01T03:29:00Z,29.0042733,0.0000548,60,27.4375
2026-10-01T03:30:00Z,29.0042583,0.0000561,60,27.4375
2026-10-01T03:31:00Z,29.0042533,0.0000536,60,27.4375
2026-10-01T03:32:00Z,29.0042133,0.0000596,60,27.4375
2026-10-01T03:33:00Z,29.0042233,0.0000563,60,27.4375
2026-10-01T03:34:00Z,29.004265,0.0000577,60,27.4375
2026-10-01T03:35:00Z,29.0042717,0.000064,60,27.4375
2026-10-01T03:36:00Z,29.00432,0.0000755,60,27.4375
2026-10-01T03:37:00Z,29.0043483,0.000077,60,27.4375
2026-10-01T03:38:00Z,29.004355,0.0000534,60,27.4375
2026-10-01T03:39:00Z,29.00433,0.0000561,60,27.375
2026-10-01T03:40:00Z,29.0043533,0.0000566,60,27.375
2026-10-01T03:41:00Z,29.0043167,0.0000642,60,27.375
2026-10-01T03:42:00Z,29.0042667,0.0000705,60,27.375
2026-10-01T03:43:00Z,29.00428,0.0000576,60,27.375
2026-10-01T03:44:00Z,29.0042833,0.0000693,60,27.375
2026-10-01T03:45:00Z,29.0042867,0.0000676,60,27.375
2026-10-01T03:46:00Z,29.0043183,0.0000676,60,27.375
2026-10-01T03:47:00Z,29.0042933,0.0000733,60,27.375
2026-10-01T03:48:00Z,29.00428,0.0000576,60,27.375
2026-10-01T03:49:00Z,29.0042383,0.0000613,60,27.375
2026-10-01T03:50:00Z,29.00424,0.0000588,60,27.3625
2026-10-01T03:51:00Z,29.0042667,0.0000681,60,27.325
2026-10-01T03:52:00Z,29.0042283,0.0000613,60,27.3125
2026-10-01T03:53:00Z,29.0042833,0.0000615,60,27.3125
2026-10-01T03:54:00Z,29.0042683,0.0000651,60,27.3125
2026-10-01T03:55:00Z,29.00425,0.0000567,60,27.3125
2026-10-01T03:56:00Z,29.0042533,0.0000566,60,27.3125
2026-10-01T03:57:00Z,29.0042683,0.0000504,60,27.3125
2026-10-01T03:58:00Z,29.0042083,0.0000696,60,27.3125
2026-10-01T03:59:00Z,29.0043,0.0000713,60,27.3125
2026-10-01T04:00:00Z,29.0043254,0.0000632,59,27.2625
2026-10-01T04:01:00Z,29.004245,0.0000723,60,27.25
2026-10-01T04:02:00Z,29.0042017,0.0000596,60,27.25
2026-10-01T04:03:00Z,29.0042433,0.0000533,60,27.25
2026-10-01T04:04:00Z,29.0041983,0.0000596,60,27.25
2026-10-01T04:05:00Z,29.00422,0.0000605,60,27.25
2026-10-01T04:06:00Z,29.0042733,0.0000548,60,27.25
2026-10-01T04:07:00Z,29.0042967,0.0000551,60,27.25
2026-10-01T04:08:00Z,29.0042417,0.0000561,60,27.2
2026-10-01T04:09:00Z,29.00427,0.0000561,60,27.1875
2026-10-01T04:10:00Z,29.0043433,0.0000673,60,27.1875
2026-10-01T04:11:00Z,29.004315,0.0000936,60,27.1875
2026-10-01T04:12:00Z,29.0042033,0.0000663,60,27.1875
2026-10-01T04:13:00Z,29.0042417,0.0000591,60,27.1875
2026-10-01T04:14:00Z,29.0042033,0.0000486,60,27.1875
2026-10-01T04:15:00Z,29.00419,0.0000477,60,27.1875
2026-10-01T04:16:00Z,29.0041867,0.0000747,60,27.1875
2026-10-01T04:17:00Z,29.0042483,0.0000651,60,27.1375
2026-10-01T04:18:00Z,29.00428,0.0000659,60,27.125
2026-10-01T04:19:00Z,29.004225,0.00006,60,27.125
2026-10-01T04:20:00Z,29.00426,0.0000527,60,27.125
2026-10-01T04:21:00Z,29.0042767,0.0000533,60,27.125
2026-10-01T04:22:00Z,29.004315,0.0000606,60,27.125
2026-10-01T04:23:00Z,29.0042433,0.0000745,60,27.125
2026-10-01T04:24:00Z,29.0042483,0.0000624,60,27.1125
2026-10-01T04:25:00Z,29.0042233,0.00005,60,27.075
2026-10-01T04:26:00Z,29.00428,0.0000576,60,27.0625
2026-10-01T04:27:00Z,29.0043267,0.000066,60,27.0625
2026-10-01T04:28:00Z,29.004275,0.00006,60,27.0625
2026-10-01T04:29:00Z,29.0042833,0.0000693,60,27.0625
2026-10-01T04:30:00Z,29.0043733,0.000066,60,27.0625
2026-10-01T04:31:00Z,29.0043117,0.0000691,60,27.0625
2026-10-01T04:32:00Z,29.0043367,0.000061,60,27.0625
2026-10-01T04:33:00Z,29.004295,0.0000534,60,27.0625
2026-10-01T04:34:00Z,29.0043317,0.0000567,60,27.025
2026-10-01T04:35:00Z,29.004335,0.0000606,60,27.0
2026-10-01T04:36:00Z,29.00434,0.0000643,60,27.0
2026-10-01T04:37:00Z,29.0043217,0.0000691,60,27.0
2026-10-01T04:38:00Z,29.0043067,0.000066,60,27.0
2026-10-01T04:39:00Z,29.0042983,0.0000537,60,27.0
2026-10-01T04:40:00Z,29.0043517,0.0000596,60,27.0
2026-10-01T04:41:00Z,29.00431,0.0000511,60,27.0
2026-10-01T04:42:00Z,29.0042833,0.0000587,60,27.0
2026-10-01T04:43:00Z,29.0043483,0.0000624,60,26.9625
2026-10-01T04:44:00Z,29.0043067,0.0000607,60,26.9375
2026-10-01T04:45:00Z,29.0043633,0.000061,60,26.9375
2026-10-01T04:46:00Z,29.004405,0.0000622,60,26.9375
2026-10-01T04:47:00Z,29.0043983,0.0000567,60,26.9375
2026-10-01T04:48:00Z,29.0044051,0.0000506,59,26.9375
2026-10-01T04:49:00Z,29.0043917,0.0000743,60,26.9375
2026-10-01T04:50:00Z,29.0043883,0.0000666,60,26.9375
2026-10-01T04:51:00Z,29.004395,0.0000622,60,26.9375
2026-10-01T04:52:00Z,29.004365,0.0000633,60,26.925
2026-10-01T04:53:00Z,29.0043817,0.0000701,60,26.875
2026-10-01T04:54:00Z,29.0043517,0.0000567,60,26.875
2026-10-01T04:55:00Z,29.0043483,0.0000596,60,26.875
2026-10-01T04:56:00Z,29.0044283,0.0000666,60,26.875
2026-10-01T04:57:00Z,29.004425,0.0000628,60,26.875
2026-10-01T04:58:00Z,29.0043917,0.0000497,60,26.875
2026-10-01T04:59:00Z,29.0043967,0.0000551,60,26.875
2026-10-01T05:00:00Z,29.0043683,0.0000567,60,26.875
2026-10-01T05:01:00Z,29.0044267,0.0000607,60,26.875
2026-10-01T05:02:00Z,29.004465,0.0000547,60,26.8375
2026-10-01T05:03:00Z,29.004485,0.0000709,60,26.8125
2026-10-01T05:04:00Z,29.0044533,0.0000676,60,26.8125
2026-10-01T05:05:00Z,29.0043933,0.0000516,60,26.8125
2026-10-01T05:06:00Z,29.0043883,0.0000524,60,26.8125
2026-10-01T05:07:00Z,29.004395,0.0000534,60,26.8125
2026-10-01T05:08:00Z,29.004395,0.0000594,60,26.8125
2026-10-01T05:09:00Z,29.0044267,0.000071,60,26.8125
2026-10-01T05:10:00Z,29.004405,0.0000622,60,26.8125
2026-10-01T05:11:00Z,29.00439,0.0000543,60,26.7875
2026-10-01T05:12:00Z,29.004335,0.0000777,60,26.75
2026-10-01T05:13:00Z,29.004425,0.0000541,60,26.75
2026-10-01T05:14:00Z,29.004385,0.0000577,60,26.75
2026-10-01T05:15:00Z,29.0044117,0.0000585,60,26.75
2026-10-01T05:16:00Z,29.00447,0.0000591,60,26.75
2026-10-01T05:17:00Z,29.0044717,0.0000613,60,26.75
2026-10-01T05:18:00Z,29.0044617,0.0000666,60,26.75
2026-10-01T05:19:00Z,29.0044967,0.0000712,60,26.75
2026-10-01T05:20:00Z,29.00445,0.0000676,60,26.75
2026-10-01T05:21:00Z,29.00442,0.0000403,60,26.7
2026-10-01T05:22:00Z,29.0044783,0.000049,60,26.6875
2026-10-01T05:23:00Z,29.00448,0.0000576,60,26.6875
2026-10-01T05:24:00Z,29.0044483,0.0000567,60,26.6875
2026-10-01T05:25:00Z,29.00453,0.0000926,60,26.6875
2026-10-01T05:26:00Z,29.0045367,0.000052,60,26.6875
2026-10-01T05:27:00Z,29.0045683,0.0000854,60,26.6875
2026-10-01T05:28:00Z,29.004525,0.00006,60,26.6875
2026-10-01T05:29:00Z,29.0045067,0.0000634,60,26.675
2026-10-01T05:30:00Z,29.0045667,0.0000752,60,26.65
2026-10-01T05:31:00Z,29.0045667,0.0000601,60,26.625
2026-10-01T05:32:00Z,29.0045333,0.0000655,60,26.625
2026-10-01T05:33:00Z,29.0045683,0.0000567,60,26.625
2026-10-01T05:34:00Z,29.004575,0.0000728,60,26.625
2026-10-01T05:35:00Z,29.0046133,0.0000676,60,26.625
2026-10-01T05:36:00Z,29.0046183,0.0000567,60,26.625
2026-10-01T05:37:00Z,29.0045695,0.0000534,59,26.625
2026-10-01T05:38:00Z,29.0045967,0.0000637,60,26.6125
2026-10-01T05:39:00Z,29.004565,0.0000577,60,26.5625
2026-10-01T05:40:00Z,29.0045917,0.000053,60,26.5625
2026-10-01T05:41:00Z,29.0045817,0.0000624,60,26.5625
2026-10-01T05:42:00Z,29.00454,0.0000764,60,26.5625
2026-10-01T05:43:00Z,29.00453,0.0000462,60,26.5625
2026-10-01T05:44:00Z,29.0045533,0.0000676,60,26.5625
2026-10-01T05:45:00Z,29.0045833,0.0000717,60,26.5625
2026-10-01T05:46:00Z,29.0045783,0.0000739,60,26.5625
2026-10-01T05:47:00Z,29.0046367,0.0000581,60,26.5312
2026-10-01T05:48:00Z,29.004625,0.0000571,60,26.5
2026-10-01T05:49:00Z,29.004565,0.0000577,60,26.5
2026-10-01T05:50:00Z,29.0045167,0.0000642,60,26.5
2026-10-01T05:51:00Z,29.0045233,0.0000851,60,26.5
2026-10-01T05:52:00Z,29.00458,0.0000514,60,26.5
2026-10-01T05:53:00Z,29.0045967,0.0000758,60,26.5
2026-10-01T05:54:00Z,29.0045833,0.0000642,60,26.5
2026-10-01T05:55:00Z,29.0045683,0.0000624,60,26.5
2026-10-01T05:56:00Z,29.0045667,0.0000752,60,26.475
2026-10-01T05:57:00Z,29.0046633,0.000078,60,26.4375
2026-10-01T05:58:00Z,29.004665,0.0000709,60,26.4375
2026-10-01T05:59:00Z,29.0046433,0.0000647,60,26.4375
2026-10-01T06:00:00Z,29.004615,0.0000732,60,26.4375
2026-10-01T06:01:00Z,29.0046133,0.0000747,60,26.4375
2026-10-01T06:02:00Z,29.0046067,0.0000756,60,26.4375
2026-10-01T06:03:00Z,29.004575,0.000068,60,26.4375
2026-10-01T06:04:00Z,29.00456,0.0000588,60,26.4125
2026-10-01T06:05:00Z,29.0045767,0.0000745,60,26.375
2026-10-01T06:06:00Z,29.0045783,0.0000691,60,26.375
2026-10-01T06:07:00Z,29.0045733,0.0000634,60,26.375
2026-10-01T06:08:00Z,29.0045183,0.0000537,60,26.375
2026-10-01T06:09:00Z,29.0045117,0.0000585,60,26.375
2026-10-01T06:10:00Z,29.0045883,0.0000524,60,26.375
2026-10-01T06:11:00Z,29.0045933,0.0000634,60,26.375
2026-10-01T06:12:00Z,29.004545,0.0000622,60,26.375
2026-10-01T06:13:00Z,29.00459,0.0000573,60,26.35
2026-10-01T06:14:00Z,29.0045533,0.0000536,60,26.3125
2026-10-01T06:15:00Z,29.0045833,0.0000642,60,26.3125
2026-10-01T06:16:00Z,29.0045883,0.0000585,60,26.3125
2026-10-01T06:17:00Z,29.00462,0.000048,60,26.3125
2026-10-01T06:18:00Z,29.004595,0.0000699,60,26.3125
2026-10-01T06:19:00Z,29.0046217,0.000064,60,26.3125
2026-10-01T06:20:00Z,29.0046983,0.0000537,60,26.3125
2026-10-01T06:21:00Z,29.0046983,0.0000504,60,26.3125
2026-10-01T06:22:00Z,29.0045933,0.0000578,60,26.25
2026-10-01T06:23:00Z,29.0046017,0.0000596,60,26.2656
2026-10-01T06:24:00Z,29.0046517,0.0000537,60,26.25
2026-10-01T06:25:00Z,29.0046417,0.000053,60,26.25
2026-10-01T06:26:00Z,29.004722,0.0000494,59,26.25
2026-10-01T06:27:00Z,29.0046517,0.0000596,60,26.25
2026-10-01T06:28:00Z,29.0046717,0.0000613,60,26.25
2026-10-01T06:29:00Z,29.004655,0.0000811,60,26.25
2026-10-01T06:30:00Z,29.0046933,0.0000578,60,26.25
2026-10-01T06:31:00Z,29.004655,0.0000534,60,26.2188
2026-10-01T06:32:00Z,29.0046683,0.0000504,60,26.1875
2026-10-01T06:33:00Z,29.00468,0.0000708,60,26.1875
2026-10-01T06:34:00Z,29.004745,0.0000534,60,26.1875
2026-10-01T06:35:00Z,29.0047,0.0000582,60,26.1875
2026-10-01T06:36:00Z,29.00468,0.000048,60,26.1875
2026-10-01T06:37:00Z,29.0046967,0.000041,60,26.1875
2026-10-01T06:38:00Z,29.0046583,0.000053,60,26.1875
2026-10-01T06:39:00Z,29.0046817,0.0000504,60,26.1875
2026-10-01T06:40:00Z,29.004655,0.0000565,60,26.175
2026-10-01T06:41:00Z,29.0046733,0.0000607,60,26.125
2026-10-01T06:42:00Z,29.0047517,0.0000651,60,26.125
2026-10-01T06:43:00Z,29.0047117,0.0000613,60,26.125
2026-10-01T06:44:00Z,29.0046617,0.0000555,60,26.125
2026-10-01T06:45:00Z,29.0046433,0.0000593,60,26.125
2026-10-01T06:46:00Z,29.004645,0.0000622,60,26.125
2026-10-01T06:47:00Z,29.0046533,0.0000791,60,26.125
2026-10-01T06:48:00Z,29.004705,0.0000594,60,26.125
2026-10-01T06:49:00Z,29.0046833,0.0000668,60,26.125
2026-10-01T06:50:00Z,29.0047,0.0000611,60,26.1125
2026-10-01T06:51:00Z,29.0047017,0.0000504,60,26.0625
2026-10-01T06:52:00Z,29.0046667,0.0000542,60,26.0625
2026-10-01T06:53:00Z,29.00473,0.0000619,60,26.0625
2026-10-01T06:54:00Z,29.004695,0.0000565,60,26.0625
2026-10-01T06:55:00Z,29.0046867,0.0000873,60,26.0625
2026-10-01T06:56:00Z,29.0046883,0.000064,60,26.0625
2026-10-01T06:57:00Z,29.0047133,0.000043,60,26.0625
2026-10-01T06:58:00Z,29.004705,0.0000387,60,26.0625
2026-10-01T06:59:00Z,29.0047517,0.0000504,60,26.0417
2026-10-01T07:00:00Z,29.004715,0.0000577,60,26.0156
2026-10-01T07:01:00Z,29.0046817,0.0000469,60,26.0
2026-10-01T07:02:00Z,29.0046917,0.0000671,60,26.0
2026-10-01T07:03:00Z,29.0047267,0.0000516,60,26.0
2026-10-01T07:04:00Z,29.0047567,0.0000593,60,26.0
2026-10-01T07:05:00Z,29.00477,0.0000561,60,26.0
2026-10-01T07:06:00Z,29.0047517,0.0000624,60,26.0
2026-10-01T07:07:00Z,29.00477,0.0000646,60,26.0
2026-10-01T07:08:00Z,29.0047867,0.000065,60,26.0
2026-10-01T07:09:00Z,29.0048117,0.0000613,60,25.975
2026-10-01T07:10:00Z,29.0047517,0.0000596,60,25.9375
2026-10-01T07:11:00Z,29.0048083,0.0000645,60,25.9375
2026-10-01T07:12:00Z,29.0048367,0.0000688,60,25.9375
2026-10-01T07:13:00Z,29.0048317,0.0000651,60,25.9375
2026-10-01T07:14:00Z,29.0048433,0.0000593,60,25.9375
2026-10-01T07:15:00Z,29.00488,0.0000708,60,25.9375
2026-10-01T07:16:00Z,29.0048407,0.0000646,59,25.9375
2026-10-01T07:17:00Z,29.0048717,0.0000613,60,25.9375
2026-10-01T07:18:00Z,29.00494,0.0000494,60,25.9375
2026-10-01T07:19:00Z,29.0048117,0.0000613,60,25.8875
2026-10-01T07:20:00Z,29.0048033,0.0000663,60,25.875
2026-10-01T07:21:00Z,29.00482,0.0000443,60,25.875
2026-10-01T07:22:00Z,29.0048183,0.0000701,60,25.875
2026-10-01T07:23:00Z,29.004835,0.0000481,60,25.875
2026-10-01T07:24:00Z,29.0048467,0.0000566,60,25.875
2026-10-01T07:25:00Z,29.0048033,0.0000637,60,25.875
2026-10-01T07:26:00Z,29.0047967,0.000041,60,25.875
2026-10-01T07:27:00Z,29.0048067,0.0000446,60,25.875
2026-10-01T07:28:00Z,29.0048133,0.0000623,60,25.875
2026-10-01T07:29:00Z,29.0048467,0.0000566,60,25.8625
2026-10-01T07:30:00Z,29.0048017,0.0000596,60,25.8375
2026-10-01T07:31:00Z,29.004805,0.0000622,60,25.8125
2026-10-01T07:32:00Z,29.0048167,0.0000763,60,25.8125
2026-10-01T07:33:00Z,29.0048017,0.0000748,60,25.8125
2026-10-01T07:34:00Z,29.00484,0.0000558,60,25.8125
2026-10-01T07:35:00Z,29.00486,0.0000643,60,25.8125
2026-10-01T07:36:00Z,29.0048933,0.0000578,60,25.8125
2026-10-01T07:37:00Z,29.0048183,0.0000854,60,25.8125
2026-10-01T07:38:00Z,29.0048417,0.0000645,60,25.8125
2026-10-01T07:39:00Z,29.00483,0.000053,60,25.8125
2026-10-01T07:40:00Z,29.0047583,0.0000591,60,25.775
2026-10-01T07:41:00Z,29.004765,0.0000577,60,25.75
2026-10-01T07:42:00Z,29.0048917,0.0000619,60,25.75
2026-10-01T07:43:00Z,29.00482,0.0000576,60,25.75
2026-10-01T07:44:00Z,29.0048533,0.0000596,60,25.75
2026-10-01T07:45:00Z,29.0048467,0.0000536,60,25.75
2026-10-01T07:46:00Z,29.0048633,0.0000688,60,25.75
2026-10-01T07:47:00Z,29.0048417,0.0000591,60,25.75
2026-10-01T07:48:00Z,29.0049,0.0000664,60,25.75
2026-10-01T07:49:00Z,29.0048317,0.0000725,60,25.75
2026-10-01T07:50:00Z,29.0048617,0.0000613,60,25.75
2026-10-01T07:51:00Z,29.0048183,0.0000537,60,25.725
2026-10-01T07:52:00Z,29.004835,0.0000547,60,25.6875
2026-10-01T07:53:00Z,29.0048967,0.000061,60,25.6875
2026-10-01T07:54:00Z,29.00482,0.0000605,60,25.6875
2026-10-01T07:55:00Z,29.004855,0.0000723,60,25.6875
2026-10-01T07:56:00Z,29.0049617,0.0000666,60,25.6875
2026-10-01T07:57:00Z,29.0049283,0.0000555,60,25.6875
2026-10-01T07:58:00Z,29.00491,0.0000838,60,25.6875
2026-10-01T07:59:00Z,29.0049467,0.000065,60,25.6875
2026-10-01T08:00:00Z,29.0048667,0.0000655,60,25.6875
2026-10-01T08:01:00Z,29.0048283,0.0000585,60,25.6875
2026-10-01T08:02:00Z,29.0048383,0.000064,60,25.6875
2026-10-01T08:03:00Z,29.0048283,0.0000555,60,25.6375
2026-10-01T08:04:00Z,29.00494,0.0000527,60,25.625
2026-10-01T08:05:00Z,29.0049559,0.000065,59,25.625
2026-10-01T08:06:00Z,29.0049467,0.0000596,60,25.625
2026-10-01T08:07:00Z,29.004915,0.0000577,60,25.625
2026-10-01T08:08:00Z,29.004875,0.0000628,60,25.625
2026-10-01T08:09:00Z,29.0049333,0.0000752,60,25.625
2026-10-01T08:10:00Z,29.0048967,0.0000551,60,25.625
2026-10-01T08:11:00Z,29.00489,0.000073,60,25.625
2026-10-01T08:12:00Z,29.0049633,0.000061,60,25.625
2026-10-01T08:13:00Z,29.0049217,0.0000585,60,25.625
2026-10-01T08:14:00Z,29.004905,0.0000811,60,25.625
2026-10-01T08:15:00Z,29.0049867,0.0000536,60,25.5875
2026-10-01T08:16:00Z,29.00495,0.0000597,60,25.5625
2026-10-01T08:17:00Z,29.0049433,0.0000673,60,25.5625
2026-10-01T08:18:00Z,29.0049483,0.0000596,60,25.5625
2026-10-01T08:19:00Z,29.004945,0.0000534,60,25.5625
2026-10-01T08:20:00Z,29.0049567,0.0000745,60,25.5625
2026-10-01T08:21:00Z,29.0049467,0.0000623,60,25.5625
2026-10-01T08:22:00Z,29.00495,0.0000748,60,25.5625
2026-10-01T08:23:00Z,29.0049917,0.0000671,60,25.5625
2026-10-01T08:24:00Z,29.004965,0.0000633,60,25.5625
2026-10-01T08:25:00Z,29.0049533,0.0000596,60,25.5625
2026-10-01T08:26:00Z,29.0049467,0.0000596,60,25.5375
2026-10-01T08:27:00Z,29.004985,0.0000732,60,25.5125
2026-10-01T08:28:00Z,29.0049983,0.0000596,60,25.5
2026-10-01T08:29:00Z,29.00499,0.0000706,60,25.5
2026-10-01T08:30:00Z,29.0049817,0.0000873,60,25.5
2026-10-01T08:31:00Z,29.0048733,0.0000607,60,25.5
2026-10-01T08:32:00Z,29.0049417,0.000053,60,25.5
2026-10-01T08:33:00Z,29.0049333,0.0000475,60,25.5
2026-10-01T08:34:00Z,29.0050017,0.0000624,60,25.5
2026-10-01T08:35:00Z,29.00502,0.0000443,60,25.5
2026-10-01T08:36:00Z,29.0050067,0.0000821,60,25.5
2026-10-01T08:37:00Z,29.0049767,0.0000647,60,25.5
2026-10-01T08:38:00Z,29.0049783,0.0000666,60,25.4875
2026-10-01T08:39:00Z,29.0049033,0.0000581,60,25.45
2026-10-01T08:40:00Z,29.00505,0.0000834,60,25.4375
2026-10-01T08:41:00Z,29.0050517,0.0000792,60,25.4375
2026-10-01T08:42:00Z,29.005035,0.0000515,60,25.4375
2026-10-01T08:43:00Z,29.0050133,0.0000536,60,25.4375
2026-10-01T08:44:00Z,29.0050283,0.0000585,60,25.4375
2026-10-01T08:45:00Z,29.0050317,0.0000701,60,25.4375
2026-10-01T08:46:00Z,29.0050067,0.0000607,60,25.4375
2026-10-01T08:47:00Z,29.0050417,0.0000561,60,25.4375
2026-10-01T08:48:00Z,29.0050267,0.0000607,60,25.4375
2026-10-01T08:49:00Z,29.00502,0.000048,60,25.4375
2026-10-01T08:50:00Z,29.0049817,0.0000537,60,25.4375
2026-10-01T08:51:00Z,29.0050383,0.0000585,60,25.3875
2026-10-01T08:52:00Z,29.0050383,0.0000666,60,25.375
2026-10-01T08:53:00Z,29.0050283,0.0000715,60,25.375
2026-10-01T08:54:00Z,29.0050373,0.0000584,59,25.375
2026-10-01T08:55:00Z,29.005045,0.0000565,60,25.375
2026-10-01T08:56:00Z,29.005075,0.0000571,60,25.375
2026-10-01T08:57:00Z,29.0049917,0.0000829,60,25.375
2026-10-01T08:58:00Z,29.005005,0.0000699,60,25.375
2026-10-01T08:59:00Z,29.0050233,0.0000621,60,25.375
2026-10-01T09:00:00Z,29.0049983,0.0000567,60,25.375
2026-10-01T09:01:00Z,29.0050617,0.0000691,60,25.375
2026-10-01T09:02:00Z,29.0050267,0.0000446,60,25.375
2026-10-01T09:03:00Z,29.0050483,0.0000504,60,25.375
2026-10-01T09:04:00Z,29.0050567,0.00005,60,25.3375
2026-10-01T09:05:00Z,29.0050083,0.0000497,60,25.3125
2026-10-01T09:06:00Z,29.0050333,0.0000681,60,25.3125
2026-10-01T09:07:00Z,29.0050967,0.0000688,60,25.3125
2026-10-01T09:08:00Z,29.0050783,0.0000666,60,25.3125
2026-10-01T09:09:00Z,29.0050567,0.0000698,60,25.3125
2026-10-01T09:10:00Z,29.0051017,0.0000431,60,25.3125
2026-10-01T09:11:00Z,29.0050333,0.000051,60,25.3125
2026-10-01T09:12:00Z,29.0050717,0.0000585,60,25.3125
2026-10-01T09:13:00Z,29.0050433,0.0000698,60,25.3125
2026-10-01T09:14:00Z,29.0050717,0.0000715,60,25.3125
2026-10-01T09:15:00Z,29.0050183,0.0000567,60,25.3125
2026-10-01T09:16:00Z,29.0050433,0.00005,60,25.3125
2026-10-01T09:17:00Z,29.0050633,0.0000581,60,25.2625
2026-10-01T09:18:00Z,29.0050667,0.0000629,60,25.25
2026-10-01T09:19:00Z,29.00507,0.0000788,60,25.25
2026-10-01T09:20:00Z,29.0051117,0.0000524,60,25.25
2026-10-01T09:21:00Z,29.0050333,0.0000629,60,25.25
2026-10-01T09:22:00Z,29.0050083,0.0000424,60,25.25
2026-10-01T09:23:00Z,29.0050433,0.0000621,60,25.25
2026-10-01T09:24:00Z,29.0050667,0.0000542,60,25.25
2026-10-01T09:25:00Z,29.0050317,0.0000596,60,25.25
2026-10-01T09:26:00Z,29.0050567,0.0000621,60,25.25
2026-10-01T09:27:00Z,29.0049967,0.0000581,60,25.25
2026-10-01T09:28:00Z,29.0050017,0.0000567,60,25.25
2026-10-01T09:29:00Z,29.00504,0.0000616,60,25.25
2026-10-01T09:30:00Z,29.0050733,0.000066,60,25.2125
2026-10-01T09:31:00Z,29.0050817,0.0000596,60,25.1875
2026-10-01T09:32:00Z,29.0050617,0.0000555,60,25.1875
2026-10-01T09:33:00Z,29.005045,0.0000534,60,25.1875
2026-10-01T09:34:00Z,29.005095,0.0000565,60,25.1875
2026-10-01T09:35:00Z,29.005065,0.0000732,60,25.1875
2026-10-01T09:36:00Z,29.0051583,0.0000591,60,25.1875
2026-10-01T09:37:00Z,29.0051567,0.00005,60,25.1875
2026-10-01T09:38:00Z,29.00517,0.0000497,60,25.1875
2026-10-01T09:39:00Z,29.0052933,0.0000634,60,25.1875
2026-10-01T09:40:00Z,29.0053033,0.000061,60,25.1875
2026-10-01T09:41:00Z,29.0052417,0.0000671,60,25.1875
2026-10-01T09:42:00Z,29.0052433,0.0000647,60,25.1875
2026-10-01T09:43:00Z,29.00518,0.0000755,60,25.1875
2026-10-01T09:44:00Z,29.0052119,0.000079,59,25.1875
2026-10-01T09:45:00Z,29.005105,0.0000622,60,25.175
2026-10-01T09:46:00Z,29.0050683,0.0000624,60,25.15
2026-10-01T09:47:00Z,29.00505,0.0000567,60,25.125
2026-10-01T09:48:00Z,29.0050883,0.000049,60,25.125
2026-10-01T09:49:00Z,29.00507,0.0000696,60,25.125
2026-10-01T09:50:00Z,29.0051267,0.0000516,60,25.125
2026-10-01T09:51:00Z,29.005105,0.0000502,60,25.125
2026-10-01T09:52:00Z,29.005095,0.0000699,60,25.125
2026-10-01T09:53:00Z,29.0051667,0.0000629,60,25.125
2026-10-01T09:54:00Z,29.005095,0.0000649,60,25.125
2026-10-01T09:55:00Z,29.00513,0.0000766,60,25.125
2026-10-01T09:56:00Z,29.0051567,0.0000722,60,25.125
2026-10-01T09:57:00Z,29.0051667,0.0000601,60,25.125
2026-10-01T09:58:00Z,29.0051883,0.0000555,60,25.125
2026-10-01T09:59:00Z,29.0051933,0.000066,60,25.125
2026-10-01T10:00:00Z,29.0051667,0.0000705,60,25.125
2026-10-01T10:01:00Z,29.0051433,0.0000533,60,25.125
2026-10-01T10:02:00Z,29.0051267,0.0000634,60,25.125
2026-10-01T10:03:00Z,29.0050917,0.0000462,60,25.15
2026-10-01T10:04:00Z,29.0050983,0.0000567,60,25.15
2026-10-01T10:05:00Z,29.00512,0.0000605,60,25.1375
2026-10-01T10:06:00Z,29.00508,0.0000605,60,25.15
2026-10-01T10:07:00Z,29.0050733,0.0000578,60,25.125
2026-10-01T10:08:00Z,29.0050933,0.0000634,60,25.15
2026-10-01T10:09:00Z,29.0051217,0.0000613,60,25.125
2026-10-01T10:10:00Z,29.0051367,0.0000637,60,25.125
2026-10-01T10:11:00Z,29.0051217,0.0000555,60,25.125
2026-10-01T10:12:00Z,29.0050983,0.0000567,60,25.125
2026-10-01T10:13:00Z,29.0051433,0.0000593,60,25.125
2026-10-01T10:14:00Z,29.0051667,0.0000601,60,25.125
2026-10-01T10:15:00Z,29.00515,0.0000651,60,25.125
2026-10-01T10:16:00Z,29.00511,0.0000573,60,25.125
2026-10-01T10:17:00Z,29.00519,0.0000602,60,25.125
2026-10-01T10:18:00Z,29.00519,0.0000656,60,25.125
2026-10-01T10:19:00Z,29.0052083,0.000053,60,25.125
2026-10-01T10:20:00Z,29.0051933,0.0000516,60,25.125
2026-10-01T10:21:00Z,29.0051867,0.000065,60,25.125
2026-10-01T10:22:00Z,29.005155,0.0000622,60,25.125
2026-10-01T10:23:00Z,29.0051633,0.0000712,60,25.125
2026-10-01T10:24:00Z,29.0052017,0.0000676,60,25.125
2026-10-01T10:25:00Z,29.005235,0.0000606,60,25.125
2026-10-01T10:26:00Z,29.0052583,0.0000561,60,25.125
2026-10-01T10:27:00Z,29.0052767,0.0000673,60,25.125
2026-10-01T10:28:00Z,29.0052483,0.0000813,60,25.075
2026-10-01T10:29:00Z,29.0051917,0.000072,60,25.075
2026-10-01T10:30:00Z,29.00514,0.0000643,60,25.0625
2026-10-01T10:31:00Z,29.0051717,0.0000524,60,25.0625
2026-10-01T10:32:00Z,29.0051833,0.0000642,60,25.0625
2026-10-01T10:33:00Z,29.0052,0.0000664,60,25.0625
2026-10-01T10:34:00Z,29.0051949,0.00006,59,25.0625
2026-10-01T10:35:00Z,29.0051717,0.0000613,60,25.0625
2026-10-01T10:36:00Z,29.0051717,0.0000555,60,25.0625
2026-10-01T10:37:00Z,29.00521,0.000063,60,25.0625
2026-10-01T10:38:00Z,29.00526,0.0000527,60,25.0625
2026-10-01T10:39:00Z,29.0052717,0.0000555,60,25.0625
2026-10-01T10:40:00Z,29.0052283,0.0000585,60,25.0625
2026-10-01T10:41:00Z,29.00525,0.0000701,60,25.0625
2026-10-01T10:42:00Z,29.0052983,0.0000537,60,25.0625
2026-10-01T10:43:00Z,29.0052633,0.000061,60,25.0625
2026-10-01T10:44:00Z,29.0052867,0.0000536,60,25.05
2026-10-01T10:45:00Z,29.0052317,0.0000596,60,25.0125
2026-10-01T10:46:00Z,29.0051617,0.0000555,60,25.0125
2026-10-01T10:47:00Z,29.005225,0.0000728,60,25.0
2026-10-01T10:48:00Z,29.00523,0.0000671,60,25.0
2026-10-01T10:49:00Z,29.005265,0.0000547,60,25.0
2026-10-01T10:50:00Z,29.0052517,0.0000725,60,25.0
2026-10-01T10:51:00Z,29.0053,0.0000638,60,25.0
2026-10-01T10:52:00Z,29.00526,0.0000643,60,25.0
2026-10-01T10:53:00Z,29.0052567,0.0000745,60,25.0
2026-10-01T10:54:00Z,29.0051683,0.0000537,60,25.0
2026-10-01T10:55:00Z,29.00518,0.0000546,60,25.0
2026-10-01T10:56:00Z,29.005245,0.0000565,60,25.0
2026-10-01T10:57:00Z,29.0052067,0.0000548,60,25.0
2026-10-01T10:58:00Z,29.0052067,0.0000548,60,25.0
2026-10-01T10:59:00Z,29.005215,0.0000547,60,25.0
2026-10-01T11:00:00Z,29.0052317,0.0000676,60,24.975
2026-10-01T11:01:00Z,29.0052517,0.0000567,60,24.9375
2026-10-01T11:02:00Z,29.0051683,0.0000651,60,24.9375
2026-10-01T11:03:00Z,29.005275,0.0000773,60,24.9375
2026-10-01T11:04:00Z,29.0052017,0.0000624,60,24.9375
2026-10-01T11:05:00Z,29.0052517,0.0000567,60,24.9375
2026-10-01T11:06:00Z,29.0052067,0.0000634,60,24.9375
2026-10-01T11:07:00Z,29.005245,0.0000699,60,24.9375
2026-10-01T11:08:00Z,29.0052583,0.0000645,60,24.9375
2026-10-01T11:09:00Z,29.0052533,0.0000566,60,24.9375
2026-10-01T11:10:00Z,29.00526,0.0000494,60,24.9375
2026-10-01T11:11:00Z,29.00526,0.0000558,60,24.9375
2026-10-01T11:12:00Z,29.0052867,0.0000536,60,24.9375
2026-10-01T11:13:00Z,29.00527,0.0000561,60,24.9375
2026-10-01T11:14:00Z,29.0052817,0.0000596,60,24.9375
2026-10-01T11:15:00Z,29.0052983,0.0000504,60,24.9375
2026-10-01T11:16:00Z,29.0052733,0.0000548,60,24.8875
2026-10-01T11:17:00Z,29.0052783,0.0000555,60,24.875
2026-10-01T11:18:00Z,29.00525,0.0000597,60,24.875
2026-10-01T11:19:00Z,29.0052183,0.0000624,60,24.875
2026-10-01T11:20:00Z,29.005265,0.0000709,60,24.875
2026-10-01T11:21:00Z,29.0052733,0.0000578,60,24.875
2026-10-01T11:22:00Z,29.00527,0.0000696,60,24.875
2026-10-01T11:23:00Z,29.0053085,0.0000726,59,24.875
2026-10-01T11:24:00Z,29.005265,0.0000606,60,24.875
2026-10-01T11:25:00Z,29.0052917,0.0000497,60,24.875
2026-10-01T11:26:00Z,29.005305,0.0000594,60,24.875
2026-10-01T11:27:00Z,29.005265,0.0000577,60,24.875
2026-10-01T11:28:00Z,29.0053117,0.0000666,60,24.875
2026-10-01T11:29:00Z,29.0053583,0.0000671,60,24.875
2026-10-01T11:30:00Z,29.0053833,0.0000717,60,24.875
2026-10-01T11:31:00Z,29.0053133,0.0000536,60,24.8625
2026-10-01T11:32:00Z,29.0053,0.0000664,60,24.8125
2026-10-01T11:33:00Z,29.0052583,0.0000743,60,24.8125
2026-10-01T11:34:00Z,29.0052917,0.0000671,60,24.8125
2026-10-01T11:35:00Z,29.0053167,0.0000526,60,24.8125
2026-10-01T11:36:00Z,29.0052317,0.0000725,60,24.8125
2026-10-01T11:37:00Z,29.0052733,0.0000686,60,24.8125
2026-10-01T11:38:00Z,29.0052833,0.0000418,60,24.8125
2026-10-01T11:39:00Z,29.0052583,0.0000591,60,24.8125
2026-10-01T11:40:00Z,29.0053333,0.0000475,60,24.8125
2026-10-01T11:41:00Z,29.0053583,0.0000591,60,24.8125
2026-10-01T11:42:00Z,29.0053717,0.0000666,60,24.8125
2026-10-01T11:43:00Z,29.005365,0.0000606,60,24.8125
2026-10-01T11:44:00Z,29.0054117,0.0000555,60,24.8125
2026-10-01T11:45:00Z,29.0053917,0.000053,60,24.8125
2026-10-01T11:46:00Z,29.00541,0.0000656,60,24.8125
2026-10-01T11:47:00Z,29.0054433,0.0000533,60,24.8125
2026-10-01T11:48:00Z,29.0054333,0.0000572,60,24.8125
2026-10-01T11:49:00Z,29.005335,0.0000515,60,24.8125
2026-10-01T11:50:00Z,29.00533,0.0000561,60,24.8125
2026-10-01T11:51:00Z,29.0052867,0.0000536,60,24.8125
2026-10-01T11:52:00Z,29.0053217,0.000049,60,24.8125
2026-10-01T11:53:00Z,29.0053383,0.0000524,60,24.8125
2026-10-01T11:54:00Z,29.00536,0.0000558,60,24.8125
2026-10-01T11:55:00Z,29.0053817,0.0000701,60,24.8125
2026-10-01T11:56:00Z,29.005415,0.0000577,60,24.8125
2026-10-01T11:57:00Z,29.0053417,0.000053,60,24.8125
2026-10-01T11:58:00Z,29.005305,0.0000565,60,24.8
2026-10-01T11:59:00Z,29.0053617,0.0000524,60,24.8125
2026-10-01T12:00:00Z,29.0053567,0.0000533,60,24.8125
2026-10-01T12:01:00Z,29.0053467,0.0000596,60,24.8125
2026-10-01T12:02:00Z,29.005325,0.00006,60,24.8125
2026-10-01T12:03:00Z,29.0053283,0.0000666,60,24.8125
2026-10-01T12:04:00Z,29.0052867,0.0000676,60,24.8125
2026-10-01T12:05:00Z,29.0052467,0.0000769,60,24.8125
2026-10-01T12:06:00Z,29.0053367,0.0000486,60,24.8125
2026-10-01T12:07:00Z,29.0053383,0.0000666,60,24.8125
2026-10-01T12:08:00Z,29.0053317,0.0000596,60,24.8125
2026-10-01T12:09:00Z,29.005285,0.0000577,60,24.8125
2026-10-01T12:10:00Z,29.00529,0.0000399,60,24.8125
2026-10-01T12:11:00Z,29.0053017,0.0000504,60,24.8125
2026-10-01T12:12:00Z,29.0053305,0.00005,59,24.8125
2026-10-01T12:13:00Z,29.0053433,0.0000647,60,24.8125
2026-10-01T12:14:00Z,29.005335,0.0000659,60,24.8125
2026-10-01T12:15:00Z,29.0052933,0.0000446,60,24.8125
2026-10-01T12:16:00Z,29.0053067,0.0000482,60,24.8125
2026-10-01T12:17:00Z,29.0052317,0.0000624,60,24.8125
2026-10-01T12:18:00Z,29.0052817,0.0000504,60,24.8125
2026-10-01T12:19:00Z,29.0052367,0.0000712,60,24.8
2026-10-01T12:20:00Z,29.0052967,0.0000551,60,24.7625
2026-10-01T12:21:00Z,29.005235,0.0000577,60,24.7625
2026-10-01T12:22:00Z,29.0052817,0.0000596,60,24.75
2026-10-01T12:23:00Z,29.005305,0.0000622,60,24.75
2026-10-01T12:24:00Z,29.0053183,0.0000792,60,24.75
2026-10-01T12:25:00Z,29.0053433,0.0000563,60,24.75
2026-10-01T12:26:00Z,29.0052733,0.0000607,60,24.75
2026-10-01T12:27:00Z,29.00534,0.0000527,60,24.75
2026-10-01T12:28:00Z,29.005345,0.0000622,60,24.75
2026-10-01T12:29:00Z,29.00533,0.0000497,60,24.75
2026-10-01T12:30:00Z,29.0053067,0.0000516,60,24.75
2026-10-01T12:31:00Z,29.00531,0.0000511,60,24.75
2026-10-01T12:32:00Z,29.0053367,0.0000823,60,24.75
2026-10-01T12:33:00Z,29.0053033,0.0000637,60,24.75
2026-10-01T12:34:00Z,29.0053433,0.0000593,60,24.75
2026-10-01T12:35:00Z,29.00538,0.0000546,60,24.75
2026-10-01T12:36:00Z,29.00537,0.0000561,60,24.75
2026-10-01T12:37:00Z,29.00534,0.0000718,60,24.75
2026-10-01T12:38:00Z,29.0053233,0.00005,60,24.75
2026-10-01T12:39:00Z,29.005355,0.0000534,60,24.725
2026-10-01T12:40:00Z,29.0053467,0.0000503,60,24.6875
2026-10-01T12:41:00Z,29.0053083,0.0000561,60,24.6875
2026-10-01T12:42:00Z,29.00528,0.0000514,60,24.6875
2026-10-01T12:43:00Z,29.0053033,0.000045,60,24.6875
2026-10-01T12:44:00Z,29.0052833,0.0000668,60,24.6875
2026-10-01T12:45:00Z,29.0053367,0.000052,60,24.6875
2026-10-01T12:46:00Z,29.0052967,0.0000736,60,24.6875
2026-10-01T12:47:00Z,29.0053433,0.0000647,60,24.6875
2026-10-01T12:48:00Z,29.005315,0.0000515,60,24.6875
2026-10-01T12:49:00Z,29.00532,0.0000576,60,24.6875
2026-10-01T12:50:00Z,29.0053683,0.0000567,60,24.6875
2026-10-01T12:51:00Z,29.0054067,0.0000634,60,24.6875
2026-10-01T12:52:00Z,29.0053917,0.0000497,60,24.6875
2026-10-01T12:53:00Z,29.0053783,0.0000585,60,24.6875
2026-10-01T12:54:00Z,29.0053433,0.0000621,60,24.6875
2026-10-01T12:55:00Z,29.0052983,0.0000567,60,24.6875
2026-10-01T12:56:00Z,29.0053017,0.0000792,60,24.6875
2026-10-01T12:57:00Z,29.0053217,0.0000585,60,24.6875
2026-10-01T12:58:00Z,29.0053733,0.0000482,60,24.675
2026-10-01T12:59:00Z,29.0053633,0.000061,60,24.675
2026-10-01T13:00:00Z,29.0053508,0.0000537,59,24.625
2026-10-01T13:01:00Z,29.005395,0.0000723,60,24.625
2026-10-01T13:02:00Z,29.0053017,0.0000567,60,24.625
2026-10-01T13:03:00Z,29.005325,0.0000508,60,24.625
2026-10-01T13:04:00Z,29.005355,0.0000565,60,24.625
2026-10-01T13:05:00Z,29.0053483,0.0000651,60,24.625
2026-10-01T13:06:00Z,29.0053283,0.0000585,60,24.625
2026-10-01T13:07:00Z,29.005325,0.0000508,60,24.625
2026-10-01T13:08:00Z,29.0053617,0.0000555,60,24.625
2026-10-01T13:09:00Z,29.0053433,0.0000533,60,24.625
2026-10-01T13:10:00Z,29.0053033,0.0000551,60,24.625
2026-10-01T13:11:00Z,29.0054133,0.0000536,60,24.625
2026-10-01T13:12:00Z,29.00538,0.0000708,60,24.625
2026-10-01T13:13:00Z,29.0053583,0.0000561,60,24.625
2026-10-01T13:14:00Z,29.0053733,0.0000607,60,24.625
2026-10-01T13:15:00Z,29.0053717,0.000064,60,24.625
2026-10-01T13:16:00Z,29.0053883,0.0000585,60,24.625
2026-10-01T13:17:00Z,29.0054183,0.0000567,60,24.625
2026-10-01T13:18:00Z,29.00538,0.000048,60,24.6125
2026-10-01T13:19:00Z,29.0053817,0.0000469,60,24.575
2026-10-01T13:20:00Z,29.0054083,0.000072,60,24.5625
2026-10-01T13:21:00Z,29.0054567,0.0000563,60,24.5625
2026-10-01T13:22:00Z,29.00543,0.0000561,60,24.5625
2026-10-01T13:23:00Z,29.0054417,0.0000561,60,24.5625
2026-10-01T13:24:00Z,29.0055217,0.0000555,60,24.5625
2026-10-01T13:25:00Z,29.0055,0.0000611,60,24.5625
2026-10-01T13:26:00Z,29.0054633,0.0000486,60,24.5625
2026-10-01T13:27:00Z,29.005455,0.0000723,60,24.5625
2026-10-01T13:28:00Z,29.00548,0.0000546,60,24.5625
2026-10-01T13:29:00Z,29.0054567,0.0000533,60,24.5625
2026-10-01T13:30:00Z,29.0054183,0.0000469,60,24.5625
2026-10-01T13:31:00Z,29.0054267,0.0000607,60,24.5625
2026-10-01T13:32:00Z,29.0054633,0.0000663,60,24.5625
2026-10-01T13:33:00Z,29.0054567,0.0000563,60,24.5625
2026-10-01T13:34:00Z,29.0054433,0.0000647,60,24.5625
2026-10-01T13:35:00Z,29.00545,0.0000537,60,24.5625
2026-10-01T13:36:00Z,29.0054333,0.0000542,60,24.5625
2026-10-01T13:37:00Z,29.0054167,0.0000587,60,24.5625
2026-10-01T13:38:00Z,29.0054683,0.0000651,60,24.5625
2026-10-01T13:39:00Z,29.0054433,0.0000621,60,24.5625
2026-10-01T13:40:00Z,29.0054067,0.0000778,60,24.5625
2026-10-01T13:41:00Z,29.0054483,0.0000567,60,24.5625
2026-10-01T13:42:00Z,29.0054917,0.0000671,60,24.5625
2026-10-01T13:43:00Z,29.0054783,0.0000555,60,24.5625
2026-10-01T13:44:00Z,29.005445,0.0000565,60,24.5625
2026-10-01T13:45:00Z,29.0054733,0.0000548,60,24.5625
2026-10-01T13:46:00Z,29.0054883,0.0000691,60,24.5625
2026-10-01T13:47:00Z,29.0055233,0.0000722,60,24.5625
2026-10-01T13:48:00Z,29.005495,0.0000769,60,24.5625
2026-10-01T13:49:00Z,29.005461,0.000067,59,24.5625
2026-10-01T13:50:00Z,29.0055133,0.000065,60,24.5625
2026-10-01T13:51:00Z,29.0054867,0.0000623,60,24.5625
2026-10-01T13:52:00Z,29.0054533,0.000065,60,24.5625
2026-10-01T13:53:00Z,29.0054567,0.0000593,60,24.5625
2026-10-01T13:54:00Z,29.0054467,0.0000596,60,24.5625
2026-10-01T13:55:00Z,29.0055083,0.0000561,60,24.5625
2026-10-01T13:56:00Z,29.0054467,0.0000676,60,24.5625
2026-10-01T13:57:00Z,29.0054767,0.0000593,60,24.5625
2026-10-01T13:58:00Z,29.00549,0.0000817,60,24.5625
2026-10-01T13:59:00Z,29.0054433,0.0000722,60,24.5625
2026-10-01T14:00:00Z,29.0054067,0.0000482,60,24.5625
2026-10-01T14:01:00Z,29.0053817,0.0000469,60,24.5625
2026-10-01T14:02:00Z,29.0054267,0.0000516,60,24.5625
2026-10-01T14:03:00Z,29.0054433,0.0000745,60,24.5625
2026-10-01T14:04:00Z,29.00546,0.0000616,60,24.5625
2026-10-01T14:05:00Z,29.0054183,0.0000504,60,24.5625
2026-10-01T14:06:00Z,29.0054583,0.0000561,60,24.5625
2026-10-01T14:07:00Z,29.0054683,0.0000701,60,24.5625
2026-10-01T14:08:00Z,29.005425,0.0000508,60,24.5625
2026-10-01T14:09:00Z,29.0055267,0.0000861,60,24.5625
2026-10-01T14:10:00Z,29.005505,0.0000622,60,24.5625
2026-10-01T14:11:00Z,29.0054417,0.0000591,60,24.5625
2026-10-01T14:12:00Z,29.0054867,0.00007,60,24.5625
2026-10-01T14:13:00Z,29.0055233,0.0000533,60,24.5625
2026-10-01T14:14:00Z,29.0055633,0.000052,60,24.5625
2026-10-01T14:15:00Z,29.005505,0.0000594,60,24.5625
2026-10-01T14:16:00Z,29.0054883,0.0000524,60,24.5
2026-10-01T14:17:00Z,29.0055067,0.0000482,60,24.5125
2026-10-01T14:18:00Z,29.005515,0.0000606,60,24.5
2026-10-01T14:19:00Z,29.0055217,0.0000524,60,24.5
2026-10-01T14:20:00Z,29.0054783,0.000049,60,24.5
2026-10-01T14:21:00Z,29.005465,0.0000659,60,24.5
2026-10-01T14:22:00Z,29.0055,0.0000638,60,24.5
2026-10-01T14:23:00Z,29.0055217,0.0000585,60,24.5
2026-10-01T14:24:00Z,29.005525,0.0000541,60,24.5
2026-10-01T14:25:00Z,29.00553,0.0000619,60,24.5
2026-10-01T14:26:00Z,29.0055267,0.0000578,60,24.5
2026-10-01T14:27:00Z,29.005505,0.0000534,60,24.5
2026-10-01T14:28:00Z,29.0054617,0.0000613,60,24.5
2026-10-01T14:29:00Z,29.0054617,0.0000613,60,24.5
2026-10-01T14:30:00Z,29.0054333,0.0000655,60,24.5
2026-10-01T14:31:00Z,29.0054633,0.000061,60,24.5
2026-10-01T14:32:00Z,29.0054733,0.0000578,60,24.5
2026-10-01T14:33:00Z,29.00548,0.000048,60,24.5
2026-10-01T14:34:00Z,29.0054667,0.0000572,60,24.4625
2026-10-01T14:35:00Z,29.0053883,0.000049,60,24.4375
2026-10-01T14:36:00Z,29.0054817,0.0000676,60,24.4375
2026-10-01T14:37:00Z,29.0054407,0.000079,59,24.4375
2026-10-01T14:38:00Z,29.0053867,0.0000747,60,24.4375
2026-10-01T14:39:00Z,29.0053817,0.0000624,60,24.4375
2026-10-01T14:40:00Z,29.00539,0.000063,60,24.4375
2026-10-01T14:41:00Z,29.0054217,0.0000454,60,24.4375
2026-10-01T14:42:00Z,29.0054383,0.0000739,60,24.4375
2026-10-01T14:43:00Z,29.00543,0.0000497,60,24.4375
2026-10-01T14:44:00Z,29.0054283,0.0000585,60,24.4375
2026-10-01T14:45:00Z,29.0054117,0.0000613,60,24.4375
2026-10-01T14:46:00Z,29.00543,0.0000497,60,24.4375
2026-10-01T14:47:00Z,29.00548,0.0000546,60,24.4375
2026-10-01T14:48:00Z,29.0054967,0.0000581,60,24.4375
2026-10-01T14:49:00Z,29.005525,0.0000654,60,24.4375
2026-10-01T14:50:00Z,29.005495,0.0000622,60,24.4375
2026-10-01T14:51:00Z,29.0055583,0.000053,60,24.4375
2026-10-01T14:52:00Z,29.00548,0.0000514,60,24.4375
2026-10-01T14:53:00Z,29.0055133,0.000065,60,24.4
2026-10-01T14:54:00Z,29.00547,0.0000646,60,24.375
2026-10-01T14:55:00Z,29.0054967,0.000041,60,24.375
2026-10-01T14:56:00Z,29.00547,0.0000619,60,24.375
2026-10-01T14:57:00Z,29.0054867,0.0000536,60,24.375
2026-10-01T14:58:00Z,29.0054633,0.0000637,60,24.375
2026-10-01T14:59:00Z,29.005535,0.0000606,60,24.375
2026-10-01T15:00:00Z,29.0054783,0.0000585,60,24.375
2026-10-01T15:01:00Z,29.0055167,0.0000557,60,24.375
2026-10-01T15:02:00Z,29.0054867,0.0000623,60,24.375
2026-10-01T15:03:00Z,29.005505,0.0000699,60,24.375
2026-10-01T15:04:00Z,29.0055317,0.0000567,60,24.375
2026-10-01T15:05:00Z,29.0055067,0.0000686,60,24.375
2026-10-01T15:06:00Z,29.0055833,0.0000806,60,24.375
2026-10-01T15:07:00Z,29.0055417,0.0000591,60,24.375
2026-10-01T15:08:00Z,29.0055033,0.0000712,60,24.375
2026-10-01T15:09:00Z,29.0054833,0.0000587,60,24.375
2026-10-01T15:10:00Z,29.005475,0.0000541,60,24.375
2026-10-01T15:11:00Z,29.0054817,0.0000504,60,24.375
2026-10-01T15:12:00Z,29.0054833,0.0000642,60,24.375
2026-10-01T15:13:00Z,29.0054917,0.0000497,60,24.375
2026-10-01T15:14:00Z,29.0054833,0.0000615,60,24.35
2026-10-01T15:15:00Z,29.0054683,0.0000504,60,24.35
2026-10-01T15:16:00Z,29.0054767,0.0000465,60,24.3125
2026-10-01T15:17:00Z,29.0055,0.0000611,60,24.3125
2026-10-01T15:18:00Z,29.0055917,0.0000645,60,24.3125
2026-10-01T15:19:00Z,29.00551,0.0000706,60,24.3125
2026-10-01T15:20:00Z,29.005495,0.0000502,60,24.3125
2026-10-01T15:21:00Z,29.0055117,0.0000585,60,24.3125
2026-10-01T15:22:00Z,29.00549,0.0000602,60,24.3125
2026-10-01T15:23:00Z,29.00552,0.0000514,60,24.3125
2026-10-01T15:24:00Z,29.0054733,0.0000482,60,24.3125
2026-10-01T15:25:00Z,29.0055,0.0000491,59,24.3125
2026-10-01T15:26:00Z,29.0055683,0.0000624,60,24.3125
2026-10-01T15:27:00Z,29.00555,0.0000504,60,24.3125
2026-10-01T15:28:00Z,29.0055783,0.0000613,60,24.3125
2026-10-01T15:29:00Z,29.0055367,0.000052,60,24.3125
2026-10-01T15:30:00Z,29.0055867,0.0000623,60,24.3125
2026-10-01T15:31:00Z,29.0054917,0.0000591,60,24.3125
2026-10-01T15:32:00Z,29.005495,0.0000565,60,24.3125
2026-10-01T15:33:00Z,29.0055267,0.0000482,60,24.3125
2026-10-01T15:34:00Z,29.005475,0.00006,60,24.3125
2026-10-01T15:35:00Z,29.0055017,0.0000537,60,24.3125
2026-10-01T15:36:00Z,29.0054917,0.0000497,60,24.3125
2026-10-01T15:37:00Z,29.0054983,0.0000469,60,24.3125
2026-10-01T15:38:00Z,29.0055283,0.000049,60,24.3125
2026-10-01T15:39:00Z,29.00554,0.0000616,60,24.3125
2026-10-01T15:40:00Z,29.005495,0.0000429,60,24.3
2026-10-01T15:41:00Z,29.0055467,0.0000566,60,24.2708
2026-10-01T15:42:00Z,29.0055767,0.0000465,60,24.2812
2026-10-01T15:43:00Z,29.0055167,0.0000587,60,24.25
2026-10-01T15:44:00Z,29.0055333,0.0000572,60,24.25
2026-10-01T15:45:00Z,29.0054917,0.0000591,60,24.25
2026-10-01T15:46:00Z,29.0055583,0.0000619,60,24.25
2026-10-01T15:47:00Z,29.005455,0.0000675,60,24.25
2026-10-01T15:48:00Z,29.0055383,0.0000524,60,24.25
2026-10-01T15:49:00Z,29.0054983,0.0000567,60,24.25
2026-10-01T15:50:00Z,29.00551,0.0000602,60,24.25
2026-10-01T15:51:00Z,29.005445,0.0000534,60,24.25
2026-10-01T15:52:00Z,29.0055133,0.0000791,60,24.25
2026-10-01T15:53:00Z,29.0055333,0.0000572,60,24.25
2026-10-01T15:54:00Z,29.0054933,0.0000482,60,24.25
2026-10-01T15:55:00Z,29.0054783,0.000064,60,24.25
2026-10-01T15:56:00Z,29.005455,0.0000594,60,24.25
2026-10-01T15:57:00Z,29.005435,0.0000633,60,24.25
2026-10-01T15:58:00Z,29.0054433,0.0000647,60,24.25
2026-10-01T15:59:00Z,29.0054667,0.0000601,60,24.25
2026-10-01T16:00:00Z,29.00543,0.0000696,60,24.25
2026-10-01T16:01:00Z,29.00545,0.0000567,60,24.25
2026-10-01T16:02:00Z,29.00548,0.000048,60,24.25
2026-10-01T16:03:00Z,29.0054717,0.0000613,60,24.25
2026-10-01T16:04:00Z,29.0055267,0.0000578,60,24.25
2026-10-01T16:05:00Z,29.0055167,0.0000526,60,24.25
2026-10-01T16:06:00Z,29.0055117,0.0000613,60,24.25
2026-10-01T16:07:00Z,29.0054417,0.0000497,60,24.25
2026-10-01T16:08:00Z,29.0055117,0.0000555,60,24.25
2026-10-01T16:09:00Z,29.0055367,0.0000663,60,24.25
2026-10-01T16:10:00Z,29.0054717,0.0000555,60,24.25
2026-10-01T16:11:00Z,29.0054717,0.0000666,60,24.25
2026-10-01T16:12:00Z,29.0054797,0.000055,59,24.25
2026-10-01T16:13:00Z,29.0054833,0.0000493,60,24.25
2026-10-01T16:14:00Z,29.0054783,0.0000454,60,24.25
2026-10-01T16:15:00Z,29.0054617,0.000049,60,24.25
2026-10-01T16:16:00Z,29.0054817,0.0000651,60,24.25
2026-10-01T16:17:00Z,29.0054817,0.0000537,60,24.25
2026-10-01T16:18:00Z,29.0054567,0.00005,60,24.25
2026-10-01T16:19:00Z,29.00541,0.0000477,60,24.25
2026-10-01T16:20:00Z,29.005505,0.0000649,60,24.25
2026-10-01T16:21:00Z,29.0054983,0.0000504,60,24.25
2026-10-01T16:22:00Z,29.0054317,0.0000537,60,24.25
2026-10-01T16:23:00Z,29.005455,0.0000565,60,24.25
2026-10-01T16:24:00Z,29.005515,0.0000547,60,24.25
2026-10-01T16:25:00Z,29.005535,0.0000515,60,24.25
2026-10-01T16:26:00Z,29.0055033,0.0000581,60,24.25
2026-10-01T16:27:00Z,29.0055733,0.0000634,60,24.2375
2026-10-01T16:28:00Z,29.005595,0.0000769,60,24.25
2026-10-01T16:29:00Z,29.0055183,0.0000567,60,24.25
2026-10-01T16:30:00Z,29.005545,0.0000565,60,24.2375
2026-10-01T16:31:00Z,29.005615,0.0000755,60,24.2375
2026-10-01T16:32:00Z,29.0055533,0.0000676,60,24.25
2026-10-01T16:33:00Z,29.0056317,0.0000596,60,24.225
2026-10-01T16:34:00Z,29.005565,0.0000685,60,24.25
2026-10-01T16:35:00Z,29.0055517,0.0000651,60,24.225
2026-10-01T16:36:00Z,29.0055533,0.0000566,60,24.225
2026-10-01T16:37:00Z,29.005555,0.0000502,60,24.2125
2026-10-01T16:38:00Z,29.0055733,0.0000634,60,24.2375
2026-10-01T16:39:00Z,29.00554,0.0000643,60,24.2375
2026-10-01T16:40:00Z,29.005575,0.0000751,60,24.2375
2026-10-01T16:41:00Z,29.0055633,0.0000688,60,24.2375
2026-10-01T16:42:00Z,29.0055967,0.0000551,60,24.25
2026-10-01T16:43:00Z,29.0055567,0.0000533,60,24.25
2026-10-01T16:44:00Z,29.0055833,0.0000526,60,24.2375
2026-10-01T16:45:00Z,29.0056583,0.0000497,60,24.25
2026-10-01T16:46:00Z,29.0055867,0.0000503,60,24.25
2026-10-01T16:47:00Z,29.00557,0.0000561,60,24.2375
2026-10-01T16:48:00Z,29.005525,0.00006,60,24.25
2026-10-01T16:49:00Z,29.005535,0.0000515,60,24.25
2026-10-01T16:50:00Z,29.0056417,0.0000591,60,24.25
2026-10-01T16:51:00Z,29.0055867,0.0000623,60,24.25
2026-10-01T16:52:00Z,29.0056017,0.0000651,60,24.25
2026-10-01T16:53:00Z,29.0056083,0.0000671,60,24.25
2026-10-01T16:54:00Z,29.0056583,0.000053,60,24.2375
2026-10-01T16:55:00Z,29.00566,0.0000588,60,24.25
2026-10-01T16:56:00Z,29.0055967,0.0000551,60,24.25
2026-10-01T16:57:00Z,29.0055733,0.000066,60,24.25
2026-10-01T16:58:00Z,29.0055867,0.0000503,60,24.25
2026-10-01T16:59:00Z,29.005605,0.0000534,60,24.25
2026-10-01T17:00:00Z,29.0055949,0.0000539,59,24.2375
2026-10-01T17:01:00Z,29.0056283,0.0000613,60,24.2375
2026-10-01T17:02:00Z,29.0056017,0.0000504,60,24.2125
2026-10-01T17:03:00Z,29.0055867,0.0000503,60,24.2
2026-10-01T17:04:00Z,29.005605,0.0000675,60,24.2
2026-10-01T17:05:00Z,29.005615,0.0000577,60,24.1875
2026-10-01T17:06:00Z,29.0055933,0.0000607,60,24.1875
2026-10-01T17:07:00Z,29.00563,0.000053,60,24.1875
2026-10-01T17:08:00Z,29.0055967,0.0000486,60,24.1875
2026-10-01T17:09:00Z,29.0056117,0.0000613,60,24.1875
2026-10-01T17:10:00Z,29.0055633,0.000061,60,24.1875
2026-10-01T17:11:00Z,29.005605,0.0000649,60,24.1875
2026-10-01T17:12:00Z,29.0055733,0.0000548,60,24.1875
2026-10-01T17:13:00Z,29.0055333,0.000051,60,24.1875
2026-10-01T17:14:00Z,29.0055567,0.0000533,60,24.1875
2026-10-01T17:15:00Z,29.005655,0.0000746,60,24.1875
2026-10-01T17:16:00Z,29.0056083,0.0000561,60,24.1875
2026-10-01T17:17:00Z,29.0056383,0.0000555,60,24.1875
2026-10-01T17:18:00Z,29.0055633,0.000052,60,24.1875
2026-10-01T17:19:00Z,29.0056033,0.0000663,60,24.1875
2026-10-01T17:20:00Z,29.0055683,0.0000596,60,24.1875
2026-10-01T17:21:00Z,29.0055333,0.0000601,60,24.1875
2026-10-01T17:22:00Z,29.005505,0.0000565,60,24.1875
2026-10-01T17:23:00Z,29.00553,0.0000766,60,24.1875
2026-10-01T17:24:00Z,29.0055583,0.0000561,60,24.1875
2026-10-01T17:25:00Z,29.0055283,0.0000524,60,24.1875
2026-10-01T17:26:00Z,29.0055133,0.0000536,60,24.1875
2026-10-01T17:27:00Z,29.00555,0.0000567,60,24.1875
2026-10-01T17:28:00Z,29.0055183,0.0000567,60,24.1875
2026-10-01T17:29:00Z,29.0054983,0.0000596,60,24.1875
2026-10-01T17:30:00Z,29.0055233,0.0000647,60,24.1875
2026-10-01T17:31:00Z,29.0055533,0.0000536,60,24.1875
2026-10-01T17:32:00Z,29.005595,0.0000502,60,24.1875
2026-10-01T17:33:00Z,29.00561,0.0000602,60,24.1875
2026-10-01T17:34:00Z,29.0056,0.0000689,60,24.1875
2026-10-01T17:35:00Z,29.005605,0.0000649,60,24.1875
2026-10-01T17:36:00Z,29.005605,0.0000429,60,24.1875
2026-10-01T17:37:00Z,29.0056133,0.0000596,60,24.1875
2026-10-01T17:38:00Z,29.005545,0.0000649,60,24.1875
2026-10-01T17:39:00Z,29.005575,0.0000704,60,24.1875
2026-10-01T17:40:00Z,29.0055883,0.0000613,60,24.2
2026-10-01T17:41:00Z,29.005565,0.0000515,60,24.1875
2026-10-01T17:42:00Z,29.005555,0.0000565,60,24.2
2026-10-01T17:43:00Z,29.0055917,0.0000561,60,24.2
2026-10-01T17:44:00Z,29.005585,0.0000606,60,24.2
2026-10-01T17:45:00Z,29.005545,0.0000723,60,24.225
2026-10-01T17:46:00Z,29.0055767,0.0000621,60,24.2375
2026-10-01T17:47:00Z,29.0056133,0.0000566,60,24.25
2026-10-01T17:48:00Z,29.0055593,0.0000495,59,24.2375
2026-10-01T17:49:00Z,29.00562,0.0000576,60,24.25
2026-10-01T17:50:00Z,29.0055483,0.0000537,60,24.25
2026-10-01T17:51:00Z,29.005535,0.0000515,60,24.25
2026-10-01T17:52:00Z,29.0055867,0.0000596,60,24.25
2026-10-01T17:53:00Z,29.00558,0.0000576,60,24.25
2026-10-01T17:54:00Z,29.0055917,0.000072,60,24.25
2026-10-01T17:55:00Z,29.0055633,0.0000551,60,24.25
2026-10-01T17:56:00Z,29.005555,0.0000565,60,24.25
2026-10-01T17:57:00Z,29.005545,0.0000594,60,24.25
2026-10-01T17:58:00Z,29.0055867,0.0000536,60,24.25
2026-10-01T17:59:00Z,29.0056183,0.0000469,60,24.25
2026-10-01T18:00:00Z,29.0056017,0.0000537,60,24.25
2026-10-01T18:01:00Z,29.0055717,0.0000585,60,24.25
2026-10-01T18:02:00Z,29.0055383,0.0000783,60,24.25
2026-10-01T18:03:00Z,29.0055267,0.0000686,60,24.25
2026-10-01T18:04:00Z,29.005575,0.0000628,60,24.25
2026-10-01T18:05:00Z,29.00556,0.0000558,60,24.25
2026-10-01T18:06:00Z,29.005525,0.00006,60,24.25
2026-10-01T18:07:00Z,29.0055733,0.000066,60,24.25
2026-10-01T18:08:00Z,29.00554,0.0000588,60,24.25
2026-10-01T18:09:00Z,29.0055567,0.0000563,60,24.25
2026-10-01T18:10:00Z,29.00553,0.000053,60,24.25
2026-10-01T18:11:00Z,29.0055133,0.0000596,60,24.25
2026-10-01T18:12:00Z,29.0054883,0.0000585,60,24.25
2026-10-01T18:13:00Z,29.00549,0.0000477,60,24.25
2026-10-01T18:14:00Z,29.0055383,0.0000585,60,24.25
2026-10-01T18:15:00Z,29.0055433,0.0000533,60,24.25
2026-10-01T18:16:00Z,29.0055667,0.0000542,60,24.25
2026-10-01T18:17:00Z,29.00555,0.0000701,60,24.25
2026-10-01T18:18:00Z,29.005535,0.0000577,60,24.25
2026-10-01T18:19:00Z,29.005535,0.0000606,60,24.25
2026-10-01T18:20:00Z,29.0055133,0.0000676,60,24.25
2026-10-01T18:21:00Z,29.00546,0.0000494,60,24.25
2026-10-01T18:22:00Z,29.005505,0.0000594,60,24.25
2026-10-01T18:23:00Z,29.0054783,0.0000555,60,24.25
2026-10-01T18:24:00Z,29.0054783,0.0000585,60,24.2625
2026-10-01T18:25:00Z,29.00542,0.0000632,60,24.2625
2026-10-01T18:26:00Z,29.0054783,0.000049,60,24.2625
2026-10-01T18:27:00Z,29.0055083,0.0000462,60,24.275
2026-10-01T18:28:00Z,29.0055033,0.0000551,60,24.3125
2026-10-01T18:29:00Z,29.0054617,0.0000555,60,24.3125
2026-10-01T18:30:00Z,29.0054333,0.0000572,60,24.3125
2026-10-01T18:31:00Z,29.0054733,0.0000516,60,24.3125
2026-10-01T18:32:00Z,29.005495,0.0000502,60,24.3125
2026-10-01T18:33:00Z,29.0054933,0.00008,60,24.3125
2026-10-01T18:34:00Z,29.00544,0.0000694,60,24.3125
2026-10-01T18:35:00Z,29.0054183,0.0000567,60,24.3125
2026-10-01T18:36:00Z,29.0054367,0.0000551,60,24.3125
2026-10-01T18:37:00Z,29.0054898,0.0000515,59,24.3125
2026-10-01T18:38:00Z,29.00544,0.0000558,60,24.3125
2026-10-01T18:39:00Z,29.005395,0.0000565,60,24.3125
2026-10-01T18:40:00Z,29.0053783,0.0000415,60,24.3125
2026-10-01T18:41:00Z,29.00543,0.0000497,60,24.3125
2026-10-01T18:42:00Z,29.0054433,0.0000563,60,24.3125
2026-10-01T18:43:00Z,29.0054167,0.0000493,60,24.3125
2026-10-01T18:44:00Z,29.0054667,0.0000655,60,24.3125
2026-10-01T18:45:00Z,29.0054433,0.0000621,60,24.3125
2026-10-01T18:46:00Z,29.005455,0.0000622,60,24.3125
2026-10-01T18:47:00Z,29.005485,0.0000444,60,24.3125
2026-10-01T18:48:00Z,29.0054733,0.0000482,60,24.3125
2026-10-01T18:49:00Z,29.0054417,0.0000619,60,24.325
2026-10-01T18:50:00Z,29.0054717,0.0000691,60,24.3125
2026-10-01T18:51:00Z,29.0055167,0.0000526,60,24.3625
2026-10-01T18:52:00Z,29.0054167,0.0000717,60,24.375
2026-10-01T18:53:00Z,29.0055117,0.0000555,60,24.375
2026-10-01T18:54:00Z,29.0054583,0.0000619,60,24.375
2026-10-01T18:55:00Z,29.0054283,0.0000613,60,24.375
2026-10-01T18:56:00Z,29.005435,0.0000547,60,24.375
2026-10-01T18:57:00Z,29.0054533,0.0000596,60,24.375
2026-10-01T18:58:00Z,29.0054117,0.0000666,60,24.375
2026-10-01T18:59:00Z,29.005435,0.0000577,60,24.375
2026-10-01T19:00:00Z,29.0054517,0.0000567,60,24.375
2026-10-01T19:01:00Z,29.0054317,0.0000504,60,24.375
2026-10-01T19:02:00Z,29.005375,0.00006,60,24.375
2026-10-01T19:03:00Z,29.0053867,0.0000596,60,24.375
2026-10-01T19:04:00Z,29.0054267,0.0000578,60,24.375
2026-10-01T19:05:00Z,29.0054317,0.0000537,60,24.375
2026-10-01T19:06:00Z,29.0054217,0.0000524,60,24.375
2026-10-01T19:07:00Z,29.0054717,0.0000585,60,24.375
2026-10-01T19:08:00Z,29.0054517,0.0000537,60,24.375
2026-10-01T19:09:00Z,29.0054283,0.000064,60,24.375
2026-10-01T19:10:00Z,29.0054483,0.0000567,60,24.4
2026-10-01T19:11:00Z,29.0054333,0.0000572,60,24.4375
2026-10-01T19:12:00Z,29.005405,0.0000649,60,24.4375
2026-10-01T19:13:00Z,29.0054617,0.0000555,60,24.4375
2026-10-01T19:14:00Z,29.0054433,0.0000563,60,24.4375
2026-10-01T19:15:00Z,29.0053917,0.0000619,60,24.4375
2026-10-01T19:16:00Z,29.005365,0.0000547,60,24.4375
2026-10-01T19:17:00Z,29.005445,0.0000502,60,24.4375
2026-10-01T19:18:00Z,29.0054783,0.000049,60,24.4375
2026-10-01T19:19:00Z,29.0055283,0.0000666,60,24.4375
2026-10-01T19:20:00Z,29.00546,0.0000588,60,24.4375
2026-10-01T19:21:00Z,29.0054583,0.000053,60,24.4375
2026-10-01T19:22:00Z,29.0054317,0.0000504,60,24.4375
2026-10-01T19:23:00Z,29.0053883,0.0000524,60,24.4375
2026-10-01T19:24:00Z,29.005395,0.0000429,60,24.4375
2026-10-01T19:25:00Z,29.00545,0.0000597,60,24.4375
2026-10-01T19:26:00Z,29.0054627,0.0000613,59,24.4375
2026-10-01T19:27:00Z,29.0054283,0.0000555,60,24.4375
2026-10-01T19:28:00Z,29.00551,0.0000573,60,24.475
2026-10-01T19:29:00Z,29.0054167,0.0000642,60,24.4875
2026-10-01T19:30:00Z,29.0053383,0.0000555,60,24.5
2026-10-01T19:31:00Z,29.005425,0.0000541,60,24.5
2026-10-01T19:32:00Z,29.005415,0.0000659,60,24.5
2026-10-01T19:33:00Z,29.00542,0.0000443,60,24.5
2026-10-01T19:34:00Z,29.0054517,0.0000624,60,24.5
2026-10-01T19:35:00Z,29.0053717,0.000064,60,24.5
2026-10-01T19:36:00Z,29.005395,0.0000675,60,24.5
2026-10-01T19:37:00Z,29.0054317,0.0000567,60,24.5
2026-10-01T19:38:00Z,29.005415,0.0000515,60,24.5
2026-10-01T19:39:00Z,29.0053767,0.0000563,60,24.5
2026-10-01T19:40:00Z,29.005415,0.0000515,60,24.5
2026-10-01T19:41:00Z,29.0053733,0.0000578,60,24.5
2026-10-01T19:42:00Z,29.005365,0.0000515,60,24.525
2026-10-01T19:43:00Z,29.0054367,0.000061,60,24.5625
2026-10-01T19:44:00Z,29.005455,0.0000534,60,24.5625
2026-10-01T19:45:00Z,29.0054983,0.0000469,60,24.5625
2026-10-01T19:46:00Z,29.0054883,0.0000524,60,24.5625
2026-10-01T19:47:00Z,29.0054167,0.0000457,60,24.5625
2026-10-01T19:48:00Z,29.0054417,0.000053,60,24.5625
2026-10-01T19:49:00Z,29.00543,0.0000561,60,24.5625
2026-10-01T19:50:00Z,29.0054083,0.0000561,60,24.5625
2026-10-01T19:51:00Z,29.0053917,0.0000561,60,24.5625
2026-10-01T19:52:00Z,29.005425,0.0000571,60,24.5625
2026-10-01T19:53:00Z,29.0054283,0.000064,60,24.5625
2026-10-01T19:54:00Z,29.0054017,0.0000567,60,24.575
2026-10-01T19:55:00Z,29.0054617,0.0000524,60,24.6
2026-10-01T19:56:00Z,29.0054383,0.000049,60,24.625
2026-10-01T19:57:00Z,29.005425,0.0000437,60,24.625
2026-10-01T19:58:00Z,29.0054133,0.0000536,60,24.625
2026-10-01T19:59:00Z,29.0054117,0.0000555,60,24.625
2026-10-01T20:00:00Z,29.0053983,0.0000469,60,24.625
2026-10-01T20:01:00Z,29.0054683,0.0000596,60,24.625
2026-10-01T20:02:00Z,29.005485,0.0000481,60,24.625
2026-10-01T20:03:00Z,29.0055017,0.0000537,60,24.625
2026-10-01T20:04:00Z,29.0055067,0.0000578,60,24.625
2026-10-01T20:05:00Z,29.0054717,0.0000454,60,24.625
2026-10-01T20:06:00Z,29.00548,0.0000514,60,24.625
2026-10-01T20:07:00Z,29.005515,0.0000547,60,24.6625
2026-10-01T20:08:00Z,29.0054683,0.0000567,60,24.6875
2026-10-01T20:09:00Z,29.0054083,0.0000619,60,24.6875
2026-10-01T20:10:00Z,29.0054117,0.0000555,60,24.6875
2026-10-01T20:11:00Z,29.0054317,0.0000504,60,24.6875
2026-10-01T20:12:00Z,29.0055117,0.000049,60,24.6875
2026-10-01T20:13:00Z,29.005485,0.0000606,60,24.6875
2026-10-01T20:14:00Z,29.0055217,0.0000691,60,24.6875
2026-10-01T20:15:00Z,29.0055017,0.0000435,59,24.6875
2026-10-01T20:16:00Z,29.0054383,0.0000715,60,24.6875
2026-10-01T20:17:00Z,29.005455,0.0000502,60,24.6875
2026-10-01T20:18:00Z,29.00543,0.0000646,60,24.6875
2026-10-01T20:19:00Z,29.0054267,0.0000446,60,24.7125
2026-10-01T20:20:00Z,29.0054633,0.000052,60,24.75
2026-10-01T20:21:00Z,29.00544,0.0000588,60,24.75
2026-10-01T20:22:00Z,29.0054717,0.0000524,60,24.75
2026-10-01T20:23:00Z,29.0054283,0.0000585,60,24.75
2026-10-01T20:24:00Z,29.0054017,0.0000567,60,24.75
2026-10-01T20:25:00Z,29.0053983,0.0000504,60,24.75
2026-10-01T20:26:00Z,29.0053983,0.0000504,60,24.75
2026-10-01T20:27:00Z,29.0054583,0.0000497,60,24.75
2026-10-01T20:28:00Z,29.0054217,0.0000524,60,24.75
2026-10-01T20:29:00Z,29.00542,0.0000632,60,24.75
2026-10-01T20:30:00Z,29.0054183,0.0000624,60,24.75
2026-10-01T20:31:00Z,29.0054167,0.0000642,60,24.75
2026-10-01T20:32:00Z,29.0053967,0.0000581,60,24.75
2026-10-01T20:33:00Z,29.0054033,0.0000551,60,24.7625
2026-10-01T20:34:00Z,29.005435,0.0000481,60,24.7625
2026-10-01T20:35:00Z,29.0054033,0.000052,60,24.8
2026-10-01T20:36:00Z,29.005445,0.0000594,60,24.8125
2026-10-01T20:37:00Z,29.0054617,0.0000524,60,24.8125
2026-10-01T20:38:00Z,29.0054883,0.0000555,60,24.8125
2026-10-01T20:39:00Z,29.005395,0.0000534,60,24.8125
2026-10-01T20:40:00Z,29.0053783,0.0000585,60,24.8125
2026-10-01T20:41:00Z,29.005395,0.0000622,60,24.8125
2026-10-01T20:42:00Z,29.0053583,0.0000591,60,24.8125
2026-10-01T20:43:00Z,29.00538,0.0000546,60,24.8125
2026-10-01T20:44:00Z,29.00536,0.0000588,60,24.8125
2026-10-01T20:45:00Z,29.0054717,0.0000613,60,24.8125
2026-10-01T20:46:00Z,29.0054183,0.0000537,60,24.8125
2026-10-01T20:47:00Z,29.0054383,0.0000524,60,24.8125
2026-10-01T20:48:00Z,29.005445,0.0000534,60,24.8125
2026-10-01T20:49:00Z,29.005415,0.0000577,60,24.8125
2026-10-01T20:50:00Z,29.005445,0.0000649,60,24.8125
2026-10-01T20:51:00Z,29.0054633,0.0000688,60,24.8125
2026-10-01T20:52:00Z,29.005435,0.0000633,60,24.8125
2026-10-01T20:53:00Z,29.0054133,0.0000623,60,24.8125
2026-10-01T20:54:00Z,29.005415,0.0000481,60,24.8625
2026-10-01T20:55:00Z,29.0054417,0.000053,60,24.875
2026-10-01T20:56:00Z,29.0054333,0.0000601,60,24.875
2026-10-01T20:57:00Z,29.00543,0.000053,60,24.875
2026-10-01T20:58:00Z,29.00551,0.0000706,60,24.875
2026-10-01T20:59:00Z,29.0054883,0.0000415,60,24.875
2026-10-01T21:00:00Z,29.0054317,0.0000624,60,24.875
2026-10-01T21:01:00Z,29.0054167,0.0000557,60,24.875
2026-10-01T21:02:00Z,29.0053683,0.0000537,60,24.9125
2026-10-01T21:03:00Z,29.0053617,0.0000585,60,24.9375
2026-10-01T21:04:00Z,29.0053475,0.0000504,59,24.9375
2026-10-01T21:05:00Z,29.0053383,0.0000613,60,24.9375
2026-10-01T21:06:00Z,29.0053167,0.0000493,60,24.9375
2026-10-01T21:07:00Z,29.005315,0.0000515,60,24.9375
2026-10-01T21:08:00Z,29.0053283,0.0000613,60,24.9375
2026-10-01T21:09:00Z,29.00537,0.0000619,60,24.9375
2026-10-01T21:10:00Z,29.005375,0.00006,60,24.9375
2026-10-01T21:11:00Z,29.005375,0.0000541,60,24.9375
2026-10-01T21:12:00Z,29.0053417,0.0000645,60,24.9375
2026-10-01T21:13:00Z,29.00534,0.0000494,60,24.9375
2026-10-01T21:14:00Z,29.0053817,0.0000596,60,24.95
2026-10-01T21:15:00Z,29.0053567,0.0000698,60,24.9875
2026-10-01T21:16:00Z,29.005355,0.0000594,60,25.0
2026-10-01T21:17:00Z,29.0053383,0.0000585,60,25.0
2026-10-01T21:18:00Z,29.0054033,0.0000551,60,25.0
2026-10-01T21:19:00Z,29.00537,0.0000619,60,25.0
2026-10-01T21:20:00Z,29.0053733,0.0000516,60,25.0
2026-10-01T21:21:00Z,29.0053833,0.0000668,60,25.0
2026-10-01T21:22:00Z,29.0054133,0.000043,60,25.0
2026-10-01T21:23:00Z,29.00538,0.0000632,60,25.0
2026-10-01T21:24:00Z,29.0054217,0.0000524,60,25.0
2026-10-01T21:25:00Z,29.0054117,0.000049,60,25.0
2026-10-01T21:26:00Z,29.0053983,0.0000748,60,25.0
2026-10-01T21:27:00Z,29.00539,0.000044,60,25.0
2026-10-01T21:28:00Z,29.005415,0.0000481,60,25.0
2026-10-01T21:29:00Z,29.0053833,0.0000557,60,25.0
2026-10-01T21:30:00Z,29.0054,0.0000412,60,25.0
2026-10-01T21:31:00Z,29.00544,0.0000558,60,25.0
2026-10-01T21:32:00Z,29.0054267,0.0000548,60,25.0
2026-10-01T21:33:00Z,29.0053817,0.0000624,60,25.0
2026-10-01T21:34:00Z,29.0053683,0.0000596,60,25.0
2026-10-01T21:35:00Z,29.0053533,0.0000566,60,25.0
2026-10-01T21:36:00Z,29.00535,0.0000537,60,25.025
2026-10-01T21:37:00Z,29.0053,0.0000552,60,25.0125
2026-10-01T21:38:00Z,29.0053283,0.0000524,60,25.025
2026-10-01T21:39:00Z,29.0053417,0.0000561,60,25.0375
2026-10-01T21:40:00Z,29.0054,0.0000487,60,25.05
2026-10-01T21:41:00Z,29.0053917,0.0000591,60,25.0625
2026-10-01T21:42:00Z,29.0053617,0.0000585,60,25.0625
2026-10-01T21:43:00Z,29.0053317,0.0000537,60,25.0625
2026-10-01T21:44:00Z,29.0053583,0.000053,60,25.0625
2026-10-01T21:45:00Z,29.0053733,0.0000607,60,25.0625
2026-10-01T21:46:00Z,29.0053383,0.0000666,60,25.0625
2026-10-01T21:47:00Z,29.0053317,0.0000596,60,25.0625
2026-10-01T21:48:00Z,29.0053267,0.0000578,60,25.0625
2026-10-01T21:49:00Z,29.005305,0.0000622,60,25.0625
2026-10-01T21:50:00Z,29.0053317,0.0000567,60,25.0625
2026-10-01T21:51:00Z,29.0053576,0.0000593,59,25.0625
2026-10-01T21:52:00Z,29.0053917,0.000053,60,25.0625
2026-10-01T21:53:00Z,29.0053667,0.0000655,60,25.0625
2026-10-01T21:54:00Z,29.0054083,0.0000619,60,25.0625
2026-10-01T21:55:00Z,29.0053967,0.0000581,60,25.0625
2026-10-01T21:56:00Z,29.0053367,0.0000581,60,25.0625
2026-10-01T21:57:00Z,29.005295,0.0000594,60,25.0625
2026-10-01T21:58:00Z,29.00534,0.0000588,60,25.0625
2026-10-01T21:59:00Z,29.0053083,0.0000645,60,25.0625
2026-10-01T22:00:00Z,29.005285,0.0000547,60,25.075
2026-10-01T22:01:00Z,29.0052617,0.0000613,60,25.1
2026-10-01T22:02:00Z,29.005255,0.0000649,60,25.125
2026-10-01T22:03:00Z,29.0052333,0.0000655,60,25.125
2026-10-01T22:04:00Z,29.005255,0.0000565,60,25.125
2026-10-01T22:05:00Z,29.0053217,0.0000804,60,25.125
2026-10-01T22:06:00Z,29.00533,0.000053,60,25.125
2026-10-01T22:07:00Z,29.00533,0.0000561,60,25.125
2026-10-01T22:08:00Z,29.005305,0.0000502,60,25.125
2026-10-01T22:09:00Z,29.0053683,0.0000537,60,25.125
2026-10-01T22:10:00Z,29.0053,0.0000521,60,25.125
2026-10-01T22:11:00Z,29.0052867,0.0000468,60,25.125
2026-10-01T22:12:00Z,29.005285,0.0000547,60,25.125
2026-10-01T22:13:00Z,29.0052717,0.000064,60,25.125
2026-10-01T22:14:00Z,29.0052767,0.00005,60,25.125
2026-10-01T22:15:00Z,29.005325,0.00006,60,25.1625
2026-10-01T22:16:00Z,29.005295,0.0000387,60,25.1875
2026-10-01T22:17:00Z,29.0052817,0.0000537,60,25.1875
2026-10-01T22:18:00Z,29.0052733,0.0000548,60,25.1875
2026-10-01T22:19:00Z,29.005265,0.0000577,60,25.1875
2026-10-01T22:20:00Z,29.0053067,0.0000482,60,25.1875
2026-10-01T22:21:00Z,29.0052367,0.0000551,60,25.1875
2026-10-01T22:22:00Z,29.00521,0.0000511,60,25.1875
2026-10-01T22:23:00Z,29.0052667,0.000051,60,25.25
2026-10-01T22:24:00Z,29.00518,0.0000576,60,25.25
2026-10-01T22:25:00Z,29.005245,0.0000699,60,25.25
2026-10-01T22:26:00Z,29.0052533,0.0000503,60,25.25
2026-10-01T22:27:00Z,29.0052433,0.0000563,60,25.25
2026-10-01T22:28:00Z,29.0052633,0.0000551,60,25.25
2026-10-01T22:29:00Z,29.0052767,0.0000465,60,25.3
2026-10-01T22:30:00Z,29.0052083,0.0000497,60,25.3125
2026-10-01T22:31:00Z,29.0052233,0.0000673,60,25.3125
2026-10-01T22:32:00Z,29.00527,0.0000497,60,25.3125
2026-10-01T22:33:00Z,29.0052667,0.0000601,60,25.3125
2026-10-01T22:34:00Z,29.0052433,0.0000593,60,25.3375
2026-10-01T22:35:00Z,29.0052033,0.0000581,60,25.375
2026-10-01T22:36:00Z,29.0051733,0.000071,60,25.375
2026-10-01T22:37:00Z,29.0051695,0.000065,59,25.375
2026-10-01T22:38:00Z,29.0051633,0.0000637,60,25.375
2026-10-01T22:39:00Z,29.0051883,0.0000555,60,25.375
2026-10-01T22:40:00Z,29.0051717,0.0000585,60,25.375
2026-10-01T22:41:00Z,29.0051833,0.0000493,60,25.4375
2026-10-01T22:42:00Z,29.0052117,0.000064,60,25.4375
2026-10-01T22:43:00Z,29.0052017,0.0000537,60,25.4375
2026-10-01T22:44:00Z,29.0052283,0.0000555,60,25.4375
2026-10-01T22:45:00Z,29.005225,0.0000508,60,25.4375
2026-10-01T22:46:00Z,29.0051967,0.000052,60,25.4375
2026-10-01T22:47:00Z,29.0051817,0.0000537,60,25.4375
2026-10-01T22:48:00Z,29.0051483,0.0000624,60,25.4375
2026-10-01T22:49:00Z,29.0051583,0.000072,60,25.4375
2026-10-01T22:50:00Z,29.00526,0.0000527,60,25.45
2026-10-01T22:51:00Z,29.0052333,0.0000542,60,25.4625
2026-10-01T22:52:00Z,29.00521,0.0000511,60,25.5
2026-10-01T22:53:00Z,29.005245,0.0000534,60,25.5
2026-10-01T22:54:00Z,29.00523,0.0000561,60,25.5
2026-10-01T22:55:00Z,29.0051833,0.0000557,60,25.5
2026-10-01T22:56:00Z,29.0052433,0.0000621,60,25.5
2026-10-01T22:57:00Z,29.0052333,0.0000542,60,25.5
2026-10-01T22:58:00Z,29.0052083,0.0000497,60,25.5
2026-10-01T22:59:00Z,29.0051817,0.0000676,60,25.5
2026-10-01T23:00:00Z,29.0052167,0.0000526,60,25.5
2026-10-01T23:01:00Z,29.0052067,0.0000362,60,25.5
2026-10-01T23:02:00Z,29.0051817,0.0000504,60,25.5375
2026-10-01T23:03:00Z,29.0052,0.0000736,60,25.5625
2026-10-01T23:04:00Z,29.0052267,0.0000578,60,25.5625
2026-10-01T23:05:00Z,29.0051933,0.0000607,60,25.5625
2026-10-01T23:06:00Z,29.0052017,0.0000504,60,25.5625
2026-10-01T23:07:00Z,29.0051917,0.0000462,60,25.5625
2026-10-01T23:08:00Z,29.00512,0.0000632,60,25.5625
2026-10-01T23:09:00Z,29.0051383,0.0000555,60,25.6125
2026-10-01T23:10:00Z,29.0051367,0.0000581,60,25.625
2026-10-01T23:11:00Z,29.0051517,0.0000725,60,25.625
2026-10-01T23:12:00Z,29.00517,0.0000561,60,25.625
2026-10-01T23:13:00Z,29.005205,0.0000622,60,25.625
2026-10-01T23:14:00Z,29.00519,0.0000681,60,25.65
2026-10-01T23:15:00Z,29.0052,0.0000451,60,25.6875
2026-10-01T23:16:00Z,29.0051533,0.0000596,60,25.6875
2026-10-01T23:17:00Z,29.00516,0.0000558,60,25.6875
2026-10-01T23:18:00Z,29.0051433,0.0000722,60,25.6875
2026-10-01T23:19:00Z,29.005105,0.0000565,60,25.7
2026-10-01T23:20:00Z,29.0051383,0.000049,60,25.75
2026-10-01T23:21:00Z,29.00513,0.0000561,60,25.75
2026-10-01T23:22:00Z,29.0051583,0.0000561,60,25.75
2026-10-01T23:23:00Z,29.0051458,0.0000597,59,25.75
2026-10-01T23:24:00Z,29.0050967,0.0000581,60,25.7604
2026-10-01T23:25:00Z,29.0050967,0.000045,60,25.8125
2026-10-01T23:26:00Z,29.0050417,0.0000561,60,25.8125
2026-10-01T23:27:00Z,29.005075,0.0000474,60,25.8125
2026-10-01T23:28:00Z,29.00503,0.0000561,60,25.8125
2026-10-01T23:29:00Z,29.0051067,0.0000686,60,25.8125
2026-10-01T23:30:00Z,29.0051,0.0000451,60,25.8625
2026-10-01T23:31:00Z,29.0051033,0.000052,60,25.875
2026-10-01T23:32:00Z,29.0050583,0.0000497,60,25.875
2026-10-01T23:33:00Z,29.0050717,0.0000666,60,25.875
2026-10-01T23:34:00Z,29.0051167,0.0000642,60,25.875
2026-10-01T23:35:00Z,29.0051133,0.0000503,60,25.9219
2026-10-01T23:36:00Z,29.005065,0.0000659,60,25.9375
2026-10-01T23:37:00Z,29.00512,0.0000514,60,25.9375
2026-10-01T23:38:00Z,29.0050217,0.0000715,60,25.9375
2026-10-01T23:39:00Z,29.0050217,0.0000613,60,25.9479
2026-10-01T23:40:00Z,29.0051,0.0000611,60,26.0
2026-10-01T23:41:00Z,29.0050383,0.000049,60,26.0
2026-10-01T23:42:00Z,29.0049817,0.0000676,60,26.0
2026-10-01T23:43:00Z,29.0049783,0.0000524,60,26.0
2026-10-01T23:44:00Z,29.0049317,0.0000676,60,26.0125
2026-10-01T23:45:00Z,29.0049683,0.0000469,60,26.0625
2026-10-01T23:46:00Z,29.004975,0.0000508,60,26.0625
2026-10-01T23:47:00Z,29.004975,0.0000474,60,26.0625
2026-10-01T23:48:00Z,29.0049867,0.0000468,60,26.0625
2026-10-01T23:49:00Z,29.004995,0.0000534,60,26.1042
2026-10-01T23:50:00Z,29.0050017,0.0000624,60,26.125
2026-10-01T23:51:00Z,29.00502,0.0000605,60,26.125
2026-10-01T23:52:00Z,29.0050083,0.0000462,60,26.125
2026-10-01T23:53:00Z,29.005015,0.0000481,60,26.125
2026-10-01T23:54:00Z,29.0050033,0.000045,60,26.175
2026-10-01T23:55:00Z,29.0049833,0.0000717,60,26.1875
2026-10-01T23:56:00Z,29.004955,0.0000534,60,26.1875
2026-10-01T23:57:00Z,29.005025,0.0000654,60,26.1875
2026-10-01T23:58:00Z,29.0050217,0.000049,60,26.2
2026-10-01T23:59:00Z,29.005005,0.0000429,60,26.2375
2026-10-02T00:00:00Z,29.004985,0.0000633,60,26.25
2026-10-02T00:01:00Z,29.0049717,0.0000585,60,26.25
2026-10-02T00:02:00Z,29.00497,0.0000561,60,26.25
2026-10-02T00:03:00Z,29.0049467,0.0000566,60,26.2625
2026-10-02T00:04:00Z,29.0048967,0.0000581,60,26.3125
2026-10-02T00:05:00Z,29.0049283,0.0000524,60,26.3125
2026-10-02T00:06:00Z,29.0049433,0.0000621,60,26.3125
2026-10-02T00:07:00Z,29.00491,0.0000477,60,26.3125
2026-10-02T00:08:00Z,29.00494,0.0000616,60,26.3438
2026-10-02T00:09:00Z,29.0049424,0.0000498,59,26.375
2026-10-02T00:10:00Z,29.004915,0.0000577,60,26.375
2026-10-02T00:11:00Z,29.0048867,0.00007,60,26.375
2026-10-02T00:12:00Z,29.0048633,0.0000581,60,26.375
2026-10-02T00:13:00Z,29.0048583,0.000053,60,26.4125
2026-10-02T00:14:00Z,29.0048017,0.0000537,60,26.4375
2026-10-02T00:15:00Z,29.004835,0.0000685,60,26.4375
2026-10-02T00:16:00Z,29.0048683,0.0000504,60,26.4375
2026-10-02T00:17:00Z,29.0048883,0.0000555,60,26.4375
2026-10-02T00:18:00Z,29.0048617,0.0000585,60,26.4375
2026-10-02T00:19:00Z,29.0048617,0.0000555,60,26.5
2026-10-02T00:20:00Z,29.0048183,0.0000596,60,26.5
2026-10-02T00:21:00Z,29.0048,0.0000582,60,26.5
2026-10-02T00:22:00Z,29.0047983,0.0000596,60,26.5
2026-10-02T00:23:00Z,29.004835,0.0000633,60,26.5
2026-10-02T00:24:00Z,29.0048367,0.000052,60,26.525
2026-10-02T00:25:00Z,29.0048233,0.0000647,60,26.5625
2026-10-02T00:26:00Z,29.0047917,0.0000497,60,26.5625
2026-10-02T00:27:00Z,29.0047917,0.0000381,60,26.5625
2026-10-02T00:28:00Z,29.004765,0.0000577,60,26.5625
2026-10-02T00:29:00Z,29.0047433,0.0000621,60,26.5625
2026-10-02T00:30:00Z,29.00471,0.000044,60,26.5875
2026-10-02T00:31:00Z,29.0047883,0.0000555,60,26.625
2026-10-02T00:32:00Z,29.0047617,0.0000524,60,26.625
2026-10-02T00:33:00Z,29.004735,0.0000606,60,26.625
2026-10-02T00:34:00Z,29.0047517,0.0000504,60,26.625
2026-10-02T00:35:00Z,29.0047783,0.000049,60,26.625
2026-10-02T00:36:00Z,29.0047917,0.0000424,60,26.625
2026-10-02T00:37:00Z,29.0047867,0.0000389,60,26.625
2026-10-02T00:38:00Z,29.0047367,0.000052,60,26.625
2026-10-02T00:39:00Z,29.0047567,0.0000533,60,26.675
2026-10-02T00:40:00Z,29.0047333,0.0000542,60,26.6875
2026-10-02T00:41:00Z,29.0047433,0.0000563,60,26.6875
2026-10-02T00:42:00Z,29.004745,0.0000622,60,26.6875
2026-10-02T00:43:00Z,29.0046967,0.000052,60,26.6875
2026-10-02T00:44:00Z,29.0046883,0.0000524,60,26.6875
2026-10-02T00:45:00Z,29.0047233,0.0000465,60,26.6875
2026-10-02T00:46:00Z,29.004685,0.0000444,60,26.6875
2026-10-02T00:47:00Z,29.0047517,0.0000537,60,26.6875
2026-10-02T00:48:00Z,29.00472,0.0000514,60,26.6875
2026-10-02T00:49:00Z,29.0047233,0.0000465,60,26.6875
2026-10-02T00:50:00Z,29.00472,0.0000605,60,26.6875
2026-10-02T00:51:00Z,29.00473,0.0000561,60,26.6875
2026-10-02T00:52:00Z,29.0047317,0.0000596,60,26.6875
2026-10-02T00:53:00Z,29.0047525,0.0000568,59,26.6875
2026-10-02T00:54:00Z,29.0047233,0.0000533,60,26.6875
2026-10-02T00:55:00Z,29.004705,0.0000387,60,26.6875
2026-10-02T00:56:00Z,29.004715,0.0000577,60,26.6875
2026-10-02T00:57:00Z,29.0047367,0.0000486,60,26.6875
2026-10-02T00:58:00Z,29.0047767,0.0000563,60,26.6875
2026-10-02T00:59:00Z,29.0047467,0.000065,60,26.6875
2026-10-02T01:00:00Z,29.0047667,0.0000475,60,26.6875
2026-10-02T01:01:00Z,29.0047133,0.0000536,60,26.6875
2026-10-02T01:02:00Z,29.0047,0.0000611,60,26.6875
2026-10-02T01:03:00Z,29.004735,0.0000633,60,26.6875
2026-10-02T01:04:00Z,29.0047083,0.0000561,60,26.6875
2026-10-02T01:05:00Z,29.004765,0.0000606,60,26.6875
2026-10-02T01:06:00Z,29.0047433,0.00005,60,26.6875
2026-10-02T01:07:00Z,29.0047433,0.0000533,60,26.6875
2026-10-02T01:08:00Z,29.0047433,0.0000533,60,26.6875
2026-10-02T01:09:00Z,29.0047167,0.0000557,60,26.6875
2026-10-02T01:10:00Z,29.0047883,0.0000555,60,26.6875
2026-10-02T01:11:00Z,29.00475,0.0000537,60,26.6875
2026-10-02T01:12:00Z,29.0047817,0.0000624,60,26.6875
2026-10-02T01:13:00Z,29.0047617,0.0000555,60,26.6875
2026-10-02T01:14:00Z,29.004735,0.0000659,60,26.6875
2026-10-02T01:15:00Z,29.0047233,0.0000563,60,26.6875
2026-10-02T01:16:00Z,29.004735,0.0000515,60,26.6875
2026-10-02T01:17:00Z,29.0047467,0.0000747,60,26.6875
2026-10-02T01:18:00Z,29.0047783,0.0000524,60,26.6875
2026-10-02T01:19:00Z,29.0047233,0.0000533,60,26.6875
2026-10-02T01:20:00Z,29.0047,0.0000487,60,26.6875
2026-10-02T01:21:00Z,29.00474,0.0000494,60,26.6875
2026-10-02T01:22:00Z,29.0047583,0.0000619,60,26.6875
2026-10-02T01:23:00Z,29.0047083,0.000053,60,26.6875
2026-10-02T01:24:00Z,29.0047467,0.0000566,60,26.6875
2026-10-02T01:25:00Z,29.004745,0.0000594,60,26.6875
2026-10-02T01:26:00Z,29.0047417,0.0000619,60,26.6875
2026-10-02T01:27:00Z,29.0047267,0.0000482,60,26.6875
2026-10-02T01:28:00Z,29.004635,0.0000515,60,26.6875
2026-10-02T01:29:00Z,29.004695,0.0000534,60,26.6875
2026-10-02T01:30:00Z,29.0046833,0.0000457,60,26.6875
2026-10-02T01:31:00Z,29.0047317,0.0000567,60,26.6875
2026-10-02T01:32:00Z,29.0047183,0.0000537,60,26.6875
2026-10-02T01:33:00Z,29.00481,0.0000706,60,26.6875
2026-10-02T01:34:00Z,29.0048,0.0000521,60,26.6875
2026-10-02T01:35:00Z,29.0047617,0.0000524,60,26.6875
2026-10-02T01:36:00Z,29.004745,0.0000502,60,26.6875
2026-10-02T01:37:00Z,29.0047183,0.0000431,60,26.6875
2026-10-02T01:38:00Z,29.00474,0.0000558,60,26.6875
2026-10-02T01:39:00Z,29.004725,0.0000508,60,26.6875
2026-10-02T01:40:00Z,29.0047133,0.0000596,60,26.6875
2026-10-02T01:41:00Z,29.0047322,0.0000539,59,26.6875
2026-10-02T01:42:00Z,29.0047267,0.0000578,60,26.6875
2026-10-02T01:43:00Z,29.0047383,0.0000613,60,26.6875
2026-10-02T01:44:00Z,29.0047517,0.0000567,60,26.6875
2026-10-02T01:45:00Z,29.0047417,0.0000591,60,26.6875
2026-10-02T01:46:00Z,29.0047433,0.0000593,60,26.6875
2026-10-02T01:47:00Z,29.0046917,0.0000619,60,26.6875
2026-10-02T01:48:00Z,29.0047317,0.0000624,60,26.65
2026-10-02T01:49:00Z,29.0047083,0.0000497,60,26.625
2026-10-02T01:50:00Z,29.0047167,0.0000693,60,26.625
2026-10-02T01:51:00Z,29.0046933,0.0000607,60,26.625
2026-10-02T01:52:00Z,29.004725,0.0000474,60,26.625
2026-10-02T01:53:00Z,29.0047383,0.000064,60,26.625
2026-10-02T01:54:00Z,29.0047483,0.0000504,60,26.625
2026-10-02T01:55:00Z,29.0047267,0.0000446,60,26.625
2026-10-02T01:56:00Z,29.00465,0.0000701,60,26.625
2026-10-02T01:57:00Z,29.0046883,0.0000666,60,26.625
2026-10-02T01:58:00Z,29.0047,0.0000611,60,26.625
2026-10-02T01:59:00Z,29.0047117,0.0000585,60,26.625
2026-10-02T02:00:00Z,29.0047767,0.0000563,60,26.625
2026-10-02T02:01:00Z,29.0047567,0.0000563,60,26.625
2026-10-02T02:02:00Z,29.0047917,0.0000462,60,26.625
2026-10-02T02:03:00Z,29.0047683,0.0000596,60,26.625
2026-10-02T02:04:00Z,29.0047933,0.0000446,60,26.625
2026-10-02T02:05:00Z,29.004735,0.0000481,60,26.625
2026-10-02T02:06:00Z,29.004735,0.0000577,60,26.625
2026-10-02T02:07:00Z,29.0047217,0.0000761,60,26.625
2026-10-02T02:08:00Z,29.0046967,0.0000551,60,26.625
2026-10-02T02:09:00Z,29.004705,0.0000723,60,26.625
2026-10-02T02:10:00Z,29.00466,0.0000558,60,26.625
2026-10-02T02:11:00Z,29.0046633,0.0000551,60,26.625
2026-10-02T02:12:00Z,29.004655,0.0000723,60,26.625
2026-10-02T02:13:00Z,29.00473,0.0000743,60,26.625
2026-10-02T02:14:00Z,29.0047283,0.0000666,60,26.625
2026-10-02T02:15:00Z,29.00477,0.0000619,60,26.625
2026-10-02T02:16:00Z,29.00478,0.0000514,60,26.6125
2026-10-02T02:17:00Z,29.0047567,0.0000673,60,26.625
2026-10-02T02:18:00Z,29.0047483,0.0000567,60,26.6125
2026-10-02T02:19:00Z,29.004775,0.00006,60,26.575
2026-10-02T02:20:00Z,29.0047383,0.0000691,60,26.5625
2026-10-02T02:21:00Z,29.0047117,0.000064,60,26.5625
2026-10-02T02:22:00Z,29.004705,0.0000675,60,26.5625
2026-10-02T02:23:00Z,29.004695,0.0000534,60,26.5625
2026-10-02T02:24:00Z,29.00466,0.0000643,60,26.5625
2026-10-02T02:25:00Z,29.0046917,0.0000334,60,26.5625
2026-10-02T02:26:00Z,29.0046833,0.0000493,60,26.5625
2026-10-02T02:27:00Z,29.0046433,0.0000647,60,26.5625
2026-10-02T02:28:00Z,29.0046383,0.000064,60,26.5625
2026-10-02T02:29:00Z,29.0047517,0.0000596,60,26.5625
2026-10-02T02:30:00Z,29.0047373,0.0000522,59,26.5625
2026-10-02T02:31:00Z,29.00478,0.0000546,60,26.5625
2026-10-02T02:32:00Z,29.0047717,0.0000454,60,26.5625
2026-10-02T02:33:00Z,29.0047467,0.0000596,60,26.5625
2026-10-02T02:34:00Z,29.0047167,0.0000457,60,26.5625
2026-10-02T02:35:00Z,29.004785,0.0000659,60,26.5625
2026-10-02T02:36:00Z,29.00479,0.0000543,60,26.5625
2026-10-02T02:37:00Z,29.0048233,0.0000722,60,26.5625
2026-10-02T02:38:00Z,29.0048217,0.000049,60,26.5625
2026-10-02T02:39:00Z,29.004745,0.0000502,60,26.5625
2026-10-02T02:40:00Z,29.0047183,0.0000651,60,26.55
2026-10-02T02:41:00Z,29.0047267,0.0000607,60,26.525
2026-10-02T02:42:00Z,29.00479,0.0000656,60,26.5
2026-10-02T02:43:00Z,29.0047317,0.0000567,60,26.5
2026-10-02T02:44:00Z,29.0047317,0.0000504,60,26.5
2026-10-02T02:45:00Z,29.004795,0.0000565,60,26.5
2026-10-02T02:46:00Z,29.0047833,0.0000526,60,26.5
2026-10-02T02:47:00Z,29.0047633,0.0000486,60,26.5
2026-10-02T02:48:00Z,29.004785,0.0000444,60,26.5
2026-10-02T02:49:00Z,29.004765,0.0000577,60,26.5
2026-10-02T02:50:00Z,29.0047433,0.0000533,60,26.5
2026-10-02T02:51:00Z,29.004765,0.0000577,60,26.5
2026-10-02T02:52:00Z,29.0048083,0.0000561,60,26.5
2026-10-02T02:53:00Z,29.0047467,0.0000503,60,26.5
2026-10-02T02:54:00Z,29.00479,0.000063,60,26.5
2026-10-02T02:55:00Z,29.0047833,0.0000557,60,26.5
2026-10-02T02:56:00Z,29.00478,0.0000514,60,26.5
2026-10-02T02:57:00Z,29.00481,0.0000573,60,26.5
2026-10-02T02:58:00Z,29.0048183,0.0000504,60,26.5
2026-10-02T02:59:00Z,29.0047767,0.0000465,60,26.5
2026-10-02T03:00:00Z,29.0048,0.0000451,60,26.5
2026-10-02T03:01:00Z,29.004775,0.0000541,60,26.5
2026-10-02T03:02:00Z,29.0047283,0.0000585,60,26.5
2026-10-02T03:03:00Z,29.004795,0.0000622,60,26.5
2026-10-02T03:04:00Z,29.004755,0.0000565,60,26.475
2026-10-02T03:05:00Z,29.0047483,0.0000567,60,26.45
2026-10-02T03:06:00Z,29.0047933,0.0000516,60,26.4375
2026-10-02T03:07:00Z,29.0047817,0.0000537,60,26.4375
2026-10-02T03:08:00Z,29.0047633,0.0000551,60,26.4375
2026-10-02T03:09:00Z,29.00478,0.0000632,60,26.4375
2026-10-02T03:10:00Z,29.0048283,0.0000715,60,26.4375
2026-10-02T03:11:00Z,29.0047683,0.0000651,60,26.4375
2026-10-02T03:12:00Z,29.00481,0.0000543,60,26.4375
2026-10-02T03:13:00Z,29.004805,0.0000699,60,26.4375
2026-10-02T03:14:00Z,29.0047483,0.0000504,60,26.4375
2026-10-02T03:15:00Z,29.0047517,0.0000596,60,26.4375
2026-10-02T03:16:00Z,29.0047367,0.000078,60,26.4375
2026-10-02T03:17:00Z,29.0047333,0.0000795,60,26.4375
2026-10-02T03:18:00Z,29.004715,0.0000606,60,26.4375
2026-10-02T03:19:00Z,29.0047746,0.0000575,59,26.4375
2026-10-02T03:20:00Z,29.0047483,0.0000676,60,26.4375
2026-10-02T03:21:00Z,29.00477,0.0000646,60,26.4375
2026-10-02T03:22:00Z,29.0047783,0.0000613,60,26.4375
2026-10-02T03:23:00Z,29.00473,0.0000591,60,26.4375
2026-10-02T03:24:00Z,29.00481,0.0000543,60,26.4375
2026-10-02T03:25:00Z,29.0047733,0.0000756,60,26.4375
2026-10-02T03:26:00Z,29.0047567,0.0000563,60,26.4375
2026-10-02T03:27:00Z,29.0047083,0.0000591,60,26.4125
2026-10-02T03:28:00Z,29.004695,0.0000746,60,26.4
2026-10-02T03:29:00Z,29.0047033,0.0000688,60,26.375
2026-10-02T03:30:00Z,29.004675,0.0000508,60,26.375
2026-10-02T03:31:00Z,29.004675,0.0000474,60,26.375
2026-10-02T03:32:00Z,29.0046933,0.0000548,60,26.375
2026-10-02T03:33:00Z,29.00475,0.0000567,60,26.375
2026-10-02T03:34:00Z,29.0047517,0.0000504,60,26.375
2026-10-02T03:35:00Z,29.004725,0.00006,60,26.375
2026-10-02T03:36:00Z,29.0047067,0.0000634,60,26.375
2026-10-02T03:37:00Z,29.0048,0.0000664,60,26.375
2026-10-02T03:38:00Z,29.0047633,0.0000551,60,26.375
2026-10-02T03:39:00Z,29.0047783,0.0000454,60,26.375
2026-10-02T03:40:00Z,29.0047517,0.0000676,60,26.375
2026-10-02T03:41:00Z,29.0047433,0.0000533,60,26.375
2026-10-02T03:42:00Z,29.0047817,0.0000504,60,26.375
2026-10-02T03:43:00Z,29.0047933,0.0000607,60,26.375
2026-10-02T03:44:00Z,29.00481,0.0000543,60,26.375
2026-10-02T03:45:00Z,29.0047583,0.000053,60,26.375
2026-10-02T03:46:00Z,29.0048567,0.0000621,60,26.375
2026-10-02T03:47:00Z,29.004815,0.0000633,60,26.375
2026-10-02T03:48:00Z,29.00478,0.000048,60,26.375
2026-10-02T03:49:00Z,29.0048567,0.0000621,60,26.325
2026-10-02T03:50:00Z,29.0047467,0.0000503,60,26.325
2026-10-02T03:51:00Z,29.0047867,0.0000566,60,26.3125
2026-10-02T03:52:00Z,29.0048067,0.0000446,60,26.3125
2026-10-02T03:53:00Z,29.0048367,0.0000551,60,26.3125
2026-10-02T03:54:00Z,29.0048167,0.0000587,60,26.3125
2026-10-02T03:55:00Z,29.0047983,0.0000567,60,26.3125
2026-10-02T03:56:00Z,29.0047317,0.0000624,60,26.3125
2026-10-02T03:57:00Z,29.0047633,0.0000551,60,26.3125
2026-10-02T03:58:00Z,29.0047967,0.0000486,60,26.3125
2026-10-02T03:59:00Z,29.0048083,0.0000497,60,26.3125
2026-10-02T04:00:00Z,29.00481,0.0000477,60,26.3125
2026-10-02T04:01:00Z,29.0048083,0.0000591,60,26.3125
2026-10-02T04:02:00Z,29.0047817,0.0000596,60,26.3125
2026-10-02T04:03:00Z,29.0047367,0.0000486,60,26.3125
2026-10-02T04:04:00Z,29.00484,0.0000616,60,26.3125
2026-10-02T04:05:00Z,29.0048433,0.0000722,60,26.3125
2026-10-02T04:06:00Z,29.004785,0.0000577,60,26.3125
2026-10-02T04:07:00Z,29.0048017,0.0000596,60,26.3125
2026-10-02T04:08:00Z,29.0048034,0.0000615,59,26.275
2026-10-02T04:09:00Z,29.00476,0.0000669,60,26.275
2026-10-02T04:10:00Z,29.0047483,0.0000792,60,26.25
2026-10-02T04:11:00Z,29.00485,0.0000567,60,26.25
2026-10-02T04:12:00Z,29.004825,0.0000474,60,26.25
2026-10-02T04:13:00Z,29.0048217,0.0000585,60,26.25
2026-10-02T04:14:00Z,29.0048333,0.0000572,60,26.25
2026-10-02T04:15:00Z,29.0048283,0.000064,60,26.25
2026-10-02T04:16:00Z,29.0048267,0.0000482,60,26.25
2026-10-02T04:17:00Z,29.00483,0.0000497,60,26.25
2026-10-02T04:18:00Z,29.0048783,0.0000524,60,26.25
2026-10-02T04:19:00Z,29.0048867,0.0000623,60,26.25
2026-10-02T04:20:00Z,29.00484,0.0000588,60,26.25
2026-10-02T04:21:00Z,29.0048383,0.000049,60,26.25
2026-10-02T04:22:00Z,29.0048817,0.0000701,60,26.25
2026-10-02T04:23:00Z,29.00489,0.0000681,60,26.25
2026-10-02T04:24:00Z,29.0048817,0.0000596,60,26.25
2026-10-02T04:25:00Z,29.0048517,0.0000596,60,26.25
2026-10-02T04:26:00Z,29.0048533,0.0000596,60,26.25
2026-10-02T04:27:00Z,29.0048183,0.0000504,60,26.2
2026-10-02T04:28:00Z,29.00483,0.0000591,60,26.1875
2026-10-02T04:29:00Z,29.0048683,0.0000537,60,26.1875
2026-10-02T04:30:00Z,29.004815,0.0000633,60,26.1875
2026-10-02T04:31:00Z,29.0047783,0.0000613,60,26.1875
2026-10-02T04:32:00Z,29.0048283,0.0000613,60,26.1875
2026-10-02T04:33:00Z,29.0048517,0.0000676,60,26.1875
2026-10-02T04:34:00Z,29.0047517,0.0000676,60,26.1875
2026-10-02T04:35:00Z,29.0047933,0.0000548,60,26.1875
2026-10-02T04:36:00Z,29.0048467,0.000065,60,26.1875
2026-10-02T04:37:00Z,29.004845,0.0000534,60,26.1875
2026-10-02T04:38:00Z,29.0048483,0.0000567,60,26.1875
2026-10-02T04:39:00Z,29.00485,0.0000676,60,26.1875
2026-10-02T04:40:00Z,29.0048167,0.0000457,60,26.1875
2026-10-02T04:41:00Z,29.00482,0.0000879,60,26.1875
2026-10-02T04:42:00Z,29.0048617,0.0000846,60,26.1875
2026-10-02T04:43:00Z,29.0047783,0.0000613,60,26.1875
2026-10-02T04:44:00Z,29.0048017,0.0000567,60,26.1625
2026-10-02T04:45:00Z,29.0048183,0.0000596,60,26.1375
2026-10-02T04:46:00Z,29.00482,0.0000605,60,26.1375
2026-10-02T04:47:00Z,29.0047867,0.0000596,60,26.125
2026-10-02T04:48:00Z,29.00482,0.0000659,60,26.125
2026-10-02T04:49:00Z,29.0047783,0.0000613,60,26.125
2026-10-02T04:50:00Z,29.0048217,0.000049,60,26.125
2026-10-02T04:51:00Z,29.0048233,0.0000647,60,26.125
2026-10-02T04:52:00Z,29.0048133,0.0000676,60,26.125
2026-10-02T04:53:00Z,29.0048283,0.000049,60,26.125
2026-10-02T04:54:00Z,29.004845,0.0000746,60,26.125
2026-10-02T04:55:00Z,29.00487,0.0000788,60,26.125
2026-10-02T04:56:00Z,29.0048883,0.0000613,60,26.125
2026-10-02T04:57:00Z,29.0048119,0.000059,59,26.125
2026-10-02T04:58:00Z,29.0048567,0.0000647,60,26.125
2026-10-02T04:59:00Z,29.0049133,0.0000724,60,26.1
2026-10-02T05:00:00Z,29.0048883,0.000049,60,26.075
2026-10-02T05:01:00Z,29.0049167,0.0000615,60,26.0625
2026-10-02T05:02:00Z,29.0049633,0.000061,60,26.0625
2026-10-02T05:03:00Z,29.00487,0.0000561,60,26.0625
2026-10-02T05:04:00Z,29.0048767,0.0000563,60,26.0625
2026-10-02T05:05:00Z,29.0048983,0.0000537,60,26.0625
2026-10-02T05:06:00Z,29.0048633,0.0000637,60,26.0625
2026-10-02T05:07:00Z,29.00488,0.000048,60,26.0625
2026-10-02T05:08:00Z,29.0049233,0.0000563,60,26.0625
2026-10-02T05:09:00Z,29.00493,0.0000908,60,26.0625
2026-10-02T05:10:00Z,29.0049433,0.0000698,60,26.0625
2026-10-02T05:11:00Z,29.0049783,0.000064,60,26.0625
2026-10-02T05:12:00Z,29.0049767,0.0000533,60,26.0625
2026-10-02T05:13:00Z,29.0049783,0.0000613,60,26.0625
2026-10-02T05:14:00Z,29.0049667,0.0000681,60,26.025
2026-10-02T05:15:00Z,29.0050067,0.000066,60,26.0125
2026-10-02T05:16:00Z,29.0049233,0.0000963,60,26.0
2026-10-02T05:17:00Z,29.0049083,0.0000591,60,26.0
2026-10-02T05:18:00Z,29.0049133,0.0000566,60,26.0
2026-10-02T05:19:00Z,29.00493,0.0000696,60,26.0
2026-10-02T05:20:00Z,29.0049183,0.0000596,60,26.0
2026-10-02T05:21:00Z,29.0049567,0.0000563,60,26.0
2026-10-02T05:22:00Z,29.0050267,0.0000733,60,26.0
2026-10-02T05:23:00Z,29.00497,0.0000591,60,26.0
2026-10-02T05:24:00Z,29.004905,0.0000699,60,26.0
2026-10-02T05:25:00Z,29.0049667,0.0000629,60,26.0
2026-10-02T05:26:00Z,29.004965,0.0000547,60,26.0
2026-10-02T05:27:00Z,29.004965,0.0000577,60,26.0
2026-10-02T05:28:00Z,29.0050017,0.0000537,60,25.9625
2026-10-02T05:29:00Z,29.0049217,0.000064,60,25.9375
2026-10-02T05:30:00Z,29.0049383,0.0000613,60,25.9375
2026-10-02T05:31:00Z,29.0049917,0.0000561,60,25.9375
2026-10-02T05:32:00Z,29.0049567,0.0000593,60,25.9375
2026-10-02T05:33:00Z,29.0049967,0.0000551,60,25.9375
2026-10-02T05:34:00Z,29.0049833,0.0000493,60,25.9375
2026-10-02T05:35:00Z,29.005,0.0000611,60,25.9375
2026-10-02T05:36:00Z,29.0049683,0.0000701,60,25.9375
2026-10-02T05:37:00Z,29.004995,0.0000594,60,25.9375
2026-10-02T05:38:00Z,29.00499,0.0000602,60,25.9375
2026-10-02T05:39:00Z,29.005005,0.0000565,60,25.9375
2026-10-02T05:40:00Z,29.0049717,0.0000666,60,25.9375
2026-10-02T05:41:00Z,29.0049783,0.0000922,60,25.925
2026-10-02T05:42:00Z,29.00501,0.0000951,60,25.9
2026-10-02T05:43:00Z,29.0049517,0.0000537,60,25.875
2026-10-02T05:44:00Z,29.0049867,0.000065,60,25.875
2026-10-02T05:45:00Z,29.0049967,0.000052,60,25.875
2026-10-02T05:46:00Z,29.0049983,0.0000473,59,25.875
2026-10-02T05:47:00Z,29.00498,0.0000576,60,25.875
2026-10-02T05:48:00Z,29.0050267,0.0000634,60,25.875
2026-10-02T05:49:00Z,29.00497,0.0000462,60,25.875
2026-10-02T05:50:00Z,29.004995,0.0000467,60,25.875
2026-10-02T05:51:00Z,29.0049217,0.0000613,60,25.875
2026-10-02T05:52:00Z,29.004965,0.0000577,60,25.875
2026-10-02T05:53:00Z,29.00496,0.0000694,60,25.875
2026-10-02T05:54:00Z,29.0049383,0.0000846,60,25.875
2026-10-02T05:55:00Z,29.00498,0.0000632,60,25.875
2026-10-02T05:56:00Z,29.0050233,0.00005,60,25.8625
2026-10-02T05:57:00Z,29.0049383,0.000064,60,25.8125
2026-10-02T05:58:00Z,29.00494,0.0000616,60,25.8125
2026-10-02T05:59:00Z,29.0049667,0.0000655,60,25.8125
2026-10-02T06:00:00Z,29.0049767,0.0000621,60,25.8125
2026-10-02T06:01:00Z,29.0050017,0.0000651,60,25.8125
2026-10-02T06:02:00Z,29.00498,0.0000514,60,25.8125
2026-10-02T06:03:00Z,29.0049817,0.0000567,60,25.8125
2026-10-02T06:04:00Z,29.0049233,0.0000621,60,25.8125
2026-10-02T06:05:00Z,29.0049517,0.0000596,60,25.8125
2026-10-02T06:06:00Z,29.00489,0.0000602,60,25.8125
2026-10-02T06:07:00Z,29.0049667,0.0000542,60,25.8125
2026-10-02T06:08:00Z,29.004925,0.00006,60,25.8125
2026-10-02T06:09:00Z,29.004855,0.0000699,60,25.8125
2026-10-02T06:10:00Z,29.0049,0.0000611,60,25.8125
2026-10-02T06:11:00Z,29.0048867,0.0000676,60,25.8
2026-10-02T06:12:00Z,29.0049367,0.000061,60,25.75
2026-10-02T06:13:00Z,29.0049767,0.00005,60,25.75
2026-10-02T06:14:00Z,29.0048933,0.0000578,60,25.75
2026-10-02T06:15:00Z,29.004875,0.0000654,60,25.75
2026-10-02T06:16:00Z,29.0048933,0.0000482,60,25.75
2026-10-02T06:17:00Z,29.00496,0.0000694,60,25.75
2026-10-02T06:18:00Z,29.0049667,0.0000572,60,25.75
2026-10-02T06:19:00Z,29.0049217,0.0000666,60,25.75
2026-10-02T06:20:00Z,29.004935,0.0000633,60,25.75
2026-10-02T06:21:00Z,29.0049483,0.0000748,60,25.75
2026-10-02T06:22:00Z,29.00498,0.0000576,60,25.75
2026-10-02T06:23:00Z,29.0049717,0.0000585,60,25.75
2026-10-02T06:24:00Z,29.0050367,0.000078,60,25.75
2026-10-02T06:25:00Z,29.00495,0.0000651,60,25.725
2026-10-02T06:26:00Z,29.0049667,0.0000475,60,25.6875
2026-10-02T06:27:00Z,29.0049783,0.0000555,60,25.6875
2026-10-02T06:28:00Z,29.00501,0.000063,60,25.6875
2026-10-02T06:29:00Z,29.004955,0.0000594,60,25.6875
2026-10-02T06:30:00Z,29.00494,0.0000588,60,25.6875
2026-10-02T06:31:00Z,29.004975,0.00006,60,25.6875
2026-10-02T06:32:00Z,29.0049533,0.0000596,60,25.6875
2026-10-02T06:33:00Z,29.0049367,0.0000637,60,25.6875
2026-10-02T06:34:00Z,29.005,0.0000611,60,25.6875
2026-10-02T06:35:00Z,29.0049458,0.0000536,59,25.6875
2026-10-02T06:36:00Z,29.0049817,0.0000701,60,25.6875
2026-10-02T06:37:00Z,29.0049983,0.0000725,60,25.6875
2026-10-02T06:38:00Z,29.005015,0.0000481,60,25.6875
2026-10-02T06:39:00Z,29.0049667,0.0000629,60,25.6625
2026-10-02T06:40:00Z,29.0049867,0.0000503,60,25.65
2026-10-02T06:41:00Z,29.00494,0.0000558,60,25.625
2026-10-02T06:42:00Z,29.0049783,0.0000761,60,25.625
2026-10-02T06:43:00Z,29.0050383,0.0000585,60,25.625
2026-10-02T06:44:00Z,29.0050617,0.0000524,60,25.625
2026-10-02T06:45:00Z,29.0049983,0.0000567,60,25.625
2026-10-02T06:46:00Z,29.0050733,0.0000578,60,25.625
2026-10-02T06:47:00Z,29.00503,0.0000671,60,25.625
2026-10-02T06:48:00Z,29.00501,0.0000543,60,25.625
2026-10-02T06:49:00Z,29.0050317,0.0000469,60,25.625
2026-10-02T06:50:00Z,29.0050667,0.0000601,60,25.625
2026-10-02T06:51:00Z,29.0050883,0.0000613,60,25.625
2026-10-02T06:52:00Z,29.0050117,0.0000666,60,25.625
2026-10-02T06:53:00Z,29.005015,0.0000515,60,25.6125
2026-10-02T06:54:00Z,29.0049883,0.000064,60,25.5625
2026-10-02T06:55:00Z,29.004985,0.0000515,60,25.5625
2026-10-02T06:56:00Z,29.0050133,0.0000536,60,25.5625
2026-10-02T06:57:00Z,29.0049783,0.0000825,60,25.5625
2026-10-02T06:58:00Z,29.0049667,0.0000572,60,25.5625
2026-10-02T06:59:00Z,29.0050117,0.000049,60,25.5625
2026-10-02T07:00:00Z,29.0049917,0.0000645,60,25.5625
2026-10-02T07:01:00Z,29.004975,0.0000571,60,25.5625
2026-10-02T07:02:00Z,29.0049767,0.0000465,60,25.5625
2026-10-02T07:03:00Z,29.00508,0.0000684,60,25.5625
2026-10-02T07:04:00Z,29.0050367,0.0000802,60,25.5625
2026-10-02T07:05:00Z,29.004995,0.0000622,60,25.5625
2026-10-02T07:06:00Z,29.005035,0.0000606,60,25.5625
2026-10-02T07:07:00Z,29.00503,0.0000619,60,25.5375
2026-10-02T07:08:00Z,29.005065,0.0000577,60,25.5
2026-10-02T07:09:00Z,29.00508,0.0000659,60,25.5
2026-10-02T07:10:00Z,29.00501,0.0000511,60,25.5
2026-10-02T07:11:00Z,29.004995,0.0000467,60,25.5
2026-10-02T07:12:00Z,29.005085,0.0000633,60,25.5
2026-10-02T07:13:00Z,29.0051133,0.0000596,60,25.5
2026-10-02T07:14:00Z,29.0050917,0.0000645,60,25.5
2026-10-02T07:15:00Z,29.0051,0.0000611,60,25.5
2026-10-02T07:16:00Z,29.0050467,0.0000536,60,25.5
2026-10-02T07:17:00Z,29.0050667,0.0000542,60,25.5
2026-10-02T07:18:00Z,29.0050533,0.0000676,60,25.5
2026-10-02T07:19:00Z,29.0050683,0.0000701,60,25.5
2026-10-02T07:20:00Z,29.00509,0.0000656,60,25.4375
2026-10-02T07:21:00Z,29.0050833,0.0000587,60,25.4375
2026-10-02T07:22:00Z,29.0051117,0.000064,60,25.4375
2026-10-02T07:23:00Z,29.005065,0.0000606,60,25.4375
2026-10-02T07:24:00Z,29.0050576,0.0000593,59,25.4375
2026-10-02T07:25:00Z,29.0050767,0.0000563,60,25.4375
2026-10-02T07:26:00Z,29.005095,0.0000746,60,25.4375
2026-10-02T07:27:00Z,29.0050633,0.000052,60,25.4375
2026-10-02T07:28:00Z,29.0051017,0.0000567,60,25.4375
2026-10-02T07:29:00Z,29.0051083,0.0000591,60,25.4375
2026-10-02T07:30:00Z,29.005075,0.0000541,60,25.4375
2026-10-02T07:31:00Z,29.0050533,0.0000724,60,25.4375
2026-10-02T07:32:00Z,29.0050033,0.0000581,60,25.4375
2026-10-02T07:33:00Z,29.0050017,0.0000624,60,25.4
2026-10-02T07:34:00Z,29.0050667,0.0000542,60,25.375
2026-10-02T07:35:00Z,29.0050767,0.0000563,60,25.375
2026-10-02T07:36:00Z,29.0051183,0.0000567,60,25.375
2026-10-02T07:37:00Z,29.0050867,0.0000566,60,25.375
2026-10-02T07:38:00Z,29.0051133,0.000065,60,25.375
2026-10-02T07:39:00Z,29.00505,0.0000537,60,25.375
2026-10-02T07:40:00Z,29.0050717,0.0000555,60,25.375
2026-10-02T07:41:00Z,29.005045,0.0000534,60,25.375
2026-10-02T07:42:00Z,29.0050983,0.0000596,60,25.375
2026-10-02T07:43:00Z,29.00506,0.0000867,60,25.375
2026-10-02T07:44:00Z,29.005155,0.0000649,60,25.375
2026-10-02T07:45:00Z,29.0050717,0.0000613,60,25.375
2026-10-02T07:46:00Z,29.0050467,0.0000623,60,25.375
2026-10-02T07:47:00Z,29.00511,0.0000543,60,25.375
2026-10-02T07:48:00Z,29.0051483,0.0000567,60,25.375
2026-10-02T07:49:00Z,29.00512,0.0000732,60,25.325
2026-10-02T07:50:00Z,29.0050967,0.000052,60,25.3125
2026-10-02T07:51:00Z,29.00511,0.0000511,60,25.3125
2026-10-02T07:52:00Z,29.0050683,0.0000537,60,25.3125
2026-10-02T07:53:00Z,29.00507,0.0000497,60,25.3125
2026-10-02T07:54:00Z,29.0050883,0.0000454,60,25.3125
2026-10-02T07:55:00Z,29.0051033,0.0000551,60,25.3125
2026-10-02T07:56:00Z,29.0051783,0.0000691,60,25.3125
2026-10-02T07:57:00Z,29.0051817,0.000077,60,25.3125
2026-10-02T07:58:00Z,29.0051417,0.0000497,60,25.3125
2026-10-02T07:59:00Z,29.00509,0.000063,60,25.3125
2026-10-02T08:00:00Z,29.0051133,0.000065,60,25.3125
2026-10-02T08:01:00Z,29.0051417,0.0000497,60,25.3125
2026-10-02T08:02:00Z,29.0051683,0.0000596,60,25.3125
2026-10-02T08:03:00Z,29.0051733,0.00008,60,25.3125
2026-10-02T08:04:00Z,29.005165,0.0000577,60,25.3125
2026-10-02T08:05:00Z,29.0051583,0.0000591,60,25.3125
2026-10-02T08:06:00Z,29.00518,0.0000576,60,25.2875
2026-10-02T08:07:00Z,29.005185,0.0000577,60,25.25
2026-10-02T08:08:00Z,29.0051117,0.0000524,60,25.25
2026-10-02T08:09:00Z,29.005125,0.0000508,60,25.25
2026-10-02T08:10:00Z,29.0051917,0.0000743,60,25.25
2026-10-02T08:11:00Z,29.005175,0.0000571,60,25.25
2026-10-02T08:12:00Z,29.0051367,0.0000637,60,25.25
2026-10-02T08:13:00Z,29.0051373,0.0000584,59,25.25
2026-10-02T08:14:00Z,29.0051783,0.0000761,60,25.25
2026-10-02T08:15:00Z,29.0051333,0.0000542,60,25.25
2026-10-02T08:16:00Z,29.005225,0.000068,60,25.25
2026-10-02T08:17:00Z,29.00517,0.0000619,60,25.25
2026-10-02T08:18:00Z,29.0051483,0.0000567,60,25.25
2026-10-02T08:19:00Z,29.005135,0.0000659,60,25.25
2026-10-02T08:20:00Z,29.0050983,0.0000567,60,25.25
2026-10-02T08:21:00Z,29.0050667,0.000051,60,25.2375
2026-10-02T08:22:00Z,29.0050867,0.0000536,60,25.1875
2026-10-02T08:23:00Z,29.0050967,0.0000637,60,25.1875
2026-10-02T08:24:00Z,29.005075,0.00006,60,25.1875
2026-10-02T08:25:00Z,29.0051067,0.0000548,60,25.1875
2026-10-02T08:26:00Z,29.00512,0.0000576,60,25.1875
2026-10-02T08:27:00Z,29.00514,0.0000669,60,25.1875
2026-10-02T08:28:00Z,29.0051333,0.0000572,60,25.1875
2026-10-02T08:29:00Z,29.0051483,0.0000596,60,25.1875
2026-10-02T08:30:00Z,29.0051867,0.0000503,60,25.1875
2026-10-02T08:31:00Z,29.005105,0.0000649,60,25.1875
2026-10-02T08:32:00Z,29.005065,0.0000515,60,25.1875
2026-10-02T08:33:00Z,29.00504,0.0000616,60,25.1875
2026-10-02T08:34:00Z,29.0051383,0.0000613,60,25.1875
2026-10-02T08:35:00Z,29.0051483,0.0000504,60,25.175
2026-10-02T08:36:00Z,29.0051267,0.0000733,60,25.125
2026-10-02T08:37:00Z,29.00518,0.0000514,60,25.125
2026-10-02T08:38:00Z,29.00523,0.0000561,60,25.125
2026-10-02T08:39:00Z,29.0051783,0.0000691,60,25.125
2026-10-02T08:40:00Z,29.005195,0.0000594,60,25.125
2026-10-02T08:41:00Z,29.005195,0.0000467,60,25.125
2026-10-02T08:42:00Z,29.0051667,0.0000542,60,25.125
2026-10-02T08:43:00Z,29.0051217,0.0000585,60,25.125
2026-10-02T08:44:00Z,29.005185,0.0000606,60,25.125
2026-10-02T08:45:00Z,29.0051333,0.0000629,60,25.125
2026-10-02T08:46:00Z,29.0051767,0.0000698,60,25.125
2026-10-02T08:47:00Z,29.005205,0.000079,60,25.125
2026-10-02T08:48:00Z,29.00508,0.0000546,60,25.125
2026-10-02T08:49:00Z,29.0051083,0.0000424,60,25.1125
2026-10-02T08:50:00Z,29.0052133,0.0000503,60,25.1
2026-10-02T08:51:00Z,29.0051833,0.0000557,60,25.0625
2026-10-02T08:52:00Z,29.0052317,0.0000676,60,25.0625
2026-10-02T08:53:00Z,29.0051783,0.0000715,60,25.0625
2026-10-02T08:54:00Z,29.0051333,0.0000572,60,25.0625
2026-10-02T08:55:00Z,29.005145,0.0000622,60,25.0625
2026-10-02T08:56:00Z,29.005135,0.0000577,60,25.0625
2026-10-02T08:57:00Z,29.0051817,0.0000596,60,25.0625
2026-10-02T08:58:00Z,29.0051317,0.0000567,60,25.0625
2026-10-02T08:59:00Z,29.0051867,0.0000623,60,25.0625
2026-10-02T09:00:00Z,29.0051867,0.0000536,60,25.0625
2026-10-02T09:01:00Z,29.0051717,0.0000691,60,25.0625
2026-10-02T09:02:00Z,29.0051542,0.0000652,59,25.0625
2026-10-02T09:03:00Z,29.0051767,0.0000593,60,25.0625
2026-10-02T09:04:00Z,29.0051117,0.0000555,60,25.05
2026-10-02T09:05:00Z,29.005105,0.0000622,60,25.0
2026-10-02T09:06:00Z,29.0051183,0.0000701,60,25.0
2026-10-02T09:07:00Z,29.005145,0.0000723,60,25.0
2026-10-02T09:08:00Z,29.0051317,0.0000651,60,25.0
2026-10-02T09:09:00Z,29.005125,0.0000571,60,25.0
2026-10-02T09:10:00Z,29.0051533,0.00007,60,25.0
2026-10-02T09:11:00Z,29.0051833,0.0000587,60,25.0
2026-10-02T09:12:00Z,29.005175,0.0000541,60,25.0
2026-10-02T09:13:00Z,29.0051583,0.0000645,60,25.0
2026-10-02T09:14:00Z,29.0051383,0.0000666,60,25.0
2026-10-02T09:15:00Z,29.00516,0.0000764,60,25.0
2026-10-02T09:16:00Z,29.0052283,0.0000613,60,25.0
2026-10-02T09:17:00Z,29.0051417,0.0000619,60,24.975
2026-10-02T09:18:00Z,29.0052067,0.000066,60,24.9375
2026-10-02T09:19:00Z,29.0052383,0.0000761,60,24.9375
2026-10-02T09:20:00Z,29.005225,0.0000541,60,24.9375
2026-10-02T09:21:00Z,29.00516,0.0000588,60,24.9375
2026-10-02T09:22:00Z,29.0051517,0.0000624,60,24.9375
2026-10-02T09:23:00Z,29.0051633,0.000052,60,24.9375
2026-10-02T09:24:00Z,29.005165,0.0000606,60,24.9375
2026-10-02T09:25:00Z,29.00515,0.0000537,60,24.9375
2026-10-02T09:26:00Z,29.0051667,0.0000601,60,24.9375
2026-10-02T09:27:00Z,29.0051417,0.000053,60,24.9375
2026-10-02T09:28:00Z,29.005225,0.0000571,60,24.9375
2026-10-02T09:29:00Z,29.0051333,0.0000572,60,24.9375
2026-10-02T09:30:00Z,29.00515,0.0000701,60,24.9375
2026-10-02T09:31:00Z,29.00524,0.0000616,60,24.9125
2026-10-02T09:32:00Z,29.0051967,0.000061,60,24.925
2026-10-02T09:33:00Z,29.005205,0.0000723,60,24.875
2026-10-02T09:34:00Z,29.0051533,0.000065,60,24.875
2026-10-02T09:35:00Z,29.005225,0.0000728,60,24.875
2026-10-02T09:36:00Z,29.0052433,0.0000621,60,24.875
2026-10-02T09:37:00Z,29.0052317,0.0000504,60,24.875
2026-10-02T09:38:00Z,29.005285,0.0000547,60,24.875
2026-10-02T09:39:00Z,29.0053167,0.0000668,60,24.875
2026-10-02T09:40:00Z,29.0053733,0.0000548,60,24.875
2026-10-02T09:41:00Z,29.0054033,0.0000736,60,24.875
2026-10-02T09:42:00Z,29.00541,0.0000681,60,24.875
2026-10-02T09:43:00Z,29.0054367,0.000061,60,24.875
2026-10-02T09:44:00Z,29.0053367,0.0000688,60,24.875
2026-10-02T09:45:00Z,29.00533,0.0000619,60,24.875
2026-10-02T09:46:00Z,29.005275,0.0000816,60,24.875
2026-10-02T09:47:00Z,29.005285,0.0000577,60,24.875
2026-10-02T09:48:00Z,29.0053183,0.0000431,60,24.875
2026-10-02T09:49:00Z,29.0052683,0.0000748,60,24.875
2026-10-02T09:50:00Z,29.0052917,0.0000766,60,24.875
2026-10-02T09:51:00Z,29.0053085,0.0000566,59,24.8625
2026-10-02T09:52:00Z,29.0053367,0.000052,60,24.85
2026-10-02T09:53:00Z,29.005345,0.0000746,60,24.8375
2026-10-02T09:54:00Z,29.0053,0.0000582,60,24.8125
2026-10-02T09:55:00Z,29.00532,0.0000514,60,24.8125
2026-10-02T09:56:00Z,29.0053517,0.0000624,60,24.8125
2026-10-02T09:57:00Z,29.0054133,0.0000812,60,24.8125
2026-10-02T09:58:00Z,29.0053483,0.0000624,60,24.8125
2026-10-02T09:59:00Z,29.00532,0.0000546,60,24.8125
2026-10-02T10:00:00Z,29.005435,0.0000606,60,24.8125
2026-10-02T10:01:00Z,29.005425,0.0000654,60,24.8125
2026-10-02T10:02:00Z,29.0053933,0.000066,60,24.8125
2026-10-02T10:03:00Z,29.0053417,0.0000497,60,24.8125
2026-10-02T10:04:00Z,29.0052767,0.0000621,60,24.8125
2026-10-02T10:05:00Z,29.0053633,0.0000637,60,24.8125
2026-10-02T10:06:00Z,29.0052933,0.0000516,60,24.8125
2026-10-02T10:07:00Z,29.00524,0.0000764,60,24.8125
2026-10-02T10:08:00Z,29.00525,0.0000624,60,24.8125
2026-10-02T10:09:00Z,29.0052517,0.0000676,60,24.8125
2026-10-02T10:10:00Z,29.0052433,0.0000621,60,24.8125
2026-10-02T10:11:00Z,29.0052233,0.0000593,60,24.8125
2026-10-02T10:12:00Z,29.00528,0.0000514,60,24.8125
2026-10-02T10:13:00Z,29.0052783,0.000064,60,24.8125
2026-10-02T10:14:00Z,29.0052433,0.0000673,60,24.8125
2026-10-02T10:15:00Z,29.005235,0.0000577,60,24.8125
2026-10-02T10:16:00Z,29.0052233,0.0000593,60,24.8125
2026-10-02T10:17:00Z,29.0052383,0.0000524,60,24.8125
2026-10-02T10:18:00Z,29.0053067,0.0000578,60,24.8125
2026-10-02T10:19:00Z,29.0053167,0.0000493,60,24.8125
2026-10-02T10:20:00Z,29.0052683,0.0000676,60,24.8125
2026-10-02T10:21:00Z,29.00529,0.0000543,60,24.8125
2026-10-02T10:22:00Z,29.0052783,0.0000825,60,24.8125
2026-10-02T10:23:00Z,29.0053417,0.000053,60,24.8125
2026-10-02T10:24:00Z,29.0052783,0.0000454,60,24.8125
2026-10-02T10:25:00Z,29.0052617,0.0000585,60,24.8
2026-10-02T10:26:00Z,29.0052867,0.0000676,60,24.775
2026-10-02T10:27:00Z,29.0052517,0.0000676,60,24.75
2026-10-02T10:28:00Z,29.0052283,0.0000555,60,24.75
2026-10-02T10:29:00Z,29.0052783,0.0000524,60,24.75
2026-10-02T10:30:00Z,29.0052483,0.0000567,60,24.75
2026-10-02T10:31:00Z,29.0052083,0.0000497,60,24.75
2026-10-02T10:32:00Z,29.005235,0.0000577,60,24.75
2026-10-02T10:33:00Z,29.0052067,0.0000548,60,24.75
2026-10-02T10:34:00Z,29.0052033,0.000061,60,24.75
2026-10-02T10:35:00Z,29.0052783,0.0000524,60,24.75
2026-10-02T10:36:00Z,29.0052333,0.0000572,60,24.75
2026-10-02T10:37:00Z,29.005295,0.0000594,60,24.75
2026-10-02T10:38:00Z,29.0052483,0.0000676,60,24.75
2026-10-02T10:39:00Z,29.0052339,0.0000801,59,24.75
2026-10-02T10:40:00Z,29.0051817,0.000077,60,24.75
2026-10-02T10:41:00Z,29.0052283,0.0000715,60,24.75
2026-10-02T10:42:00Z,29.0052533,0.0000596,60,24.75
2026-10-02T10:43:00Z,29.0052633,0.000052,60,24.7375
2026-10-02T10:44:00Z,29.0053017,0.0000537,60,24.7
2026-10-02T10:45:00Z,29.0052833,0.0000493,60,24.6875
2026-10-02T10:46:00Z,29.0052917,0.0000645,60,24.6875
2026-10-02T10:47:00Z,29.0052867,0.0000596,60,24.6875
2026-10-02T10:48:00Z,29.00526,0.0000616,60,24.6875
2026-10-02T10:49:00Z,29.0052167,0.0000493,60,24.6875
2026-10-02T10:50:00Z,29.005255,0.0000565,60,24.6875
2026-10-02T10:51:00Z,29.0053033,0.000041,60,24.6875
2026-10-02T10:52:00Z,29.0052833,0.0000457,60,24.6875
2026-10-02T10:53:00Z,29.005275,0.0000628,60,24.6875
2026-10-02T10:54:00Z,29.0052417,0.0000561,60,24.6875
2026-10-02T10:55:00Z,29.0052567,0.0000563,60,24.6875
2026-10-02T10:56:00Z,29.00527,0.0000497,60,24.6875
2026-10-02T10:57:00Z,29.005335,0.0000577,60,24.6875
2026-10-02T10:58:00Z,29.0052917,0.0000334,60,24.6875
2026-10-02T10:59:00Z,29.0052417,0.0000645,60,24.6875
2026-10-02T11:00:00Z,29.0052733,0.0000607,60,24.6875
2026-10-02T11:01:00Z,29.0052417,0.000072,60,24.6625
2026-10-02T11:02:00Z,29.0052833,0.0000493,60,24.625
2026-10-02T11:03:00Z,29.00533,0.0000591,60,24.625
2026-10-02T11:04:00Z,29.0053333,0.0000542,60,24.625
2026-10-02T11:05:00Z,29.0053133,0.0000536,60,24.625
2026-10-02T11:06:00Z,29.0053083,0.0000424,60,24.625
2026-10-02T11:07:00Z,29.0053133,0.0000468,60,24.625
2026-10-02T11:08:00Z,29.0053033,0.000045,60,24.625
2026-10-02T11:09:00Z,29.0053517,0.0000567,60,24.625
2026-10-02T11:10:00Z,29.0053433,0.0000563,60,24.625
2026-10-02T11:11:00Z,29.005415,0.0000606,60,24.625
2026-10-02T11:12:00Z,29.0053717,0.0000524,60,24.625
2026-10-02T11:13:00Z,29.0053717,0.0000555,60,24.625
2026-10-02T11:14:00Z,29.0053883,0.0000613,60,24.625
2026-10-02T11:15:00Z,29.00543,0.0000561,60,24.625
2026-10-02T11:16:00Z,29.0054,0.0000412,60,24.625
2026-10-02T11:17:00Z,29.0054567,0.0000647,60,24.625
2026-10-02T11:18:00Z,29.00543,0.0000561,60,24.625
2026-10-02T11:19:00Z,29.0053867,0.0000596,60,24.6125
2026-10-02T11:20:00Z,29.0054417,0.0000591,60,24.5625
2026-10-02T11:21:00Z,29.005375,0.0000654,60,24.5625
2026-10-02T11:22:00Z,29.00537,0.0000561,60,24.5625
2026-10-02T11:23:00Z,29.0053783,0.0000524,60,24.5625
2026-10-02T11:24:00Z,29.0054617,0.0000691,60,24.5625
2026-10-02T11:25:00Z,29.0054333,0.0000572,60,24.5625
2026-10-02T11:26:00Z,29.0053817,0.0000596,60,24.5625
2026-10-02T11:27:00Z,29.005378,0.0000494,59,24.5625
2026-10-02T11:28:00Z,29.0053517,0.0000596,60,24.5625
2026-10-02T11:29:00Z,29.00534,0.0000785,60,24.5625
2026-10-02T11:30:00Z,29.0053233,0.0000851,60,24.5625
2026-10-02T11:31:00Z,29.005385,0.0000547,60,24.5625
2026-10-02T11:32:00Z,29.0053817,0.0000725,60,24.5625
2026-10-02T11:33:00Z,29.005435,0.0000633,60,24.5625
2026-10-02T11:34:00Z,29.0054367,0.0000486,60,24.5625
2026-10-02T11:35:00Z,29.0054283,0.0000691,60,24.5625
2026-10-02T11:36:00Z,29.0053633,0.000061,60,24.5625
2026-10-02T11:37:00Z,29.005365,0.0000685,60,24.5625
2026-10-02T11:38:00Z,29.005405,0.0000565,60,24.5625
2026-10-02T11:39:00Z,29.00544,0.0000643,60,24.5625
2026-10-02T11:40:00Z,29.0054483,0.0000567,60,24.5625
2026-10-02T11:41:00Z,29.0053783,0.0000585,60,24.525
2026-10-02T11:42:00Z,29.0054533,0.000065,60,24.525
2026-10-02T11:43:00Z,29.0054917,0.000053,60,24.5
2026-10-02T11:44:00Z,29.0055167,0.0000587,60,24.5
2026-10-02T11:45:00Z,29.0055233,0.0000767,60,24.5
2026-10-02T11:46:00Z,29.00549,0.0000602,60,24.5
2026-10-02T11:47:00Z,29.005475,0.0000571,60,24.5
2026-10-02T11:48:00Z,29.005495,0.0000565,60,24.5
2026-10-02T11:49:00Z,29.00547,0.0000743,60,24.5
2026-10-02T11:50:00Z,29.0054467,0.0000536,60,24.5
2026-10-02T11:51:00Z,29.0054433,0.0000647,60,24.5
2026-10-02T11:52:00Z,29.005435,0.0000577,60,24.5
2026-10-02T11:53:00Z,29.0053183,0.0000596,60,24.5
2026-10-02T11:54:00Z,29.0053433,0.0000533,60,24.5
2026-10-02T11:55:00Z,29.0053817,0.0000813,60,24.5
2026-10-02T11:56:00Z,29.0054983,0.0000701,60,24.5
2026-10-02T11:57:00Z,29.0055333,0.0000816,60,24.5
2026-10-02T11:58:00Z,29.0054533,0.0000566,60,24.525
2026-10-02T11:59:00Z,29.005535,0.0000659,60,24.5375
2026-10-02T12:00:00Z,29.0055167,0.0000557,60,24.5375
2026-10-02T12:01:00Z,29.00551,0.0000796,60,24.5625
2026-10-02T12:02:00Z,29.0055067,0.0000634,60,24.5625
2026-10-02T12:03:00Z,29.0055033,0.000061,60,24.5625
2026-10-02T12:04:00Z,29.0055183,0.0000504,60,24.5625
2026-10-02T12:05:00Z,29.0054083,0.0000619,60,24.5625
2026-10-02T12:06:00Z,29.0054117,0.0000524,60,24.5625
2026-10-02T12:07:00Z,29.0054133,0.0000623,60,24.5625
2026-10-02T12:08:00Z,29.005385,0.0000577,60,24.5625
2026-10-02T12:09:00Z,29.0054683,0.000077,60,24.5625
2026-10-02T12:10:00Z,29.0054333,0.0000572,60,24.5625
2026-10-02T12:11:00Z,29.0054017,0.0000504,60,24.5625
2026-10-02T12:12:00Z,29.0054933,0.0000548,60,24.5625
2026-10-02T12:13:00Z,29.0054167,0.0000668,60,24.5625
2026-10-02T12:14:00Z,29.0054067,0.0000578,60,24.5625
2026-10-02T12:15:00Z,29.00541,0.0000602,60,24.5625
2026-10-02T12:16:00Z,29.0053783,0.000049,60,24.5625
2026-10-02T12:17:00Z,29.0054203,0.0000518,59,24.5625
2026-10-02T12:18:00Z,29.005485,0.0000481,60,24.5625
2026-10-02T12:19:00Z,29.005485,0.0000481,60,24.5625
2026-10-02T12:20:00Z,29.0054833,0.0000587,60,24.5625
2026-10-02T12:21:00Z,29.0055,0.0000638,60,24.5625
2026-10-02T12:22:00Z,29.0054467,0.0000566,60,24.5625
2026-10-02T12:23:00Z,29.0054433,0.00005,60,24.5625
2026-10-02T12:24:00Z,29.00542,0.000048,60,24.5625
2026-10-02T12:25:00Z,29.005435,0.0000515,60,24.5625
2026-10-02T12:26:00Z,29.0054017,0.0000624,60,24.525
2026-10-02T12:27:00Z,29.0053983,0.0000469,60,24.5125
2026-10-02T12:28:00Z,29.00537,0.000053,60,24.5125
2026-10-02T12:29:00Z,29.005405,0.0000502,60,24.5
2026-10-02T12:30:00Z,29.0054383,0.0000761,60,24.5
2026-10-02T12:31:00Z,29.0054517,0.0000567,60,24.5
2026-10-02T12:32:00Z,29.005485,0.0000547,60,24.5
2026-10-02T12:33:00Z,29.005485,0.0000547,60,24.5
2026-10-02T12:34:00Z,29.0054467,0.00007,60,24.5
2026-10-02T12:35:00Z,29.0054433,0.0000647,60,24.5
2026-10-02T12:36:00Z,29.00544,0.0000527,60,24.5
2026-10-02T12:37:00Z,29.0054467,0.0000566,60,24.5
2026-10-02T12:38:00Z,29.0054133,0.0000503,60,24.5
2026-10-02T12:39:00Z,29.0053767,0.0000563,60,24.5
2026-10-02T12:40:00Z,29.0053783,0.0000666,60,24.5
2026-10-02T12:41:00Z,29.0054283,0.0000613,60,24.5
2026-10-02T12:42:00Z,29.0055183,0.0000567,60,24.5
2026-10-02T12:43:00Z,29.005525,0.0000628,60,24.5
2026-10-02T12:44:00Z,29.005485,0.0000481,60,24.5
2026-10-02T12:45:00Z,29.00548,0.0000732,60,24.5
2026-10-02T12:46:00Z,29.0054467,0.0000676,60,24.5
2026-10-02T12:47:00Z,29.0054833,0.0000615,60,24.5
2026-10-02T12:48:00Z,29.005475,0.0000571,60,24.5
2026-10-02T12:49:00Z,29.0055083,0.0000591,60,24.5
2026-10-02T12:50:00Z,29.005485,0.0000515,60,24.5
2026-10-02T12:51:00Z,29.0054467,0.0000596,60,24.5
2026-10-02T12:52:00Z,29.00546,0.0000669,60,24.5
2026-10-02T12:53:00Z,29.00547,0.000053,60,24.5
2026-10-02T12:54:00Z,29.0054867,0.0000503,60,24.5
2026-10-02T12:55:00Z,29.0054883,0.0000524,60,24.4625
2026-10-02T12:56:00Z,29.0055083,0.0000462,60,24.45
2026-10-02T12:57:00Z,29.0055183,0.0000567,60,24.4375
2026-10-02T12:58:00Z,29.005465,0.0000515,60,24.4375
2026-10-02T12:59:00Z,29.0054967,0.0000581,60,24.4375
2026-10-02T13:00:00Z,29.0055083,0.0000497,60,24.4375
2026-10-02T13:01:00Z,29.0054617,0.0000585,60,24.4375
2026-10-02T13:02:00Z,29.0054783,0.000049,60,24.4375
2026-10-02T13:03:00Z,29.0054933,0.0000548,60,24.4375
2026-10-02T13:04:00Z,29.00547,0.000053,60,24.4375
2026-10-02T13:05:00Z,29.0053817,0.0000504,60,24.4375
2026-10-02T13:06:00Z,29.0053864,0.000054,59,24.4375
2026-10-02T13:07:00Z,29.0054483,0.0000651,60,24.4375
2026-10-02T13:08:00Z,29.00554,0.0000558,60,24.4375
2026-10-02T13:09:00Z,29.0054767,0.0000533,60,24.4375
2026-10-02T13:10:00Z,29.0055233,0.00005,60,24.4375
2026-10-02T13:11:00Z,29.0055267,0.0000686,60,24.4375
2026-10-02T13:12:00Z,29.0054917,0.0000591,60,24.4375
2026-10-02T13:13:00Z,29.0054767,0.0000698,60,24.4375
2026-10-02T13:14:00Z,29.0054567,0.00005,60,24.4375
2026-10-02T13:15:00Z,29.00543,0.0000591,60,24.4375
2026-10-02T13:16:00Z,29.0053917,0.0000591,60,24.4375
2026-10-02T13:17:00Z,29.0054617,0.0000524,60,24.4375
2026-10-02T13:18:00Z,29.005465,0.0000633,60,24.4375
2026-10-02T13:19:00Z,29.0054867,0.0000468,60,24.4375
2026-10-02T13:20:00Z,29.0054133,0.0000566,60,24.4375
2026-10-02T13:21:00Z,29.0054417,0.000053,60,24.4375
2026-10-02T13:22:00Z,29.0054883,0.0000524,60,24.4375
2026-10-02T13:23:00Z,29.0054833,0.0000376,60,24.4375
2026-10-02T13:24:00Z,29.0054433,0.0000533,60,24.425
2026-10-02T13:25:00Z,29.00548,0.0000659,60,24.4125
2026-10-02T13:26:00Z,29.0055533,0.0000833,60,24.4
2026-10-02T13:27:00Z,29.0055617,0.0000555,60,24.375
2026-10-02T13:28:00Z,29.0055817,0.0000537,60,24.3875
2026-10-02T13:29:00Z,29.0055433,0.0000533,60,24.3875
2026-10-02T13:30:00Z,29.0055083,0.0000619,60,24.375
2026-10-02T13:31:00Z,29.0055567,0.0000831,60,24.4125
2026-10-02T13:32:00Z,29.0056033,0.0000663,60,24.425
2026-10-02T13:33:00Z,29.005555,0.0000746,60,24.4375
2026-10-02T13:34:00Z,29.00551,0.0000477,60,24.4375
2026-10-02T13:35:00Z,29.0055133,0.0000536,60,24.4375
2026-10-02T13:36:00Z,29.005525,0.0000628,60,24.4375
2026-10-02T13:37:00Z,29.00548,0.0000576,60,24.4375
2026-10-02T13:38:00Z,29.0055817,0.0000725,60,24.4375
2026-10-02T13:39:00Z,29.005505,0.0000675,60,24.4375
2026-10-02T13:40:00Z,29.0054717,0.000064,60,24.4375
2026-10-02T13:41:00Z,29.005495,0.0000565,60,24.4375
2026-10-02T13:42:00Z,29.0055117,0.0000555,60,24.4375
2026-10-02T13:43:00Z,29.005515,0.0000577,60,24.4375
2026-10-02T13:44:00Z,29.00554,0.0000848,60,24.4375
2026-10-02T13:45:00Z,29.00559,0.0000543,60,24.4375
2026-10-02T13:46:00Z,29.0055733,0.000066,60,24.4375
2026-10-02T13:47:00Z,29.005525,0.0000773,60,24.4375
2026-10-02T13:48:00Z,29.005575,0.0000628,60,24.4375
2026-10-02T13:49:00Z,29.00556,0.0000588,60,24.4375
2026-10-02T13:50:00Z,29.0055317,0.0000596,60,24.4375
2026-10-02T13:51:00Z,29.005485,0.0000577,60,24.4375
2026-10-02T13:52:00Z,29.0054667,0.0000542,60,24.4375
2026-10-02T13:53:00Z,29.0054583,0.0000497,60,24.4375
2026-10-02T13:54:00Z,29.005445,0.0000622,60,24.4375
2026-10-02T13:55:00Z,29.0054695,0.0000534,59,24.4375
2026-10-02T13:56:00Z,29.00546,0.0000558,60,24.4375
2026-10-02T13:57:00Z,29.0054883,0.0000524,60,24.4375
2026-10-02T13:58:00Z,29.0054217,0.0000555,60,24.4375
2026-10-02T13:59:00Z,29.0054467,0.0000536,60,24.4375
2026-10-02T14:00:00Z,29.0054617,0.0000613,60,24.4375
2026-10-02T14:01:00Z,29.0054767,0.0000563,60,24.4375
2026-10-02T14:02:00Z,29.00554,0.0000741,60,24.4375
2026-10-02T14:03:00Z,29.0055117,0.0000613,60,24.4375
2026-10-02T14:04:00Z,29.0055417,0.0000787,60,24.4375
2026-10-02T14:05:00Z,29.0055183,0.0000676,60,24.4375
2026-10-02T14:06:00Z,29.0054717,0.0000524,60,24.4375
2026-10-02T14:07:00Z,29.0054933,0.0000548,60,24.4375
2026-10-02T14:08:00Z,29.0055,0.0000487,60,24.4375
2026-10-02T14:09:00Z,29.00542,0.0000732,60,24.4375
2026-10-02T14:10:00Z,29.005485,0.0000577,60,24.4375
2026-10-02T14:11:00Z,29.0055267,0.0000482,60,24.4375
2026-10-02T14:12:00Z,29.0055383,0.0000524,60,24.4375
2026-10-02T14:13:00Z,29.0055333,0.0000655,60,24.4375
2026-10-02T14:14:00Z,29.0054583,0.0000591,60,24.4375
2026-10-02T14:15:00Z,29.0054533,0.0000566,60,24.4375
2026-10-02T14:16:00Z,29.0054817,0.0000537,60,24.4375
2026-10-02T14:17:00Z,29.005415,0.0000606,60,24.4375
2026-10-02T14:18:00Z,29.0054183,0.0000469,60,24.4375
2026-10-02T14:19:00Z,29.0054283,0.0000555,60,24.4375
2026-10-02T14:20:00Z,29.0054767,0.0000533,60,24.4375
2026-10-02T14:21:00Z,29.0055283,0.0000524,60,24.4375
2026-10-02T14:22:00Z,29.005525,0.0000474,60,24.4375
2026-10-02T14:23:00Z,29.00553,0.0000671,60,24.4375
2026-10-02T14:24:00Z,29.0054917,0.0000497,60,24.4375
2026-10-02T14:25:00Z,29.0055233,0.0000563,60,24.4125
2026-10-02T14:26:00Z,29.00546,0.0000616,60,24.3875
2026-10-02T14:27:00Z,29.00547,0.0000619,60,24.3875
2026-10-02T14:28:00Z,29.0055167,0.0000493,60,24.375
2026-10-02T14:29:00Z,29.0054833,0.0000587,60,24.375
2026-10-02T14:30:00Z,29.0054567,0.0000593,60,24.375
2026-10-02T14:31:00Z,29.0054683,0.0000596,60,24.375
2026-10-02T14:32:00Z,29.0055067,0.0000634,60,24.375
2026-10-02T14:33:00Z,29.0055367,0.000052,60,24.375
2026-10-02T14:34:00Z,29.0055417,0.0000619,60,24.375
2026-10-02T14:35:00Z,29.0054767,0.0000465,60,24.375
2026-10-02T14:36:00Z,29.0054617,0.0000524,60,24.375
2026-10-02T14:37:00Z,29.0054533,0.0000566,60,24.375
2026-10-02T14:38:00Z,29.0054783,0.0000585,60,24.375
2026-10-02T14:39:00Z,29.0054833,0.0000587,60,24.375
2026-10-02T14:40:00Z,29.0054467,0.0000623,60,24.375
2026-10-02T14:41:00Z,29.0054767,0.0000745,60,24.375
2026-10-02T14:42:00Z,29.0054517,0.0000567,60,24.375
2026-10-02T14:43:00Z,29.005495,0.0000534,60,24.375
2026-10-02T14:44:00Z,29.0054915,0.0000535,59,24.375
2026-10-02T14:45:00Z,29.005545,0.0000622,60,24.375
2026-10-02T14:46:00Z,29.0054567,0.0000533,60,24.375
2026-10-02T14:47:00Z,29.0054433,0.0000593,60,24.375
2026-10-02T14:48:00Z,29.005425,0.0000541,60,24.375
2026-10-02T14:49:00Z,29.0054567,0.00005,60,24.375
2026-10-02T14:50:00Z,29.005445,0.0000565,60,24.375
2026-10-02T14:51:00Z,29.0054317,0.0000567,60,24.375
2026-10-02T14:52:00Z,29.0054417,0.0000619,60,24.375
2026-10-02T14:53:00Z,29.005455,0.0000622,60,24.375
2026-10-02T14:54:00Z,29.0054183,0.0000537,60,24.375
2026-10-02T14:55:00Z,29.0054467,0.0000503,60,24.375
2026-10-02T14:56:00Z,29.00543,0.000053,60,24.375
2026-10-02T14:57:00Z,29.00541,0.0000602,60,24.375
2026-10-02T14:58:00Z,29.005425,0.0000541,60,24.375
2026-10-02T14:59:00Z,29.00544,0.0000527,60,24.375
2026-10-02T15:00:00Z,29.0054633,0.000052,60,24.375
2026-10-02T15:01:00Z,29.005465,0.0000606,60,24.375
2026-10-02T15:02:00Z,29.0054817,0.0000537,60,24.375
2026-10-02T15:03:00Z,29.0054933,0.0000548,60,24.375
2026-10-02T15:04:00Z,29.0055433,0.0000647,60,24.375
2026-10-02T15:05:00Z,29.0054983,0.0000651,60,24.375
2026-10-02T15:06:00Z,29.0054467,0.0000503,60,24.375
2026-10-02T15:07:00Z,29.0055067,0.0000482,60,24.375
2026-10-02T15:08:00Z,29.0054583,0.0000619,60,24.375
2026-10-02T15:09:00Z,29.00546,0.0000643,60,24.375
2026-10-02T15:10:00Z,29.005465,0.0000577,60,24.375
2026-10-02T15:11:00Z,29.005465,0.0000515,60,24.375
2026-10-02T15:12:00Z,29.005465,0.0000659,60,24.375
2026-10-02T15:13:00Z,29.0054533,0.000065,60,24.35
2026-10-02T15:14:00Z,29.0054967,0.0000637,60,24.35
2026-10-02T15:15:00Z,29.005465,0.0000547,60,24.35
2026-10-02T15:16:00Z,29.0054417,0.0000591,60,24.3125
2026-10-02T15:17:00Z,29.0054633,0.0000551,60,24.3125
2026-10-02T15:18:00Z,29.005565,0.0000606,60,24.3375
2026-10-02T15:19:00Z,29.0055133,0.0000596,60,24.3125
2026-10-02T15:20:00Z,29.0055267,0.0000686,60,24.3125
2026-10-02T15:21:00Z,29.0055033,0.0000637,60,24.3125
2026-10-02T15:22:00Z,29.00551,0.0000511,60,24.3125
2026-10-02T15:23:00Z,29.0055083,0.0000696,60,24.3125
2026-10-02T15:24:00Z,29.0054967,0.000052,60,24.3125
2026-10-02T15:25:00Z,29.0055183,0.0000792,60,24.3125
2026-10-02T15:26:00Z,29.0055317,0.0000596,60,24.3125
2026-10-02T15:27:00Z,29.0055017,0.000039,60,24.3125
2026-10-02T15:28:00Z,29.005455,0.0000534,60,24.3125
2026-10-02T15:29:00Z,29.0054383,0.0000585,60,24.3125
2026-10-02T15:30:00Z,29.0054817,0.0000701,60,24.3125
2026-10-02T15:31:00Z,29.0054917,0.000053,60,24.3125
2026-10-02T15:32:00Z,29.0054967,0.0000581,60,24.3125
2026-10-02T15:33:00Z,29.005461,0.0000492,59,24.3125
2026-10-02T15:34:00Z,29.0054933,0.0000578,60,24.3125
2026-10-02T15:35:00Z,29.0054267,0.0000482,60,24.3125
2026-10-02T15:36:00Z,29.0054517,0.0000596,60,24.3125
2026-10-02T15:37:00Z,29.00546,0.0000669,60,24.3125
2026-10-02T15:38:00Z,29.0054833,0.0000526,60,24.3125
2026-10-02T15:39:00Z,29.0054567,0.0000563,60,24.3125
2026-10-02T15:40:00Z,29.0054467,0.0000503,60,24.3125
2026-10-02T15:41:00Z,29.0055117,0.0000613,60,24.3125
2026-10-02T15:42:00Z,29.0055167,0.0000526,60,24.3125
2026-10-02T15:43:00Z,29.0055233,0.0000427,60,24.3125
2026-10-02T15:44:00Z,29.00555,0.0000567,60,24.3125
2026-10-02T15:45:00Z,29.005485,0.0000606,60,24.3125
2026-10-02T15:46:00Z,29.0055917,0.000072,60,24.3125
2026-10-02T15:47:00Z,29.0055933,0.0000548,60,24.3125
2026-10-02T15:48:00Z,29.005595,0.0000565,60,24.3125
2026-10-02T15:49:00Z,29.0056183,0.000077,60,24.3125
2026-10-02T15:50:00Z,29.0056017,0.0000651,60,24.3125
2026-10-02T15:51:00Z,29.00562,0.0000514,60,24.3125
2026-10-02T15:52:00Z,29.0056283,0.0000761,60,24.3125
2026-10-02T15:53:00Z,29.0056783,0.0000739,60,24.3125
2026-10-02T15:54:00Z,29.0056533,0.0000596,60,24.3125
2026-10-02T15:55:00Z,29.0055433,0.00005,60,24.3125
2026-10-02T15:56:00Z,29.0056083,0.0000619,60,24.3
2026-10-02T15:57:00Z,29.0056083,0.0000591,60,24.3125
2026-10-02T15:58:00Z,29.005615,0.0000606,60,24.3125
2026-10-02T15:59:00Z,29.0055867,0.0000623,60,24.275
2026-10-02T16:00:00Z,29.0056783,0.0000613,60,24.2625
2026-10-02T16:01:00Z,29.0056167,0.0000668,60,24.275
2026-10-02T16:02:00Z,29.0056283,0.0000613,60,24.25
2026-10-02T16:03:00Z,29.005645,0.0000565,60,24.25
2026-10-02T16:04:00Z,29.005625,0.0000628,60,24.25
2026-10-02T16:05:00Z,29.0056133,0.000065,60,24.25
2026-10-02T16:06:00Z,29.0055767,0.0000593,60,24.25
2026-10-02T16:07:00Z,29.0055633,0.000061,60,24.25
2026-10-02T16:08:00Z,29.00555,0.0000504,60,24.25
2026-10-02T16:09:00Z,29.005625,0.0000728,60,24.25
2026-10-02T16:10:00Z,29.0056517,0.0000624,60,24.25
2026-10-02T16:11:00Z,29.0056133,0.0000892,60,24.25
2026-10-02T16:12:00Z,29.0055767,0.0000647,60,24.25
2026-10-02T16:13:00Z,29.0055817,0.0000676,60,24.25
2026-10-02T16:14:00Z,29.00556,0.0000616,60,24.25
2026-10-02T16:15:00Z,29.0055333,0.0000572,60,24.25
2026-10-02T16:16:00Z,29.0055867,0.0000566,60,24.25
2026-10-02T16:17:00Z,29.0055933,0.0000516,60,24.25
2026-10-02T16:18:00Z,29.00565,0.0000504,60,24.25
2026-10-02T16:19:00Z,29.0056633,0.0000551,60,24.25
2026-10-02T16:20:00Z,29.00571,0.000073,60,24.25
2026-10-02T16:21:00Z,29.0057333,0.0000774,60,24.25
2026-10-02T16:22:00Z,29.0057067,0.0000607,60,24.25
2026-10-02T16:23:00Z,29.0057576,0.000077,59,24.25
2026-10-02T16:24:00Z,29.0056683,0.0000624,60,24.25
2026-10-02T16:25:00Z,29.005675,0.0000508,60,24.25
2026-10-02T16:26:00Z,29.0056533,0.0000566,60,24.25
2026-10-02T16:27:00Z,29.0056283,0.0000761,60,24.25
2026-10-02T16:28:00Z,29.005635,0.0000577,60,24.25
2026-10-02T16:29:00Z,29.0055783,0.0000585,60,24.2625
2026-10-02T16:30:00Z,29.0055917,0.0000671,60,24.2875
2026-10-02T16:31:00Z,29.0055917,0.0000619,60,24.3125
2026-10-02T16:32:00Z,29.0055183,0.0000676,60,24.3125
2026-10-02T16:33:00Z,29.005625,0.0000628,60,24.3125
2026-10-02T16:34:00Z,29.005655,0.0000565,60,24.3125
2026-10-02T16:35:00Z,29.0057383,0.0000524,60,24.3125
2026-10-02T16:36:00Z,29.0057583,0.0000696,60,24.3125
2026-10-02T16:37:00Z,29.0057283,0.0000613,60,24.3125
2026-10-02T16:38:00Z,29.0057133,0.0000724,60,24.3125
2026-10-02T16:39:00Z,29.00559,0.0000681,60,24.3125
2026-10-02T16:40:00Z,29.0055783,0.0000585,60,24.3125
2026-10-02T16:41:00Z,29.00558,0.000048,60,24.3125
2026-10-02T16:42:00Z,29.0056167,0.0000526,60,24.3125
2026-10-02T16:43:00Z,29.0055383,0.0000555,60,24.35
2026-10-02T16:44:00Z,29.005545,0.0000565,60,24.375
2026-10-02T16:45:00Z,29.0055533,0.0000676,60,24.375
2026-10-02T16:46:00Z,29.00556,0.0000616,60,24.375
2026-10-02T16:47:00Z,29.0055233,0.0000533,60,24.375
2026-10-02T16:48:00Z,29.0055417,0.0000561,60,24.375
2026-10-02T16:49:00Z,29.0055433,0.0000593,60,24.375
2026-10-02T16:50:00Z,29.00549,0.000044,60,24.375
2026-10-02T16:51:00Z,29.005535,0.0000755,60,24.375
2026-10-02T16:52:00Z,29.0056217,0.0000585,60,24.375
2026-10-02T16:53:00Z,29.0055417,0.0000619,60,24.375
2026-10-02T16:54:00Z,29.0055467,0.0000536,60,24.375
2026-10-02T16:55:00Z,29.0055483,0.0000567,60,24.375
2026-10-02T16:56:00Z,29.00554,0.0000616,60,24.375
2026-10-02T16:57:00Z,29.0055783,0.0000666,60,24.375
2026-10-02T16:58:00Z,29.0055333,0.0000542,60,24.375
2026-10-02T16:59:00Z,29.005515,0.0000444,60,24.375
2026-10-02T17:00:00Z,29.005545,0.0000502,60,24.375
2026-10-02T17:01:00Z,29.0055433,0.0000563,60,24.375
2026-10-02T17:02:00Z,29.0056317,0.0000537,60,24.375
2026-10-02T17:03:00Z,29.005615,0.0000577,60,24.375
2026-10-02T17:04:00Z,29.005615,0.0000606,60,24.375
2026-10-02T17:05:00Z,29.0055817,0.0000567,60,24.375
2026-10-02T17:06:00Z,29.00559,0.0000796,60,24.375
2026-10-02T17:07:00Z,29.0055767,0.0000621,60,24.375
2026-10-02T17:08:00Z,29.0055417,0.000053,60,24.375
2026-10-02T17:09:00Z,29.0055633,0.0000551,60,24.375
2026-10-02T17:10:00Z,29.005545,0.0000622,60,24.375
2026-10-02T17:11:00Z,29.0054717,0.0000585,60,24.375
2026-10-02T17:12:00Z,29.0055831,0.0000647,59,24.375
2026-10-02T17:13:00Z,29.005545,0.0000534,60,24.375
2026-10-02T17:14:00Z,29.0056233,0.0000593,60,24.375
2026-10-02T17:15:00Z,29.0056417,0.0000561,60,24.375
2026-10-02T17:16:00Z,29.005645,0.0000622,60,24.375
2026-10-02T17:17:00Z,29.00563,0.0000591,60,24.375
2026-10-02T17:18:00Z,29.00563,0.000053,60,24.375
2026-10-02T17:19:00Z,29.0056417,0.0000696,60,24.375
2026-10-02T17:20:00Z,29.0056133,0.0000596,60,24.375
2026-10-02T17:21:00Z,29.0056033,0.000045,60,24.375
2026-10-02T17:22:00Z,29.005585,0.0000444,60,24.375
2026-10-02T17:23:00Z,29.0056067,0.0000578,60,24.375
2026-10-02T17:24:00Z,29.0056233,0.0000593,60,24.375
2026-10-02T17:25:00Z,29.0055933,0.0000578,60,24.375
2026-10-02T17:26:00Z,29.0056283,0.0000555,60,24.375
2026-10-02T17:27:00Z,29.005665,0.0000606,60,24.375
2026-10-02T17:28:00Z,29.0056333,0.0000705,60,24.375
2026-10-02T17:29:00Z,29.00562,0.0000514,60,24.375
2026-10-02T17:30:00Z,29.0056533,0.0000536,60,24.375
2026-10-02T17:31:00Z,29.0056,0.0000736,60,24.375
2026-10-02T17:32:00Z,29.00563,0.0000591,60,24.375
2026-10-02T17:33:00Z,29.0056617,0.0000585,60,24.375
2026-10-02T17:34:00Z,29.0056817,0.0000624,60,24.375
2026-10-02T17:35:00Z,29.0056267,0.0000686,60,24.375
2026-10-02T17:36:00Z,29.0057017,0.0000537,60,24.375
2026-10-02T17:37:00Z,29.0056667,0.000051,60,24.375
2026-10-02T17:38:00Z,29.0056833,0.0000615,60,24.375
2026-10-02T17:39:00Z,29.0056933,0.0000607,60,24.375
2026-10-02T17:40:00Z,29.0057133,0.0000676,60,24.375
2026-10-02T17:41:00Z,29.0057,0.0000552,60,24.375
2026-10-02T17:42:00Z,29.005715,0.0000444,60,24.375
2026-10-02T17:43:00Z,29.0057167,0.0000418,60,24.375
2026-10-02T17:44:00Z,29.0056917,0.0000497,60,24.375
2026-10-02T17:45:00Z,29.005715,0.0000515,60,24.375
2026-10-02T17:46:00Z,29.00574,0.0000494,60,24.375
2026-10-02T17:47:00Z,29.0057133,0.0000769,60,24.375
2026-10-02T17:48:00Z,29.0056317,0.0000624,60,24.375
2026-10-02T17:49:00Z,29.0056633,0.0000736,60,24.375
2026-10-02T17:50:00Z,29.0056967,0.0000637,60,24.375
2026-10-02T17:51:00Z,29.0056533,0.0000536,60,24.375
2026-10-02T17:52:00Z,29.0057033,0.000061,60,24.375
2026-10-02T17:53:00Z,29.00569,0.0000796,60,24.375
2026-10-02T17:54:00Z,29.005655,0.0000534,60,24.375
2026-10-02T17:55:00Z,29.00565,0.0000567,60,24.375
2026-10-02T17:56:00Z,29.005675,0.0000628,60,24.3625
2026-10-02T17:57:00Z,29.0056783,0.0000613,60,24.375
2026-10-02T17:58:00Z,29.0057267,0.000066,60,24.375
2026-10-02T17:59:00Z,29.00573,0.000053,60,24.3625
2026-10-02T18:00:00Z,29.005725,0.0000474,60,24.375
2026-10-02T18:01:00Z,29.0057633,0.000052,60,24.3625
2026-10-02T18:02:00Z,29.0057271,0.0000485,59,24.3625
2026-10-02T18:03:00Z,29.0056467,0.0000566,60,24.375
2026-10-02T18:04:00Z,29.00565,0.000077,60,24.375
2026-10-02T18:05:00Z,29.0056633,0.000078,60,24.3625
2026-10-02T18:06:00Z,29.00568,0.0000777,60,24.3625
2026-10-02T18:07:00Z,29.0057033,0.000052,60,24.3625
2026-10-02T18:08:00Z,29.00574,0.0000527,60,24.375
2026-10-02T18:09:00Z,29.0057233,0.0000593,60,24.3625
2026-10-02T18:10:00Z,29.00571,0.0000477,60,24.375
2026-10-02T18:11:00Z,29.0057033,0.000045,60,24.375
2026-10-02T18:12:00Z,29.0057033,0.000052,60,24.375
2026-10-02T18:13:00Z,29.0057633,0.0000637,60,24.375
2026-10-02T18:14:00Z,29.0057217,0.0000555,60,24.375
2026-10-02T18:15:00Z,29.0056833,0.0000693,60,24.375
2026-10-02T18:16:00Z,29.00572,0.0000605,60,24.375
2026-10-02T18:17:00Z,29.0057833,0.0000457,60,24.375
2026-10-02T18:18:00Z,29.0056867,0.000065,60,24.375
2026-10-02T18:19:00Z,29.0057117,0.000064,60,24.375
2026-10-02T18:20:00Z,29.005695,0.0000534,60,24.375
2026-10-02T18:21:00Z,29.0057517,0.0000567,60,24.375
2026-10-02T18:22:00Z,29.00565,0.0000624,60,24.375
2026-10-02T18:23:00Z,29.0056767,0.0000698,60,24.375
2026-10-02T18:24:00Z,29.0057183,0.0000813,60,24.375
2026-10-02T18:25:00Z,29.0056783,0.0000555,60,24.375
2026-10-02T18:26:00Z,29.00567,0.0000561,60,24.375
2026-10-02T18:27:00Z,29.0056833,0.0000526,60,24.375
2026-10-02T18:28:00Z,29.0056583,0.0000591,60,24.375
2026-10-02T18:29:00Z,29.005625,0.0000508,60,24.375
2026-10-02T18:30:00Z,29.0056383,0.0000666,60,24.375
2026-10-02T18:31:00Z,29.0056033,0.0000551,60,24.375
2026-10-02T18:32:00Z,29.0056383,0.0000524,60,24.375
2026-10-02T18:33:00Z,29.00567,0.0000646,60,24.375
2026-10-02T18:34:00Z,29.0056683,0.0000725,60,24.375
2026-10-02T18:35:00Z,29.00568,0.0000514,60,24.375
2026-10-02T18:36:00Z,29.00567,0.000053,60,24.375
2026-10-02T18:37:00Z,29.0056867,0.0000536,60,24.4375
2026-10-02T18:38:00Z,29.0056933,0.0000861,60,24.4375
2026-10-02T18:39:00Z,29.005625,0.0000654,60,24.4375
2026-10-02T18:40:00Z,29.005695,0.0000832,60,24.4375
2026-10-02T18:41:00Z,29.005775,0.0000571,60,24.4375
2026-10-02T18:42:00Z,29.005745,0.0000746,60,24.4375
2026-10-02T18:43:00Z,29.0056833,0.0000557,60,24.4375
2026-10-02T18:44:00Z,29.0056717,0.0000555,60,24.4375
2026-10-02T18:45:00Z,29.0056617,0.0000846,60,24.4375
2026-10-02T18:46:00Z,29.0056733,0.0000446,60,24.4375
2026-10-02T18:47:00Z,29.0056733,0.0000861,60,24.4375
2026-10-02T18:48:00Z,29.005635,0.0000547,60,24.4375
2026-10-02T18:49:00Z,29.00568,0.0000659,60,24.4375
2026-10-02T18:50:00Z,29.00573,0.000053,60,24.4375
2026-10-02T18:51:00Z,29.0056932,0.0000612,59,24.4375
2026-10-02T18:52:00Z,29.0057333,0.0000601,60,24.45
2026-10-02T18:53:00Z,29.0057167,0.0000763,60,24.4625
2026-10-02T18:54:00Z,29.005725,0.000068,60,24.5
2026-10-02T18:55:00Z,29.00572,0.0000605,60,24.5
2026-10-02T18:56:00Z,29.0056283,0.000064,60,24.5
2026-10-02T18:57:00Z,29.0056667,0.0000572,60,24.5
2026-10-02T18:58:00Z,29.0056533,0.0000596,60,24.5
2026-10-02T18:59:00Z,29.0056533,0.000065,60,24.5
2026-10-02T19:00:00Z,29.00569,0.0000775,60,24.5
2026-10-02T19:01:00Z,29.0057017,0.0000567,60,24.5
2026-10-02T19:02:00Z,29.00568,0.0000605,60,24.5
2026-10-02T19:03:00Z,29.0057167,0.0000642,60,24.5
2026-10-02T19:04:00Z,29.00576,0.0000527,60,24.5
2026-10-02T19:05:00Z,29.0057467,0.0000566,60,24.5
2026-10-02T19:06:00Z,29.005725,0.0000508,60,24.5
2026-10-02T19:07:00Z,29.00572,0.0000514,60,24.5
2026-10-02T19:08:00Z,29.0057517,0.0000854,60,24.5625
2026-10-02T19:09:00Z,29.0057217,0.0000524,60,24.5625
2026-10-02T19:10:00Z,29.00568,0.0000514,60,24.5625
2026-10-02T19:11:00Z,29.005645,0.0000675,60,24.5625
2026-10-02T19:12:00Z,29.0057033,0.0000637,60,24.5625
2026-10-02T19:13:00Z,29.0056917,0.0000619,60,24.5625
2026-10-02T19:14:00Z,29.0056483,0.0000567,60,24.5625
2026-10-02T19:15:00Z,29.00566,0.0000494,60,24.5625
2026-10-02T19:16:00Z,29.00562,0.000048,60,24.5625
2026-10-02T19:17:00Z,29.0056167,0.0000557,60,24.5625
2026-10-02T19:18:00Z,29.0056267,0.0000548,60,24.5625
2026-10-02T19:19:00Z,29.0056,0.0000611,60,24.5625
2026-10-02T19:20:00Z,29.0056117,0.000049,60,24.5625
2026-10-02T19:21:00Z,29.0056617,0.0000555,60,24.5625
2026-10-02T19:22:00Z,29.00567,0.0000497,60,24.5625
2026-10-02T19:23:00Z,29.0056583,0.0000561,60,24.575
2026-10-02T19:24:00Z,29.0056217,0.0000613,60,24.6125
2026-10-02T19:25:00Z,29.0055867,0.0000623,60,24.625
2026-10-02T19:26:00Z,29.00565,0.0000537,60,24.625
2026-10-02T19:27:00Z,29.00565,0.0000537,60,24.625
2026-10-02T19:28:00Z,29.005635,0.0000577,60,24.625
2026-10-02T19:29:00Z,29.0055917,0.0000561,60,24.625
2026-10-02T19:30:00Z,29.0056117,0.0000585,60,24.625
2026-10-02T19:31:00Z,29.005585,0.0000659,60,24.625
2026-10-02T19:32:00Z,29.00564,0.0000588,60,24.625
2026-10-02T19:33:00Z,29.00566,0.0000669,60,24.625
2026-10-02T19:34:00Z,29.0055883,0.0000585,60,24.625
2026-10-02T19:35:00Z,29.005595,0.0000622,60,24.625
2026-10-02T19:36:00Z,29.0056217,0.0000524,60,24.625
2026-10-02T19:37:00Z,29.0055367,0.0000663,60,24.625
2026-10-02T19:38:00Z,29.00553,0.0000671,60,24.625
2026-10-02T19:39:00Z,29.0056017,0.0000537,60,24.675
2026-10-02T19:40:00Z,29.0056271,0.0000639,59,24.675
2026-10-02T19:41:00Z,29.0055517,0.0000567,60,24.6875
2026-10-02T19:42:00Z,29.005545,0.0000622,60,24.6875
2026-10-02T19:43:00Z,29.0055917,0.0000619,60,24.6875
2026-10-02T19:44:00Z,29.0055933,0.0000634,60,24.6875
2026-10-02T19:45:00Z,29.00557,0.0000591,60,24.6875
2026-10-02T19:46:00Z,29.0056383,0.0000666,60,24.6875
2026-10-02T19:47:00Z,29.0056317,0.0000701,60,24.6875
2026-10-02T19:48:00Z,29.0055267,0.0000578,60,24.6875
2026-10-02T19:49:00Z,29.005545,0.0000594,60,24.6875
2026-10-02T19:50:00Z,29.005555,0.0000502,60,24.6875
2026-10-02T19:51:00Z,29.0055433,0.0000593,60,24.6875
2026-10-02T19:52:00Z,29.00554,0.0000558,60,24.6875
2026-10-02T19:53:00Z,29.005575,0.0000571,60,24.6875
2026-10-02T19:54:00Z,29.0055217,0.0000555,60,24.7
2026-10-02T19:55:00Z,29.0055417,0.0000619,60,24.7375
2026-10-02T19:56:00Z,29.0054983,0.0000676,60,24.75
2026-10-02T19:57:00Z,29.005465,0.0000481,60,24.75
2026-10-02T19:58:00Z,29.0054583,0.000053,60,24.75
2026-10-02T19:59:00Z,29.0054867,0.000065,60,24.75
2026-10-02T20:00:00Z,29.0054867,0.00007,60,24.75
2026-10-02T20:01:00Z,29.0055417,0.0000561,60,24.75
2026-10-02T20:02:00Z,29.0054817,0.0000504,60,24.75
2026-10-02T20:03:00Z,29.00551,0.0000573,60,24.75
2026-10-02T20:04:00Z,29.005505,0.0000832,60,24.75
2026-10-02T20:05:00Z,29.0054283,0.0000524,60,24.75
2026-10-02T20:06:00Z,29.00545,0.0000504,60,24.75
2026-10-02T20:07:00Z,29.0054883,0.0000585,60,24.75
2026-10-02T20:08:00Z,29.005455,0.0000594,60,24.7875
2026-10-02T20:09:00Z,29.0055283,0.0000555,60,24.8125
2026-10-02T20:10:00Z,29.005445,0.0000534,60,24.8125
2026-10-02T20:11:00Z,29.0054567,0.0000563,60,24.8125
2026-10-02T20:12:00Z,29.0054717,0.0000524,60,24.8125
2026-10-02T20:13:00Z,29.0055083,0.0000619,60,24.8125
2026-10-02T20:14:00Z,29.005605,0.0000565,60,24.8125
2026-10-02T20:15:00Z,29.0056083,0.0000645,60,24.8125
2026-10-02T20:16:00Z,29.0055533,0.0000623,60,24.8125
2026-10-02T20:17:00Z,29.0055,0.0000638,60,24.8125
2026-10-02T20:18:00Z,29.005565,0.0000547,60,24.8125
2026-10-02T20:19:00Z,29.0056167,0.0000642,60,24.825
2026-10-02T20:20:00Z,29.0056183,0.0000469,60,24.8375
2026-10-02T20:21:00Z,29.00561,0.000063,60,24.875
2026-10-02T20:22:00Z,29.0055633,0.0000637,60,24.875
2026-10-02T20:23:00Z,29.0055567,0.0000563,60,24.875
2026-10-02T20:24:00Z,29.00554,0.0000494,60,24.875
2026-10-02T20:25:00Z,29.0055333,0.0000572,60,24.875
2026-10-02T20:26:00Z,29.005565,0.0000577,60,24.875
2026-10-02T20:27:00Z,29.0055283,0.0000585,60,24.875
2026-10-02T20:28:00Z,29.0055417,0.000053,60,24.875
2026-10-02T20:29:00Z,29.0055186,0.0000572,59,24.875
2026-10-02T20:30:00Z,29.0055317,0.0000892,60,24.875
2026-10-02T20:31:00Z,29.005625,0.0000654,60,24.8875
2026-10-02T20:32:00Z,29.0056417,0.0000561,60,24.9375
2026-10-02T20:33:00Z,29.0055367,0.0000688,60,24.9375
2026-10-02T20:34:00Z,29.00557,0.0000591,60,24.9375
2026-10-02T20:35:00Z,29.0055183,0.0000537,60,24.9375
2026-10-02T20:36:00Z,29.0055733,0.0000482,60,24.9375
2026-10-02T20:37:00Z,29.0056267,0.0000482,60,24.9375
2026-10-02T20:38:00Z,29.0055717,0.0000666,60,24.9375
2026-10-02T20:39:00Z,29.0056017,0.0000624,60,24.9375
2026-10-02T20:40:00Z,29.005565,0.0000515,60,24.9375
2026-10-02T20:41:00Z,29.005555,0.0000622,60,24.9375
2026-10-02T20:42:00Z,29.0055133,0.0000596,60,24.9375
2026-10-02T20:43:00Z,29.0055317,0.0000537,60,25.0
2026-10-02T20:44:00Z,29.0055267,0.0000578,60,25.0
2026-10-02T20:45:00Z,29.005505,0.0000534,60,25.0
2026-10-02T20:46:00Z,29.0055267,0.0000607,60,25.0
2026-10-02T20:47:00Z,29.0055867,0.000065,60,25.0
2026-10-02T20:48:00Z,29.0055917,0.0000696,60,25.0
2026-10-02T20:49:00Z,29.00555,0.0000537,60,25.0
2026-10-02T20:50:00Z,29.0055633,0.0000637,60,25.0
2026-10-02T20:51:00Z,29.0055517,0.0000537,60,25.0
2026-10-02T20:52:00Z,29.0055267,0.0000578,60,25.0
2026-10-02T20:53:00Z,29.005575,0.0000628,60,25.0
2026-10-02T20:54:00Z,29.0055583,0.000053,60,25.0
2026-10-02T20:55:00Z,29.0055883,0.0000666,60,25.0
2026-10-02T20:56:00Z,29.0055433,0.0000621,60,25.0375
2026-10-02T20:57:00Z,29.0055067,0.0000548,60,25.0625
2026-10-02T20:58:00Z,29.0055733,0.0000686,60,25.0625
2026-10-02T20:59:00Z,29.0055633,0.0000581,60,25.0625
2026-10-02T21:00:00Z,29.0054933,0.0000821,60,25.0625
2026-10-02T21:01:00Z,29.0055417,0.0000497,60,25.0625
2026-10-02T21:02:00Z,29.00551,0.0000543,60,25.0625
2026-10-02T21:03:00Z,29.0055283,0.0000555,60,25.0625
2026-10-02T21:04:00Z,29.0055533,0.0000596,60,25.0625
2026-10-02T21:05:00Z,29.0054667,0.0000681,60,25.0625
2026-10-02T21:06:00Z,29.0055067,0.0000548,60,25.0625
2026-10-02T21:07:00Z,29.0055033,0.0000637,60,25.0625
2026-10-02T21:08:00Z,29.0055217,0.0000761,60,25.075
2026-10-02T21:09:00Z,29.005565,0.0000732,60,25.125
2026-10-02T21:10:00Z,29.0054833,0.000074,60,25.125
2026-10-02T21:11:00Z,29.0055,0.0000487,60,25.125
2026-10-02T21:12:00Z,29.0054933,0.0000516,60,25.125
2026-10-02T21:13:00Z,29.005515,0.0000755,60,25.125
2026-10-02T21:14:00Z,29.0055033,0.0000551,60,25.125
2026-10-02T21:15:00Z,29.0055233,0.0000465,60,25.125
2026-10-02T21:16:00Z,29.0054583,0.0000671,60,25.125
2026-10-02T21:17:00Z,29.0054458,0.0000567,59,25.125
2026-10-02T21:18:00Z,29.0054917,0.0000561,60,25.125
2026-10-02T21:19:00Z,29.00545,0.0000624,60,25.125
2026-10-02T21:20:00Z,29.005415,0.0000515,60,25.1625
2026-10-02T21:21:00Z,29.0054883,0.0000454,60,25.1875
2026-10-02T21:22:00Z,29.005465,0.0000515,60,25.1875
2026-10-02T21:23:00Z,29.00543,0.0000646,60,25.1875
2026-10-02T21:24:00Z,29.0054183,0.0000651,60,25.1875
2026-10-02T21:25:00Z,29.0054617,0.000064,60,25.1875
2026-10-02T21:26:00Z,29.00545,0.0000701,60,25.1875
2026-10-02T21:27:00Z,29.0054967,0.000041,60,25.1875
2026-10-02T21:28:00Z,29.0054483,0.0000537,60,25.1875
2026-10-02T21:29:00Z,29.0054517,0.0000537,60,25.1875
2026-10-02T21:30:00Z,29.00546,0.0000494,60,25.2
2026-10-02T21:31:00Z,29.0054583,0.0000591,60,25.25
2026-10-02T21:32:00Z,29.005485,0.0000547,60,25.25
2026-10-02T21:33:00Z,29.0054733,0.0000634,60,25.25
2026-10-02T21:34:00Z,29.0054583,0.0000619,60,25.25
2026-10-02T21:35:00Z,29.00545,0.0000567,60,25.25
2026-10-02T21:36:00Z,29.0054383,0.0000524,60,25.25
2026-10-02T21:37:00Z,29.0054167,0.0000587,60,25.25
2026-10-02T21:38:00Z,29.0054383,0.0000555,60,25.25
2026-10-02T21:39:00Z,29.0054683,0.0000504,60,25.25
2026-10-02T21:40:00Z,29.00545,0.0000537,60,25.25
2026-10-02T21:41:00Z,29.005495,0.0000341,60,25.25
2026-10-02T21:42:00Z,29.005435,0.0000633,60,25.25
2026-10-02T21:43:00Z,29.0054017,0.0000567,60,25.3
2026-10-02T21:44:00Z,29.0054183,0.0000469,60,25.3125
2026-10-02T21:45:00Z,29.0054717,0.000049,60,25.3125
2026-10-02T21:46:00Z,29.00539,0.0000511,60,25.3125
2026-10-02T21:47:00Z,29.0053917,0.0000462,60,25.3125
2026-10-02T21:48:00Z,29.005425,0.0000571,60,25.3125
2026-10-02T21:49:00Z,29.0053967,0.000045,60,25.3125
2026-10-02T21:50:00Z,29.0054667,0.0000572,60,25.3125
2026-10-02T21:51:00Z,29.0054833,0.0000457,60,25.3125
2026-10-02T21:52:00Z,29.0054767,0.0000465,60,25.3125
2026-10-02T21:53:00Z,29.00551,0.0000511,60,25.3229
2026-10-02T21:54:00Z,29.00551,0.0000543,60,25.3625
2026-10-02T21:55:00Z,29.00549,0.0000477,60,25.375
2026-10-02T21:56:00Z,29.0054683,0.0000596,60,25.375
2026-10-02T21:57:00Z,29.00543,0.0000497,60,25.375
2026-10-02T21:58:00Z,29.005445,0.0000565,60,25.375
2026-10-02T21:59:00Z,29.00542,0.000048,60,25.375
2026-10-02T22:00:00Z,29.005435,0.0000515,60,25.375
2026-10-02T22:01:00Z,29.0054933,0.0000482,60,25.375
2026-10-02T22:02:00Z,29.0055517,0.0000504,60,25.375
2026-10-02T22:03:00Z,29.0054917,0.0000561,60,25.375
2026-10-02T22:04:00Z,29.0054644,0.0000517,59,25.375
2026-10-02T22:05:00Z,29.00549,0.0000511,60,25.375
2026-10-02T22:06:00Z,29.005485,0.0000481,60,25.3875
2026-10-02T22:07:00Z,29.0054717,0.0000524,60,25.425
2026-10-02T22:08:00Z,29.0054133,0.0000468,60,25.4375
2026-10-02T22:09:00Z,29.005425,0.0000541,60,25.4375
2026-10-02T22:10:00Z,29.0054267,0.0000548,60,25.4375
2026-10-02T22:11:00Z,29.005415,0.0000481,60,25.4375
2026-10-02T22:12:00Z,29.0054,0.0000638,60,25.4375
2026-10-02T22:13:00Z,29.0053867,0.0000468,60,25.4375
2026-10-02T22:14:00Z,29.0054117,0.0000613,60,25.4375
2026-10-02T22:15:00Z,29.005415,0.0000515,60,25.4375
2026-10-02T22:16:00Z,29.00544,0.0000494,60,25.4375
2026-10-02T22:17:00Z,29.0054133,0.0000623,60,25.4375
2026-10-02T22:18:00Z,29.0053633,0.000052,60,25.4375
2026-10-02T22:19:00Z,29.00534,0.0000527,60,25.4375
2026-10-02T22:20:00Z,29.005335,0.0000481,60,25.4375
2026-10-02T22:21:00Z,29.0053767,0.0000533,60,25.4375
2026-10-02T22:22:00Z,29.0053983,0.0000504,60,25.4375
2026-10-02T22:23:00Z,29.005325,0.0000728,60,25.4375
2026-10-02T22:24:00Z,29.0053433,0.0000593,60,25.4375
2026-10-02T22:25:00Z,29.005395,0.0000429,60,25.45
2026-10-02T22:26:00Z,29.00539,0.0000511,60,25.4875
2026-10-02T22:27:00Z,29.00537,0.0000591,60,25.5
2026-10-02T22:28:00Z,29.0053367,0.0000486,60,25.5
2026-10-02T22:29:00Z,29.0053667,0.0000572,60,25.5
2026-10-02T22:30:00Z,29.0053383,0.000049,60,25.5
2026-10-02T22:31:00Z,29.0053533,0.0000536,60,25.5
2026-10-02T22:32:00Z,29.0053,0.0000451,60,25.5
2026-10-02T22:33:00Z,29.0053783,0.0000613,60,25.5
2026-10-02T22:34:00Z,29.005295,0.0000502,60,25.5
2026-10-02T22:35:00Z,29.0053433,0.0000593,60,25.5
2026-10-02T22:36:00Z,29.0053767,0.0000533,60,25.5
2026-10-02T22:37:00Z,29.0053633,0.0000551,60,25.5
2026-10-02T22:38:00Z,29.0053417,0.0000497,60,25.5
2026-10-02T22:39:00Z,29.00532,0.0000632,60,25.5
2026-10-02T22:40:00Z,29.0053733,0.0000482,60,25.5
2026-10-02T22:41:00Z,29.00537,0.0000497,60,25.5
2026-10-02T22:42:00Z,29.0053983,0.0000537,60,25.5
2026-10-02T22:43:00Z,29.0053533,0.0000536,60,25.5
2026-10-02T22:44:00Z,29.005375,0.0000437,60,25.5
2026-10-02T22:45:00Z,29.005365,0.0000481,60,25.5
2026-10-02T22:46:00Z,29.0053983,0.0000537,60,25.5
2026-10-02T22:47:00Z,29.00542,0.0000546,60,25.5
2026-10-02T22:48:00Z,29.0054067,0.0000607,60,25.5
2026-10-02T22:49:00Z,29.0053917,0.000053,60,25.5
2026-10-02T22:50:00Z,29.0054183,0.0000596,60,25.5
2026-10-02T22:51:00Z,29.0054305,0.0000595,59,25.5
2026-10-02T22:52:00Z,29.005465,0.0000577,60,25.5
2026-10-02T22:53:00Z,29.0054333,0.0000475,60,25.5125
2026-10-02T22:54:00Z,29.005445,0.0000534,60,25.5375
2026-10-02T22:55:00Z,29.0054233,0.0000593,60,25.5625
2026-10-02T22:56:00Z,29.0054017,0.0000431,60,25.5625
2026-10-02T22:57:00Z,29.0053917,0.0000497,60,25.5625
2026-10-02T22:58:00Z,29.0053867,0.000043,60,25.5625
2026-10-02T22:59:00Z,29.00538,0.0000403,60,25.5625
2026-10-02T23:00:00Z,29.0053967,0.000041,60,25.5625
2026-10-02T23:01:00Z,29.0053483,0.0000537,60,25.5625
2026-10-02T23:02:00Z,29.00538,0.0000546,60,25.5625
2026-10-02T23:03:00Z,29.005375,0.0000508,60,25.5625
2026-10-02T23:04:00Z,29.0053567,0.0000593,60,25.5625
2026-10-02T23:05:00Z,29.0053233,0.00005,60,25.5625
2026-10-02T23:06:00Z,29.005365,0.0000709,60,25.5625
2026-10-02T23:07:00Z,29.0053683,0.0000537,60,25.5625
2026-10-02T23:08:00Z,29.0053533,0.0000503,60,25.5625
2026-10-02T23:09:00Z,29.00535,0.0000567,60,25.5625
2026-10-02T23:10:00Z,29.0053233,0.0000563,60,25.5625
2026-10-02T23:11:00Z,29.0053333,0.0000601,60,25.5625
2026-10-02T23:12:00Z,29.0052817,0.0000651,60,25.5625
2026-10-02T23:13:00Z,29.0052983,0.0000504,60,25.5625
2026-10-02T23:14:00Z,29.0053033,0.0000486,60,25.5625
2026-10-02T23:15:00Z,29.00533,0.0000462,60,25.5625
2026-10-02T23:16:00Z,29.0053033,0.0000688,60,25.5625
2026-10-02T23:17:00Z,29.0053183,0.0000537,60,25.5625
2026-10-02T23:18:00Z,29.0053083,0.0000561,60,25.5625
2026-10-02T23:19:00Z,29.0053233,0.00005,60,25.5625
2026-10-02T23:20:00Z,29.0053367,0.0000551,60,25.5625
2026-10-02T23:21:00Z,29.0053567,0.0000533,60,25.5625
2026-10-02T23:22:00Z,29.0053017,0.0000567,60,25.5875
2026-10-02T23:23:00Z,29.0053017,0.0000504,60,25.625
2026-10-02T23:24:00Z,29.0052883,0.0000585,60,25.6125
2026-10-02T23:25:00Z,29.0053583,0.0000561,60,25.625
2026-10-02T23:26:00Z,29.0053333,0.0000601,60,25.625
2026-10-02T23:27:00Z,29.0053517,0.0000537,60,25.625
2026-10-02T23:28:00Z,29.0053417,0.0000619,60,25.625
2026-10-02T23:29:00Z,29.0053167,0.0000457,60,25.625
2026-10-02T23:30:00Z,29.00536,0.0000494,60,25.625
2026-10-02T23:31:00Z,29.0053283,0.000049,60,25.625
2026-10-02T23:32:00Z,29.0052733,0.0000446,60,25.625
2026-10-02T23:33:00Z,29.0052817,0.0000469,60,25.625
2026-10-02T23:34:00Z,29.0053217,0.000064,60,25.625
2026-10-02T23:35:00Z,29.00534,0.0000527,60,25.625
2026-10-02T23:36:00Z,29.0053633,0.0000486,60,25.625
2026-10-02T23:37:00Z,29.0053898,0.000048,59,25.625
2026-10-02T23:38:00Z,29.0053783,0.0000555,60,25.625
2026-10-02T23:39:00Z,29.005375,0.0000508,60,25.625
2026-10-02T23:40:00Z,29.00539,0.0000573,60,25.625
2026-10-02T23:41:00Z,29.0054383,0.0000613,60,25.625
2026-10-02T23:42:00Z,29.0054417,0.0000591,60,25.625
2026-10-02T23:43:00Z,29.005405,0.0000429,60,25.625
2026-10-02T23:44:00Z,29.005375,0.0000437,60,25.625
2026-10-02T23:45:00Z,29.005365,0.0000577,60,25.625
2026-10-02T23:46:00Z,29.0053617,0.0000585,60,25.625
2026-10-02T23:47:00Z,29.005355,0.0000502,60,25.625
2026-10-02T23:48:00Z,29.0053867,0.0000536,60,25.6375
2026-10-02T23:49:00Z,29.005335,0.0000547,60,25.65
2026-10-02T23:50:00Z,29.0053183,0.0000431,60,25.6875
2026-10-02T23:51:00Z,29.00529,0.0000543,60,25.6875
2026-10-02T23:52:00Z,29.0052867,0.0000536,60,25.6875
2026-10-02T23:53:00Z,29.00534,0.0000527,60,25.6875
2026-10-02T23:54:00Z,29.0053033,0.000052,60,25.6875
2026-10-02T23:55:00Z,29.0053067,0.0000548,60,25.6875
2026-10-02T23:56:00Z,29.0053067,0.0000516,60,25.6875
2026-10-02T23:57:00Z,29.0052983,0.0000469,60,25.6875
2026-10-02T23:58:00Z,29.0053117,0.000049,60,25.6875
2026-10-02T23:59:00Z,29.00526,0.0000643,60,25.6875
2026-10-03T00:00:00Z,29.00527,0.000053,60,25.6875
2026-10-03T00:01:00Z,29.0052717,0.0000555,60,25.6875
2026-10-03T00:02:00Z,29.0053233,0.0000465,60,25.6875
2026-10-03T00:03:00Z,29.00528,0.0000632,60,25.6875
2026-10-03T00:04:00Z,29.0053117,0.000049,60,25.7125
2026-10-03T00:05:00Z,29.0053433,0.0000593,60,25.75
2026-10-03T00:06:00Z,29.0053233,0.0000533,60,25.75
2026-10-03T00:07:00Z,29.0053117,0.0000666,60,25.75
2026-10-03T00:08:00Z,29.0053317,0.0000537,60,25.75
2026-10-03T00:09:00Z,29.0052517,0.0000748,60,25.75
2026-10-03T00:10:00Z,29.00525,0.0000567,60,25.75
2026-10-03T00:11:00Z,29.0052733,0.000066,60,25.75
2026-10-03T00:12:00Z,29.00528,0.0000514,60,25.75
2026-10-03T00:13:00Z,29.0052683,0.0000537,60,25.7625
2026-10-03T00:14:00Z,29.0052533,0.0000536,60,25.8
2026-10-03T00:15:00Z,29.0052383,0.0000524,60,25.8125
2026-10-03T00:16:00Z,29.0052883,0.0000613,60,25.8125
2026-10-03T00:17:00Z,29.0052017,0.0000537,60,25.8125
2026-10-03T00:18:00Z,29.0052167,0.0000526,60,25.8125
2026-10-03T00:19:00Z,29.005215,0.0000444,60,25.8125
2026-10-03T00:20:00Z,29.0052683,0.0000537,60,25.8125
2026-10-03T00:21:00Z,29.0053017,0.000039,60,25.8125
2026-10-03T00:22:00Z,29.00527,0.000053,60,25.8125
2026-10-03T00:23:00Z,29.0052017,0.0000473,59,25.8125
2026-10-03T00:24:00Z,29.005235,0.0000755,60,25.8125
2026-10-03T00:25:00Z,29.0052083,0.000072,60,25.8125
2026-10-03T00:26:00Z,29.0052133,0.0000566,60,25.8125
2026-10-03T00:27:00Z,29.005195,0.0000594,60,25.8125
2026-10-03T00:28:00Z,29.0052383,0.0000585,60,25.8125
2026-10-03T00:29:00Z,29.0051617,0.0000555,60,25.825
2026-10-03T00:30:00Z,29.005135,0.0000547,60,25.8625
2026-10-03T00:31:00Z,29.005185,0.0000685,60,25.875
2026-10-03T00:32:00Z,29.0051633,0.0000581,60,25.875
2026-10-03T00:33:00Z,29.0051833,0.0000642,60,25.875
2026-10-03T00:34:00Z,29.0051933,0.0000634,60,25.875
2026-10-03T00:35:00Z,29.00518,0.0000576,60,25.875
2026-10-03T00:36:00Z,29.0051933,0.0000516,60,25.875
2026-10-03T00:37:00Z,29.0051867,0.0000566,60,25.875
2026-10-03T00:38:00Z,29.005205,0.0000594,60,25.875
2026-10-03T00:39:00Z,29.0051833,0.0000493,60,25.875
2026-10-03T00:40:00Z,29.00519,0.0000681,60,25.875
2026-10-03T00:41:00Z,29.0052183,0.0000504,60,25.875
2026-10-03T00:42:00Z,29.0052117,0.0000555,60,25.875
2026-10-03T00:43:00Z,29.00522,0.0000732,60,25.875
2026-10-03T00:44:00Z,29.0051483,0.0000792,60,25.875
2026-10-03T00:45:00Z,29.0051633,0.0000663,60,25.875
2026-10-03T00:46:00Z,29.005185,0.0000633,60,25.875
2026-10-03T00:47:00Z,29.0051767,0.0000533,60,25.875
2026-10-03T00:48:00Z,29.0052117,0.0000613,60,25.875
2026-10-03T00:49:00Z,29.0052183,0.0000469,60,25.875
2026-10-03T00:50:00Z,29.0051967,0.000078,60,25.875
2026-10-03T00:51:00Z,29.0051367,0.0000486,60,25.875
2026-10-03T00:52:00Z,29.0051383,0.0000524,60,25.875
2026-10-03T00:53:00Z,29.0051283,0.0000613,60,25.875
2026-10-03T00:54:00Z,29.0051233,0.0000767,60,25.875
2026-10-03T00:55:00Z,29.0051833,0.0000526,60,25.875
2026-10-03T00:56:00Z,29.00522,0.0000605,60,25.875
2026-10-03T00:57:00Z,29.0052217,0.0000454,60,25.875
2026-10-03T00:58:00Z,29.0052533,0.0000503,60,25.875
2026-10-03T00:59:00Z,29.0052267,0.0000548,60,25.875
2026-10-03T01:00:00Z,29.0051967,0.000052,60,25.875
2026-10-03T01:01:00Z,29.0051867,0.0000623,60,25.875
2026-10-03T01:02:00Z,29.0052017,0.0000651,60,25.875
2026-10-03T01:03:00Z,29.0052433,0.0000563,60,25.875
2026-10-03T01:04:00Z,29.0052167,0.0000668,60,25.925
2026-10-03T01:05:00Z,29.0052283,0.0000585,60,25.9125
2026-10-03T01:06:00Z,29.005175,0.0000654,60,25.925
2026-10-03T01:07:00Z,29.00522,0.0000576,60,25.9375
2026-10-03T01:08:00Z,29.0051729,0.0000611,59,25.9375
2026-10-03T01:09:00Z,29.0051533,0.0000503,60,25.9375
2026-10-03T01:10:00Z,29.0051533,0.0000536,60,25.9375
2026-10-03T01:11:00Z,29.005185,0.0000481,60,25.9375
2026-10-03T01:12:00Z,29.005165,0.0000515,60,25.9375
2026-10-03T01:13:00Z,29.00516,0.0000494,60,25.9375
2026-10-03T01:14:00Z,29.005185,0.0000577,60,25.9375
2026-10-03T01:15:00Z,29.0051067,0.0000482,60,25.9375
2026-10-03T01:16:00Z,29.005145,0.0000534,60,25.9375
2026-10-03T01:17:00Z,29.0051133,0.0000536,60,25.9375
2026-10-03T01:18:00Z,29.0051483,0.0000676,60,25.9375
2026-10-03T01:19:00Z,29.005155,0.0000534,60,25.9375
2026-10-03T01:20:00Z,29.00515,0.0000537,60,25.9375
2026-10-03T01:21:00Z,29.0051983,0.0000567,60,25.9375
2026-10-03T01:22:00Z,29.0052067,0.000066,60,25.9375
2026-10-03T01:23:00Z,29.0052017,0.0000567,60,25.9375
2026-10-03T01:24:00Z,29.0051833,0.0000668,60,25.9375
2026-10-03T01:25:00Z,29.0052067,0.0000578,60,25.9375
2026-10-03T01:26:00Z,29.0051517,0.0000624,60,25.9375
2026-10-03T01:27:00Z,29.0051317,0.0000676,60,25.9375
2026-10-03T01:28:00Z,29.0051283,0.000049,60,25.9375
2026-10-03T01:29:00Z,29.0051933,0.0000756,60,25.9375
2026-10-03T01:30:00Z,29.00518,0.0000514,60,25.9375
2026-10-03T01:31:00Z,29.0051617,0.0000524,60,25.9375
2026-10-03T01:32:00Z,29.005115,0.0000481,60,25.9375
2026-10-03T01:33:00Z,29.0051383,0.000049,60,25.9375
2026-10-03T01:34:00Z,29.005235,0.0000606,60,25.9375
2026-10-03T01:35:00Z,29.005225,0.0000474,60,25.9375
2026-10-03T01:36:00Z,29.0051717,0.0000976,60,25.9375
2026-10-03T01:37:00Z,29.0052167,0.0000642,60,25.9375
2026-10-03T01:38:00Z,29.00519,0.0000796,60,25.9375
2026-10-03T01:39:00Z,29.00518,0.0000935,60,25.9375
2026-10-03T01:40:00Z,29.0052417,0.0000829,60,25.9375
2026-10-03T01:41:00Z,29.0052333,0.0000837,60,25.9375
2026-10-03T01:42:00Z,29.0051567,0.0000593,60,25.9375
2026-10-03T01:43:00Z,29.0051767,0.0000831,60,25.9375
2026-10-03T01:44:00Z,29.00519,0.000073,60,25.9375
2026-10-03T01:45:00Z,29.005175,0.0000704,60,25.9375
2026-10-03T01:46:00Z,29.0052067,0.0000634,60,25.9375
2026-10-03T01:47:00Z,29.0053333,0.0000795,60,25.925
2026-10-03T01:48:00Z,29.005265,0.0000659,60,25.875
2026-10-03T01:49:00Z,29.0051667,0.0000837,60,25.875
2026-10-03T01:50:00Z,29.0051433,0.0000789,60,25.875
2026-10-03T01:51:00Z,29.0052717,0.0000739,60,25.875
2026-10-03T01:52:00Z,29.0053283,0.0000585,60,25.875
2026-10-03T01:53:00Z,29.0053117,0.000064,60,25.875
2026-10-03T01:54:00Z,29.0053383,0.0000666,60,25.875
2026-10-03T01:55:00Z,29.0052933,0.0000516,60,25.875
2026-10-03T01:56:00Z,29.0052033,0.0001073,60,25.875
2026-10-03T01:57:00Z,29.0052508,0.0000704,59,25.875
2026-10-03T01:58:00Z,29.0052717,0.0000761,60,25.875
2026-10-03T01:59:00Z,29.0052883,0.000064,60,25.875
2026-10-03T02:00:00Z,29.0053133,0.0000623,60,25.875
2026-10-03T02:01:00Z,29.0053167,0.0000557,60,25.85
2026-10-03T02:02:00Z,29.005305,0.0000387,60,25.8125
2026-10-03T02:03:00Z,29.0053133,0.0000468,60,25.8125
2026-10-03T02:04:00Z,29.0053267,0.000088,60,25.8125
2026-10-03T02:05:00Z,29.0052767,0.0000593,60,25.8125
2026-10-03T02:06:00Z,29.00526,0.0000527,60,25.8125
2026-10-03T02:07:00Z,29.0053033,0.0000637,60,25.8125
2026-10-03T02:08:00Z,29.0053117,0.0000613,60,25.8125
2026-10-03T02:09:00Z,29.00532,0.0000546,60,25.8125
2026-10-03T02:10:00Z,29.0052367,0.000061,60,25.8125
2026-10-03T02:11:00Z,29.0053267,0.0000686,60,25.8125
2026-10-03T02:12:00Z,29.0053,0.0000582,60,25.8125
2026-10-03T02:13:00Z,29.00533,0.0000561,60,25.775
2026-10-03T02:14:00Z,29.0053317,0.0000504,60,25.7625
2026-10-03T02:15:00Z,29.0052733,0.0000634,60,25.75
2026-10-03T02:16:00Z,29.0053417,0.0000561,60,25.75
2026-10-03T02:17:00Z,29.0053167,0.0000693,60,25.75
2026-10-03T02:18:00Z,29.005355,0.0000675,60,25.75
2026-10-03T02:19:00Z,29.0053483,0.0000567,60,25.75
2026-10-03T02:20:00Z,29.0053567,0.0000621,60,25.75
2026-10-03T02:21:00Z,29.0052967,0.0000581,60,25.75
2026-10-03T02:22:00Z,29.0053017,0.0000701,60,25.75
2026-10-03T02:23:00Z,29.0053217,0.0000555,60,25.75
2026-10-03T02:24:00Z,29.0053117,0.0000715,60,25.75
2026-10-03T02:25:00Z,29.0053467,0.0000566,60,25.75
2026-10-03T02:26:00Z,29.005305,0.0000675,60,25.75
2026-10-03T02:27:00Z,29.00533,0.000072,60,25.7125
2026-10-03T02:28:00Z,29.005375,0.0000571,60,25.6875
2026-10-03T02:29:00Z,29.0052917,0.0000561,60,25.6875
2026-10-03T02:30:00Z,29.0053217,0.0000613,60,25.6875
2026-10-03T02:31:00Z,29.0053917,0.0000561,60,25.6875
2026-10-03T02:32:00Z,29.005425,0.0000654,60,25.6875
2026-10-03T02:33:00Z,29.0053083,0.000053,60,25.6875
2026-10-03T02:34:00Z,29.0053767,0.0000563,60,25.6875
2026-10-03T02:35:00Z,29.0053933,0.0001023,60,25.6875
2026-10-03T02:36:00Z,29.0053283,0.0000666,60,25.6875
2026-10-03T02:37:00Z,29.00539,0.0000511,60,25.6875
2026-10-03T02:38:00Z,29.0053233,0.0000533,60,25.6875
2026-10-03T02:39:00Z,29.0053117,0.0000585,60,25.6875
2026-10-03T02:40:00Z,29.0053533,0.0000566,60,25.6875
2026-10-03T02:41:00Z,29.005385,0.0000481,60,25.6875
2026-10-03T02:42:00Z,29.00536,0.0000527,60,25.6875
2026-10-03T02:43:00Z,29.0053783,0.000049,60,25.6875
2026-10-03T02:44:00Z,29.0053767,0.0000563,60,25.6875
2026-10-03T02:45:00Z,29.0054217,0.0000666,60,25.6875
2026-10-03T02:46:00Z,29.0053305,0.0000749,59,25.6625
2026-10-03T02:47:00Z,29.00536,0.0000764,60,25.625
2026-10-03T02:48:00Z,29.005315,0.0000577,60,25.625
2026-10-03T02:49:00Z,29.0052717,0.0000613,60,25.625
2026-10-03T02:50:00Z,29.005255,0.0000699,60,25.625
2026-10-03T02:51:00Z,29.005285,0.0000685,60,25.625
2026-10-03T02:52:00Z,29.005305,0.0000746,60,25.625
2026-10-03T02:53:00Z,29.0053667,0.0000475,60,25.625
2026-10-03T02:54:00Z,29.0053217,0.0000454,60,25.625
2026-10-03T02:55:00Z,29.00537,0.0000561,60,25.6375
2026-10-03T02:56:00Z,29.0053533,0.0000623,60,25.6375
2026-10-03T02:57:00Z,29.00532,0.0000576,60,25.6375
2026-10-03T02:58:00Z,29.0053433,0.0000593,60,25.675
2026-10-03T02:59:00Z,29.00534,0.0000527,60,25.6875
2026-10-03T03:00:00Z,29.0053483,0.0000624,60,25.65
2026-10-03T03:01:00Z,29.0053833,0.0000587,60,25.625
2026-10-03T03:02:00Z,29.0053733,0.0000548,60,25.625
2026-10-03T03:03:00Z,29.0053483,0.0000596,60,25.625
2026-10-03T03:04:00Z,29.0053517,0.0000596,60,25.625
2026-10-03T03:05:00Z,29.0052767,0.0000722,60,25.625
2026-10-03T03:06:00Z,29.0053617,0.000064,60,25.625
2026-10-03T03:07:00Z,29.0053,0.0000823,60,25.625
2026-10-03T03:08:00Z,29.00533,0.0000591,60,25.625
2026-10-03T03:09:00Z,29.0053133,0.0000623,60,25.625
2026-10-03T03:10:00Z,29.0053417,0.000053,60,25.625
2026-10-03T03:11:00Z,29.005385,0.0000577,60,25.625
2026-10-03T03:12:00Z,29.0053217,0.0000739,60,25.625
2026-10-03T03:13:00Z,29.005335,0.0000633,60,25.625
2026-10-03T03:14:00Z,29.0053317,0.0000596,60,25.625
2026-10-03T03:15:00Z,29.0053833,0.0000557,60,25.625
2026-10-03T03:16:00Z,29.0053167,0.0000642,60,25.625
2026-10-03T03:17:00Z,29.0053483,0.0000813,60,25.625
2026-10-03T03:18:00Z,29.0053883,0.0000555,60,25.625
2026-10-03T03:19:00Z,29.0053617,0.0000666,60,25.625
2026-10-03T03:20:00Z,29.0053567,0.0000831,60,25.625
2026-10-03T03:21:00Z,29.0054133,0.0000623,60,25.625
2026-10-03T03:22:00Z,29.0054467,0.0000566,60,25.625
2026-10-03T03:23:00Z,29.0054283,0.0000761,60,25.625
2026-10-03T03:24:00Z,29.0054133,0.0000873,60,25.625
2026-10-03T03:25:00Z,29.0054267,0.000071,60,25.625
2026-10-03T03:26:00Z,29.0054567,0.0000745,60,25.625
2026-10-03T03:27:00Z,29.00539,0.0000706,60,25.625
2026-10-03T03:28:00Z,29.0054183,0.0000676,60,25.625
2026-10-03T03:29:00Z,29.005405,0.0000565,60,25.625
2026-10-03T03:30:00Z,29.0054333,0.000051,60,25.625
2026-10-03T03:31:00Z,29.005415,0.0000633,60,25.625
2026-10-03T03:32:00Z,29.0054683,0.0000537,60,25.625
2026-10-03T03:33:00Z,29.00545,0.0000725,60,25.625
2026-10-03T03:34:00Z,29.0054767,0.0000767,60,25.625
2026-10-03T03:35:00Z,29.0054559,0.0000595,59,25.625
2026-10-03T03:36:00Z,29.005435,0.0000547,60,25.625
2026-10-03T03:37:00Z,29.005445,0.0000675,60,25.625
2026-10-03T03:38:00Z,29.0054383,0.0000865,60,25.625
2026-10-03T03:39:00Z,29.005435,0.0000899,60,25.625
2026-10-03T03:40:00Z,29.0054483,0.0000596,60,25.625
2026-10-03T03:41:00Z,29.0054217,0.0000454,60,25.625
2026-10-03T03:42:00Z,29.0054,0.0000611,60,25.625
2026-10-03T03:43:00Z,29.0053983,0.0000537,60,25.625
2026-10-03T03:44:00Z,29.0054183,0.0000596,60,25.625
2026-10-03T03:45:00Z,29.0054217,0.0000613,60,25.625
2026-10-03T03:46:00Z,29.0054083,0.0000619,60,25.625
2026-10-03T03:47:00Z,29.0054033,0.0000688,60,25.625
2026-10-03T03:48:00Z,29.00548,0.0000632,60,25.625
2026-10-03T03:49:00Z,29.0054383,0.000064,60,25.625
2026-10-03T03:50:00Z,29.005435,0.0000633,60,25.625
2026-10-03T03:51:00Z,29.0053917,0.0000462,60,25.625
2026-10-03T03:52:00Z,29.0054233,0.0000593,60,25.625
2026-10-03T03:53:00Z,29.0054133,0.000065,60,25.625
2026-10-03T03:54:00Z,29.0055033,0.000045,60,25.625
2026-10-03T03:55:00Z,29.0054933,0.000071,60,25.6
2026-10-03T03:56:00Z,29.0055367,0.0000581,60,25.5625
2026-10-03T03:57:00Z,29.005485,0.0000799,60,25.575
2026-10-03T03:58:00Z,29.0054233,0.0000722,60,25.5625
2026-10-03T03:59:00Z,29.005495,0.0000622,60,25.5625
2026-10-03T04:00:00Z,29.0054717,0.0000585,60,25.5625
2026-10-03T04:01:00Z,29.00544,0.0000616,60,25.5625
2026-10-03T04:02:00Z,29.0054033,0.0000486,60,25.5625
2026-10-03T04:03:00Z,29.0054733,0.0000548,60,25.5625
2026-10-03T04:04:00Z,29.005555,0.0000502,60,25.5625
2026-10-03T04:05:00Z,29.0055383,0.0000585,60,25.5625
2026-10-03T04:06:00Z,29.00557,0.000053,60,25.5625
2026-10-03T04:07:00Z,29.0055317,0.0000567,60,25.5625
2026-10-03T04:08:00Z,29.0055183,0.0000537,60,25.5625
2026-10-03T04:09:00Z,29.0055217,0.0000613,60,25.5625
2026-10-03T04:10:00Z,29.0055283,0.0000739,60,25.5625
2026-10-03T04:11:00Z,29.0055233,0.0000563,60,25.5625
2026-10-03T04:12:00Z,29.0054917,0.0000671,60,25.5625
2026-10-03T04:13:00Z,29.0054867,0.0000747,60,25.5625
2026-10-03T04:14:00Z,29.005485,0.0000577,60,25.5625
2026-10-03T04:15:00Z,29.005475,0.0000541,60,25.525
2026-10-03T04:16:00Z,29.005535,0.0000577,60,25.5
2026-10-03T04:17:00Z,29.0055317,0.0000596,60,25.5
2026-10-03T04:18:00Z,29.005495,0.0000746,60,25.5
2026-10-03T04:19:00Z,29.00552,0.0000605,60,25.5
2026-10-03T04:20:00Z,29.005585,0.0000732,60,25.5
2026-10-03T04:21:00Z,29.0055667,0.0000572,60,25.5
2026-10-03T04:22:00Z,29.0055233,0.00005,60,25.5
2026-10-03T04:23:00Z,29.0055133,0.000043,60,25.5
2026-10-03T04:24:00Z,29.0055729,0.0000639,59,25.5
2026-10-03T04:25:00Z,29.0055233,0.0000533,60,25.5
2026-10-03T04:26:00Z,29.0055733,0.0000482,60,25.5
2026-10-03T04:27:00Z,29.00559,0.000044,60,25.5
2026-10-03T04:28:00Z,29.0055283,0.0000761,60,25.5
2026-10-03T04:29:00Z,29.0055033,0.000061,60,25.5
2026-10-03T04:30:00Z,29.00549,0.0000477,60,25.5
2026-10-03T04:31:00Z,29.0054817,0.0000725,60,25.475
2026-10-03T04:32:00Z,29.0055083,0.0000424,60,25.45
2026-10-03T04:33:00Z,29.0054867,0.0000596,60,25.4375
2026-10-03T04:34:00Z,29.00555,0.0000651,60,25.4375
2026-10-03T04:35:00Z,29.0055,0.0000552,60,25.4375
2026-10-03T04:36:00Z,29.0054783,0.0000555,60,25.4375
2026-10-03T04:37:00Z,29.005475,0.0000628,60,25.4375
2026-10-03T04:38:00Z,29.0054933,0.000066,60,25.4375
2026-10-03T04:39:00Z,29.0055283,0.0000585,60,25.4375
2026-10-03T04:40:00Z,29.0054467,0.0000676,60,25.4375
2026-10-03T04:41:00Z,29.005435,0.0000547,60,25.4375
2026-10-03T04:42:00Z,29.0054467,0.000065,60,25.4375
2026-10-03T04:43:00Z,29.0054233,0.0000563,60,25.4375
2026-10-03T04:44:00Z,29.00548,0.0000632,60,25.4375
2026-10-03T04:45:00Z,29.0054467,0.0000623,60,25.3875
2026-10-03T04:46:00Z,29.0054117,0.0000524,60,25.375
2026-10-03T04:47:00Z,29.0054417,0.0000743,60,25.375
2026-10-03T04:48:00Z,29.0054,0.0000521,60,25.375
2026-10-03T04:49:00Z,29.0054233,0.0000673,60,25.375
2026-10-03T04:50:00Z,29.005375,0.0000571,60,25.375
2026-10-03T04:51:00Z,29.0054517,0.0000567,60,25.375
2026-10-03T04:52:00Z,29.0055333,0.0000774,60,25.375
2026-10-03T04:53:00Z,29.0055367,0.0000663,60,25.375
2026-10-03T04:54:00Z,29.0055233,0.0000673,60,25.375
2026-10-03T04:55:00Z,29.0055183,0.0000651,60,25.375
2026-10-03T04:56:00Z,29.0054483,0.0000624,60,25.3625
2026-10-03T04:57:00Z,29.00544,0.0000616,60,25.375
2026-10-03T04:58:00Z,29.0054417,0.0000645,60,25.3375
2026-10-03T04:59:00Z,29.00548,0.0000605,60,25.3125
2026-10-03T05:00:00Z,29.00543,0.0000646,60,25.3125
2026-10-03T05:01:00Z,29.0054367,0.0000712,60,25.3125
2026-10-03T05:02:00Z,29.0054233,0.0000563,60,25.3125
2026-10-03T05:03:00Z,29.0053983,0.0000537,60,25.3125
2026-10-03T05:04:00Z,29.0054267,0.0000578,60,25.3125
2026-10-03T05:05:00Z,29.00545,0.0000537,60,25.3125
2026-10-03T05:06:00Z,29.0054217,0.0000555,60,25.3125
2026-10-03T05:07:00Z,29.00545,0.0000701,60,25.3125
2026-10-03T05:08:00Z,29.0054633,0.000052,60,25.3125
2026-10-03T05:09:00Z,29.0054567,0.00005,60,25.3125
2026-10-03T05:10:00Z,29.0054267,0.0000607,60,25.3125
2026-10-03T05:11:00Z,29.0053817,0.0000537,60,25.3
2026-10-03T05:12:00Z,29.0054883,0.0000691,60,25.275
2026-10-03T05:13:00Z,29.0054763,0.0000817,59,25.25
2026-10-03T05:14:00Z,29.005555,0.0000594,60,25.25
2026-10-03T05:15:00Z,29.00554,0.0000616,60,25.25
2026-10-03T05:16:00Z,29.0054883,0.0000666,60,25.25
2026-10-03T05:17:00Z,29.0054917,0.0000766,60,25.25
2026-10-03T05:18:00Z,29.00553,0.0000561,60,25.25
2026-10-03T05:19:00Z,29.0054917,0.000053,60,25.25
2026-10-03T05:20:00Z,29.0055267,0.0000634,60,25.25
2026-10-03T05:21:00Z,29.0055367,0.0000712,60,25.25
2026-10-03T05:22:00Z,29.0055317,0.0000651,60,25.25
2026-10-03T05:23:00Z,29.005585,0.0000577,60,25.25
2026-10-03T05:24:00Z,29.0055217,0.0000613,60,25.25
2026-10-03T05:25:00Z,29.0055517,0.0000624,60,25.25
2026-10-03T05:26:00Z,29.0055183,0.0000624,60,25.2
2026-10-03T05:27:00Z,29.005495,0.0000534,60,25.1875
2026-10-03T05:28:00Z,29.0055017,0.0000431,60,25.1875
2026-10-03T05:29:00Z,29.005545,0.0000769,60,25.1875
2026-10-03T05:30:00Z,29.00555,0.0000725,60,25.1875
2026-10-03T05:31:00Z,29.0055617,0.0000524,60,25.1875
2026-10-03T05:32:00Z,29.0055467,0.0000596,60,25.1875
2026-10-03T05:33:00Z,29.0055033,0.000045,60,25.1875
2026-10-03T05:34:00Z,29.0054883,0.0000666,60,25.1875
2026-10-03T05:35:00Z,29.0054717,0.0000613,60,25.1875
2026-10-03T05:36:00Z,29.0054167,0.0000615,60,25.1875
2026-10-03T05:37:00Z,29.0054733,0.0000578,60,25.1875
2026-10-03T05:38:00Z,29.0054733,0.000066,60,25.1875
2026-10-03T05:39:00Z,29.005455,0.0000622,60,25.1875
2026-10-03T05:40:00Z,29.0054783,0.0000524,60,25.175
2026-10-03T05:41:00Z,29.0055133,0.0000468,60,25.125
2026-10-03T05:42:00Z,29.0055383,0.0000613,60,25.125
2026-10-03T05:43:00Z,29.0054833,0.0000587,60,25.125
2026-10-03T05:44:00Z,29.00552,0.0000632,60,25.125
2026-10-03T05:45:00Z,29.00552,0.0000514,60,25.125
2026-10-03T05:46:00Z,29.005505,0.0000594,60,25.125
2026-10-03T05:47:00Z,29.0055017,0.0000537,60,25.125
2026-10-03T05:48:00Z,29.005455,0.0000723,60,25.125
2026-10-03T05:49:00Z,29.005515,0.0000633,60,25.125
2026-10-03T05:50:00Z,29.00555,0.0000676,60,25.125
2026-10-03T05:51:00Z,29.0054917,0.0000561,60,25.125
2026-10-03T05:52:00Z,29.0054367,0.0000688,60,25.125
2026-10-03T05:53:00Z,29.0054817,0.0000651,60,25.125
2026-10-03T05:54:00Z,29.0055083,0.0000462,60,25.125
2026-10-03T05:55:00Z,29.0055083,0.0000561,60,25.1
2026-10-03T05:56:00Z,29.0055067,0.0000516,60,25.0875
2026-10-03T05:57:00Z,29.0055217,0.0000524,60,25.0625
2026-10-03T05:58:00Z,29.00552,0.0000514,60,25.0625
2026-10-03T05:59:00Z,29.0055433,0.00005,60,25.0625
2026-10-03T06:00:00Z,29.0055183,0.0000624,60,25.0625
2026-10-03T06:01:00Z,29.00555,0.0000676,60,25.0625
2026-10-03T06:02:00Z,29.0055814,0.0000601,59,25.0625
2026-10-03T06:03:00Z,29.005575,0.0000628,60,25.0625
2026-10-03T06:04:00Z,29.0056083,0.0000561,60,25.0625
2026-10-03T06:05:00Z,29.0055867,0.0000676,60,25.0625
2026-10-03T06:06:00Z,29.00563,0.0000619,60,25.0625
2026-10-03T06:07:00Z,29.0056183,0.0000596,60,25.0625
2026-10-03T06:08:00Z,29.0055933,0.000071,60,25.0625
2026-10-03T06:09:00Z,29.005635,0.0000633,60,25.025
2026-10-03T06:10:00Z,29.005605,0.0000502,60,25.0
2026-10-03T06:11:00Z,29.0055933,0.0000686,60,25.0
2026-10-03T06:12:00Z,29.00557,0.0000591,60,25.0
2026-10-03T06:13:00Z,29.0055967,0.0000486,60,25.0
2026-10-03T06:14:00Z,29.0055733,0.0000548,60,25.0
2026-10-03T06:15:00Z,29.0055783,0.0000585,60,25.0
2026-10-03T06:16:00Z,29.005625,0.0000654,60,25.0
2026-10-03T06:17:00Z,29.0055767,0.0000563,60,25.0
2026-10-03T06:18:00Z,29.0055933,0.00008,60,25.0
2026-10-03T06:19:00Z,29.0056267,0.0000733,60,25.0
2026-10-03T06:20:00Z,29.0056933,0.0000607,60,25.0
2026-10-03T06:21:00Z,29.0056417,0.0000671,60,25.0
2026-10-03T06:22:00Z,29.0055883,0.0000555,60,25.0
2026-10-03T06:23:00Z,29.00561,0.0000511,60,24.975
2026-10-03T06:24:00Z,29.00566,0.0000616,60,24.9375
2026-10-03T06:25:00Z,29.0056483,0.0000701,60,24.9375
2026-10-03T06:26:00Z,29.005595,0.0000832,60,24.9375
2026-10-03T06:27:00Z,29.0056283,0.0000691,60,24.9375
2026-10-03T06:28:00Z,29.005595,0.0000649,60,24.9375
2026-10-03T06:29:00Z,29.0056283,0.0000555,60,24.9375
2026-10-03T06:30:00Z,29.00559,0.0000877,60,24.9375
2026-10-03T06:31:00Z,29.00557,0.0000646,60,24.9375
2026-10-03T06:32:00Z,29.0055967,0.0000581,60,24.9375
2026-10-03T06:33:00Z,29.005595,0.0000964,60,24.9375
2026-10-03T06:34:00Z,29.0055667,0.0000629,60,24.9375
2026-10-03T06:35:00Z,29.0056267,0.0000578,60,24.9375
2026-10-03T06:36:00Z,29.0056217,0.0000691,60,24.9375
2026-10-03T06:37:00Z,29.0056133,0.0000596,60,24.9375
2026-10-03T06:38:00Z,29.0056017,0.0000567,60,24.8875
2026-10-03T06:39:00Z,29.0055967,0.000061,60,24.875
2026-10-03T06:40:00Z,29.005655,0.0000594,60,24.875
2026-10-03T06:41:00Z,29.005695,0.0000534,60,24.875
2026-10-03T06:42:00Z,29.005685,0.0000633,60,24.875
2026-10-03T06:43:00Z,29.005635,0.0000481,60,24.875
2026-10-03T06:44:00Z,29.00566,0.0000694,60,24.875
2026-10-03T06:45:00Z,29.005655,0.0000594,60,24.875
2026-10-03T06:46:00Z,29.0057017,0.0000596,60,24.875
2026-10-03T06:47:00Z,29.0056467,0.0000676,60,24.875
2026-10-03T06:48:00Z,29.005695,0.0000565,60,24.875
2026-10-03T06:49:00Z,29.0057167,0.0000642,60,24.875
2026-10-03T06:50:00Z,29.0056817,0.0000651,60,24.875
2026-10-03T06:51:00Z,29.005725,0.0000508,60,24.875
2026-10-03T06:52:00Z,29.0056593,0.0000673,59,24.875
2026-10-03T06:53:00Z,29.0056533,0.0000596,60,24.8125
2026-10-03T06:54:00Z,29.00569,0.000063,60,24.8125
2026-10-03T06:55:00Z,29.0056683,0.000077,60,24.8125
2026-10-03T06:56:00Z,29.0056567,0.0000647,60,24.8125
2026-10-03T06:57:00Z,29.0057017,0.0000701,60,24.8125
2026-10-03T06:58:00Z,29.00566,0.0000643,60,24.8125
2026-10-03T06:59:00Z,29.0057567,0.0000647,60,24.8125
2026-10-03T07:00:00Z,29.005675,0.0000571,60,24.8125
2026-10-03T07:01:00Z,29.00564,0.0000764,60,24.8125
2026-10-03T07:02:00Z,29.0057267,0.0000686,60,24.8125
2026-10-03T07:03:00Z,29.0056467,0.000065,60,24.8125
2026-10-03T07:04:00Z,29.0056333,0.0000475,60,24.8125
2026-10-03T07:05:00Z,29.0056533,0.0000623,60,24.8125
2026-10-03T07:06:00Z,29.0056817,0.0000596,60,24.8125
2026-10-03T07:07:00Z,29.0056567,0.0000593,60,24.7656
2026-10-03T07:08:00Z,29.0056633,0.0000688,60,24.75
2026-10-03T07:09:00Z,29.0057383,0.0000761,60,24.75
2026-10-03T07:10:00Z,29.0056717,0.0000715,60,24.75
2026-10-03T07:11:00Z,29.0057017,0.0000596,60,24.75
2026-10-03T07:12:00Z,29.0057017,0.0000651,60,24.75
2026-10-03T07:13:00Z,29.00565,0.0000537,60,24.75
2026-10-03T07:14:00Z,29.0057033,0.0000367,60,24.75
2026-10-03T07:15:00Z,29.005705,0.0000622,60,24.75
2026-10-03T07:16:00Z,29.0056533,0.0000536,60,24.75
2026-10-03T07:17:00Z,29.00566,0.0000494,60,24.75
2026-10-03T07:18:00Z,29.0056533,0.0000623,60,24.75
2026-10-03T07:19:00Z,29.00573,0.0000619,60,24.75
2026-10-03T07:20:00Z,29.0056867,0.0000536,60,24.75
2026-10-03T07:21:00Z,29.0057417,0.0000561,60,24.75
2026-10-03T07:22:00Z,29.0057367,0.0000637,60,24.725
2026-10-03T07:23:00Z,29.0057267,0.0000778,60,24.6875
2026-10-03T07:24:00Z,29.0056517,0.0000624,60,24.6875
2026-10-03T07:25:00Z,29.0057017,0.0000676,60,24.6875
2026-10-03T07:26:00Z,29.005735,0.0000633,60,24.6875
2026-10-03T07:27:00Z,29.0057633,0.0000581,60,24.6875
2026-10-03T07:28:00Z,29.0057417,0.0000743,60,24.6875
2026-10-03T07:29:00Z,29.0056967,0.0000688,60,24.6875
2026-10-03T07:30:00Z,29.00573,0.0000743,60,24.6875
2026-10-03T07:31:00Z,29.0056617,0.0000715,60,24.6875
2026-10-03T07:32:00Z,29.0057033,0.0000802,60,24.6875
2026-10-03T07:33:00Z,29.0057517,0.0000624,60,24.6875
2026-10-03T07:34:00Z,29.00569,0.0000656,60,24.6875
2026-10-03T07:35:00Z,29.0057117,0.000064,60,24.6875
2026-10-03T07:36:00Z,29.0056983,0.0000624,60,24.6719
2026-10-03T07:37:00Z,29.0057283,0.0000555,60,24.625
2026-10-03T07:38:00Z,29.0057083,0.0000645,60,24.625
2026-10-03T07:39:00Z,29.0057367,0.0000712,60,24.625
2026-10-03T07:40:00Z,29.0057034,0.0000586,59,24.625
2026-10-03T07:41:00Z,29.0057233,0.0000593,60,24.625
2026-10-03T07:42:00Z,29.0057633,0.000061,60,24.625
2026-10-03T07:43:00Z,29.00578,0.0000605,60,24.625
2026-10-03T07:44:00Z,29.0057733,0.0000634,60,24.625
2026-10-03T07:45:00Z,29.005695,0.0000622,60,24.625
2026-10-03T07:46:00Z,29.005695,0.000079,60,24.625
2026-10-03T07:47:00Z,29.005725,0.0000728,60,24.625
2026-10-03T07:48:00Z,29.0057367,0.0000551,60,24.625
2026-10-03T07:49:00Z,29.005785,0.0000515,60,24.625
2026-10-03T07:50:00Z,29.0056967,0.000052,60,24.6125
2026-10-03T07:51:00Z,29.0057633,0.0000637,60,24.5625
2026-10-03T07:52:00Z,29.0057917,0.0000671,60,24.5625
2026-10-03T07:53:00Z,29.0057917,0.0000591,60,24.5625
2026-10-03T07:54:00Z,29.00576,0.0000588,60,24.5625
2026-10-03T07:55:00Z,29.005725,0.0000541,60,24.5625
2026-10-03T07:56:00Z,29.0057117,0.0000691,60,24.5625
2026-10-03T07:57:00Z,29.0056833,0.000074,60,24.5625
2026-10-03T07:58:00Z,29.0057233,0.0000533,60,24.5625
2026-10-03T07:59:00Z,29.005735,0.0000606,60,24.5625
2026-10-03T08:00:00Z,29.0057767,0.0000698,60,24.5625
2026-10-03T08:01:00Z,29.0056833,0.0000493,60,24.5625
2026-10-03T08:02:00Z,29.0057683,0.0000725,60,24.5625
2026-10-03T08:03:00Z,29.005765,0.0000547,60,24.5625
2026-10-03T08:04:00Z,29.00574,0.0000741,60,24.5625
2026-10-03T08:05:00Z,29.0057583,0.0000561,60,24.5625
2026-10-03T08:06:00Z,29.0057533,0.0000747,60,24.525
2026-10-03T08:07:00Z,29.005695,0.0000565,60,24.5
2026-10-03T08:08:00Z,29.0058033,0.0000736,60,24.5
2026-10-03T08:09:00Z,29.0057417,0.0000591,60,24.5
2026-10-03T08:10:00Z,29.0057733,0.0000548,60,24.5
2026-10-03T08:11:00Z,29.0057917,0.0000619,60,24.5
2026-10-03T08:12:00Z,29.0057267,0.0000516,60,24.5
2026-10-03T08:13:00Z,29.005825,0.000068,60,24.5
2026-10-03T08:14:00Z,29.005805,0.0000502,60,24.5
2026-10-03T08:15:00Z,29.0058133,0.000065,60,24.5
2026-10-03T08:16:00Z,29.0057633,0.000052,60,24.5
2026-10-03T08:17:00Z,29.0057667,0.0000572,60,24.5
2026-10-03T08:18:00Z,29.0057517,0.0000504,60,24.5
2026-10-03T08:19:00Z,29.0058,0.0000902,60,24.5
2026-10-03T08:20:00Z,29.0057383,0.000064,60,24.5
2026-10-03T08:21:00Z,29.0058033,0.0000551,60,24.45
2026-10-03T08:22:00Z,29.005855,0.0000675,60,24.4375
2026-10-03T08:23:00Z,29.00576,0.0000669,60,24.4375
2026-10-03T08:24:00Z,29.0058083,0.0000671,60,24.4375
2026-10-03T08:25:00Z,29.0057583,0.0000645,60,24.4375
2026-10-03T08:26:00Z,29.0057983,0.0000651,60,24.4375
2026-10-03T08:27:00Z,29.0057867,0.0000676,60,24.4375
2026-10-03T08:28:00Z,29.0057917,0.0000591,60,24.4375
2026-10-03T08:29:00Z,29.0057881,0.0000646,59,24.4375
2026-10-03T08:30:00Z,29.0058217,0.0000524,60,24.4375
2026-10-03T08:31:00Z,29.0058733,0.0000634,60,24.4375
2026-10-03T08:32:00Z,29.0058217,0.0000613,60,24.4375
2026-10-03T08:33:00Z,29.0058583,0.0000671,60,24.4375
2026-10-03T08:34:00Z,29.0058533,0.0000566,60,24.4375
2026-10-03T08:35:00Z,29.0058167,0.0000557,60,24.4375
2026-10-03T08:36:00Z,29.0058667,0.0000705,60,24.425
2026-10-03T08:37:00Z,29.0058933,0.000071,60,24.375
2026-10-03T08:38:00Z,29.0058767,0.0000647,60,24.375
2026-10-03T08:39:00Z,29.00589,0.0000543,60,24.375
2026-10-03T08:40:00Z,29.005885,0.0000685,60,24.375
2026-10-03T08:41:00Z,29.0058433,0.0000647,60,24.375
2026-10-03T08:42:00Z,29.0058483,0.0000567,60,24.375
2026-10-03T08:43:00Z,29.0058583,0.000072,60,24.375
2026-10-03T08:44:00Z,29.00587,0.0000743,60,24.375
2026-10-03T08:45:00Z,29.0058467,0.0000623,60,24.375
2026-10-03T08:46:00Z,29.0058017,0.0000651,60,24.375
2026-10-03T08:47:00Z,29.0058217,0.000064,60,24.375
2026-10-03T08:48:00Z,29.0058467,0.000065,60,24.375
2026-10-03T08:49:00Z,29.0058533,0.000065,60,24.375
2026-10-03T08:50:00Z,29.0058333,0.000051,60,24.375
2026-10-03T08:51:00Z,29.0057467,0.0000566,60,24.3375
2026-10-03T08:52:00Z,29.0058017,0.0000596,60,24.3125
2026-10-03T08:53:00Z,29.00583,0.000053,60,24.3125
2026-10-03T08:54:00Z,29.0058283,0.0000715,60,24.3125
2026-10-03T08:55:00Z,29.0058233,0.0000745,60,24.3125
2026-10-03T08:56:00Z,29.005895,0.0000699,60,24.3125
2026-10-03T08:57:00Z,29.005885,0.0000659,60,24.3125
2026-10-03T08:58:00Z,29.0058933,0.0000578,60,24.3125
2026-10-03T08:59:00Z,29.00594,0.0000669,60,24.3125
2026-10-03T09:00:00Z,29.0059183,0.0000676,60,24.3125
2026-10-03T09:01:00Z,29.005945,0.000079,60,24.3125
2026-10-03T09:02:00Z,29.005995,0.0000649,60,24.3125
2026-10-03T09:03:00Z,29.00593,0.0000766,60,24.3125
2026-10-03T09:04:00Z,29.0059483,0.0000748,60,24.3125
2026-10-03T09:05:00Z,29.0059467,0.0000566,60,24.3125
2026-10-03T09:06:00Z,29.0059467,0.0000724,60,24.3
2026-10-03T09:07:00Z,29.0060183,0.0000725,60,24.25
2026-10-03T09:08:00Z,29.0059533,0.0000676,60,24.25
2026-10-03T09:09:00Z,29.00598,0.0000684,60,24.25
2026-10-03T09:10:00Z,29.0059817,0.0000676,60,24.25
2026-10-03T09:11:00Z,29.005875,0.0000654,60,24.25
2026-10-03T09:12:00Z,29.0058833,0.0000717,60,24.25
2026-10-03T09:13:00Z,29.0059033,0.0000712,60,24.25
2026-10-03T09:14:00Z,29.0058817,0.0000701,60,24.25
2026-10-03T09:15:00Z,29.00592,0.0000576,60,24.25
2026-10-03T09:16:00Z,29.0059133,0.00007,60,24.25
2026-10-03T09:17:00Z,29.0059267,0.000066,60,24.25
2026-10-03T09:18:00Z,29.0059367,0.0000688,60,24.25
2026-10-03T09:19:00Z,29.0059169,0.0000894,59,24.25
2026-10-03T09:20:00Z,29.0058333,0.0000795,60,24.25
2026-10-03T09:21:00Z,29.00588,0.0000755,60,24.2375
2026-10-03T09:22:00Z,29.00585,0.0000701,60,24.2125
2026-10-03T09:23:00Z,29.0058767,0.0000767,60,24.1875
2026-10-03T09:24:00Z,29.005865,0.0000606,60,24.1875
2026-10-03T09:25:00Z,29.0058683,0.0000701,60,24.1875
2026-10-03T09:26:00Z,29.0058233,0.0000673,60,24.1875
2026-10-03T09:27:00Z,29.005865,0.0000709,60,24.1875
2026-10-03T09:28:00Z,29.00591,0.0000602,60,24.1875
2026-10-03T09:29:00Z,29.00595,0.0000813,60,24.1875
2026-10-03T09:30:00Z,29.0058767,0.0000593,60,24.1875
2026-10-03T09:31:00Z,29.0058917,0.0000696,60,24.1875
2026-10-03T09:32:00Z,29.0059367,0.0000581,60,24.1875
2026-10-03T09:33:00Z,29.005895,0.0000769,60,24.1875
2026-10-03T09:34:00Z,29.0058233,0.0000698,60,24.1875
2026-10-03T09:35:00Z,29.0058033,0.000052,60,24.175
2026-10-03T09:36:00Z,29.00583,0.0000591,60,24.1375
2026-10-03T09:37:00Z,29.0058283,0.0000454,60,24.125
2026-10-03T09:38:00Z,29.00593,0.0000671,60,24.125
2026-10-03T09:39:00Z,29.00585,0.000077,60,24.125
2026-10-03T09:40:00Z,29.0058783,0.0000555,60,24.125
2026-10-03T09:41:00Z,29.0058233,0.000081,60,24.125
2026-10-03T09:42:00Z,29.0059083,0.0000591,60,24.125
2026-10-03T09:43:00Z,29.0059033,0.0000736,60,24.125
2026-10-03T09:44:00Z,29.0059233,0.0000563,60,24.125
2026-10-03T09:45:00Z,29.0059333,0.0000655,60,24.125
2026-10-03T09:46:00Z,29.0059267,0.0000607,60,24.125
2026-10-03T09:47:00Z,29.0059367,0.0000637,60,24.125
2026-10-03T09:48:00Z,29.0059667,0.0000572,60,24.125
2026-10-03T09:49:00Z,29.005945,0.0000594,60,24.125
2026-10-03T09:50:00Z,29.0059383,0.0000524,60,24.1
2026-10-03T09:51:00Z,29.0059483,0.0000651,60,24.0625
2026-10-03T09:52:00Z,29.0059833,0.0000557,60,24.0625
2026-10-03T09:53:00Z,29.00594,0.0000643,60,24.0625
2026-10-03T09:54:00Z,29.006015,0.0000755,60,24.0625
2026-10-03T09:55:00Z,29.0059717,0.000064,60,24.0625
2026-10-03T09:56:00Z,29.005965,0.0000577,60,24.0625
2026-10-03T09:57:00Z,29.0059483,0.0000567,60,24.0625
2026-10-03T09:58:00Z,29.0059733,0.0000607,60,24.0625
2026-10-03T09:59:00Z,29.0059733,0.000066,60,24.0625
2026-10-03T10:00:00Z,29.0059883,0.0000585,60,24.0625
2026-10-03T10:01:00Z,29.0059817,0.0000469,60,24.0625
2026-10-03T10:02:00Z,29.005995,0.0000502,60,24.0625
2026-10-03T10:03:00Z,29.00596,0.0000643,60,24.0625
2026-10-03T10:04:00Z,29.0059567,0.0000563,60,24.0625
2026-10-03T10:05:00Z,29.005955,0.0000699,60,24.025
2026-10-03T10:06:00Z,29.0059167,0.0000668,60,24.0
2026-10-03T10:07:00Z,29.0058983,0.0000537,60,24.0
2026-10-03T10:08:00Z,29.0059339,0.0000576,59,24.0
2026-10-03T10:09:00Z,29.0059017,0.0000624,60,24.0
2026-10-03T10:10:00Z,29.0059017,0.0000596,60,24.0
2026-10-03T10:11:00Z,29.0058867,0.0000536,60,24.0
2026-10-03T10:12:00Z,29.0059433,0.0000673,60,24.0
2026-10-03T10:13:00Z,29.00592,0.0000684,60,24.0
2026-10-03T10:14:00Z,29.0059317,0.0000596,60,24.0
2026-10-03T10:15:00Z,29.0059417,0.0000619,60,24.0
2026-10-03T10:16:00Z,29.0059883,0.0000524,60,24.0
2026-10-03T10:17:00Z,29.00604,0.0000785,60,24.0
2026-10-03T10:18:00Z,29.0059367,0.0000663,60,24.0
2026-10-03T10:19:00Z,29.0059717,0.0000524,60,24.0
2026-10-03T10:20:00Z,29.0059083,0.0000696,60,23.9875
2026-10-03T10:21:00Z,29.0059733,0.0000634,60,23.9625
2026-10-03T10:22:00Z,29.0059783,0.0000666,60,23.9375
2026-10-03T10:23:00Z,29.0060233,0.0000593,60,23.9375
2026-10-03T10:24:00Z,29.005975,0.0000628,60,23.9375
2026-10-03T10:25:00Z,29.0059917,0.000072,60,23.9375
2026-10-03T10:26:00Z,29.0060217,0.0000666,60,23.9375
2026-10-03T10:27:00Z,29.00601,0.0000543,60,23.9375
2026-10-03T10:28:00Z,29.006015,0.0000659,60,23.9375
2026-10-03T10:29:00Z,29.0059817,0.0000537,60,23.9375
2026-10-03T10:30:00Z,29.0060217,0.0000691,60,23.9375
2026-10-03T10:31:00Z,29.0060133,0.0000566,60,23.9375
2026-10-03T10:32:00Z,29.0059817,0.0000624,60,23.9375
2026-10-03T10:33:00Z,29.0060583,0.0000766,60,23.9375
2026-10-03T10:34:00Z,29.0060333,0.0000705,60,23.9375
2026-10-03T10:35:00Z,29.0060317,0.000077,60,23.9375
2026-10-03T10:36:00Z,29.005975,0.0000704,60,23.9375
2026-10-03T10:37:00Z,29.006005,0.0000649,60,23.9375
2026-10-03T10:38:00Z,29.0059933,0.0000607,60,23.925
2026-10-03T10:39:00Z,29.0060117,0.0000524,60,23.9
2026-10-03T10:40:00Z,29.0059817,0.0000431,60,23.875
2026-10-03T10:41:00Z,29.0059933,0.0000634,60,23.875
2026-10-03T10:42:00Z,29.0060183,0.0000596,60,23.875
2026-10-03T10:43:00Z,29.0060417,0.0000766,60,23.875
2026-10-03T10:44:00Z,29.006025,0.0000541,60,23.875
2026-10-03T10:45:00Z,29.00603,0.0000497,60,23.875
2026-10-03T10:46:00Z,29.0060517,0.0000567,60,23.875
2026-10-03T10:47:00Z,29.0060017,0.0000792,60,23.875
2026-10-03T10:48:00Z,29.00598,0.0000755,60,23.875
2026-10-03T10:49:00Z,29.0060233,0.0000621,60,23.875
2026-10-03T10:50:00Z,29.0060317,0.0000567,60,23.875
2026-10-03T10:51:00Z,29.005965,0.0000515,60,23.875
2026-10-03T10:52:00Z,29.00603,0.0000619,60,23.875
2026-10-03T10:53:00Z,29.0060333,0.0000681,60,23.875
2026-10-03T10:54:00Z,29.006035,0.0000633,60,23.875
2026-10-03T10:55:00Z,29.0060817,0.0000701,60,23.875
2026-10-03T10:56:00Z,29.0060267,0.0000516,60,23.875
2026-10-03T10:57:00Z,29.00608,0.0000684,60,23.875
2026-10-03T10:58:00Z,29.0060356,0.0000737,59,23.875
2026-10-03T10:59:00Z,29.006015,0.0000659,60,23.875
2026-10-03T11:00:00Z,29.0060267,0.0000821,60,23.8625
2026-10-03T11:01:00Z,29.0060217,0.000064,60,23.8375
2026-10-03T11:02:00Z,29.0060033,0.0000551,60,23.8125
2026-10-03T11:03:00Z,29.0060067,0.0000733,60,23.8125
2026-10-03T11:04:00Z,29.0060017,0.0000537,60,23.8125
2026-10-03T11:05:00Z,29.0060083,0.0000424,60,23.8125
2026-10-03T11:06:00Z,29.0060467,0.0000596,60,23.8125
2026-10-03T11:07:00Z,29.006055,0.0000723,60,23.8125
2026-10-03T11:08:00Z,29.006065,0.0000777,60,23.8125
2026-10-03T11:09:00Z,29.0060983,0.0000624,60,23.8125
2026-10-03T11:10:00Z,29.0060533,0.0000623,60,23.8125
2026-10-03T11:11:00Z,29.0060817,0.0000676,60,23.8125
2026-10-03T11:12:00Z,29.0061083,0.0000591,60,23.8125
2026-10-03T11:13:00Z,29.0061017,0.0000676,60,23.8125
2026-10-03T11:14:00Z,29.0061017,0.0000504,60,23.8125
2026-10-03T11:15:00Z,29.0060167,0.0000526,60,23.8125
2026-10-03T11:16:00Z,29.0061017,0.0000651,60,23.8125
2026-10-03T11:17:00Z,29.0060617,0.000064,60,23.8125
2026-10-03T11:18:00Z,29.0061083,0.0000619,60,23.8125
2026-10-03T11:19:00Z,29.0060517,0.0000833,60,23.8125
2026-10-03T11:20:00Z,29.0060217,0.0000415,60,23.8125
2026-10-03T11:21:00Z,29.0060917,0.0000497,60,23.8125
2026-10-03T11:22:00Z,29.0060533,0.0000503,60,23.8125
2026-10-03T11:23:00Z,29.00607,0.0000591,60,23.8125
2026-10-03T11:24:00Z,29.0059917,0.0000671,60,23.8125
2026-10-03T11:25:00Z,29.0060217,0.0000613,60,23.8125
2026-10-03T11:26:00Z,29.0060483,0.0000596,60,23.8125
2026-10-03T11:27:00Z,29.0060317,0.0000651,60,23.8125
2026-10-03T11:28:00Z,29.0059717,0.0000613,60,23.8125
2026-10-03T11:29:00Z,29.0060067,0.0000578,60,23.8125
2026-10-03T11:30:00Z,29.0060317,0.0000624,60,23.75
2026-10-03T11:31:00Z,29.0060083,0.0000671,60,23.75
2026-10-03T11:32:00Z,29.0060283,0.0000524,60,23.75
2026-10-03T11:33:00Z,29.0060983,0.0000567,60,23.75
2026-10-03T11:34:00Z,29.0061217,0.0000715,60,23.75
2026-10-03T11:35:00Z,29.0060167,0.0000493,60,23.75
2026-10-03T11:36:00Z,29.0060983,0.0000537,60,23.75
2026-10-03T11:37:00Z,29.0060933,0.0000686,60,23.75
2026-10-03T11:38:00Z,29.00611,0.0000543,60,23.75
2026-10-03T11:39:00Z,29.0060767,0.0000593,60,23.75
2026-10-03T11:40:00Z,29.0061483,0.0000854,60,23.75
2026-10-03T11:41:00Z,29.0062033,0.000045,60,23.75
2026-10-03T11:42:00Z,29.006155,0.0000675,60,23.75
2026-10-03T11:43:00Z,29.00613,0.0000671,60,23.75
2026-10-03T11:44:00Z,29.00611,0.000063,60,23.75
2026-10-03T11:45:00Z,29.0061167,0.0000418,60,23.75
2026-10-03T11:46:00Z,29.0061317,0.0000596,60,23.75
2026-10-03T11:47:00Z,29.0061169,0.0000746,59,23.75
2026-10-03T11:48:00Z,29.006115,0.0000633,60,23.75
2026-10-03T11:49:00Z,29.0061217,0.0000666,60,23.75
2026-10-03T11:50:00Z,29.0061317,0.0000651,60,23.75
2026-10-03T11:51:00Z,29.00608,0.0000546,60,23.75
2026-10-03T11:52:00Z,29.0061033,0.0000712,60,23.75
2026-10-03T11:53:00Z,29.0061633,0.0000551,60,23.75
2026-10-03T11:54:00Z,29.00615,0.0000567,60,23.75
2026-10-03T11:55:00Z,29.006145,0.0000649,60,23.75
2026-10-03T11:56:00Z,29.0061617,0.0000585,60,23.75
2026-10-03T11:57:00Z,29.0060733,0.0000578,60,23.75
2026-10-03T11:58:00Z,29.0061067,0.0000821,60,23.75
2026-10-03T11:59:00Z,29.0061567,0.0000673,60,23.75
2026-10-03T12:00:00Z,29.0061217,0.000049,60,23.75
2026-10-03T12:01:00Z,29.006145,0.0000811,60,23.75
2026-10-03T12:02:00Z,29.0061867,0.00007,60,23.75
2026-10-03T12:03:00Z,29.0061767,0.0000831,60,23.75
2026-10-03T12:04:00Z,29.006125,0.00006,60,23.75
2026-10-03T12:05:00Z,29.0061733,0.000066,60,23.75
2026-10-03T12:06:00Z,29.0061383,0.0000666,60,23.75
2026-10-03T12:07:00Z,29.0061583,0.000053,60,23.75
2026-10-03T12:08:00Z,29.006125,0.0000628,60,23.75
2026-10-03T12:09:00Z,29.0061783,0.0000613,60,23.75
2026-10-03T12:10:00Z,29.006195,0.0000565,60,23.75
2026-10-03T12:11:00Z,29.00618,0.0000514,60,23.75
2026-10-03T12:12:00Z,29.0061933,0.0000482,60,23.75
2026-10-03T12:13:00Z,29.006225,0.0000571,60,23.75
2026-10-03T12:14:00Z,29.0061717,0.0000585,60,23.75
2026-10-03T12:15:00Z,29.006105,0.0000534,60,23.75
2026-10-03T12:16:00Z,29.006135,0.0000606,60,23.75
2026-10-03T12:17:00Z,29.0060933,0.000071,60,23.75
2026-10-03T12:18:00Z,29.0060883,0.0000524,60,23.75
2026-10-03T12:19:00Z,29.006145,0.0000594,60,23.75
2026-10-03T12:20:00Z,29.006085,0.0000481,60,23.75
2026-10-03T12:21:00Z,29.006175,0.0000508,60,23.75
2026-10-03T12:22:00Z,29.0060717,0.0000715,60,23.75
2026-10-03T12:23:00Z,29.0060617,0.0000524,60,23.75
2026-10-03T12:24:00Z,29.0061017,0.0000624,60,23.75
2026-10-03T12:25:00Z,29.00608,0.0000632,60,23.75
2026-10-03T12:26:00Z,29.0060467,0.00007,60,23.75
2026-10-03T12:27:00Z,29.0060533,0.0000536,60,23.75
2026-10-03T12:28:00Z,29.0060833,0.0000642,60,23.75
2026-10-03T12:29:00Z,29.0060667,0.0000475,60,23.75
2026-10-03T12:30:00Z,29.0060617,0.000064,60,23.7375
2026-10-03T12:31:00Z,29.00607,0.0000561,60,23.75
2026-10-03T12:32:00Z,29.0060367,0.0000581,60,23.75
2026-10-03T12:33:00Z,29.0061383,0.0000715,60,23.7125
2026-10-03T12:34:00Z,29.0061533,0.0000503,60,23.725
2026-10-03T12:35:00Z,29.0061583,0.0000591,60,23.7125
2026-10-03T12:36:00Z,29.0061576,0.0000649,59,23.7
2026-10-03T12:37:00Z,29.0061583,0.0000591,60,23.6875
2026-10-03T12:38:00Z,29.00619,0.0000602,60,23.7
2026-10-03T12:39:00Z,29.00615,0.0000624,60,23.6875
2026-10-03T12:40:00Z,29.0061483,0.0000596,60,23.6875
2026-10-03T12:41:00Z,29.0061767,0.0000698,60,23.6875
2026-10-03T12:42:00Z,29.00613,0.0000561,60,23.6875
2026-10-03T12:43:00Z,29.0060533,0.0000536,60,23.6875
2026-10-03T12:44:00Z,29.00606,0.0000558,60,23.6875
2026-10-03T12:45:00Z,29.0060717,0.0000613,60,23.6875
2026-10-03T12:46:00Z,29.00599,0.0000573,60,23.6875
2026-10-03T12:47:00Z,29.006045,0.0000565,60,23.6875
2026-10-03T12:48:00Z,29.0060733,0.0000578,60,23.6875
2026-10-03T12:49:00Z,29.006075,0.0000654,60,23.6875
2026-10-03T12:50:00Z,29.0061267,0.0000607,60,23.6875
2026-10-03T12:51:00Z,29.0060683,0.0000833,60,23.6875
2026-10-03T12:52:00Z,29.0061283,0.0000555,60,23.6875
2026-10-03T12:53:00Z,29.00609,0.0000573,60,23.6875
2026-10-03T12:54:00Z,29.0060867,0.0000566,60,23.6875
2026-10-03T12:55:00Z,29.0061317,0.0000725,60,23.6875
2026-10-03T12:56:00Z,29.006075,0.0000541,60,23.6875
2026-10-03T12:57:00Z,29.0061583,0.0000619,60,23.6875
2026-10-03T12:58:00Z,29.006125,0.0000654,60,23.6875
2026-10-03T12:59:00Z,29.00618,0.0000659,60,23.6875
2026-10-03T13:00:00Z,29.0061567,0.0000621,60,23.6875
2026-10-03T13:01:00Z,29.0061783,0.0000666,60,23.6875
2026-10-03T13:02:00Z,29.0061883,0.0000524,60,23.6875
2026-10-03T13:03:00Z,29.0061383,0.000064,60,23.6875
2026-10-03T13:04:00Z,29.0061683,0.0000596,60,23.6875
2026-10-03T13:05:00Z,29.0061333,0.0000655,60,23.6875
2026-10-03T13:06:00Z,29.0061483,0.0000701,60,23.6875
2026-10-03T13:07:00Z,29.00613,0.0000696,60,23.6875
2026-10-03T13:08:00Z,29.0061067,0.0000686,60,23.6875
2026-10-03T13:09:00Z,29.00616,0.0000494,60,23.6875
2026-10-03T13:10:00Z,29.00614,0.0000616,60,23.6875
2026-10-03T13:11:00Z,29.006095,0.0000565,60,23.6875
2026-10-03T13:12:00Z,29.0061283,0.0000555,60,23.6875
2026-10-03T13:13:00Z,29.0060983,0.0000567,60,23.6875
2026-10-03T13:14:00Z,29.0060833,0.0000693,60,23.6875
2026-10-03T13:15:00Z,29.0061517,0.0000596,60,23.6875
2026-10-03T13:16:00Z,29.0061933,0.0000686,60,23.6875
2026-10-03T13:17:00Z,29.0060867,0.0000536,60,23.6875
2026-10-03T13:18:00Z,29.0061167,0.0000642,60,23.6875
2026-10-03T13:19:00Z,29.0061333,0.0000542,60,23.6875
2026-10-03T13:20:00Z,29.0061683,0.0000624,60,23.6875
2026-10-03T13:21:00Z,29.00611,0.000073,60,23.6875
2026-10-03T13:22:00Z,29.0061383,0.000094,60,23.6875
2026-10-03T13:23:00Z,29.0061783,0.0000715,60,23.6875
2026-10-03T13:24:00Z,29.0061712,0.0000457,59,23.6875
2026-10-03T13:25:00Z,29.0061583,0.0000591,60,23.6875
2026-10-03T13:26:00Z,29.00616,0.0000741,60,23.6875
2026-10-03T13:27:00Z,29.0062333,0.0000877,60,23.6875
2026-10-03T13:28:00Z,29.0061933,0.0000578,60,23.6875
2026-10-03T13:29:00Z,29.00618,0.0000514,60,23.6875
2026-10-03T13:30:00Z,29.0061533,0.0000566,60,23.675
2026-10-03T13:31:00Z,29.00616,0.0000558,60,23.675
2026-10-03T13:32:00Z,29.0062017,0.0000596,60,23.6625
2026-10-03T13:33:00Z,29.0062233,0.0000722,60,23.6375
2026-10-03T13:34:00Z,29.0062383,0.0000783,60,23.625
2026-10-03T13:35:00Z,29.0062233,0.0000533,60,23.625
2026-10-03T13:36:00Z,29.0062483,0.0000701,60,23.6375
2026-10-03T13:37:00Z,29.006255,0.0000746,60,23.6375
2026-10-03T13:38:00Z,29.0062467,0.0000536,60,23.6875
2026-10-03T13:39:00Z,29.0062633,0.000052,60,23.6875
2026-10-03T13:40:00Z,29.006225,0.0000728,60,23.6875
2026-10-03T13:41:00Z,29.006215,0.0000577,60,23.6875
2026-10-03T13:42:00Z,29.0062333,0.0000542,60,23.6875
2026-10-03T13:43:00Z,29.0062533,0.0000596,60,23.6875
2026-10-03T13:44:00Z,29.0062133,0.0000676,60,23.6875
2026-10-03T13:45:00Z,29.00621,0.0000656,60,23.6875
2026-10-03T13:46:00Z,29.006265,0.0000633,60,23.7
2026-10-03T13:47:00Z,29.0063233,0.0000621,60,23.725
2026-10-03T13:48:00Z,29.006235,0.0000777,60,23.75
2026-10-03T13:49:00Z,29.0063017,0.0000596,60,23.75
2026-10-03T13:50:00Z,29.0063167,0.000074,60,23.75
2026-10-03T13:51:00Z,29.0062733,0.0000634,60,23.75
2026-10-03T13:52:00Z,29.006225,0.0000508,60,23.75
2026-10-03T13:53:00Z,29.0062367,0.0000551,60,23.75
2026-10-03T13:54:00Z,29.006235,0.0000577,60,23.75
2026-10-03T13:55:00Z,29.0063,0.0000638,60,23.75
2026-10-03T13:56:00Z,29.0062533,0.0000566,60,23.75
2026-10-03T13:57:00Z,29.0063067,0.0000634,60,23.75
2026-10-03T13:58:00Z,29.0062833,0.0000615,60,23.775
2026-10-03T13:59:00Z,29.0062933,0.0000578,60,23.8125
2026-10-03T14:00:00Z,29.0062617,0.000049,60,23.8125
2026-10-03T14:01:00Z,29.0063367,0.0000823,60,23.8125
2026-10-03T14:02:00Z,29.0062983,0.0000567,60,23.8125
2026-10-03T14:03:00Z,29.0062833,0.0000587,60,23.8125
2026-10-03T14:04:00Z,29.0062667,0.0000629,60,23.8125
2026-10-03T14:05:00Z,29.0062783,0.000064,60,23.8125
2026-10-03T14:06:00Z,29.0063383,0.000064,60,23.8125
2026-10-03T14:07:00Z,29.0062767,0.0000465,60,23.8125
2026-10-03T14:08:00Z,29.006255,0.0000594,60,23.8125
2026-10-03T14:09:00Z,29.0062083,0.0000381,60,23.8125
2026-10-03T14:10:00Z,29.0062667,0.0000572,60,23.8125
2026-10-03T14:11:00Z,29.006225,0.0000795,60,23.8125
2026-10-03T14:12:00Z,29.0062233,0.0000563,60,23.8125
2026-10-03T14:13:00Z,29.0062169,0.0000562,59,23.8125
2026-10-03T14:14:00Z,29.0062233,0.00005,60,23.8125
2026-10-03T14:15:00Z,29.0061583,0.0000645,60,23.8125
2026-10-03T14:16:00Z,29.0062033,0.0000486,60,23.8625
2026-10-03T14:17:00Z,29.0062167,0.0000668,60,23.8625
2026-10-03T14:18:00Z,29.006185,0.0000606,60,23.875
2026-10-03T14:19:00Z,29.0062083,0.0000591,60,23.875
2026-10-03T14:20:00Z,29.0061817,0.0000651,60,23.875
2026-10-03T14:21:00Z,29.0061783,0.0000761,60,23.875
2026-10-03T14:22:00Z,29.0062233,0.0000593,60,23.875
2026-10-03T14:23:00Z,29.0062033,0.0000637,60,23.875
2026-10-03T14:24:00Z,29.006255,0.0000649,60,23.875
2026-10-03T14:25:00Z,29.00622,0.0000632,60,23.875
2026-10-03T14:26:00Z,29.0062633,0.000052,60,23.875
2026-10-03T14:27:00Z,29.0061733,0.0000516,60,23.875
2026-10-03T14:28:00Z,29.006125,0.0000571,60,23.875
2026-10-03T14:29:00Z,29.0061433,0.0000673,60,23.875
2026-10-03T14:30:00Z,29.0061233,0.0000647,60,23.875
2026-10-03T14:31:00Z,29.0061083,0.0000561,60,23.875
2026-10-03T14:32:00Z,29.0061167,0.0000717,60,23.875
2026-10-03T14:33:00Z,29.006145,0.0000649,60,23.875
2026-10-03T14:34:00Z,29.006125,0.0000654,60,23.875
2026-10-03T14:35:00Z,29.0061733,0.0000548,60,23.875
2026-10-03T14:36:00Z,29.0061633,0.0000581,60,23.875
2026-10-03T14:37:00Z,29.0061383,0.0000555,60,23.875
2026-10-03T14:38:00Z,29.0061033,0.0000551,60,23.875
2026-10-03T14:39:00Z,29.0061817,0.0000596,60,23.875
2026-10-03T14:40:00Z,29.0062367,0.000061,60,23.875
2026-10-03T14:41:00Z,29.0061933,0.000071,60,23.875
2026-10-03T14:42:00Z,29.0061733,0.000071,60,23.875
2026-10-03T14:43:00Z,29.0062333,0.0000542,60,23.875
2026-10-03T14:44:00Z,29.00624,0.0000741,60,23.875
2026-10-03T14:45:00Z,29.0061967,0.0000581,60,23.875
2026-10-03T14:46:00Z,29.0061233,0.0000722,60,23.875
2026-10-03T14:47:00Z,29.0061067,0.0000607,60,23.875
2026-10-03T14:48:00Z,29.0060633,0.0000581,60,23.875
2026-10-03T14:49:00Z,29.00613,0.000083,60,23.875
2026-10-03T14:50:00Z,29.0061267,0.000066,60,23.875
2026-10-03T14:51:00Z,29.0061433,0.0000563,60,23.875
2026-10-03T14:52:00Z,29.0062183,0.0000676,60,23.875
2026-10-03T14:53:00Z,29.0061917,0.0000743,60,23.875
2026-10-03T14:54:00Z,29.006195,0.0000467,60,23.875
2026-10-03T14:55:00Z,29.0061883,0.0000613,60,23.875
2026-10-03T14:56:00Z,29.0062,0.0000611,60,23.875
2026-10-03T14:57:00Z,29.0061167,0.0000493,60,23.875
2026-10-03T14:58:00Z,29.00611,0.0000752,60,23.875
2026-10-03T14:59:00Z,29.0061333,0.0000837,60,23.875
2026-10-03T15:00:00Z,29.0062333,0.000051,60,23.875
2026-10-03T15:01:00Z,29.0062322,0.00006,59,23.875
2026-10-03T15:02:00Z,29.0061933,0.0000516,60,23.875
2026-10-03T15:03:00Z,29.0062367,0.0000551,60,23.875
2026-10-03T15:04:00Z,29.0062117,0.000064,60,23.875
2026-10-03T15:05:00Z,29.00624,0.0000764,60,23.9062
2026-10-03T15:06:00Z,29.0062583,0.0000619,60,23.9375
2026-10-03T15:07:00Z,29.00626,0.0000588,60,23.9375
2026-10-03T15:08:00Z,29.0061933,0.000071,60,23.9375
2026-10-03T15:09:00Z,29.0061867,0.0000536,60,23.9531
2026-10-03T15:10:00Z,29.0062083,0.0000561,60,24.0
2026-10-03T15:11:00Z,29.0062667,0.0000475,60,24.0
2026-10-03T15:12:00Z,29.0061883,0.0000739,60,24.025
2026-10-03T15:13:00Z,29.0061283,0.0000585,60,24.0625
2026-10-03T15:14:00Z,29.0061717,0.0000555,60,24.0625
2026-10-03T15:15:00Z,29.0060783,0.0000761,60,24.125
2026-10-03T15:16:00Z,29.00615,0.0000537,60,24.125
2026-10-03T15:17:00Z,29.0060967,0.0000551,60,24.1625
2026-10-03T15:18:00Z,29.0060317,0.0000567,60,24.1875
2026-10-03T15:19:00Z,29.0060383,0.0000715,60,24.1875
2026-10-03T15:20:00Z,29.0061467,0.0000566,60,24.25
2026-10-03T15:21:00Z,29.0060717,0.0000666,60,24.25
2026-10-03T15:22:00Z,29.0060667,0.0000681,60,24.2875
2026-10-03T15:23:00Z,29.0060433,0.0000593,60,24.3125
2026-10-03T15:24:00Z,29.0060583,0.0000561,60,24.3375
2026-10-03T15:25:00Z,29.0060583,0.000053,60,24.375
2026-10-03T15:26:00Z,29.00605,0.0000567,60,24.3906
2026-10-03T15:27:00Z,29.0060433,0.00005,60,24.4375
2026-10-03T15:28:00Z,29.0060217,0.0000454,60,24.4375
2026-10-03T15:29:00Z,29.0060517,0.0000651,60,24.5
2026-10-03T15:30:00Z,29.006045,0.0000534,60,24.5
2026-10-03T15:31:00Z,29.0060283,0.0000524,60,24.5375
2026-10-03T15:32:00Z,29.006035,0.0000577,60,24.5625
2026-10-03T15:33:00Z,29.00602,0.0000546,60,24.5833
2026-10-03T15:34:00Z,29.0059717,0.000064,60,24.625
2026-10-03T15:35:00Z,29.0059417,0.000072,60,24.625
2026-10-03T15:36:00Z,29.0060083,0.0000766,60,24.6625
2026-10-03T15:37:00Z,29.0060283,0.0000555,60,24.6875
2026-10-03T15:38:00Z,29.006095,0.0000649,60,24.6875
2026-10-03T15:39:00Z,29.0060383,0.000049,60,24.7375
2026-10-03T15:40:00Z,29.00602,0.0000443,60,24.75
2026-10-03T15:41:00Z,29.006055,0.0000675,60,24.75
2026-10-03T15:42:00Z,29.00603,0.0000497,60,24.775
2026-10-03T15:43:00Z,29.00601,0.0000573,60,24.8125
2026-10-03T15:44:00Z,29.0060217,0.0000454,60,24.8125
2026-10-03T15:45:00Z,29.0060533,0.00007,60,24.8625
2026-10-03T15:46:00Z,29.0060271,0.000052,59,24.875
2026-10-03T15:47:00Z,29.0060367,0.0000581,60,24.875
2026-10-03T15:48:00Z,29.0059783,0.0000524,60,24.9167
2026-10-03T15:49:00Z,29.0059933,0.0000634,60,24.9375
2026-10-03T15:50:00Z,29.00603,0.000053,60,24.9479
2026-10-03T15:51:00Z,29.00605,0.0000504,60,25.0
2026-10-03T15:52:00Z,29.005985,0.0000444,60,25.0
2026-10-03T15:53:00Z,29.0059417,0.0000619,60,25.0312
2026-10-03T15:54:00Z,29.0059683,0.0000748,60,25.0625
2026-10-03T15:55:00Z,29.005945,0.0000649,60,25.0625
2026-10-03T15:56:00Z,29.0060267,0.0000548,60,25.0729
2026-10-03T15:57:00Z,29.006015,0.0000481,60,25.125
2026-10-03T15:58:00Z,29.00599,0.0000573,60,25.125
2026-10-03T15:59:00Z,29.0060033,0.000061,60,25.125
2026-10-03T16:00:00Z,29.0059283,0.0000585,60,25.125
2026-10-03T16:01:00Z,29.005965,0.0000633,60,25.125
2026-10-03T16:02:00Z,29.0059583,0.0000591,60,25.125
2026-10-03T16:03:00Z,29.0058917,0.0000766,60,25.1562
2026-10-03T16:04:00Z,29.0058567,0.0000533,60,25.1875
2026-10-03T16:05:00Z,29.0058383,0.0000585,60,25.1875
2026-10-03T16:06:00Z,29.005835,0.0000547,60,25.1875
2026-10-03T16:07:00Z,29.005845,0.0000622,60,25.1875
2026-10-03T16:08:00Z,29.0058467,0.0000623,60,25.1875
2026-10-03T16:09:00Z,29.0058633,0.0000486,60,25.1875
2026-10-03T16:10:00Z,29.0058417,0.0000497,60,25.1875
2026-10-03T16:11:00Z,29.00591,0.0000543,60,25.1562
2026-10-03T16:12:00Z,29.00589,0.0000573,60,25.125
2026-10-03T16:13:00Z,29.0059083,0.0000743,60,25.125
2026-10-03T16:14:00Z,29.00588,0.0000632,60,25.125
2026-10-03T16:15:00Z,29.0059233,0.0000465,60,25.125
2026-10-03T16:16:00Z,29.00595,0.0000597,60,25.125
2026-10-03T16:17:00Z,29.0059617,0.0000555,60,25.125
2026-10-03T16:18:00Z,29.0058817,0.0000676,60,25.125
2026-10-03T16:19:00Z,29.005895,0.0000502,60,25.125
2026-10-03T16:20:00Z,29.0059817,0.0000813,60,25.125
2026-10-03T16:21:00Z,29.0059933,0.0000516,60,25.125
2026-10-03T16:22:00Z,29.0059533,0.0000566,60,25.125
2026-10-03T16:23:00Z,29.0059383,0.0000585,60,25.125
2026-10-03T16:24:00Z,29.0059217,0.0000613,60,25.125
2026-10-03T16:25:00Z,29.0059833,0.0000376,60,25.1094
2026-10-03T16:26:00Z,29.00599,0.0000477,60,25.0625
2026-10-03T16:27:00Z,29.0059533,0.0000536,60,25.0625
2026-10-03T16:28:00Z,29.00594,0.0000669,60,25.0625
2026-10-03T16:29:00Z,29.0059417,0.0000645,60,25.0625
2026-10-03T16:30:00Z,29.0059483,0.0000596,60,25.0625
2026-10-03T16:31:00Z,29.00594,0.0000527,60,25.0625
2026-10-03T16:32:00Z,29.0059517,0.0000596,60,25.0625
2026-10-03T16:33:00Z,29.0058617,0.0000613,60,25.0625
2026-10-03T16:34:00Z,29.0058233,0.0000647,60,25.0625
2026-10-03T16:35:00Z,29.0058695,0.0000701,59,25.0625
2026-10-03T16:36:00Z,29.0058217,0.0000555,60,25.0625
2026-10-03T16:37:00Z,29.00583,0.0000462,60,25.0625
2026-10-03T16:38:00Z,29.0058433,0.0000563,60,25.0625
2026-10-03T16:39:00Z,29.0059017,0.0000676,60,25.0625
2026-10-03T16:40:00Z,29.0059167,0.0000717,60,25.05
2026-10-03T16:41:00Z,29.0058533,0.0000596,60,25.0125
2026-10-03T16:42:00Z,29.0058467,0.0000747,60,25.0
2026-10-03T16:43:00Z,29.0058133,0.000065,60,25.0
2026-10-03T16:44:00Z,29.0059267,0.0000778,60,25.0
2026-10-03T16:45:00Z,29.0059433,0.0000563,60,25.0
2026-10-03T16:46:00Z,29.0059633,0.0000688,60,25.0
2026-10-03T16:47:00Z,29.0058683,0.0000624,60,25.0
2026-10-03T16:48:00Z,29.0058567,0.0000593,60,25.0
2026-10-03T16:49:00Z,29.0058617,0.0000555,60,25.0
2026-10-03T16:50:00Z,29.005925,0.00006,60,24.9875
2026-10-03T16:51:00Z,29.005905,0.0000622,60,24.9375
2026-10-03T16:52:00Z,29.0059233,0.0000621,60,24.9375
2026-10-03T16:53:00Z,29.0059183,0.0000676,60,24.9375
2026-10-03T16:54:00Z,29.0059083,0.0000645,60,24.9375
2026-10-03T16:55:00Z,29.0059517,0.0000567,60,24.9375
2026-10-03T16:56:00Z,29.0059383,0.0000666,60,24.9375
2026-10-03T16:57:00Z,29.0059033,0.0000637,60,24.9375
2026-10-03T16:58:00Z,29.0058867,0.000065,60,24.9375
2026-10-03T16:59:00Z,29.00591,0.000073,60,24.9375
2026-10-03T17:00:00Z,29.0058783,0.0000715,60,24.9375
2026-10-03T17:01:00Z,29.0059,0.0000713,60,24.9125
2026-10-03T17:02:00Z,29.0059067,0.0000733,60,24.875
2026-10-03T17:03:00Z,29.0058383,0.0000585,60,24.875
2026-10-03T17:04:00Z,29.0059317,0.0000624,60,24.875
2026-10-03T17:05:00Z,29.0059467,0.0000596,60,24.875
2026-10-03T17:06:00Z,29.0060433,0.0000647,60,24.875
2026-10-03T17:07:00Z,29.0059867,0.000065,60,24.875
2026-10-03T17:08:00Z,29.00587,0.0000619,60,24.875
2026-10-03T17:09:00Z,29.0059317,0.0000701,60,24.875
2026-10-03T17:10:00Z,29.005925,0.0000704,60,24.875
2026-10-03T17:11:00Z,29.005965,0.000088,60,24.875
2026-10-03T17:12:00Z,29.0059817,0.0000651,60,24.875
2026-10-03T17:13:00Z,29.0058967,0.0000712,60,24.875
2026-10-03T17:14:00Z,29.005885,0.0000709,60,24.85
2026-10-03T17:15:00Z,29.0059417,0.0000591,60,24.8375
2026-10-03T17:16:00Z,29.0060017,0.0000725,60,24.8125
2026-10-03T17:17:00Z,29.0059833,0.0000418,60,24.8125
2026-10-03T17:18:00Z,29.0060183,0.0000504,60,24.8125
2026-10-03T17:19:00Z,29.0059717,0.0000555,60,24.8125
2026-10-03T17:20:00Z,29.0059117,0.0000761,60,24.8125
2026-10-03T17:21:00Z,29.0058717,0.000064,60,24.825
2026-10-03T17:22:00Z,29.0059067,0.0000446,60,24.8625
2026-10-03T17:23:00Z,29.0059729,0.0000582,59,24.875
2026-10-03T17:24:00Z,29.005955,0.0000534,60,24.875
2026-10-03T17:25:00Z,29.0059217,0.0000585,60,24.875
2026-10-03T17:26:00Z,29.0059483,0.0000624,60,24.875
2026-10-03T17:27:00Z,29.0060017,0.0000504,60,24.875
2026-10-03T17:28:00Z,29.006005,0.0000534,60,24.875
2026-10-03T17:29:00Z,29.006005,0.0000594,60,24.875
2026-10-03T17:30:00Z,29.0059667,0.000051,60,24.875
2026-10-03T17:31:00Z,29.00598,0.0000605,60,24.875
2026-10-03T17:32:00Z,29.0059817,0.0000651,60,24.875
2026-10-03T17:33:00Z,29.0060233,0.0000563,60,24.8875
2026-10-03T17:34:00Z,29.0060233,0.0000533,60,24.925
2026-10-03T17:35:00Z,29.0059533,0.0000536,60,24.9375
2026-10-03T17:36:00Z,29.0059033,0.0000637,60,24.9375
2026-10-03T17:37:00Z,29.0059483,0.0000651,60,24.9375
2026-10-03T17:38:00Z,29.0059017,0.0000651,60,24.9375
2026-10-03T17:39:00Z,29.0059333,0.0000601,60,24.9375
2026-10-03T17:40:00Z,29.0059217,0.0000715,60,24.9375
2026-10-03T17:41:00Z,29.005935,0.0000659,60,24.9375
2026-10-03T17:42:00Z,29.0060233,0.0000563,60,24.9375
2026-10-03T17:43:00Z,29.005955,0.0000622,60,24.9375
2026-10-03T17:44:00Z,29.005965,0.0000515,60,24.9375
2026-10-03T17:45:00Z,29.005925,0.0000571,60,24.9375
2026-10-03T17:46:00Z,29.005955,0.0000723,60,24.9375
2026-10-03T17:47:00Z,29.0059583,0.0000696,60,24.9375
2026-10-03T17:48:00Z,29.0059383,0.0000613,60,24.95
2026-10-03T17:49:00Z,29.0059117,0.000049,60,24.95
2026-10-03T17:50:00Z,29.0058917,0.0000497,60,24.9875
2026-10-03T17:51:00Z,29.00589,0.0000706,60,25.0
2026-10-03T17:52:00Z,29.0059117,0.0000524,60,25.0
2026-10-03T17:53:00Z,29.00587,0.0000561,60,25.0
2026-10-03T17:54:00Z,29.0058983,0.0000748,60,25.0
2026-10-03T17:55:00Z,29.0058767,0.0000593,60,25.0
2026-10-03T17:56:00Z,29.005905,0.0000675,60,25.0
2026-10-03T17:57:00Z,29.0058883,0.0000555,60,25.0
2026-10-03T17:58:00Z,29.0058833,0.0000587,60,25.0
2026-10-03T17:59:00Z,29.0058617,0.0000715,60,25.0
2026-10-03T18:00:00Z,29.0058417,0.0000619,60,25.0
2026-10-03T18:01:00Z,29.005825,0.0000654,60,25.0
2026-10-03T18:02:00Z,29.0058783,0.0000585,60,25.0
2026-10-03T18:03:00Z,29.0058883,0.0000666,60,25.0
2026-10-03T18:04:00Z,29.0058383,0.000064,60,25.0
2026-10-03T18:05:00Z,29.0058267,0.0000634,60,25.0
2026-10-03T18:06:00Z,29.0058117,0.0000739,60,25.0
2026-10-03T18:07:00Z,29.005835,0.0000777,60,25.0
2026-10-03T18:08:00Z,29.005905,0.0000746,60,25.0
2026-10-03T18:09:00Z,29.005875,0.000068,60,25.0
2026-10-03T18:10:00Z,29.005915,0.0000685,60,25.0
2026-10-03T18:11:00Z,29.005875,0.0000628,60,25.0
2026-10-03T18:12:00Z,29.0059017,0.0000596,60,25.0125
2026-10-03T18:13:00Z,29.0059508,0.0000653,59,25.025
2026-10-03T18:14:00Z,29.0058417,0.0001013,60,25.05
2026-10-03T18:15:00Z,29.0058517,0.0000676,60,25.05
2026-10-03T18:16:00Z,29.005835,0.0000515,60,25.0625
2026-10-03T18:17:00Z,29.0058717,0.0000585,60,25.0625
2026-10-03T18:18:00Z,29.0058633,0.0000581,60,25.0625
2026-10-03T18:19:00Z,29.0058483,0.0000624,60,25.0625
2026-10-03T18:20:00Z,29.005855,0.0000852,60,25.0625
2026-10-03T18:21:00Z,29.00584,0.0000643,60,25.0625
2026-10-03T18:22:00Z,29.0058667,0.0000572,60,25.0625
2026-10-03T18:23:00Z,29.0058517,0.0000676,60,25.0625
2026-10-03T18:24:00Z,29.005825,0.0000571,60,25.0625
2026-10-03T18:25:00Z,29.0058267,0.0000482,60,25.0625
2026-10-03T18:26:00Z,29.0058817,0.0000567,60,25.0625
2026-10-03T18:27:00Z,29.00583,0.0000497,60,25.0625
2026-10-03T18:28:00Z,29.0058,0.0000664,60,25.0625
2026-10-03T18:29:00Z,29.0057867,0.0000676,60,25.0625
2026-10-03T18:30:00Z,29.00581,0.0000656,60,25.0625
2026-10-03T18:31:00Z,29.0059383,0.0000691,60,25.0625
2026-10-03T18:32:00Z,29.0059817,0.0000504,60,25.0625
2026-10-03T18:33:00Z,29.006025,0.0000571,60,25.0625
2026-10-03T18:34:00Z,29.0060483,0.0000504,60,25.0625
2026-10-03T18:35:00Z,29.0059817,0.0000504,60,25.075
2026-10-03T18:36:00Z,29.0059267,0.0000733,60,25.125
2026-10-03T18:37:00Z,29.005865,0.0000577,60,25.125
2026-10-03T18:38:00Z,29.00589,0.000063,60,25.125
2026-10-03T18:39:00Z,29.0059483,0.0000624,60,25.125
2026-10-03T18:40:00Z,29.0059467,0.0000596,60,25.125
2026-10-03T18:41:00Z,29.005915,0.0000659,60,25.125
2026-10-03T18:42:00Z,29.0058833,0.0000493,60,25.125
2026-10-03T18:43:00Z,29.0059067,0.000071,60,25.125
2026-10-03T18:44:00Z,29.0058217,0.000064,60,25.125
2026-10-03T18:45:00Z,29.005865,0.0000659,60,25.125
2026-10-03T18:46:00Z,29.0058933,0.0000733,60,25.15
2026-10-03T18:47:00Z,29.00585,0.0000597,60,25.1625
2026-10-03T18:48:00Z,29.0058683,0.0000701,60,25.1875
2026-10-03T18:49:00Z,29.005885,0.000036,60,25.1875
2026-10-03T18:50:00Z,29.0058483,0.0000567,60,25.1875
2026-10-03T18:51:00Z,29.0058467,0.0000566,60,25.1875
2026-10-03T18:52:00Z,29.005865,0.0000515,60,25.1875
2026-10-03T18:53:00Z,29.0058567,0.0000745,60,25.1875
2026-10-03T18:54:00Z,29.0058267,0.0000578,60,25.1875
2026-10-03T18:55:00Z,29.005825,0.0000628,60,25.1875
2026-10-03T18:56:00Z,29.005815,0.0000547,60,25.1875
2026-10-03T18:57:00Z,29.0058233,0.0000563,60,25.1875
2026-10-03T18:58:00Z,29.0058367,0.000052,60,25.1875
2026-10-03T18:59:00Z,29.0058583,0.0000591,60,25.1875
2026-10-03T19:00:00Z,29.0058967,0.0000551,60,25.1875
2026-10-03T19:01:00Z,29.0058533,0.0000536,60,25.1875
2026-10-03T19:02:00Z,29.0058678,0.0000681,59,25.1875
2026-10-03T19:03:00Z,29.005855,0.0000594,60,25.1875
2026-10-03T19:04:00Z,29.0058233,0.00005,60,25.1875
2026-10-03T19:05:00Z,29.0059017,0.0000651,60,25.1875
2026-10-03T19:06:00Z,29.005875,0.0000773,60,25.1875
2026-10-03T19:07:00Z,29.005815,0.0000659,60,25.1875
2026-10-03T19:08:00Z,29.0058067,0.0000548,60,25.1875
2026-10-03T19:09:00Z,29.0058,0.0000664,60,25.1875
2026-10-03T19:10:00Z,29.0058683,0.0000676,60,25.1875
2026-10-03T19:11:00Z,29.0059033,0.0000486,60,25.1875
2026-10-03T19:12:00Z,29.0059017,0.0000701,60,25.1625
2026-10-03T19:13:00Z,29.00587,0.0000561,60,25.1375
2026-10-03T19:14:00Z,29.0059217,0.000049,60,25.125
2026-10-03T19:15:00Z,29.0059083,0.000053,60,25.125
2026-10-03T19:16:00Z,29.0059317,0.0000596,60,25.125
2026-10-03T19:17:00Z,29.005845,0.0000565,60,25.125
2026-10-03T19:18:00Z,29.005825,0.0000508,60,25.125
2026-10-03T19:19:00Z,29.005825,0.0000571,60,25.125
2026-10-03T19:20:00Z,29.005835,0.0000547,60,25.125
2026-10-03T19:21:00Z,29.0058083,0.000053,60,25.125
2026-10-03T19:22:00Z,29.005875,0.0000508,60,25.125
2026-10-03T19:23:00Z,29.0057583,0.0000591,60,25.125
2026-10-03T19:24:00Z,29.00575,0.0000624,60,25.125
2026-10-03T19:25:00Z,29.0058033,0.000052,60,25.125
2026-10-03T19:26:00Z,29.00575,0.0000651,60,25.125
2026-10-03T19:27:00Z,29.005725,0.0000728,60,25.125
2026-10-03T19:28:00Z,29.00581,0.0000752,60,25.125
2026-10-03T19:29:00Z,29.0058733,0.0000634,60,25.125
2026-10-03T19:30:00Z,29.0057817,0.0000676,60,25.125
2026-10-03T19:31:00Z,29.0058833,0.0000668,60,25.125
2026-10-03T19:32:00Z,29.0058167,0.0000526,60,25.125
2026-10-03T19:33:00Z,29.00581,0.0000933,60,25.125
2026-10-03T19:34:00Z,29.005835,0.0000481,60,25.125
2026-10-03T19:35:00Z,29.0058267,0.0000578,60,25.125
2026-10-03T19:36:00Z,29.005755,0.0000622,60,25.125
2026-10-03T19:37:00Z,29.0057817,0.0000537,60,25.125
2026-10-03T19:38:00Z,29.0057817,0.0000624,60,25.125
2026-10-03T19:39:00Z,29.0057167,0.0000557,60,25.125
2026-10-03T19:40:00Z,29.005775,0.00006,60,25.125
2026-10-03T19:41:00Z,29.005765,0.0000633,60,25.125
2026-10-03T19:42:00Z,29.0058067,0.0000516,60,25.125
2026-10-03T19:43:00Z,29.0058433,0.0000745,60,25.125
2026-10-03T19:44:00Z,29.0058617,0.000064,60,25.125
2026-10-03T19:45:00Z,29.0058283,0.0000524,60,25.125
2026-10-03T19:46:00Z,29.0058317,0.0000624,60,25.125
2026-10-03T19:47:00Z,29.00591,0.000063,60,25.125
2026-10-03T19:48:00Z,29.0058483,0.0000596,60,25.125
2026-10-03T19:49:00Z,29.0057917,0.0000497,60,25.125
2026-10-03T19:50:00Z,29.00584,0.0000558,60,25.125
2026-10-03T19:51:00Z,29.0058729,0.0000739,59,25.125
2026-10-03T19:52:00Z,29.0058667,0.0000572,60,25.125
2026-10-03T19:53:00Z,29.005825,0.0000541,60,25.125
2026-10-03T19:54:00Z,29.0058733,0.0000578,60,25.125
2026-10-03T19:55:00Z,29.005865,0.0000755,60,25.125
2026-10-03T19:56:00Z,29.005845,0.0000769,60,25.125
2026-10-03T19:57:00Z,29.0058567,0.0000722,60,25.125
2026-10-03T19:58:00Z,29.0057483,0.0000624,60,25.125
2026-10-03T19:59:00Z,29.0058417,0.0000696,60,25.125
2026-10-03T20:00:00Z,29.0058733,0.0000841,60,25.125
2026-10-03T20:01:00Z,29.0057517,0.0000624,60,25.125
2026-10-03T20:02:00Z,29.0057133,0.0000536,60,25.125
2026-10-03T20:03:00Z,29.0057767,0.0000593,60,25.125
2026-10-03T20:04:00Z,29.0057183,0.0000651,60,25.125
2026-10-03T20:05:00Z,29.0056583,0.0000561,60,25.125
2026-10-03T20:06:00Z,29.0057,0.0000664,60,25.125
2026-10-03T20:07:00Z,29.00571,0.0000511,60,25.125
2026-10-03T20:08:00Z,29.0057517,0.0000624,60,25.125
2026-10-03T20:09:00Z,29.0057567,0.0000647,60,25.125
2026-10-03T20:10:00Z,29.005685,0.0000685,60,25.125
2026-10-03T20:11:00Z,29.0057167,0.0000867,60,25.125
2026-10-03T20:12:00Z,29.0057067,0.0000841,60,25.125
2026-10-03T20:13:00Z,29.005725,0.0000816,60,25.125
2026-10-03T20:14:00Z,29.005705,0.0000723,60,25.125
2026-10-03T20:15:00Z,29.00566,0.0000643,60,25.125
2026-10-03T20:16:00Z,29.0056317,0.0000676,60,25.125
2026-10-03T20:17:00Z,29.005665,0.0000732,60,25.125
2026-10-03T20:18:00Z,29.0057033,0.000061,60,25.125
2026-10-03T20:19:00Z,29.0056967,0.0000663,60,25.125
2026-10-03T20:20:00Z,29.005685,0.0000659,60,25.125
2026-10-03T20:21:00Z,29.005785,0.0000547,60,25.125
2026-10-03T20:22:00Z,29.0057083,0.000072,60,25.1
2026-10-03T20:23:00Z,29.00576,0.0000643,60,25.075
2026-10-03T20:24:00Z,29.0058083,0.0000671,60,25.0625
2026-10-03T20:25:00Z,29.005785,0.0000515,60,25.0625
2026-10-03T20:26:00Z,29.005795,0.0000746,60,25.0625
2026-10-03T20:27:00Z,29.0057783,0.0000613,60,25.0625
2026-10-03T20:28:00Z,29.00578,0.0000659,60,25.0625
2026-10-03T20:29:00Z,29.0057617,0.0000739,60,25.0625
2026-10-03T20:30:00Z,29.00582,0.0000777,60,25.0625
2026-10-03T20:31:00Z,29.0058033,0.0000581,60,25.0625
2026-10-03T20:32:00Z,29.0057483,0.0000676,60,25.0625
2026-10-03T20:33:00Z,29.0057817,0.0000873,60,25.05
2026-10-03T20:34:00Z,29.0057217,0.0001027,60,25.0
2026-10-03T20:35:00Z,29.0057767,0.0000698,60,25.0
2026-10-03T20:36:00Z,29.0056733,0.0000548,60,25.0
2026-10-03T20:37:00Z,29.0056783,0.0000691,60,25.0
2026-10-03T20:38:00Z,29.0057183,0.0000596,60,25.0
2026-10-03T20:39:00Z,29.0057339,0.0000512,59,25.0
2026-10-03T20:40:00Z,29.0057467,0.000065,60,25.0
2026-10-03T20:41:00Z,29.0057,0.0000736,60,25.0
2026-10-03T20:42:00Z,29.0056983,0.0000624,60,25.0
2026-10-03T20:43:00Z,29.0057033,0.000061,60,25.0
2026-10-03T20:44:00Z,29.0057167,0.0000693,60,25.0
2026-10-03T20:45:00Z,29.00566,0.0000616,60,25.0
2026-10-03T20:46:00Z,29.0056033,0.0000688,60,25.0
2026-10-03T20:47:00Z,29.0056467,0.0000503,60,25.0
2026-10-03T20:48:00Z,29.0056733,0.0000634,60,25.0
2026-10-03T20:49:00Z,29.005695,0.0000746,60,25.0
2026-10-03T20:50:00Z,29.0056917,0.0000561,60,25.0
2026-10-03T20:51:00Z,29.0056967,0.0000637,60,25.0
2026-10-03T20:52:00Z,29.005715,0.0000633,60,25.0
2026-10-03T20:53:00Z,29.0056717,0.0000715,60,25.0
2026-10-03T20:54:00Z,29.0056967,0.000061,60,25.0
2026-10-03T20:55:00Z,29.0056983,0.0000748,60,25.0
2026-10-03T20:56:00Z,29.00571,0.0000511,60,25.0
2026-10-03T20:57:00Z,29.0057917,0.0000696,60,25.0
2026-10-03T20:58:00Z,29.0057967,0.000052,60,25.0
2026-10-03T20:59:00Z,29.0058517,0.0000854,60,25.0
2026-10-03T21:00:00Z,29.005775,0.0000541,60,25.0
2026-10-03T21:01:00Z,29.0057517,0.000093,60,25.0
2026-10-03T21:02:00Z,29.0057883,0.0000613,60,25.0
2026-10-03T21:03:00Z,29.0057917,0.0000766,60,25.0
2026-10-03T21:04:00Z,29.0057467,0.000065,60,25.0
2026-10-03T21:05:00Z,29.0057733,0.0000607,60,25.0
2026-10-03T21:06:00Z,29.0057967,0.0000581,60,25.0
2026-10-03T21:07:00Z,29.0057817,0.0000567,60,25.0
2026-10-03T21:08:00Z,29.00583,0.0000743,60,25.0
2026-10-03T21:09:00Z,29.0057783,0.0000613,60,25.0
2026-10-03T21:10:00Z,29.0057167,0.0000806,60,25.0
2026-10-03T21:11:00Z,29.0056367,0.0000551,60,25.0
2026-10-03T21:12:00Z,29.0055983,0.0000624,60,25.0
2026-10-03T21:13:00Z,29.0056467,0.0000596,60,25.0125
2026-10-03T21:14:00Z,29.0057133,0.0000536,60,25.05
2026-10-03T21:15:00Z,29.0057183,0.0000748,60,25.0625
2026-10-03T21:16:00Z,29.00576,0.0000785,60,25.0625
2026-10-03T21:17:00Z,29.0057733,0.0000607,60,25.0625
2026-10-03T21:18:00Z,29.00572,0.0000708,60,25.0625
2026-10-03T21:19:00Z,29.0058317,0.0000792,60,25.0625
2026-10-03T21:20:00Z,29.0057533,0.0000791,60,25.0625
2026-10-03T21:21:00Z,29.0057367,0.0000663,60,25.0625
2026-10-03T21:22:00Z,29.0056967,0.0000736,60,25.0625
2026-10-03T21:23:00Z,29.005685,0.0000659,60,25.0625
2026-10-03T21:24:00Z,29.0057767,0.0001125,60,25.0625
2026-10-03T21:25:00Z,29.00566,0.0000527,60,25.0625
2026-10-03T21:26:00Z,29.0056583,0.0000591,60,25.0625
2026-10-03T21:27:00Z,29.0056367,0.0000551,60,25.0625
2026-10-03T21:28:00Z,29.0057339,0.0000576,59,25.0625
2026-10-03T21:29:00Z,29.0056817,0.0000624,60,25.0625
2026-10-03T21:30:00Z,29.0057083,0.0000671,60,25.0625
2026-10-03T21:31:00Z,29.005815,0.0000685,60,25.0625
2026-10-03T21:32:00Z,29.005735,0.0000732,60,25.0625
2026-10-03T21:33:00Z,29.0057417,0.0000619,60,25.0875
2026-10-03T21:34:00Z,29.005775,0.000068,60,25.125
2026-10-03T21:35:00Z,29.0057483,0.0000567,60,25.125
2026-10-03T21:36:00Z,29.00578,0.0000576,60,25.125
2026-10-03T21:37:00Z,29.005785,0.0000515,60,25.125
2026-10-03T21:38:00Z,29.0057567,0.000081,60,25.125
2026-10-03T21:39:00Z,29.0057483,0.0000504,60,25.125
2026-10-03T21:40:00Z,29.0057433,0.0000593,60,25.125
2026-10-03T21:41:00Z,29.0057267,0.0000516,60,25.125
2026-10-03T21:42:00Z,29.0057383,0.0000524,60,25.125
2026-10-03T21:43:00Z,29.00569,0.0000752,60,25.1375
2026-10-03T21:44:00Z,29.0056567,0.0000621,60,25.1875
2026-10-03T21:45:00Z,29.0056267,0.0000578,60,25.1875
2026-10-03T21:46:00Z,29.0056283,0.000064,60,25.1875
2026-10-03T21:47:00Z,29.0056667,0.000051,60,25.1875
2026-10-03T21:48:00Z,29.0056917,0.0000497,60,25.1875
2026-10-03T21:49:00Z,29.005715,0.0000515,60,25.1875
2026-10-03T21:50:00Z,29.0057067,0.000071,60,25.2
2026-10-03T21:51:00Z,29.0056633,0.000078,60,25.25
2026-10-03T21:52:00Z,29.0056717,0.000049,60,25.25
2026-10-03T21:53:00Z,29.00565,0.0000597,60,25.25
2026-10-03T21:54:00Z,29.005645,0.0000675,60,25.25
2026-10-03T21:55:00Z,29.0056883,0.0000454,60,25.25
2026-10-03T21:56:00Z,29.00577,0.000072,60,25.25
2026-10-03T21:57:00Z,29.00573,0.0000619,60,25.25
2026-10-03T21:58:00Z,29.0057617,0.0000613,60,25.3125
2026-10-03T21:59:00Z,29.0056733,0.0000634,60,25.3125
2026-10-03T22:00:00Z,29.0057083,0.0000591,60,25.3125
2026-10-03T22:01:00Z,29.005735,0.0000577,60,25.3125
2026-10-03T22:02:00Z,29.0057133,0.0000566,60,25.3125
2026-10-03T22:03:00Z,29.0057283,0.0000613,60,25.3125
2026-10-03T22:04:00Z,29.0057217,0.0000454,60,25.3625
2026-10-03T22:05:00Z,29.00577,0.0000561,60,25.375
2026-10-03T22:06:00Z,29.0057083,0.0000671,60,25.375
2026-10-03T22:07:00Z,29.0057217,0.000064,60,25.375
2026-10-03T22:08:00Z,29.005655,0.0000502,60,25.375
2026-10-03T22:09:00Z,29.005705,0.0000675,60,25.3875
2026-10-03T22:10:00Z,29.0057333,0.0000655,60,25.4375
2026-10-03T22:11:00Z,29.0056733,0.0000607,60,25.4375
2026-10-03T22:12:00Z,29.0056783,0.0000783,60,25.4375
2026-10-03T22:13:00Z,29.0056517,0.0000676,60,25.4375
2026-10-03T22:14:00Z,29.0056153,0.0000519,59,25.4375
2026-10-03T22:15:00Z,29.0055867,0.0000503,60,25.4625
2026-10-03T22:16:00Z,29.0056433,0.0000593,60,25.5
2026-10-03T22:17:00Z,29.0056517,0.0000596,60,25.5
2026-10-03T22:18:00Z,29.0056483,0.0000983,60,25.5
2026-10-03T22:19:00Z,29.005575,0.000068,60,25.5
2026-10-03T22:20:00Z,29.0055683,0.0000504,60,25.5
2026-10-03T22:21:00Z,29.0056167,0.0000526,60,25.5625
2026-10-03T22:22:00Z,29.0056333,0.0000572,60,25.5625
2026-10-03T22:23:00Z,29.00559,0.0000838,60,25.5625
2026-10-03T22:24:00Z,29.0056183,0.0000567,60,25.5625
2026-10-03T22:25:00Z,29.0056033,0.000052,60,25.5625
2026-10-03T22:26:00Z,29.00564,0.0000741,60,25.6
2026-10-03T22:27:00Z,29.005615,0.0000685,60,25.625
2026-10-03T22:28:00Z,29.005635,0.000082,60,25.625
2026-10-03T22:29:00Z,29.005655,0.0000565,60,25.625
2026-10-03T22:30:00Z,29.00559,0.000063,60,25.625
2026-10-03T22:31:00Z,29.00557,0.0000619,60,25.65
2026-10-03T22:32:00Z,29.0056117,0.0000555,60,25.6875
2026-10-03T22:33:00Z,29.00551,0.0000752,60,25.6875
2026-10-03T22:34:00Z,29.0054483,0.0000651,60,25.6875
2026-10-03T22:35:00Z,29.0055433,0.0000593,60,25.725
2026-10-03T22:36:00Z,29.0055117,0.000064,60,25.75
2026-10-03T22:37:00Z,29.0055033,0.000045,60,25.75
2026-10-03T22:38:00Z,29.00551,0.0000858,60,25.7625
2026-10-03T22:39:00Z,29.0055083,0.0000561,60,25.8125
2026-10-03T22:40:00Z,29.0055133,0.000065,60,25.8125
2026-10-03T22:41:00Z,29.00551,0.0000573,60,25.8125
2026-10-03T22:42:00Z,29.0054917,0.0000497,60,25.825
2026-10-03T22:43:00Z,29.00558,0.0000546,60,25.875
2026-10-03T22:44:00Z,29.005555,0.0000699,60,25.875
2026-10-03T22:45:00Z,29.0055617,0.0000691,60,25.875
2026-10-03T22:46:00Z,29.005555,0.0000594,60,25.875
2026-10-03T22:47:00Z,29.00554,0.0000588,60,25.9125
2026-10-03T22:48:00Z,29.00559,0.0000543,60,25.9375
2026-10-03T22:49:00Z,29.0056133,0.0000623,60,25.9375
2026-10-03T22:50:00Z,29.00568,0.0000576,60,25.9375
2026-10-03T22:51:00Z,29.0056117,0.000064,60,25.9375
2026-10-03T22:52:00Z,29.0056017,0.0000431,60,25.9375
2026-10-03T22:53:00Z,29.005655,0.0000622,60,26.0
2026-10-03T22:54:00Z,29.00563,0.0000788,60,26.0
2026-10-03T22:55:00Z,29.0055917,0.0000645,60,26.0
